scenario,concept,basis,amount_type,level_1,level_2,level_3,accident_period,development_period,amount
creciente,Loss Incurred,month,cumulative,Synthetic,Portfolio,Auto,2016-01,0,66972.66032530538
creciente,Loss Incurred,month,cumulative,Synthetic,Portfolio,Auto,2016-01,1,72824.03759374167
creciente,Loss Incurred,month,cumulative,Synthetic,Portfolio,Auto,2016-01,2,79169.19718054353
creciente,Loss Incurred,month,cumulative,Synthetic,Portfolio,Auto,2016-01,3,86020.26259341069
creciente,Loss Incurred,month,cumulative,Synthetic,Portfolio,Auto,2016-01,4,93383.28516250238
creciente,Loss Incurred,month,cumulative,Synthetic,Portfolio,Auto,2016-01,5,101257.11841547446
creciente,Loss Incurred,month,cumulative,Synthetic,Portfolio,Auto,2016-01,6,109632.37958910433
creciente,Loss Incurred,month,cumulative,Synthetic,Portfolio,Auto,2016-01,7,118490.57739391191
creciente,Loss Incurred,month,cumulative,Synthetic,Portfolio,Auto,2016-01,8,127803.49024746582
creciente,Loss Incurred,month,cumulative,Synthetic,Portfolio,Auto,2016-01,9,137532.87681194433
creciente,Loss Incurred,month,cumulative,Synthetic,Portfolio,Auto,2016-01,10,147630.58911401403
creciente,Loss Incurred,month,cumulative,Synthetic,Portfolio,Auto,2016-01,11,158039.13710708974
creciente,Loss Incurred,month,cumulative,Synthetic,Portfolio,Auto,2016-01,12,168692.72302129862
creciente,Loss Incurred,month,cumulative,Synthetic,Portfolio,Auto,2016-01,13,179518.72666839557
creciente,Loss Incurred,month,cumulative,Synthetic,Portfolio,Auto,2016-01,14,190439.58301986684
creciente,Loss Incurred,month,cumulative,Synthetic,Portfolio,Auto,2016-01,15,201374.95590749054
creciente,Loss Incurred,month,cumulative,Synthetic,Portfolio,Auto,2016-01,16,212244.08187766647
creciente,Loss Incurred,month,cumulative,Synthetic,Portfolio,Auto,2016-01,17,222968.14054613712
creciente,Loss Incurred,month,cumulative,Synthetic,Portfolio,Auto,2016-01,18,233472.5050107316
creciente,Loss Incurred,month,cumulative,Synthetic,Portfolio,Auto,2016-01,19,243688.7384286861
creciente,Loss Incurred,month,cumulative,Synthetic,Portfolio,Auto,2016-01,20,253556.22877612757
creciente,Loss Incurred,month,cumulative,Synthetic,Portfolio,Auto,2016-01,21,263023.38912003406
creciente,Loss Incurred,month,cumulative,Synthetic,Portfolio,Auto,2016-01,22,272048.3903415354
creciente,Loss Incurred,month,cumulative,Synthetic,Portfolio,Auto,2016-01,23,280599.43191398773
creciente,Loss Incurred,month,cumulative,Synthetic,Portfolio,Auto,2016-01,24,288654.58961041004
creciente,Loss Incurred,month,cumulative,Synthetic,Portfolio,Auto,2016-01,25,296201.30386743735
creciente,Loss Incurred,month,cumulative,Synthetic,Portfolio,Auto,2016-01,26,303235.58761497564
creciente,Loss Incurred,month,cumulative,Synthetic,Portfolio,Auto,2016-01,27,309761.03789841663
creciente,Loss Incurred,month,cumulative,Synthetic,Portfolio,Auto,2016-01,28,315787.73296452087
creciente,Loss Incurred,month,cumulative,Synthetic,Portfolio,Auto,2016-01,29,321331.08773763676
creciente,Loss Incurred,month,cumulative,Synthetic,Portfolio,Auto,2016-01,30,326410.7280790452
creciente,Loss Incurred,month,cumulative,Synthetic,Portfolio,Auto,2016-01,31,331049.4300338431
creciente,Loss Incurred,month,cumulative,Synthetic,Portfolio,Auto,2016-01,32,335272.15615814907
creciente,Loss Incurred,month,cumulative,Synthetic,Portfolio,Auto,2016-01,33,339105.20820979116
creciente,Loss Incurred,month,cumulative,Synthetic,Portfolio,Auto,2016-01,34,342575.5047030189
creciente,Loss Incurred,month,cumulative,Synthetic,Portfolio,Auto,2016-01,35,345709.98337181524
creciente,Loss Incurred,month,cumulative,Synthetic,Portfolio,Auto,2016-01,36,348535.1224381426
creciente,Loss Incurred,month,cumulative,Synthetic,Portfolio,Auto,2016-01,37,351076.5705140661
creciente,Loss Incurred,month,cumulative,Synthetic,Portfolio,Auto,2016-01,38,353358.872641738
creciente,Loss Incurred,month,cumulative,Synthetic,Portfolio,Auto,2016-01,39,355405.27901693137
creciente,Loss Incurred,month,cumulative,Synthetic,Portfolio,Auto,2016-01,40,357237.6229876814
creciente,Loss Incurred,month,cumulative,Synthetic,Portfolio,Auto,2016-01,41,358876.2556501176
creciente,Loss Incurred,month,cumulative,Synthetic,Portfolio,Auto,2016-01,42,360340.0255159408
creciente,Loss Incurred,month,cumulative,Synthetic,Portfolio,Auto,2016-01,43,361646.2930965057
creciente,Loss Incurred,month,cumulative,Synthetic,Portfolio,Auto,2016-01,44,362810.971688077
creciente,Loss Incurred,month,cumulative,Synthetic,Portfolio,Auto,2016-01,45,363848.58704920183
creciente,Loss Incurred,month,cumulative,Synthetic,Portfolio,Auto,2016-01,46,364772.3499694216
creciente,Loss Incurred,month,cumulative,Synthetic,Portfolio,Auto,2016-01,47,365594.23690246564
creciente,Loss Incurred,month,cumulative,Synthetic,Portfolio,Auto,2016-01,48,366325.074860977
creciente,Loss Incurred,month,cumulative,Synthetic,Portfolio,Auto,2016-01,49,366974.627642275
creciente,Loss Incurred,month,cumulative,Synthetic,Portfolio,Auto,2016-01,50,367551.68118322094
creciente,Loss Incurred,month,cumulative,Synthetic,Portfolio,Auto,2016-01,51,368064.1264397662
creciente,Loss Incurred,month,cumulative,Synthetic,Portfolio,Auto,2016-01,52,368519.0386685722
creciente,Loss Incurred,month,cumulative,Synthetic,Portfolio,Auto,2016-01,53,368922.75237023603
creciente,Loss Incurred,month,cumulative,Synthetic,Portfolio,Auto,2016-01,54,369280.9314516618
creciente,Loss Incurred,month,cumulative,Synthetic,Portfolio,Auto,2016-01,55,369598.6343933035
creciente,Loss Incurred,month,cumulative,Synthetic,Portfolio,Auto,2016-01,56,369880.3743781442
creciente,Loss Incurred,month,cumulative,Synthetic,Portfolio,Auto,2016-01,57,370130.1744644383
creciente,Loss Incurred,month,cumulative,Synthetic,Portfolio,Auto,2016-01,58,370351.61797287845
creciente,Loss Incurred,month,cumulative,Synthetic,Portfolio,Auto,2016-01,59,370547.89431881136
creciente,Loss Incurred,month,cumulative,Synthetic,Portfolio,Auto,2016-01,60,370721.84055794
creciente,Loss Incurred,month,cumulative,Synthetic,Portfolio,Auto,2016-01,61,370875.97893487645
creciente,Loss Incurred,month,cumulative,Synthetic,Portfolio,Auto,2016-01,62,371012.5507322122
creciente,Loss Incurred,month,cumulative,Synthetic,Portfolio,Auto,2016-01,63,371133.54671682185
creciente,Loss Incurred,month,cumulative,Synthetic,Portfolio,Auto,2016-01,64,371240.7344725707
creciente,Loss Incurred,month,cumulative,Synthetic,Portfolio,Auto,2016-01,65,371335.6828965167
creciente,Loss Incurred,month,cumulative,Synthetic,Portfolio,Auto,2016-01,66,371419.78412068385
creciente,Loss Incurred,month,cumulative,Synthetic,Portfolio,Auto,2016-01,67,371494.2731047187
creciente,Loss Incurred,month,cumulative,Synthetic,Portfolio,Auto,2016-01,68,371560.24512714916
creciente,Loss Incurred,month,cumulative,Synthetic,Portfolio,Auto,2016-01,69,371618.671385181
creciente,Loss Incurred,month,cumulative,Synthetic,Portfolio,Auto,2016-01,70,371670.4128954836
creciente,Loss Incurred,month,cumulative,Synthetic,Portfolio,Auto,2016-01,71,371716.23287154606
creciente,Loss Incurred,month,cumulative,Synthetic,Portfolio,Auto,2016-01,72,371756.8077371542
creciente,Loss Incurred,month,cumulative,Synthetic,Portfolio,Auto,2016-01,73,371792.7369204761
creciente,Loss Incurred,month,cumulative,Synthetic,Portfolio,Auto,2016-01,74,371824.55155922455
creciente,Loss Incurred,month,cumulative,Synthetic,Portfolio,Auto,2016-01,75,371852.7222344068
creciente,Loss Incurred,month,cumulative,Synthetic,Portfolio,Auto,2016-01,76,371877.66583827516
creciente,Loss Incurred,month,cumulative,Synthetic,Portfolio,Auto,2016-01,77,371899.7516712256
creciente,Loss Incurred,month,cumulative,Synthetic,Portfolio,Auto,2016-01,78,371919.3068524962
creciente,Loss Incurred,month,cumulative,Synthetic,Portfolio,Auto,2016-01,79,371936.6211205596
creciente,Loss Incurred,month,cumulative,Synthetic,Portfolio,Auto,2016-01,80,371951.9510909996
creciente,Loss Incurred,month,cumulative,Synthetic,Portfolio,Auto,2016-01,81,371965.5240323606
creciente,Loss Incurred,month,cumulative,Synthetic,Portfolio,Auto,2016-01,82,371977.541213898
creciente,Loss Incurred,month,cumulative,Synthetic,Portfolio,Auto,2016-01,83,371988.1808732594
creciente,Loss Incurred,month,cumulative,Synthetic,Portfolio,Auto,2016-01,84,371997.6008468508
creciente,Loss Incurred,month,cumulative,Synthetic,Portfolio,Auto,2016-01,85,372005.9409009198
creciente,Loss Incurred,month,cumulative,Synthetic,Portfolio,Auto,2016-01,86,372013.324797162
creciente,Loss Incurred,month,cumulative,Synthetic,Portfolio,Auto,2016-01,87,372019.8621228969
creciente,Loss Incurred,month,cumulative,Synthetic,Portfolio,Auto,2016-01,88,372025.64991249715
creciente,Loss Incurred,month,cumulative,Synthetic,Portfolio,Auto,2016-01,89,372030.77408376284
creciente,Loss Incurred,month,cumulative,Synthetic,Portfolio,Auto,2016-01,90,372035.3107102693
creciente,Loss Incurred,month,cumulative,Synthetic,Portfolio,Auto,2016-01,91,372039.32714834955
creciente,Loss Incurred,month,cumulative,Synthetic,Portfolio,Auto,2016-01,92,372042.8830352607
creciente,Loss Incurred,month,cumulative,Synthetic,Portfolio,Auto,2016-01,93,372046.0311732165
creciente,Loss Incurred,month,cumulative,Synthetic,Portfolio,Auto,2016-01,94,372048.8183122988
creciente,Loss Incurred,month,cumulative,Synthetic,Portfolio,Auto,2016-01,95,372051.28584379144
creciente,Loss Incurred,month,cumulative,Synthetic,Portfolio,Auto,2016-01,96,372053.4704141613
creciente,Loss Incurred,month,cumulative,Synthetic,Portfolio,Auto,2016-01,97,372055.4044687537
creciente,Loss Incurred,month,cumulative,Synthetic,Portfolio,Auto,2016-01,98,372057.1167332342
creciente,Loss Incurred,month,cumulative,Synthetic,Portfolio,Auto,2016-01,99,372058.632639895
creciente,Loss Incurred,month,cumulative,Synthetic,Portfolio,Auto,2016-01,100,372059.97470513266
creciente,Loss Incurred,month,cumulative,Synthetic,Portfolio,Auto,2016-01,101,372061.16286368197
creciente,Loss Incurred,month,cumulative,Synthetic,Portfolio,Auto,2016-01,102,372062.2147645575
creciente,Loss Incurred,month,cumulative,Synthetic,Portfolio,Auto,2016-01,103,372063.1460330833
creciente,Loss Incurred,month,cumulative,Synthetic,Portfolio,Auto,2016-01,104,372063.9705028966
creciente,Loss Incurred,month,cumulative,Synthetic,Portfolio,Auto,2016-01,105,372064.70042136055
creciente,Loss Incurred,month,cumulative,Synthetic,Portfolio,Auto,2016-01,106,372065.3466314356
creciente,Loss Incurred,month,cumulative,Synthetic,Portfolio,Auto,2016-01,107,372065.91873270203
creciente,Loss Incurred,month,cumulative,Synthetic,Portfolio,Auto,2016-01,108,372066.42522392585
creciente,Loss Incurred,month,cumulative,Synthetic,Portfolio,Auto,2016-01,109,372066.873629281
creciente,Loss Incurred,month,cumulative,Synthetic,Portfolio,Auto,2016-01,110,372067.27061010065
creciente,Loss Incurred,month,cumulative,Synthetic,Portfolio,Auto,2016-01,111,372067.6220638175
creciente,Loss Incurred,month,cumulative,Synthetic,Portfolio,Auto,2016-01,112,372067.9332115592
creciente,Loss Incurred,month,cumulative,Synthetic,Portfolio,Auto,2016-01,113,372068.20867570164
creciente,Loss Incurred,month,cumulative,Synthetic,Portfolio,Auto,2016-01,114,372068.4525485291
creciente,Loss Incurred,month,cumulative,Synthetic,Portfolio,Auto,2016-01,115,372068.66845302266
creciente,Loss Incurred,month,cumulative,Synthetic,Portfolio,Auto,2016-01,116,372068.85959667707
creciente,Loss Incurred,month,cumulative,Synthetic,Portfolio,Auto,2016-01,117,372069.0288191481
creciente,Loss Incurred,month,cumulative,Synthetic,Portfolio,Auto,2016-01,118,372069.17863443476
creciente,Loss Incurred,month,cumulative,Synthetic,Portfolio,Auto,2016-01,119,372069.3112682258
creciente,Loss Incurred,month,cumulative,Synthetic,Portfolio,Auto,2016-02,0,60577.35794709762
creciente,Loss Incurred,month,cumulative,Synthetic,Portfolio,Auto,2016-02,1,65040.87350345927
creciente,Loss Incurred,month,cumulative,Synthetic,Portfolio,Auto,2016-02,2,69959.87777045432
creciente,Loss Incurred,month,cumulative,Synthetic,Portfolio,Auto,2016-02,3,75358.38942298801
creciente,Loss Incurred,month,cumulative,Synthetic,Portfolio,Auto,2016-02,4,81256.21870161801
creciente,Loss Incurred,month,cumulative,Synthetic,Portfolio,Auto,2016-02,5,87667.56305481866
creciente,Loss Incurred,month,cumulative,Synthetic,Portfolio,Auto,2016-02,6,94599.53974452833
creciente,Loss Incurred,month,cumulative,Synthetic,Portfolio,Auto,2016-02,7,102050.73562972846
creciente,Loss Incurred,month,cumulative,Synthetic,Portfolio,Auto,2016-02,8,110009.87623727432
creciente,Loss Incurred,month,cumulative,Synthetic,Portfolio,Auto,2016-02,9,118454.73307818512
creciente,Loss Incurred,month,cumulative,Synthetic,Portfolio,Auto,2016-02,10,127351.39568119876
creciente,Loss Incurred,month,cumulative,Synthetic,Portfolio,Auto,2016-02,11,136654.02886779892
creciente,Loss Incurred,month,cumulative,Synthetic,Portfolio,Auto,2016-02,12,146305.21342530177
creciente,Loss Incurred,month,cumulative,Synthetic,Portfolio,Auto,2016-02,13,156236.92884330786
creciente,Loss Incurred,month,cumulative,Synthetic,Portfolio,Auto,2016-02,14,166372.1825766346
creciente,Loss Incurred,month,cumulative,Synthetic,Portfolio,Auto,2016-02,15,176627.22719027483
creciente,Loss Incurred,month,cumulative,Synthetic,Portfolio,Auto,2016-02,16,186914.24334730665
creciente,Loss Incurred,month,cumulative,Synthetic,Portfolio,Auto,2016-02,17,197144.312873715
creciente,Loss Incurred,month,cumulative,Synthetic,Portfolio,Auto,2016-02,18,207230.47126971453
creciente,Loss Incurred,month,cumulative,Synthetic,Portfolio,Auto,2016-02,19,217090.61931029818
creciente,Loss Incurred,month,cumulative,Synthetic,Portfolio,Auto,2016-02,20,226650.090578058
creciente,Loss Incurred,month,cumulative,Synthetic,Portfolio,Auto,2016-02,21,235843.71274535276
creciente,Loss Incurred,month,cumulative,Synthetic,Portfolio,Auto,2016-02,22,244617.25787757075
creciente,Loss Incurred,month,cumulative,Synthetic,Portfolio,Auto,2016-02,23,252928.24132763958
creciente,Loss Incurred,month,cumulative,Synthetic,Portfolio,Auto,2016-02,24,260746.09016205213
creciente,Loss Incurred,month,cumulative,Synthetic,Portfolio,Auto,2016-02,25,268051.75256138644
creciente,Loss Incurred,month,cumulative,Synthetic,Portfolio,Auto,2016-02,26,274836.854405114
creciente,Loss Incurred,month,cumulative,Synthetic,Portfolio,Auto,2016-02,27,281102.5268058935
creciente,Loss Incurred,month,cumulative,Synthetic,Portfolio,Auto,2016-02,28,286858.0301449052
creciente,Loss Incurred,month,cumulative,Synthetic,Portfolio,Auto,2016-02,29,292119.2895759095
creciente,Loss Incurred,month,cumulative,Synthetic,Portfolio,Auto,2016-02,30,296907.4382754837
creciente,Loss Incurred,month,cumulative,Synthetic,Portfolio,Auto,2016-02,31,301247.44211094995
creciente,Loss Incurred,month,cumulative,Synthetic,Portfolio,Auto,2016-02,32,305166.85636102577
creciente,Loss Incurred,month,cumulative,Synthetic,Portfolio,Auto,2016-02,33,308694.7441380328
creciente,Loss Incurred,month,cumulative,Synthetic,Portfolio,Auto,2016-02,34,311860.76867617044
creciente,Loss Incurred,month,cumulative,Synthetic,Portfolio,Auto,2016-02,35,314694.45824258495
creciente,Loss Incurred,month,cumulative,Synthetic,Portfolio,Auto,2016-02,36,317224.6330280034
creciente,Loss Incurred,month,cumulative,Synthetic,Portfolio,Auto,2016-02,37,319478.97751116875
creciente,Loss Incurred,month,cumulative,Synthetic,Portfolio,Auto,2016-02,38,321483.73879991437
creciente,Loss Incurred,month,cumulative,Synthetic,Portfolio,Auto,2016-02,39,323263.5306208693
creciente,Loss Incurred,month,cumulative,Synthetic,Portfolio,Auto,2016-02,40,324841.2233012509
creciente,Loss Incurred,month,cumulative,Synthetic,Portfolio,Auto,2016-02,41,326237.901704818
creciente,Loss Incurred,month,cumulative,Synthetic,Portfolio,Auto,2016-02,42,327472.8752151439
creciente,Loss Incurred,month,cumulative,Synthetic,Portfolio,Auto,2016-02,43,328563.72618480393
creciente,Loss Incurred,month,cumulative,Synthetic,Portfolio,Auto,2016-02,44,329526.38557196234
creciente,Loss Incurred,month,cumulative,Synthetic,Portfolio,Auto,2016-02,45,330375.2266305702
creciente,Loss Incurred,month,cumulative,Synthetic,Portfolio,Auto,2016-02,46,331123.1694326566
creciente,Loss Incurred,month,cumulative,Synthetic,Portfolio,Auto,2016-02,47,331781.7906501932
creciente,Loss Incurred,month,cumulative,Synthetic,Portfolio,Auto,2016-02,48,332361.43440791965
creciente,Loss Incurred,month,cumulative,Synthetic,Portfolio,Auto,2016-02,49,332871.3211533208
creciente,Loss Incurred,month,cumulative,Synthetic,Portfolio,Auto,2016-02,50,333319.65240132477
creciente,Loss Incurred,month,cumulative,Synthetic,Portfolio,Auto,2016-02,51,333713.7099290422
creciente,Loss Incurred,month,cumulative,Synthetic,Portfolio,Auto,2016-02,52,334059.94855023694
creciente,Loss Incurred,month,cumulative,Synthetic,Portfolio,Auto,2016-02,53,334364.0820187527
creciente,Loss Incurred,month,cumulative,Synthetic,Portfolio,Auto,2016-02,54,334631.16192045243
creciente,Loss Incurred,month,cumulative,Synthetic,Portfolio,Auto,2016-02,55,334865.64963662066
creciente,Loss Incurred,month,cumulative,Synthetic,Portfolio,Auto,2016-02,56,335071.48161704675
creciente,Loss Incurred,month,cumulative,Synthetic,Portfolio,Auto,2016-02,57,335252.1283037398
creciente,Loss Incurred,month,cumulative,Synthetic,Portfolio,Auto,2016-02,58,335410.64710907766
creciente,Loss Incurred,month,cumulative,Synthetic,Portfolio,Auto,2016-02,59,335549.7298853303
creciente,Loss Incurred,month,cumulative,Synthetic,Portfolio,Auto,2016-02,60,335671.7453339233
creciente,Loss Incurred,month,cumulative,Synthetic,Portfolio,Auto,2016-02,61,335778.77679878747
creciente,Loss Incurred,month,cumulative,Synthetic,Portfolio,Auto,2016-02,62,335872.65587346465
creciente,Loss Incurred,month,cumulative,Synthetic,Portfolio,Auto,2016-02,63,335954.9922299935
creciente,Loss Incurred,month,cumulative,Synthetic,Portfolio,Auto,2016-02,64,336027.200051686
creciente,Loss Incurred,month,cumulative,Synthetic,Portfolio,Auto,2016-02,65,336090.52142377157
creciente,Loss Incurred,month,cumulative,Synthetic,Portfolio,Auto,2016-02,66,336146.04700697074
creciente,Loss Incurred,month,cumulative,Synthetic,Portfolio,Auto,2016-02,67,336194.7342903985
creciente,Loss Incurred,month,cumulative,Synthetic,Portfolio,Auto,2016-02,68,336237.42369249434
creciente,Loss Incurred,month,cumulative,Synthetic,Portfolio,Auto,2016-02,69,336274.85275238025
creciente,Loss Incurred,month,cumulative,Synthetic,Portfolio,Auto,2016-02,70,336307.6686294424
creciente,Loss Incurred,month,cumulative,Synthetic,Portfolio,Auto,2016-02,71,336336.43910615344
creciente,Loss Incurred,month,cumulative,Synthetic,Portfolio,Auto,2016-02,72,336361.6622682494
creciente,Loss Incurred,month,cumulative,Synthetic,Portfolio,Auto,2016-02,73,336383.7750173289
creciente,Loss Incurred,month,cumulative,Synthetic,Portfolio,Auto,2016-02,74,336403.160553688
creciente,Loss Incurred,month,cumulative,Synthetic,Portfolio,Auto,2016-02,75,336420.1549516428
creciente,Loss Incurred,month,cumulative,Synthetic,Portfolio,Auto,2016-02,76,336435.0529356269
creciente,Loss Incurred,month,cumulative,Synthetic,Portfolio,Auto,2016-02,77,336448.11295284086
creciente,Loss Incurred,month,cumulative,Synthetic,Portfolio,Auto,2016-02,78,336459.561627076
creciente,Loss Incurred,month,cumulative,Synthetic,Portfolio,Auto,2016-02,79,336469.5976683977
creciente,Loss Incurred,month,cumulative,Synthetic,Portfolio,Auto,2016-02,80,336478.3953045511
creciente,Loss Incurred,month,cumulative,Synthetic,Portfolio,Auto,2016-02,81,336486.10729211994
creciente,Loss Incurred,month,cumulative,Synthetic,Portfolio,Auto,2016-02,82,336492.86755854235
creciente,Loss Incurred,month,cumulative,Synthetic,Portfolio,Auto,2016-02,83,336498.7935199576
creciente,Loss Incurred,month,cumulative,Synthetic,Portfolio,Auto,2016-02,84,336503.98811444116
creciente,Loss Incurred,month,cumulative,Synthetic,Portfolio,Auto,2016-02,85,336508.54158541263
creciente,Loss Incurred,month,cumulative,Synthetic,Portfolio,Auto,2016-02,86,336512.53304578416
creciente,Loss Incurred,month,cumulative,Synthetic,Portfolio,Auto,2016-02,87,336516.0318497091
creciente,Loss Incurred,month,cumulative,Synthetic,Portfolio,Auto,2016-02,88,336519.09879552235
creciente,Loss Incurred,month,cumulative,Synthetic,Portfolio,Auto,2016-02,89,336521.787180588
creciente,Loss Incurred,month,cumulative,Synthetic,Portfolio,Auto,2016-02,90,336524.1437262416
creciente,Loss Incurred,month,cumulative,Synthetic,Portfolio,Auto,2016-02,91,336526.20938879054
creciente,Loss Incurred,month,cumulative,Synthetic,Portfolio,Auto,2016-02,92,336528.0200705842
creciente,Loss Incurred,month,cumulative,Synthetic,Portfolio,Auto,2016-02,93,336529.6072434444
creciente,Loss Incurred,month,cumulative,Synthetic,Portfolio,Auto,2016-02,94,336530.9984952453
creciente,Loss Incurred,month,cumulative,Synthetic,Portfolio,Auto,2016-02,95,336532.2180091018
creciente,Loss Incurred,month,cumulative,Synthetic,Portfolio,Auto,2016-02,96,336533.28698346793
creciente,Loss Incurred,month,cumulative,Synthetic,Portfolio,Auto,2016-02,97,336534.22400042444
creciente,Loss Incurred,month,cumulative,Synthetic,Portfolio,Auto,2016-02,98,336535.04534853954
creciente,Loss Incurred,month,cumulative,Synthetic,Portfolio,Auto,2016-02,99,336535.76530590316
creciente,Loss Incurred,month,cumulative,Synthetic,Portfolio,Auto,2016-02,100,336536.3963882422
creciente,Loss Incurred,month,cumulative,Synthetic,Portfolio,Auto,2016-02,101,336536.94956642506
creciente,Loss Incurred,month,cumulative,Synthetic,Portfolio,Auto,2016-02,102,336537.43445712747
creciente,Loss Incurred,month,cumulative,Synthetic,Portfolio,Auto,2016-02,103,336537.8594899727
creciente,Loss Incurred,month,cumulative,Synthetic,Portfolio,Auto,2016-02,104,336538.23205404467
creciente,Loss Incurred,month,cumulative,Synthetic,Portfolio,Auto,2016-02,105,336538.55862632144
creciente,Loss Incurred,month,cumulative,Synthetic,Portfolio,Auto,2016-02,106,336538.844884258
creciente,Loss Incurred,month,cumulative,Synthetic,Portfolio,Auto,2016-02,107,336539.0958044746
creciente,Loss Incurred,month,cumulative,Synthetic,Portfolio,Auto,2016-02,108,336539.31574926456
creciente,Loss Incurred,month,cumulative,Synthetic,Portfolio,Auto,2016-02,109,336539.5085424251
creciente,Loss Incurred,month,cumulative,Synthetic,Portfolio,Auto,2016-02,110,336539.67753572884
creciente,Loss Incurred,month,cumulative,Synthetic,Portfolio,Auto,2016-02,111,336539.82566719054
creciente,Loss Incurred,month,cumulative,Synthetic,Portfolio,Auto,2016-02,112,336539.95551214094
creciente,Loss Incurred,month,cumulative,Synthetic,Portfolio,Auto,2016-02,113,336540.0693279983
creciente,Loss Incurred,month,cumulative,Synthetic,Portfolio,Auto,2016-02,114,336540.16909351177
creciente,Loss Incurred,month,cumulative,Synthetic,Portfolio,Auto,2016-02,115,336540.2565431611
creciente,Loss Incurred,month,cumulative,Synthetic,Portfolio,Auto,2016-02,116,336540.33319731086
creciente,Loss Incurred,month,cumulative,Synthetic,Portfolio,Auto,2016-02,117,336540.4003886416
creciente,Loss Incurred,month,cumulative,Synthetic,Portfolio,Auto,2016-02,118,336540.4592853179
creciente,Loss Incurred,month,cumulative,Synthetic,Portfolio,Auto,2016-03,0,73729.94149733709
creciente,Loss Incurred,month,cumulative,Synthetic,Portfolio,Auto,2016-03,1,79684.02388323419
creciente,Loss Incurred,month,cumulative,Synthetic,Portfolio,Auto,2016-03,2,86255.59477217705
creciente,Loss Incurred,month,cumulative,Synthetic,Portfolio,Auto,2016-03,3,93474.73426326887
creciente,Loss Incurred,month,cumulative,Synthetic,Portfolio,Auto,2016-03,4,101364.4839950133
creciente,Loss Incurred,month,cumulative,Synthetic,Portfolio,Auto,2016-03,5,109938.71591753612
creciente,Loss Incurred,month,cumulative,Synthetic,Portfolio,Auto,2016-03,6,119199.97197408362
creciente,Loss Incurred,month,cumulative,Synthetic,Portfolio,Auto,2016-03,7,129137.4230169927
creciente,Loss Incurred,month,cumulative,Synthetic,Portfolio,Auto,2016-03,8,139725.1268038629
creciente,Loss Incurred,month,cumulative,Synthetic,Portfolio,Auto,2016-03,9,150920.78323206838
creciente,Loss Incurred,month,cumulative,Synthetic,Portfolio,Auto,2016-03,10,162665.18254540788
creciente,Loss Incurred,month,cumulative,Synthetic,Portfolio,Auto,2016-03,11,174882.51306573997
creciente,Loss Incurred,month,cumulative,Synthetic,Portfolio,Auto,2016-03,12,187481.636609083
creciente,Loss Incurred,month,cumulative,Synthetic,Portfolio,Auto,2016-03,13,200358.35504662397
creciente,Loss Incurred,month,cumulative,Synthetic,Portfolio,Auto,2016-03,14,213398.58955783953
creciente,Loss Incurred,month,cumulative,Synthetic,Portfolio,Auto,2016-03,15,226482.28950582544
creciente,Loss Incurred,month,cumulative,Synthetic,Portfolio,Auto,2016-03,16,239487.7979331719
creciente,Loss Incurred,month,cumulative,Synthetic,Portfolio,Auto,2016-03,17,252296.34184366398
creciente,Loss Incurred,month,cumulative,Synthetic,Portfolio,Auto,2016-03,18,264796.29903577
creciente,Loss Incurred,month,cumulative,Synthetic,Portfolio,Auto,2016-03,19,276886.9225232724
creciente,Loss Incurred,month,cumulative,Synthetic,Portfolio,Auto,2016-03,20,288481.2727651336
creciente,Loss Incurred,month,cumulative,Synthetic,Portfolio,Auto,2016-03,21,299508.20386168547
creciente,Loss Incurred,month,cumulative,Synthetic,Portfolio,Auto,2016-03,22,309913.3554319359
creciente,Loss Incurred,month,cumulative,Synthetic,Portfolio,Auto,2016-03,23,319659.2001502652
creciente,Loss Incurred,month,cumulative,Synthetic,Portfolio,Auto,2016-03,24,328724.2747464673
creciente,Loss Incurred,month,cumulative,Synthetic,Portfolio,Auto,2016-03,25,337101.7723395974
creciente,Loss Incurred,month,cumulative,Synthetic,Portfolio,Auto,2016-03,26,344797.6950521166
creciente,Loss Incurred,month,cumulative,Synthetic,Portfolio,Auto,2016-03,27,351828.7616204102
creciente,Loss Incurred,month,cumulative,Synthetic,Portfolio,Auto,2016-03,28,358220.24183747795
creciente,Loss Incurred,month,cumulative,Synthetic,Portfolio,Auto,2016-03,29,364003.85574939195
creciente,Loss Incurred,month,cumulative,Synthetic,Portfolio,Auto,2016-03,30,369215.8375665148
creciente,Loss Incurred,month,cumulative,Synthetic,Portfolio,Auto,2016-03,31,373895.2276565232
creciente,Loss Incurred,month,cumulative,Synthetic,Portfolio,Auto,2016-03,32,378082.42427059106
creciente,Loss Incurred,month,cumulative,Synthetic,Portfolio,Auto,2016-03,33,381818.00155624043
creciente,Loss Incurred,month,cumulative,Synthetic,Portfolio,Auto,2016-03,34,385141.78228151664
creciente,Loss Incurred,month,cumulative,Synthetic,Portfolio,Auto,2016-03,35,388092.1419606002
creciente,Loss Incurred,month,cumulative,Synthetic,Portfolio,Auto,2016-03,36,390705.5146551064
creciente,Loss Incurred,month,cumulative,Synthetic,Portfolio,Auto,2016-03,37,393016.06838013505
creciente,Loss Incurred,month,cumulative,Synthetic,Portfolio,Auto,2016-03,38,395055.5185678759
creciente,Loss Incurred,month,cumulative,Synthetic,Portfolio,Auto,2016-03,39,396853.0504002638
creciente,Loss Incurred,month,cumulative,Synthetic,Portfolio,Auto,2016-03,40,398435.32419794577
creciente,Loss Incurred,month,cumulative,Synthetic,Portfolio,Auto,2016-03,41,399826.5418446796
creciente,Loss Incurred,month,cumulative,Synthetic,Portfolio,Auto,2016-03,42,401048.5560243095
creciente,Loss Incurred,month,cumulative,Synthetic,Portfolio,Auto,2016-03,43,402121.00759597897
creciente,Loss Incurred,month,cumulative,Synthetic,Portfolio,Auto,2016-03,44,403061.47959252994
creciente,Loss Incurred,month,cumulative,Synthetic,Portfolio,Auto,2016-03,45,403885.6590392853
creciente,Loss Incurred,month,cumulative,Synthetic,Portfolio,Auto,2016-03,46,404607.5000516093
creciente,Loss Incurred,month,cumulative,Synthetic,Portfolio,Auto,2016-03,47,405239.38350846997
creciente,Loss Incurred,month,cumulative,Synthetic,Portfolio,Auto,2016-03,48,405792.27006161277
creciente,Loss Incurred,month,cumulative,Synthetic,Portfolio,Auto,2016-03,49,406275.8443787672
creciente,Loss Incurred,month,cumulative,Synthetic,Portfolio,Auto,2016-03,50,406698.6493877075
creciente,Loss Incurred,month,cumulative,Synthetic,Portfolio,Auto,2016-03,51,407068.2099355779
creciente,Loss Incurred,month,cumulative,Synthetic,Portfolio,Auto,2016-03,52,407391.1457487234
creciente,Loss Incurred,month,cumulative,Synthetic,Portfolio,Auto,2016-03,53,407673.2739101497
creciente,Loss Incurred,month,cumulative,Synthetic,Portfolio,Auto,2016-03,54,407919.7012962081
creciente,Loss Incurred,month,cumulative,Synthetic,Portfolio,Auto,2016-03,55,408134.90755698126
creciente,Loss Incurred,month,cumulative,Synthetic,Portfolio,Auto,2016-03,56,408322.8193068213
creciente,Loss Incurred,month,cumulative,Synthetic,Portfolio,Auto,2016-03,57,408486.8762289214
creciente,Loss Incurred,month,cumulative,Synthetic,Portfolio,Auto,2016-03,58,408630.0898034305
creciente,Loss Incurred,month,cumulative,Synthetic,Portfolio,Auto,2016-03,59,408755.0953522134
creciente,Loss Incurred,month,cumulative,Synthetic,Portfolio,Auto,2016-03,60,408864.198062334
creciente,Loss Incurred,month,cumulative,Synthetic,Portfolio,Auto,2016-03,61,408959.41361020645
creciente,Loss Incurred,month,cumulative,Synthetic,Portfolio,Auto,2016-03,62,409042.5039632038
creciente,Loss Incurred,month,cumulative,Synthetic,Portfolio,Auto,2016-03,63,409115.0088882152
creciente,Loss Incurred,month,cumulative,Synthetic,Portfolio,Auto,2016-03,64,409178.27364930324
creciente,Loss Incurred,month,cumulative,Synthetic,Portfolio,Auto,2016-03,65,409233.4733305887
creciente,Loss Incurred,month,cumulative,Synthetic,Portfolio,Auto,2016-03,66,409281.6341767244
creciente,Loss Incurred,month,cumulative,Synthetic,Portfolio,Auto,2016-03,67,409323.65230234095
creciente,Loss Incurred,month,cumulative,Synthetic,Portfolio,Auto,2016-03,68,409360.3100839661
creciente,Loss Incurred,month,cumulative,Synthetic,Portfolio,Auto,2016-03,69,409392.2905132191
creciente,Loss Incurred,month,cumulative,Synthetic,Portfolio,Auto,2016-03,70,409420.18975855917
creciente,Loss Incurred,month,cumulative,Synthetic,Portfolio,Auto,2016-03,71,409444.52815440507
creciente,Loss Incurred,month,cumulative,Synthetic,Portfolio,Auto,2016-03,72,409465.75981087104
creciente,Loss Incurred,month,cumulative,Synthetic,Portfolio,Auto,2016-03,73,409484.2810145013
creciente,Loss Incurred,month,cumulative,Synthetic,Portfolio,Auto,2016-03,74,409500.43757000595
creciente,Loss Incurred,month,cumulative,Synthetic,Portfolio,Auto,2016-03,75,409514.531214899
creciente,Loss Incurred,month,cumulative,Synthetic,Portfolio,Auto,2016-03,76,409526.82522289344
creciente,Loss Incurred,month,cumulative,Synthetic,Portfolio,Auto,2016-03,77,409537.54929772654
creciente,Loss Incurred,month,cumulative,Synthetic,Portfolio,Auto,2016-03,78,409546.9038465652
creciente,Loss Incurred,month,cumulative,Synthetic,Portfolio,Auto,2016-03,79,409555.06371111143
creciente,Loss Incurred,month,cumulative,Synthetic,Portfolio,Auto,2016-03,80,409562.1814248204
creciente,Loss Incurred,month,cumulative,Synthetic,Portfolio,Auto,2016-03,81,409568.3900561083
creciente,Loss Incurred,month,cumulative,Synthetic,Portfolio,Auto,2016-03,82,409573.805689939
creciente,Loss Incurred,month,cumulative,Synthetic,Portfolio,Auto,2016-03,83,409578.52959360345
creciente,Loss Incurred,month,cumulative,Synthetic,Portfolio,Auto,2016-03,84,409582.65010674606
creciente,Loss Incurred,month,cumulative,Synthetic,Portfolio,Auto,2016-03,85,409586.24429064273
creciente,Loss Incurred,month,cumulative,Synthetic,Portfolio,Auto,2016-03,86,409589.37936731917
creciente,Loss Incurred,month,cumulative,Synthetic,Portfolio,Auto,2016-03,87,409592.1139752281
creciente,Loss Incurred,month,cumulative,Synthetic,Portfolio,Auto,2016-03,88,409594.49926482385
creciente,Loss Incurred,month,cumulative,Synthetic,Portfolio,Auto,2016-03,89,409596.5798544112
creciente,Loss Incurred,month,cumulative,Synthetic,Portfolio,Auto,2016-03,90,409598.3946640644
creciente,Loss Incurred,month,cumulative,Synthetic,Portfolio,Auto,2016-03,91,409599.9776431482
creciente,Loss Incurred,month,cumulative,Synthetic,Portfolio,Auto,2016-03,92,409601.3584050018
creciente,Loss Incurred,month,cumulative,Synthetic,Portfolio,Auto,2016-03,93,409602.56278061954
creciente,Loss Incurred,month,cumulative,Synthetic,Portfolio,Auto,2016-03,94,409603.61330165924
creciente,Loss Incurred,month,cumulative,Synthetic,Portfolio,Auto,2016-03,95,409604.5296217914
creciente,Loss Incurred,month,cumulative,Synthetic,Portfolio,Auto,2016-03,96,409605.3288842544
creciente,Loss Incurred,month,cumulative,Synthetic,Portfolio,Auto,2016-03,97,409606.0260424821
creciente,Loss Incurred,month,cumulative,Synthetic,Portfolio,Auto,2016-03,98,409606.6341397899
creciente,Loss Incurred,month,cumulative,Synthetic,Portfolio,Auto,2016-03,99,409607.16455334617
creciente,Loss Incurred,month,cumulative,Synthetic,Portfolio,Auto,2016-03,100,409607.62720698747
creciente,Loss Incurred,month,cumulative,Synthetic,Portfolio,Auto,2016-03,101,409608.0307568562
creciente,Loss Incurred,month,cumulative,Synthetic,Portfolio,Auto,2016-03,102,409608.38275332813
creciente,Loss Incurred,month,cumulative,Synthetic,Portfolio,Auto,2016-03,103,409608.6897822598
creciente,Loss Incurred,month,cumulative,Synthetic,Portfolio,Auto,2016-03,104,409608.95758819446
creciente,Loss Incurred,month,cumulative,Synthetic,Portfolio,Auto,2016-03,105,409609.1911818317
creciente,Loss Incurred,month,cumulative,Synthetic,Portfolio,Auto,2016-03,106,409609.3949337698
creciente,Loss Incurred,month,cumulative,Synthetic,Portfolio,Auto,2016-03,107,409609.5726562743
creciente,Loss Incurred,month,cumulative,Synthetic,Portfolio,Auto,2016-03,108,409609.72767460137
creciente,Loss Incurred,month,cumulative,Synthetic,Portfolio,Auto,2016-03,109,409609.8628892108
creciente,Loss Incurred,month,cumulative,Synthetic,Portfolio,Auto,2016-03,110,409609.9808300325
creciente,Loss Incurred,month,cumulative,Synthetic,Portfolio,Auto,2016-03,111,409610.0837037995
creciente,Loss Incurred,month,cumulative,Synthetic,Portfolio,Auto,2016-03,112,409610.1734353362
creciente,Loss Incurred,month,cumulative,Synthetic,Portfolio,Auto,2016-03,113,409610.25170357095
creciente,Loss Incurred,month,cumulative,Synthetic,Portfolio,Auto,2016-03,114,409610.3199729494
creciente,Loss Incurred,month,cumulative,Synthetic,Portfolio,Auto,2016-03,115,409610.3795208341
creciente,Loss Incurred,month,cumulative,Synthetic,Portfolio,Auto,2016-03,116,409610.43146140367
creciente,Loss Incurred,month,cumulative,Synthetic,Portfolio,Auto,2016-03,117,409610.47676650033
creciente,Loss Incurred,month,cumulative,Synthetic,Portfolio,Auto,2016-04,0,74966.22979965943
creciente,Loss Incurred,month,cumulative,Synthetic,Portfolio,Auto,2016-04,1,82092.25188986593
creciente,Loss Incurred,month,cumulative,Synthetic,Portfolio,Auto,2016-04,2,89943.04523116036
creciente,Loss Incurred,month,cumulative,Synthetic,Portfolio,Auto,2016-04,3,98543.970789295
creciente,Loss Incurred,month,cumulative,Synthetic,Portfolio,Auto,2016-04,4,107909.0223216154
creciente,Loss Incurred,month,cumulative,Synthetic,Portfolio,Auto,2016-04,5,118038.15759714405
creciente,Loss Incurred,month,cumulative,Synthetic,Portfolio,Auto,2016-04,6,128914.82396619175
creciente,Loss Incurred,month,cumulative,Synthetic,Portfolio,Auto,2016-04,7,140503.92461676567
creciente,Loss Incurred,month,cumulative,Synthetic,Portfolio,Auto,2016-04,8,152750.4914423966
creciente,Loss Incurred,month,cumulative,Synthetic,Portfolio,Auto,2016-04,9,165579.3179839265
creciente,Loss Incurred,month,cumulative,Synthetic,Portfolio,Auto,2016-04,10,178895.75361502354
creciente,Loss Incurred,month,cumulative,Synthetic,Portfolio,Auto,2016-04,11,192587.76656217105
creciente,Loss Incurred,month,cumulative,Synthetic,Portfolio,Auto,2016-04,12,206529.2558462631
creciente,Loss Incurred,month,cumulative,Synthetic,Portfolio,Auto,2016-04,13,220584.44750851238
creciente,Loss Incurred,month,cumulative,Synthetic,Portfolio,Auto,2016-04,14,234613.07229936152
creciente,Loss Incurred,month,cumulative,Synthetic,Portfolio,Auto,2016-04,15,248475.91616499974
creciente,Loss Incurred,month,cumulative,Synthetic,Portfolio,Auto,2016-04,16,262040.28268546093
creciente,Loss Incurred,month,cumulative,Synthetic,Portfolio,Auto,2016-04,17,275184.9190370072
creciente,Loss Incurred,month,cumulative,Synthetic,Portfolio,Auto,2016-04,18,287804.03144325875
creciente,Loss Incurred,month,cumulative,Synthetic,Portfolio,Auto,2016-04,19,299810.1370260751
creciente,Loss Incurred,month,cumulative,Synthetic,Portfolio,Auto,2016-04,20,311135.6426771329
creciente,Loss Incurred,month,cumulative,Synthetic,Portfolio,Auto,2016-04,21,321733.1822899115
creciente,Loss Incurred,month,cumulative,Synthetic,Portfolio,Auto,2016-04,22,331574.8598652747
creciente,Loss Incurred,month,cumulative,Synthetic,Portfolio,Auto,2016-04,23,340650.6243482997
creciente,Loss Incurred,month,cumulative,Synthetic,Portfolio,Auto,2016-04,24,348966.03872935416
creciente,Loss Incurred,month,cumulative,Synthetic,Portfolio,Auto,2016-04,25,356539.70515265584
creciente,Loss Incurred,month,cumulative,Synthetic,Portfolio,Auto,2016-04,26,363400.57884918706
creciente,Loss Incurred,month,cumulative,Synthetic,Portfolio,Auto,2016-04,27,369585.35786990146
creciente,Loss Incurred,month,cumulative,Synthetic,Portfolio,Auto,2016-04,28,375136.08332584845
creciente,Loss Incurred,month,cumulative,Synthetic,Portfolio,Auto,2016-04,29,380098.0342964323
creciente,Loss Incurred,month,cumulative,Synthetic,Portfolio,Auto,2016-04,30,384517.9579928377
creciente,Loss Incurred,month,cumulative,Synthetic,Portfolio,Auto,2016-04,31,388442.64169414516
creciente,Loss Incurred,month,cumulative,Synthetic,Portfolio,Auto,2016-04,32,391917.80883859505
creciente,Loss Incurred,month,cumulative,Synthetic,Portfolio,Auto,2016-04,33,394987.3065116144
creciente,Loss Incurred,month,cumulative,Synthetic,Portfolio,Auto,2016-04,34,397692.54377834784
creciente,Loss Incurred,month,cumulative,Synthetic,Portfolio,Auto,2016-04,35,400072.13800749916
creciente,Loss Incurred,month,cumulative,Synthetic,Portfolio,Auto,2016-04,36,402161.7277851182
creciente,Loss Incurred,month,cumulative,Synthetic,Portfolio,Auto,2016-04,37,403993.9147624762
creciente,Loss Incurred,month,cumulative,Synthetic,Portfolio,Auto,2016-04,38,405598.3016994234
creciente,Loss Incurred,month,cumulative,Synthetic,Portfolio,Auto,2016-04,39,407001.59925589035
creciente,Loss Incurred,month,cumulative,Synthetic,Portfolio,Auto,2016-04,40,408227.7792275631
creciente,Loss Incurred,month,cumulative,Synthetic,Portfolio,Auto,2016-04,41,409298.2566104866
creciente,Loss Incurred,month,cumulative,Synthetic,Portfolio,Auto,2016-04,42,410232.0869628861
creciente,Loss Incurred,month,cumulative,Synthetic,Portfolio,Auto,2016-04,43,411046.1689660137
creciente,Loss Incurred,month,cumulative,Synthetic,Portfolio,Auto,2016-04,44,411755.44489062513
creciente,Loss Incurred,month,cumulative,Synthetic,Portfolio,Auto,2016-04,45,412373.09391015203
creciente,Loss Incurred,month,cumulative,Synthetic,Portfolio,Auto,2016-04,46,412910.7149411956
creciente,Loss Incurred,month,cumulative,Synthetic,Portfolio,Auto,2016-04,47,413378.49701618205
creciente,Loss Incurred,month,cumulative,Synthetic,Portfolio,Auto,2016-04,48,413785.37617781636
creciente,Loss Incurred,month,cumulative,Synthetic,Portfolio,Auto,2016-04,49,414139.17859857704
creciente,Loss Incurred,month,cumulative,Synthetic,Portfolio,Auto,2016-04,50,414446.7501296418
creciente,Loss Incurred,month,cumulative,Synthetic,Portfolio,Auto,2016-04,51,414714.0728214494
creciente,Loss Incurred,month,cumulative,Synthetic,Portfolio,Auto,2016-04,52,414946.3691725645
creciente,Loss Incurred,month,cumulative,Synthetic,Portfolio,Auto,2016-04,53,415148.1949866268
creciente,Loss Incurred,month,cumulative,Synthetic,Portfolio,Auto,2016-04,54,415323.5217739979
creciente,Loss Incurred,month,cumulative,Synthetic,Portfolio,Auto,2016-04,55,415475.80964471004
creciente,Loss Incurred,month,cumulative,Synthetic,Portfolio,Auto,2016-04,56,415608.071617205
creciente,Loss Incurred,month,cumulative,Synthetic,Portfolio,Auto,2016-04,57,415722.9302242364
creciente,Loss Incurred,month,cumulative,Synthetic,Portfolio,Auto,2016-04,58,415822.6672413603
creciente,Loss Incurred,month,cumulative,Synthetic,Portfolio,Auto,2016-04,59,415909.26730059565
creciente,Loss Incurred,month,cumulative,Synthetic,Portfolio,Auto,2016-04,60,415984.4560863197
creciente,Loss Incurred,month,cumulative,Synthetic,Portfolio,Auto,2016-04,61,416049.73374518263
creciente,Loss Incurred,month,cumulative,Synthetic,Portfolio,Auto,2016-04,62,416106.4040787384
creciente,Loss Incurred,month,cumulative,Synthetic,Portfolio,Auto,2016-04,63,416155.6000278273
creciente,Loss Incurred,month,cumulative,Synthetic,Portfolio,Auto,2016-04,64,416198.3059022234
creciente,Loss Incurred,month,cumulative,Synthetic,Portfolio,Auto,2016-04,65,416235.37675803545
creciente,Loss Incurred,month,cumulative,Synthetic,Portfolio,Auto,2016-04,66,416267.5552789007
creciente,Loss Incurred,month,cumulative,Synthetic,Portfolio,Auto,2016-04,67,416295.48647506384
creciente,Loss Incurred,month,cumulative,Synthetic,Portfolio,Auto,2016-04,68,416319.7304767849
creciente,Loss Incurred,month,cumulative,Synthetic,Portfolio,Auto,2016-04,69,416340.77366490493
creciente,Loss Incurred,month,cumulative,Synthetic,Portfolio,Auto,2016-04,70,416359.03835151385
creciente,Loss Incurred,month,cumulative,Synthetic,Portfolio,Auto,2016-04,71,416374.8911971868
creciente,Loss Incurred,month,cumulative,Synthetic,Portfolio,Auto,2016-04,72,416388.6505278777
creciente,Loss Incurred,month,cumulative,Synthetic,Portfolio,Auto,2016-04,73,416400.59269394784
creciente,Loss Incurred,month,cumulative,Synthetic,Portfolio,Auto,2016-04,74,416410.95759570453
creciente,Loss Incurred,month,cumulative,Synthetic,Portfolio,Auto,2016-04,75,416419.95348392223
creciente,Loss Incurred,month,cumulative,Synthetic,Portfolio,Auto,2016-04,76,416427.76112989994
creciente,Loss Incurred,month,cumulative,Synthetic,Portfolio,Auto,2016-04,77,416434.5374474145
creciente,Loss Incurred,month,cumulative,Synthetic,Portfolio,Auto,2016-04,78,416440.4186382844
creciente,Loss Incurred,month,cumulative,Synthetic,Portfolio,Auto,2016-04,79,416445.5229239538
creciente,Loss Incurred,month,cumulative,Synthetic,Portfolio,Auto,2016-04,80,416449.95291739196
creciente,Loss Incurred,month,cumulative,Synthetic,Portfolio,Auto,2016-04,81,416453.79768253234
creciente,Loss Incurred,month,cumulative,Synthetic,Portfolio,Auto,2016-04,82,416457.1345223023
creciente,Loss Incurred,month,cumulative,Synthetic,Portfolio,Auto,2016-04,83,416460.0305309367
creciente,Loss Incurred,month,cumulative,Synthetic,Portfolio,Auto,2016-04,84,416462.5439415879
creciente,Loss Incurred,month,cumulative,Synthetic,Portfolio,Auto,2016-04,85,416464.7252961791
creciente,Loss Incurred,month,cumulative,Synthetic,Portfolio,Auto,2016-04,86,416466.6184609182
creciente,Loss Incurred,month,cumulative,Synthetic,Portfolio,Auto,2016-04,87,416468.2615078052
creciente,Loss Incurred,month,cumulative,Synthetic,Portfolio,Auto,2016-04,88,416469.68747979857
creciente,Loss Incurred,month,cumulative,Synthetic,Portfolio,Auto,2016-04,89,416470.9250549798
creciente,Loss Incurred,month,cumulative,Synthetic,Portfolio,Auto,2016-04,90,416471.9991230399
creciente,Loss Incurred,month,cumulative,Synthetic,Portfolio,Auto,2016-04,91,416472.931285649
creciente,Loss Incurred,month,cumulative,Synthetic,Portfolio,Auto,2016-04,92,416473.7402907598
creciente,Loss Incurred,month,cumulative,Synthetic,Portfolio,Auto,2016-04,93,416474.44240955706
creciente,Loss Incurred,month,cumulative,Synthetic,Portfolio,Auto,2016-04,94,416475.05176362814
creciente,Loss Incurred,month,cumulative,Synthetic,Portfolio,Auto,2016-04,95,416475.5806089223
creciente,Loss Incurred,month,cumulative,Synthetic,Portfolio,Auto,2016-04,96,416476.0395822064
creciente,Loss Incurred,month,cumulative,Synthetic,Portfolio,Auto,2016-04,97,416476.43791496765
creciente,Loss Incurred,month,cumulative,Synthetic,Portfolio,Auto,2016-04,98,416476.78361906204
creciente,Loss Incurred,month,cumulative,Synthetic,Portfolio,Auto,2016-04,99,416477.083647839
creciente,Loss Incurred,month,cumulative,Synthetic,Portfolio,Auto,2016-04,100,416477.34403598355
creciente,Loss Incurred,month,cumulative,Synthetic,Portfolio,Auto,2016-04,101,416477.5700208836
creciente,Loss Incurred,month,cumulative,Synthetic,Portfolio,Auto,2016-04,102,416477.76614796487
creciente,Loss Incurred,month,cumulative,Synthetic,Portfolio,Auto,2016-04,103,416477.93636211014
creciente,Loss Incurred,month,cumulative,Synthetic,Portfolio,Auto,2016-04,104,416478.0840870013
creciente,Loss Incurred,month,cumulative,Synthetic,Portfolio,Auto,2016-04,105,416478.2122939789
creciente,Loss Incurred,month,cumulative,Synthetic,Portfolio,Auto,2016-04,106,416478.323561806
creciente,Loss Incurred,month,cumulative,Synthetic,Portfolio,Auto,2016-04,107,416478.4201285341
creciente,Loss Incurred,month,cumulative,Synthetic,Portfolio,Auto,2016-04,108,416478.50393651845
creciente,Loss Incurred,month,cumulative,Synthetic,Portfolio,Auto,2016-04,109,416478.57667148614
creciente,Loss Incurred,month,cumulative,Synthetic,Portfolio,Auto,2016-04,110,416478.6397964411
creciente,Loss Incurred,month,cumulative,Synthetic,Portfolio,Auto,2016-04,111,416478.6945810911
creciente,Loss Incurred,month,cumulative,Synthetic,Portfolio,Auto,2016-04,112,416478.7421273868
creciente,Loss Incurred,month,cumulative,Synthetic,Portfolio,Auto,2016-04,113,416478.78339168517
creciente,Loss Incurred,month,cumulative,Synthetic,Portfolio,Auto,2016-04,114,416478.8192039868
creciente,Loss Incurred,month,cumulative,Synthetic,Portfolio,Auto,2016-04,115,416478.8502846292
creciente,Loss Incurred,month,cumulative,Synthetic,Portfolio,Auto,2016-04,116,416478.8772587771
creciente,Loss Incurred,month,cumulative,Synthetic,Portfolio,Auto,2016-05,0,54971.059630245254
creciente,Loss Incurred,month,cumulative,Synthetic,Portfolio,Auto,2016-05,1,60300.3624607759
creciente,Loss Incurred,month,cumulative,Synthetic,Portfolio,Auto,2016-05,2,66070.90335071596
creciente,Loss Incurred,month,cumulative,Synthetic,Portfolio,Auto,2016-05,3,72289.19852238259
creciente,Loss Incurred,month,cumulative,Synthetic,Portfolio,Auto,2016-05,4,78955.3162571566
creciente,Loss Incurred,month,cumulative,Synthetic,Portfolio,Auto,2016-05,5,86061.87984264926
creciente,Loss Incurred,month,cumulative,Synthetic,Portfolio,Auto,2016-05,6,93593.21962184657
creciente,Loss Incurred,month,cumulative,Synthetic,Portfolio,Auto,2016-05,7,101524.75725368992
creciente,Loss Incurred,month,cumulative,Synthetic,Portfolio,Auto,2016-05,8,109822.7038853398
creciente,Loss Incurred,month,cumulative,Synthetic,Portfolio,Auto,2016-05,9,118444.14313371184
creciente,Loss Incurred,month,cumulative,Synthetic,Portfolio,Auto,2016-05,10,127337.54872975833
creciente,Loss Incurred,month,cumulative,Synthetic,Portfolio,Auto,2016-05,11,136443.75609177025
creciente,Loss Incurred,month,cumulative,Synthetic,Portfolio,Auto,2016-05,12,145697.36947712576
creciente,Loss Incurred,month,cumulative,Synthetic,Portfolio,Auto,2016-05,13,155028.5459377107
creciente,Loss Incurred,month,cumulative,Synthetic,Portfolio,Auto,2016-05,14,164365.05945270773
creciente,Loss Incurred,month,cumulative,Synthetic,Portfolio,Auto,2016-05,15,173634.51893351678
creciente,Loss Incurred,month,cumulative,Synthetic,Portfolio,Auto,2016-05,16,182766.59698191413
creciente,Loss Incurred,month,cumulative,Synthetic,Portfolio,Auto,2016-05,17,191695.12509445832
creciente,Loss Incurred,month,cumulative,Synthetic,Portfolio,Auto,2016-05,18,200359.92564124483
creciente,Loss Incurred,month,cumulative,Synthetic,Portfolio,Auto,2016-05,19,208708.27899458713
creciente,Loss Incurred,month,cumulative,Synthetic,Portfolio,Auto,2016-05,20,216695.96117639786
creciente,Loss Incurred,month,cumulative,Synthetic,Portfolio,Auto,2016-05,21,224287.82779361727
creciente,Loss Incurred,month,cumulative,Synthetic,Portfolio,Auto,2016-05,22,231457.95836059283
creciente,Loss Incurred,month,cumulative,Synthetic,Portfolio,Auto,2016-05,23,238189.40692842248
creciente,Loss Incurred,month,cumulative,Synthetic,Portfolio,Auto,2016-05,24,244473.62747250425
creciente,Loss Incurred,month,cumulative,Synthetic,Portfolio,Auto,2016-05,25,250309.6547752393
creciente,Loss Incurred,month,cumulative,Synthetic,Portfolio,Auto,2016-05,26,255703.12422942976
creciente,Loss Incurred,month,cumulative,Synthetic,Portfolio,Auto,2016-05,27,260665.20885924925
creciente,Loss Incurred,month,cumulative,Synthetic,Portfolio,Auto,2016-05,28,265211.5412631939
creciente,Loss Incurred,month,cumulative,Synthetic,Portfolio,Auto,2016-05,29,269361.174549585
creciente,Loss Incurred,month,cumulative,Synthetic,Portfolio,Auto,2016-05,30,273135.62178394996
creciente,Loss Incurred,month,cumulative,Synthetic,Portfolio,Auto,2016-05,31,276557.9996201373
creciente,Loss Incurred,month,cumulative,Synthetic,Portfolio,Auto,2016-05,32,279652.2897031893
creciente,Loss Incurred,month,cumulative,Synthetic,Portfolio,Auto,2016-05,33,282442.7216566828
creciente,Loss Incurred,month,cumulative,Synthetic,Portfolio,Auto,2016-05,34,284953.2741354563
creciente,Loss Incurred,month,cumulative,Synthetic,Portfolio,Auto,2016-05,35,287207.2853861809
creciente,Loss Incurred,month,cumulative,Synthetic,Portfolio,Auto,2016-05,36,289227.16169486154
creciente,Loss Incurred,month,cumulative,Synthetic,Portfolio,Auto,2016-05,37,291034.1706205775
creciente,Loss Incurred,month,cumulative,Synthetic,Portfolio,Auto,2016-05,38,292648.30562160764
creciente,Loss Incurred,month,cumulative,Synthetic,Portfolio,Auto,2016-05,39,294088.2092132193
creciente,Loss Incurred,month,cumulative,Synthetic,Portfolio,Auto,2016-05,40,295371.14285364904
creciente,Loss Incurred,month,cumulative,Synthetic,Portfolio,Auto,2016-05,41,296512.99309868936
creciente,Loss Incurred,month,cumulative,Synthetic,Portfolio,Auto,2016-05,42,297528.3050201694
creciente,Loss Incurred,month,cumulative,Synthetic,Portfolio,Auto,2016-05,43,298430.33532759675
creciente,Loss Incurred,month,cumulative,Synthetic,Portfolio,Auto,2016-05,44,299231.1189870381
creciente,Loss Incurred,month,cumulative,Synthetic,Portfolio,Auto,2016-05,45,299941.54435222375
creciente,Loss Incurred,month,cumulative,Synthetic,Portfolio,Auto,2016-05,46,300571.4328893561
creciente,Loss Incurred,month,cumulative,Synthetic,Portfolio,Auto,2016-05,47,301129.6204854375
creciente,Loss Incurred,month,cumulative,Synthetic,Portfolio,Auto,2016-05,48,301624.03808703454
creciente,Loss Incurred,month,cumulative,Synthetic,Portfolio,Auto,2016-05,49,302061.7900354256
creciente,Loss Incurred,month,cumulative,Synthetic,Portfolio,Auto,2016-05,50,302449.2289612661
creciente,Loss Incurred,month,cumulative,Synthetic,Portfolio,Auto,2016-05,51,302792.0264943353
creciente,Loss Incurred,month,cumulative,Synthetic,Portfolio,Auto,2016-05,52,303095.2393482352
creciente,Loss Incurred,month,cumulative,Synthetic,Portfolio,Auto,2016-05,53,303363.37057138444
creciente,Loss Incurred,month,cumulative,Synthetic,Portfolio,Auto,2016-05,54,303600.425927941
creciente,Loss Incurred,month,cumulative,Synthetic,Portfolio,Auto,2016-05,55,303809.9654971387
creciente,Loss Incurred,month,cumulative,Synthetic,Portfolio,Auto,2016-05,56,303995.15066693496
creciente,Loss Incurred,month,cumulative,Synthetic,Portfolio,Auto,2016-05,57,304158.7867561129
creciente,Loss Incurred,month,cumulative,Synthetic,Portfolio,Auto,2016-05,58,304303.36153485934
creciente,Loss Incurred,month,cumulative,Synthetic,Portfolio,Auto,2016-05,59,304431.0799328302
creciente,Loss Incurred,month,cumulative,Synthetic,Portfolio,Auto,2016-05,60,304543.89523021213
creciente,Loss Incurred,month,cumulative,Synthetic,Portfolio,Auto,2016-05,61,304643.53702473105
creciente,Loss Incurred,month,cumulative,Synthetic,Portfolio,Auto,2016-05,62,304731.53625865135
creciente,Loss Incurred,month,cumulative,Synthetic,Portfolio,Auto,2016-05,63,304809.24757663434
creciente,Loss Incurred,month,cumulative,Synthetic,Portfolio,Auto,2016-05,64,304877.86926945107
creciente,Loss Incurred,month,cumulative,Synthetic,Portfolio,Auto,2016-05,65,304938.461041167
creciente,Loss Incurred,month,cumulative,Synthetic,Portfolio,Auto,2016-05,66,304991.9598194112
creciente,Loss Incurred,month,cumulative,Synthetic,Portfolio,Auto,2016-05,67,305039.1938103311
creciente,Loss Incurred,month,cumulative,Synthetic,Portfolio,Auto,2016-05,68,305080.8949822782
creciente,Loss Incurred,month,cumulative,Synthetic,Portfolio,Auto,2016-05,69,305117.7101454493
creciente,Loss Incurred,month,cumulative,Synthetic,Portfolio,Auto,2016-05,70,305150.2107788389
creciente,Loss Incurred,month,cumulative,Synthetic,Portfolio,Auto,2016-05,71,305178.9017410263
creciente,Loss Incurred,month,cumulative,Synthetic,Portfolio,Auto,2016-05,72,305204.2289876006
creciente,Loss Incurred,month,cumulative,Synthetic,Portfolio,Auto,2016-05,73,305226.5864054127
creciente,Loss Incurred,month,cumulative,Synthetic,Portfolio,Auto,2016-05,74,305246.3218623129
creciente,Loss Incurred,month,cumulative,Synthetic,Portfolio,Auto,2016-05,75,305263.74256055814
creciente,Loss Incurred,month,cumulative,Synthetic,Portfolio,Auto,2016-05,76,305279.1197725739
creciente,Loss Incurred,month,cumulative,Synthetic,Portfolio,Auto,2016-05,77,305292.693029198
creciente,Loss Incurred,month,cumulative,Synthetic,Portfolio,Auto,2016-05,78,305304.67382281885
creciente,Loss Incurred,month,cumulative,Synthetic,Portfolio,Auto,2016-05,79,305315.2488809083
creciente,Loss Incurred,month,cumulative,Synthetic,Portfolio,Auto,2016-05,80,305324.58305925055
creciente,Loss Incurred,month,cumulative,Synthetic,Portfolio,Auto,2016-05,81,305332.8218986315
creciente,Loss Incurred,month,cumulative,Synthetic,Portfolio,Auto,2016-05,82,305340.0938838087
creciente,Loss Incurred,month,cumulative,Synthetic,Portfolio,Auto,2016-05,83,305346.51243917726
creciente,Loss Incurred,month,cumulative,Synthetic,Portfolio,Auto,2016-05,84,305352.1776916251
creciente,Loss Incurred,month,cumulative,Synthetic,Portfolio,Auto,2016-05,85,305357.1780275819
creciente,Loss Incurred,month,cumulative,Synthetic,Portfolio,Auto,2016-05,86,305361.5914681705
creciente,Loss Incurred,month,cumulative,Synthetic,Portfolio,Auto,2016-05,87,305365.4868836162
creciente,Loss Incurred,month,cumulative,Synthetic,Portfolio,Auto,2016-05,88,305368.9250656293
creciente,Loss Incurred,month,cumulative,Synthetic,Portfolio,Auto,2016-05,89,305371.95967431826
creciente,Loss Incurred,month,cumulative,Synthetic,Portfolio,Auto,2016-05,90,305374.6380742644
creciente,Loss Incurred,month,cumulative,Synthetic,Portfolio,Auto,2016-05,91,305377.00207270175
creciente,Loss Incurred,month,cumulative,Synthetic,Portfolio,Auto,2016-05,92,305379.0885712356
creciente,Loss Incurred,month,cumulative,Synthetic,Portfolio,Auto,2016-05,93,305380.93014120654
creciente,Loss Incurred,month,cumulative,Synthetic,Portfolio,Auto,2016-05,94,305382.55553162907
creciente,Loss Incurred,month,cumulative,Synthetic,Portfolio,Auto,2016-05,95,305383.99011759396
creciente,Loss Incurred,month,cumulative,Synthetic,Portfolio,Auto,2016-05,96,305385.2562961024
creciente,Loss Incurred,month,cumulative,Synthetic,Portfolio,Auto,2016-05,97,305386.3738354876
creciente,Loss Incurred,month,cumulative,Synthetic,Portfolio,Auto,2016-05,98,305387.36018385936
creciente,Loss Incurred,month,cumulative,Synthetic,Portfolio,Auto,2016-05,99,305388.2307413721
creciente,Loss Incurred,month,cumulative,Synthetic,Portfolio,Auto,2016-05,100,305388.9991005573
creciente,Loss Incurred,month,cumulative,Synthetic,Portfolio,Auto,2016-05,101,305389.6772584611
creciente,Loss Incurred,month,cumulative,Synthetic,Portfolio,Auto,2016-05,102,305390.2758038945
creciente,Loss Incurred,month,cumulative,Synthetic,Portfolio,Auto,2016-05,103,305390.8040827135
creciente,Loss Incurred,month,cumulative,Synthetic,Portfolio,Auto,2016-05,104,305391.27034370514
creciente,Loss Incurred,month,cumulative,Synthetic,Portfolio,Auto,2016-05,105,305391.6818673546
creciente,Loss Incurred,month,cumulative,Synthetic,Portfolio,Auto,2016-05,106,305392.04507950135
creciente,Loss Incurred,month,cumulative,Synthetic,Portfolio,Auto,2016-05,107,305392.3656516573
creciente,Loss Incurred,month,cumulative,Synthetic,Portfolio,Auto,2016-05,108,305392.6485895505
creciente,Loss Incurred,month,cumulative,Synthetic,Portfolio,Auto,2016-05,109,305392.8983112776
creciente,Loss Incurred,month,cumulative,Synthetic,Portfolio,Auto,2016-05,110,305393.1187162833
creciente,Loss Incurred,month,cumulative,Synthetic,Portfolio,Auto,2016-05,111,305393.31324624334
creciente,Loss Incurred,month,cumulative,Synthetic,Portfolio,Auto,2016-05,112,305393.4849388012
creciente,Loss Incurred,month,cumulative,Synthetic,Portfolio,Auto,2016-05,113,305393.6364749973
creciente,Loss Incurred,month,cumulative,Synthetic,Portfolio,Auto,2016-05,114,305393.7702211313
creciente,Loss Incurred,month,cumulative,Synthetic,Portfolio,Auto,2016-05,115,305393.88826570945
creciente,Loss Incurred,month,cumulative,Synthetic,Portfolio,Auto,2016-06,0,56673.94238676353
creciente,Loss Incurred,month,cumulative,Synthetic,Portfolio,Auto,2016-06,1,62402.96904324393
creciente,Loss Incurred,month,cumulative,Synthetic,Portfolio,Auto,2016-06,2,68606.4313275579
creciente,Loss Incurred,month,cumulative,Synthetic,Portfolio,Auto,2016-06,3,75289.61370485893
creciente,Loss Incurred,month,cumulative,Synthetic,Portfolio,Auto,2016-06,4,82450.36119859853
creciente,Loss Incurred,month,cumulative,Synthetic,Portfolio,Auto,2016-06,5,90078.00024900552
creciente,Loss Incurred,month,cumulative,Synthetic,Portfolio,Auto,2016-06,6,98152.45722998417
creciente,Loss Incurred,month,cumulative,Synthetic,Portfolio,Auto,2016-06,7,106643.67132862333
creciente,Loss Incurred,month,cumulative,Synthetic,Portfolio,Auto,2016-06,8,115511.39355777416
creciente,Loss Incurred,month,cumulative,Synthetic,Portfolio,Auto,2016-06,9,124705.44703324031
creciente,Loss Incurred,month,cumulative,Synthetic,Portfolio,Auto,2016-06,10,134166.49483953934
creciente,Loss Incurred,month,cumulative,Synthetic,Portfolio,Auto,2016-06,11,143827.3224245522
creciente,Loss Incurred,month,cumulative,Synthetic,Portfolio,Auto,2016-06,12,153614.59534248488
creciente,Loss Incurred,month,cumulative,Synthetic,Portfolio,Auto,2016-06,13,163451.00605946573
creciente,Loss Incurred,month,cumulative,Synthetic,Portfolio,Auto,2016-06,14,173257.68222454886
creciente,Loss Incurred,month,cumulative,Synthetic,Portfolio,Auto,2016-06,15,182956.69979140145
creciente,Loss Incurred,month,cumulative,Synthetic,Portfolio,Auto,2016-06,16,192473.5324737281
creciente,Loss Incurred,month,cumulative,Synthetic,Portfolio,Auto,2016-06,17,201739.2762623431
creciente,Loss Incurred,month,cumulative,Synthetic,Portfolio,Auto,2016-06,18,210692.51288337348
creciente,Loss Incurred,month,cumulative,Synthetic,Portfolio,Auto,2016-06,19,219280.71491854687
creciente,Loss Incurred,month,cumulative,Synthetic,Portfolio,Auto,2016-06,20,227461.1416278301
creciente,Loss Incurred,month,cumulative,Synthetic,Portfolio,Auto,2016-06,21,235201.2214713359
creciente,Loss Incurred,month,cumulative,Synthetic,Portfolio,Auto,2016-06,22,242478.45881318432
creciente,Loss Incurred,month,cumulative,Synthetic,Portfolio,Auto,2016-06,23,249279.93394093466
creciente,Loss Incurred,month,cumulative,Synthetic,Portfolio,Auto,2016-06,24,255601.485203292
creciente,Loss Incurred,month,cumulative,Synthetic,Portfolio,Auto,2016-06,25,261446.66975302174
creciente,Loss Incurred,month,cumulative,Synthetic,Portfolio,Auto,2016-06,26,266825.5967436397
creciente,Loss Incurred,month,cumulative,Synthetic,Portfolio,Auto,2016-06,27,271753.7165188703
creciente,Loss Incurred,month,cumulative,Synthetic,Portfolio,Auto,2016-06,28,276250.63431967347
creciente,Loss Incurred,month,cumulative,Synthetic,Portfolio,Auto,2016-06,29,280339.00006308564
creciente,Loss Incurred,month,cumulative,Synthetic,Portfolio,Auto,2016-06,30,284043.5090188921
creciente,Loss Incurred,month,cumulative,Synthetic,Portfolio,Auto,2016-06,31,287390.0332397509
creciente,Loss Incurred,month,cumulative,Synthetic,Portfolio,Auto,2016-06,32,290404.89123966335
creciente,Loss Incurred,month,cumulative,Synthetic,Portfolio,Auto,2016-06,33,293114.25396616425
creciente,Loss Incurred,month,cumulative,Synthetic,Portfolio,Auto,2016-06,34,295543.6784770757
creciente,Loss Incurred,month,cumulative,Synthetic,Portfolio,Auto,2016-06,35,297717.75657097495
creciente,Loss Incurred,month,cumulative,Synthetic,Portfolio,Auto,2016-06,36,299659.86347093666
creciente,Loss Incurred,month,cumulative,Synthetic,Portfolio,Auto,2016-06,37,301391.99103804876
creciente,Loss Incurred,month,cumulative,Synthetic,Portfolio,Auto,2016-06,38,302934.6504443899
creciente,Loss Incurred,month,cumulative,Synthetic,Portfolio,Auto,2016-06,39,304306.8303818763
creciente,Loss Incurred,month,cumulative,Synthetic,Portfolio,Auto,2016-06,40,305525.99842008494
creciente,Loss Incurred,month,cumulative,Synthetic,Portfolio,Auto,2016-06,41,306608.13482676743
creciente,Loss Incurred,month,cumulative,Synthetic,Portfolio,Auto,2016-06,42,307567.7898713996
creciente,Loss Incurred,month,cumulative,Synthetic,Portfolio,Auto,2016-06,43,308418.15724276163
creciente,Loss Incurred,month,cumulative,Synthetic,Portfolio,Auto,2016-06,44,309171.1576671002
creciente,Loss Incurred,month,cumulative,Synthetic,Portfolio,Auto,2016-06,45,309837.5280861171
creciente,Loss Incurred,month,cumulative,Synthetic,Portfolio,Auto,2016-06,46,310426.9128375856
creciente,Loss Incurred,month,cumulative,Synthetic,Portfolio,Auto,2016-06,47,310947.9541833319
creciente,Loss Incurred,month,cumulative,Synthetic,Portfolio,Auto,2016-06,48,311408.38026525016
creciente,Loss Incurred,month,cumulative,Synthetic,Portfolio,Auto,2016-06,49,311815.0891594774
creciente,Loss Incurred,month,cumulative,Synthetic,Portfolio,Auto,2016-06,50,312174.2281626048
creciente,Loss Incurred,month,cumulative,Synthetic,Portfolio,Auto,2016-06,51,312491.2678020094
creciente,Loss Incurred,month,cumulative,Synthetic,Portfolio,Auto,2016-06,52,312771.070333675
creciente,Loss Incurred,month,cumulative,Synthetic,Portfolio,Auto,2016-06,53,313017.95269171696
creciente,Loss Incurred,month,cumulative,Synthetic,Portfolio,Auto,2016-06,54,313235.7439984766
creciente,Loss Incurred,month,cumulative,Synthetic,Portfolio,Auto,2016-06,55,313427.83784452133
creciente,Loss Incurred,month,cumulative,Synthetic,Portfolio,Auto,2016-06,56,313597.23961410933
creciente,Loss Incurred,month,cumulative,Synthetic,Portfolio,Auto,2016-06,57,313746.60917178786
creciente,Loss Incurred,month,cumulative,Synthetic,Portfolio,Auto,2016-06,58,313878.29924630356
creciente,Loss Incurred,month,cumulative,Synthetic,Portfolio,Auto,2016-06,59,313994.389854111
creciente,Loss Incurred,month,cumulative,Synthetic,Portfolio,Auto,2016-06,60,314096.719100527
creciente,Loss Incurred,month,cumulative,Synthetic,Portfolio,Auto,2016-06,61,314186.9106851792
creciente,Loss Incurred,month,cumulative,Synthetic,Portfolio,Auto,2016-06,62,314266.3984222157
creciente,Loss Incurred,month,cumulative,Synthetic,Portfolio,Auto,2016-06,63,314336.448066657
creciente,Loss Incurred,month,cumulative,Synthetic,Portfolio,Auto,2016-06,64,314398.1767175919
creciente,Loss Incurred,month,cumulative,Synthetic,Portfolio,Auto,2016-06,65,314452.5700476919
creciente,Loss Incurred,month,cumulative,Synthetic,Portfolio,Auto,2016-06,66,314500.49758741324
creciente,Loss Incurred,month,cumulative,Synthetic,Portfolio,Auto,2016-06,67,314542.72627179616
creciente,Loss Incurred,month,cumulative,Synthetic,Portfolio,Auto,2016-06,68,314579.9324382679
creciente,Loss Incurred,month,cumulative,Synthetic,Portfolio,Auto,2016-06,69,314612.71244552627
creciente,Loss Incurred,month,cumulative,Synthetic,Portfolio,Auto,2016-06,70,314641.5920665242
creciente,Loss Incurred,month,cumulative,Synthetic,Portfolio,Auto,2016-06,71,314667.03479284723
creciente,Loss Incurred,month,cumulative,Synthetic,Portfolio,Auto,2016-06,72,314689.44917336776
creciente,Loss Incurred,month,cumulative,Synthetic,Portfolio,Auto,2016-06,73,314709.19529693585
creciente,Loss Incurred,month,cumulative,Synthetic,Portfolio,Auto,2016-06,74,314726.5905169727
creciente,Loss Incurred,month,cumulative,Synthetic,Portfolio,Auto,2016-06,75,314741.9145050886
creciente,Loss Incurred,month,cumulative,Synthetic,Portfolio,Auto,2016-06,76,314755.4137111835
creciente,Loss Incurred,month,cumulative,Synthetic,Portfolio,Auto,2016-06,77,314767.305298816
creciente,Loss Incurred,month,cumulative,Synthetic,Portfolio,Auto,2016-06,78,314777.7806168602
creciente,Loss Incurred,month,cumulative,Synthetic,Portfolio,Auto,2016-06,79,314787.0082615377
creciente,Loss Incurred,month,cumulative,Synthetic,Portfolio,Auto,2016-06,80,314795.1367767275
creciente,Loss Incurred,month,cumulative,Synthetic,Portfolio,Auto,2016-06,81,314802.2970349508
creciente,Loss Incurred,month,cumulative,Synthetic,Portfolio,Auto,2016-06,82,314808.6043365343
creciente,Loss Incurred,month,cumulative,Synthetic,Portfolio,Auto,2016-06,83,314814.16026010853
creciente,Loss Incurred,month,cumulative,Synthetic,Portfolio,Auto,2016-06,84,314819.054293744
creciente,Loss Incurred,month,cumulative,Synthetic,Portfolio,Auto,2016-06,85,314823.36527260474
creciente,Loss Incurred,month,cumulative,Synthetic,Portfolio,Auto,2016-06,86,314827.1626459801
creciente,Loss Incurred,month,cumulative,Synthetic,Portfolio,Auto,2016-06,87,314830.50759386877
creciente,Loss Incurred,month,cumulative,Synthetic,Portfolio,Auto,2016-06,88,314833.454010925
creciente,Loss Incurred,month,cumulative,Synthetic,Portfolio,Auto,2016-06,89,314836.0493734771
creciente,Loss Incurred,month,cumulative,Synthetic,Portfolio,Auto,2016-06,90,314838.3355034817
creciente,Loss Incurred,month,cumulative,Synthetic,Portfolio,Auto,2016-06,91,314840.3492416368
creciente,Loss Incurred,month,cumulative,Synthetic,Portfolio,Auto,2016-06,92,314842.1230404372
creciente,Loss Incurred,month,cumulative,Synthetic,Portfolio,Auto,2016-06,93,314843.68548667623
creciente,Loss Incurred,month,cumulative,Synthetic,Portfolio,Auto,2016-06,94,314845.06176177616
creciente,Loss Incurred,month,cumulative,Synthetic,Portfolio,Auto,2016-06,95,314846.27404733526
creciente,Loss Incurred,month,cumulative,Synthetic,Portfolio,Auto,2016-06,96,314847.3418824039
creciente,Loss Incurred,month,cumulative,Synthetic,Portfolio,Auto,2016-06,97,314848.28247822815
creciente,Loss Incurred,month,cumulative,Synthetic,Portfolio,Auto,2016-06,98,314849.11099552305
creciente,Loss Incurred,month,cumulative,Synthetic,Portfolio,Auto,2016-06,99,314849.84078872803
creciente,Loss Incurred,month,cumulative,Synthetic,Portfolio,Auto,2016-06,100,314850.48362117907
creciente,Loss Incurred,month,cumulative,Synthetic,Portfolio,Auto,2016-06,101,314851.0498546536
creciente,Loss Incurred,month,cumulative,Synthetic,Portfolio,Auto,2016-06,102,314851.5486163423
creciente,Loss Incurred,month,cumulative,Synthetic,Portfolio,Auto,2016-06,103,314851.9879459325
creciente,Loss Incurred,month,cumulative,Synthetic,Portfolio,Auto,2016-06,104,314852.3749251725
creciente,Loss Incurred,month,cumulative,Synthetic,Portfolio,Auto,2016-06,105,314852.71579200245
creciente,Loss Incurred,month,cumulative,Synthetic,Portfolio,Auto,2016-06,106,314853.0160410889
creciente,Loss Incurred,month,cumulative,Synthetic,Portfolio,Auto,2016-06,107,314853.28051238303
creciente,Loss Incurred,month,cumulative,Synthetic,Portfolio,Auto,2016-06,108,314853.5134691295
creciente,Loss Incurred,month,cumulative,Synthetic,Portfolio,Auto,2016-06,109,314853.71866658016
creciente,Loss Incurred,month,cumulative,Synthetic,Portfolio,Auto,2016-06,110,314853.8994125227
creciente,Loss Incurred,month,cumulative,Synthetic,Portfolio,Auto,2016-06,111,314854.0586205963
creciente,Loss Incurred,month,cumulative,Synthetic,Portfolio,Auto,2016-06,112,314854.1988572572
creciente,Loss Incurred,month,cumulative,Synthetic,Portfolio,Auto,2016-06,113,314854.32238314586
creciente,Loss Incurred,month,cumulative,Synthetic,Portfolio,Auto,2016-06,114,314854.4311895273
creciente,Loss Incurred,month,cumulative,Synthetic,Portfolio,Auto,2016-07,0,62914.062633629714
creciente,Loss Incurred,month,cumulative,Synthetic,Portfolio,Auto,2016-07,1,68385.88601479027
creciente,Loss Incurred,month,cumulative,Synthetic,Portfolio,Auto,2016-07,2,74398.13801446607
creciente,Loss Incurred,month,cumulative,Synthetic,Portfolio,Auto,2016-07,3,80971.85486420758
creciente,Loss Incurred,month,cumulative,Synthetic,Portfolio,Auto,2016-07,4,88121.01499338179
creciente,Loss Incurred,month,cumulative,Synthetic,Portfolio,Auto,2016-07,5,95850.7733825316
creciente,Loss Incurred,month,cumulative,Synthetic,Portfolio,Auto,2016-07,6,104155.75362507597
creciente,Loss Incurred,month,cumulative,Synthetic,Portfolio,Auto,2016-07,7,113018.53421690484
creciente,Loss Incurred,month,cumulative,Synthetic,Portfolio,Auto,2016-07,8,122408.48387793712
creciente,Loss Incurred,month,cumulative,Synthetic,Portfolio,Auto,2016-07,9,132281.10463767662
creciente,Loss Incurred,month,cumulative,Synthetic,Portfolio,Auto,2016-07,10,142578.02581089246
creciente,Loss Incurred,month,cumulative,Synthetic,Portfolio,Auto,2016-07,11,153227.75387055575
creciente,Loss Incurred,month,cumulative,Synthetic,Portfolio,Auto,2016-07,12,164147.22328896864
creciente,Loss Incurred,month,cumulative,Synthetic,Portfolio,Auto,2016-07,13,175244.1169700275
creciente,Loss Incurred,month,cumulative,Synthetic,Portfolio,Auto,2016-07,14,186419.84173769582
creciente,Loss Incurred,month,cumulative,Synthetic,Portfolio,Auto,2016-07,15,197572.96734161265
creciente,Loss Incurred,month,cumulative,Synthetic,Portfolio,Auto,2016-07,16,208602.87991331826
creciente,Loss Incurred,month,cumulative,Synthetic,Portfolio,Auto,2016-07,17,219413.373403654
creciente,Loss Incurred,month,cumulative,Synthetic,Portfolio,Auto,2016-07,18,229915.9105062635
creciente,Loss Incurred,month,cumulative,Synthetic,Portfolio,Auto,2016-07,19,240032.3263838836
creciente,Loss Incurred,month,cumulative,Synthetic,Portfolio,Auto,2016-07,20,249696.8162439084
creciente,Loss Incurred,month,cumulative,Synthetic,Portfolio,Auto,2016-07,21,258857.12923692045
creciente,Loss Incurred,month,cumulative,Synthetic,Portfolio,Auto,2016-07,22,267474.9727826222
creciente,Loss Incurred,month,cumulative,Synthetic,Portfolio,Auto,2016-07,23,275525.70149763057
creciente,Loss Incurred,month,cumulative,Synthetic,Portfolio,Auto,2016-07,24,282997.41550888476
creciente,Loss Incurred,month,cumulative,Synthetic,Portfolio,Auto,2016-07,25,289889.62088664033
creciente,Loss Incurred,month,cumulative,Synthetic,Portfolio,Auto,2016-07,26,296211.6113200012
creciente,Loss Incurred,month,cumulative,Synthetic,Portfolio,Auto,2016-07,27,301980.7191367242
creciente,Loss Incurred,month,cumulative,Synthetic,Portfolio,Auto,2016-07,28,307220.5609938294
creciente,Loss Incurred,month,cumulative,Synthetic,Portfolio,Auto,2016-07,29,311959.374800174
creciente,Loss Incurred,month,cumulative,Synthetic,Portfolio,Auto,2016-07,30,316228.5145689376
creciente,Loss Incurred,month,cumulative,Synthetic,Portfolio,Auto,2016-07,31,320061.14246693655
creciente,Loss Incurred,month,cumulative,Synthetic,Portfolio,Auto,2016-07,32,323491.1344205039
creciente,Loss Incurred,month,cumulative,Synthetic,Portfolio,Auto,2016-07,33,326552.1981057788
creciente,Loss Incurred,month,cumulative,Synthetic,Portfolio,Auto,2016-07,34,329277.1899331609
creciente,Loss Incurred,month,cumulative,Synthetic,Portfolio,Auto,2016-07,35,331697.6101016945
creciente,Loss Incurred,month,cumulative,Synthetic,Portfolio,Auto,2016-07,36,333843.2510454108
creciente,Loss Incurred,month,cumulative,Synthetic,Portfolio,Auto,2016-07,37,335741.97365758434
creciente,Loss Incurred,month,cumulative,Synthetic,Portfolio,Auto,2016-07,38,337419.58667455724
creciente,Loss Incurred,month,cumulative,Synthetic,Portfolio,Auto,2016-07,39,338899.80678836943
creciente,Loss Incurred,month,cumulative,Synthetic,Portfolio,Auto,2016-07,40,340204.27986481256
creciente,Loss Incurred,month,cumulative,Synthetic,Portfolio,Auto,2016-07,41,341352.6466587028
creciente,Loss Incurred,month,cumulative,Synthetic,Portfolio,Auto,2016-07,42,342362.63936599
creciente,Loss Incurred,month,cumulative,Synthetic,Portfolio,Auto,2016-07,43,343250.19806591375
creciente,Loss Incurred,month,cumulative,Synthetic,Portfolio,Auto,2016-07,44,344029.59849900927
creciente,Loss Incurred,month,cumulative,Synthetic,Portfolio,Auto,2016-07,45,344713.58466725034
creciente,Loss Incurred,month,cumulative,Synthetic,Portfolio,Auto,2016-07,46,345313.50143603137
creciente,Loss Incurred,month,cumulative,Synthetic,Portfolio,Auto,2016-07,47,345839.42369036074
creciente,Loss Incurred,month,cumulative,Synthetic,Portfolio,Auto,2016-07,48,346300.2796868327
creciente,Loss Incurred,month,cumulative,Synthetic,Portfolio,Auto,2016-07,49,346703.9670897142
creciente,Loss Incurred,month,cumulative,Synthetic,Portfolio,Auto,2016-07,50,347057.46082433756
creciente,Loss Incurred,month,cumulative,Synthetic,Portfolio,Auto,2016-07,51,347366.91236125707
creciente,Loss Incurred,month,cumulative,Synthetic,Portfolio,Auto,2016-07,52,347637.74039329897
creciente,Loss Incurred,month,cumulative,Synthetic,Portfolio,Auto,2016-07,53,347874.713112871
creciente,Loss Incurred,month,cumulative,Synthetic,Portfolio,Auto,2016-07,54,348082.02246217657
creciente,Loss Incurred,month,cumulative,Synthetic,Portfolio,Auto,2016-07,55,348263.350833488
creciente,Loss Incurred,month,cumulative,Synthetic,Portfolio,Auto,2016-07,56,348421.93075574323
creciente,Loss Incurred,month,cumulative,Synthetic,Portfolio,Auto,2016-07,57,348560.59812963166
creciente,Loss Incurred,month,cumulative,Synthetic,Portfolio,Auto,2016-07,58,348681.8395754823
creciente,Loss Incurred,month,cumulative,Synthetic,Portfolio,Auto,2016-07,59,348787.83444398304
creciente,Loss Incurred,month,cumulative,Synthetic,Portfolio,Auto,2016-07,60,348880.4920145521
creciente,Loss Incurred,month,cumulative,Synthetic,Portfolio,Auto,2016-07,61,348961.484374204
creciente,Loss Incurred,month,cumulative,Synthetic,Portfolio,Auto,2016-07,62,349032.2754340339
creciente,Loss Incurred,month,cumulative,Synthetic,Portfolio,Auto,2016-07,63,349094.1465031959
creciente,Loss Incurred,month,cumulative,Synthetic,Portfolio,Auto,2016-07,64,349148.2188030071
creciente,Loss Incurred,month,cumulative,Synthetic,Portfolio,Auto,2016-07,65,349195.47326763737
creciente,Loss Incurred,month,cumulative,Synthetic,Portfolio,Auto,2016-07,66,349236.76794343354
creciente,Loss Incurred,month,cumulative,Synthetic,Portfolio,Auto,2016-07,67,349272.8532666936
creciente,Loss Incurred,month,cumulative,Synthetic,Portfolio,Auto,2016-07,68,349304.3854698756
creciente,Loss Incurred,month,cumulative,Synthetic,Portfolio,Auto,2016-07,69,349331.93833887274
creciente,Loss Incurred,month,cumulative,Synthetic,Portfolio,Auto,2016-07,70,349356.0135191127
creciente,Loss Incurred,month,cumulative,Synthetic,Portfolio,Auto,2016-07,71,349377.04954573256
creciente,Loss Incurred,month,cumulative,Synthetic,Portfolio,Auto,2016-07,72,349395.42975284986
creciente,Loss Incurred,month,cumulative,Synthetic,Portfolio,Auto,2016-07,73,349411.48919881805
creciente,Loss Incurred,month,cumulative,Synthetic,Portfolio,Auto,2016-07,74,349425.5207281775
creciente,Loss Incurred,month,cumulative,Synthetic,Portfolio,Auto,2016-07,75,349437.7802766138
creciente,Loss Incurred,month,cumulative,Synthetic,Portfolio,Auto,2016-07,76,349448.49151245574
creciente,Loss Incurred,month,cumulative,Synthetic,Portfolio,Auto,2016-07,77,349457.84989692783
creciente,Loss Incurred,month,cumulative,Synthetic,Portfolio,Auto,2016-07,78,349466.0262353618
creciente,Loss Incurred,month,cumulative,Synthetic,Portfolio,Auto,2016-07,79,349473.16978274746
creciente,Loss Incurred,month,cumulative,Synthetic,Portfolio,Auto,2016-07,80,349479.4109592081
creciente,Loss Incurred,month,cumulative,Synthetic,Portfolio,Auto,2016-07,81,349484.86372414243
creciente,Loss Incurred,month,cumulative,Synthetic,Portfolio,Auto,2016-07,82,349489.62765173806
creciente,Loss Incurred,month,cumulative,Synthetic,Portfolio,Auto,2016-07,83,349493.7897452711
creciente,Loss Incurred,month,cumulative,Synthetic,Portfolio,Auto,2016-07,84,349497.4260229504
creciente,Loss Incurred,month,cumulative,Synthetic,Portfolio,Auto,2016-07,85,349500.6029039873
creciente,Loss Incurred,month,cumulative,Synthetic,Portfolio,Auto,2016-07,86,349503.3784199894
creciente,Loss Incurred,month,cumulative,Synthetic,Portfolio,Auto,2016-07,87,349505.8032736411
creciente,Loss Incurred,month,cumulative,Synthetic,Portfolio,Auto,2016-07,88,349507.92176388245
creciente,Loss Incurred,month,cumulative,Synthetic,Portfolio,Auto,2016-07,89,349509.7725943934
creciente,Loss Incurred,month,cumulative,Synthetic,Portfolio,Auto,2016-07,90,349511.3895800776
creciente,Loss Incurred,month,cumulative,Synthetic,Portfolio,Auto,2016-07,91,349512.80226439855
creciente,Loss Incurred,month,cumulative,Synthetic,Portfolio,Auto,2016-07,92,349514.0364588031
creciente,Loss Incurred,month,cumulative,Synthetic,Portfolio,Auto,2016-07,93,349515.11471405625
creciente,Loss Incurred,month,cumulative,Synthetic,Portfolio,Auto,2016-07,94,349516.0567320728
creciente,Loss Incurred,month,cumulative,Synthetic,Portfolio,Auto,2016-07,95,349516.8797257535
creciente,Loss Incurred,month,cumulative,Synthetic,Portfolio,Auto,2016-07,96,349517.59873338445
creciente,Loss Incurred,month,cumulative,Synthetic,Portfolio,Auto,2016-07,97,349518.22689333436
creciente,Loss Incurred,month,cumulative,Synthetic,Portfolio,Auto,2016-07,98,349518.7756840604
creciente,Loss Incurred,month,cumulative,Synthetic,Portfolio,Auto,2016-07,99,349519.2551338021
creciente,Loss Incurred,month,cumulative,Synthetic,Portfolio,Auto,2016-07,100,349519.6740037898
creciente,Loss Incurred,month,cumulative,Synthetic,Portfolio,Auto,2016-07,101,349520.0399483115
creciente,Loss Incurred,month,cumulative,Synthetic,Portfolio,Auto,2016-07,102,349520.35965456144
creciente,Loss Incurred,month,cumulative,Synthetic,Portfolio,Auto,2016-07,103,349520.6389648211
creciente,Loss Incurred,month,cumulative,Synthetic,Portfolio,Auto,2016-07,104,349520.8829832081
creciente,Loss Incurred,month,cumulative,Synthetic,Portfolio,Auto,2016-07,105,349521.0961689368
creciente,Loss Incurred,month,cumulative,Synthetic,Portfolio,Auto,2016-07,106,349521.2824177994
creciente,Loss Incurred,month,cumulative,Synthetic,Portfolio,Auto,2016-07,107,349521.4451333514
creciente,Loss Incurred,month,cumulative,Synthetic,Portfolio,Auto,2016-07,108,349521.58728910453
creciente,Loss Incurred,month,cumulative,Synthetic,Portfolio,Auto,2016-07,109,349521.7114828619
creciente,Loss Incurred,month,cumulative,Synthetic,Portfolio,Auto,2016-07,110,349521.81998418877
creciente,Loss Incurred,month,cumulative,Synthetic,Portfolio,Auto,2016-07,111,349521.9147758844
creciente,Loss Incurred,month,cumulative,Synthetic,Portfolio,Auto,2016-07,112,349521.99759021617
creciente,Loss Incurred,month,cumulative,Synthetic,Portfolio,Auto,2016-07,113,349522.0699405739
creciente,Loss Incurred,month,cumulative,Synthetic,Portfolio,Auto,2016-08,0,58321.88104962256
creciente,Loss Incurred,month,cumulative,Synthetic,Portfolio,Auto,2016-08,1,64103.312920398355
creciente,Loss Incurred,month,cumulative,Synthetic,Portfolio,Auto,2016-08,2,70316.58938394707
creciente,Loss Incurred,month,cumulative,Synthetic,Portfolio,Auto,2016-08,3,76963.65364607194
creciente,Loss Incurred,month,cumulative,Synthetic,Portfolio,Auto,2016-08,4,84040.26562748797
creciente,Loss Incurred,month,cumulative,Synthetic,Portfolio,Auto,2016-08,5,91535.2539045897
creciente,Loss Incurred,month,cumulative,Synthetic,Portfolio,Auto,2016-08,6,99429.92328550863
creciente,Loss Incurred,month,cumulative,Synthetic,Portfolio,Auto,2016-08,7,107697.67949688589
creciente,Loss Incurred,month,cumulative,Synthetic,Portfolio,Auto,2016-08,8,116303.92792344179
creciente,Loss Incurred,month,cumulative,Synthetic,Portfolio,Auto,2016-08,9,125206.29217009238
creciente,Loss Incurred,month,cumulative,Synthetic,Portfolio,Auto,2016-08,10,134355.18032841737
creciente,Loss Incurred,month,cumulative,Synthetic,Portfolio,Auto,2016-08,11,143694.70317186665
creciente,Loss Incurred,month,cumulative,Synthetic,Portfolio,Auto,2016-08,12,153163.92111191872
creciente,Loss Incurred,month,cumulative,Synthetic,Portfolio,Auto,2016-08,13,162698.36858483462
creciente,Loss Incurred,month,cumulative,Synthetic,Portfolio,Auto,2016-08,14,172231.77910353488
creciente,Loss Incurred,month,cumulative,Synthetic,Portfolio,Auto,2016-08,15,181697.91495444166
creciente,Loss Incurred,month,cumulative,Synthetic,Portfolio,Auto,2016-08,16,191032.39521110343
creciente,Loss Incurred,month,cumulative,Synthetic,Portfolio,Auto,2016-08,17,200174.4159036278
creciente,Loss Incurred,month,cumulative,Synthetic,Portfolio,Auto,2016-08,18,209068.26680033616
creciente,Loss Incurred,month,cumulative,Synthetic,Portfolio,Auto,2016-08,19,217664.56875220675
creciente,Loss Incurred,month,cumulative,Synthetic,Portfolio,Auto,2016-08,20,225921.1811247768
creciente,Loss Incurred,month,cumulative,Synthetic,Portfolio,Auto,2016-08,21,233803.75703209895
creciente,Loss Incurred,month,cumulative,Synthetic,Portfolio,Auto,2016-08,22,241285.95140385206
creciente,Loss Incurred,month,cumulative,Synthetic,Portfolio,Auto,2016-08,23,248349.31041957714
creciente,Loss Incurred,month,cumulative,Synthetic,Portfolio,Auto,2016-08,24,254982.8885313016
creciente,Loss Incurred,month,cumulative,Synthetic,Portfolio,Auto,2016-08,25,261182.65025530453
creciente,Loss Incurred,month,cumulative,Synthetic,Portfolio,Auto,2016-08,26,266950.71825090126
creciente,Loss Incurred,month,cumulative,Synthetic,Portfolio,Auto,2016-08,27,272294.5278096358
creciente,Loss Incurred,month,cumulative,Synthetic,Portfolio,Auto,2016-08,28,277225.942119585
creciente,Loss Incurred,month,cumulative,Synthetic,Portfolio,Auto,2016-08,29,281760.37408411276
creciente,Loss Incurred,month,cumulative,Synthetic,Portfolio,Auto,2016-08,30,285915.95052093064
creciente,Loss Incurred,month,cumulative,Synthetic,Portfolio,Auto,2016-08,31,289712.7444606451
creciente,Loss Incurred,month,cumulative,Synthetic,Portfolio,Auto,2016-08,32,293172.0918964082
creciente,Loss Incurred,month,cumulative,Synthetic,Portfolio,Auto,2016-08,33,296316.00126919727
creciente,Loss Incurred,month,cumulative,Synthetic,Portfolio,Auto,2016-08,34,299166.65747636184
creciente,Loss Incurred,month,cumulative,Synthetic,Portfolio,Auto,2016-08,35,301746.0173067588
creciente,Loss Incurred,month,cumulative,Synthetic,Portfolio,Auto,2016-08,36,304075.4898196459
creciente,Loss Incurred,month,cumulative,Synthetic,Portfolio,Auto,2016-08,37,306175.69308996235
creciente,Loss Incurred,month,cumulative,Synthetic,Portfolio,Auto,2016-08,38,308066.2776930432
creciente,Loss Incurred,month,cumulative,Synthetic,Portfolio,Auto,2016-08,39,309765.8070479066
creciente,Loss Incurred,month,cumulative,Synthetic,Portfolio,Auto,2016-08,40,311291.685051946
creciente,Loss Incurred,month,cumulative,Synthetic,Portfolio,Auto,2016-08,41,312660.12212698656
creciente,Loss Incurred,month,cumulative,Synthetic,Portfolio,Auto,2016-08,42,313886.13170138426
creciente,Loss Incurred,month,cumulative,Synthetic,Portfolio,Auto,2016-08,43,314983.55015674455
creciente,Loss Incurred,month,cumulative,Synthetic,Portfolio,Auto,2016-08,44,315965.0742857834
creciente,Loss Incurred,month,cumulative,Synthetic,Portfolio,Auto,2016-08,45,316842.31128253584
creciente,Loss Incurred,month,cumulative,Synthetic,Portfolio,Auto,2016-08,46,317625.8371821466
creciente,Loss Incurred,month,cumulative,Synthetic,Portfolio,Auto,2016-08,47,318325.2604660733
creciente,Loss Incurred,month,cumulative,Synthetic,Portfolio,Auto,2016-08,48,318949.2882427181
creciente,Loss Incurred,month,cumulative,Synthetic,Portfolio,Auto,2016-08,49,319505.7930044181
creciente,Loss Incurred,month,cumulative,Synthetic,Portfolio,Auto,2016-08,50,320001.8784555612
creciente,Loss Incurred,month,cumulative,Synthetic,Portfolio,Auto,2016-08,51,320443.9433124827
creciente,Loss Incurred,month,cumulative,Synthetic,Portfolio,Auto,2016-08,52,320837.7423041551
creciente,Loss Incurred,month,cumulative,Synthetic,Portfolio,Auto,2016-08,53,321188.44386422995
creciente,Loss Incurred,month,cumulative,Synthetic,Portfolio,Auto,2016-08,54,321500.68420998356
creciente,Loss Incurred,month,cumulative,Synthetic,Portfolio,Auto,2016-08,55,321778.6176616306
creciente,Loss Incurred,month,cumulative,Synthetic,Portfolio,Auto,2016-08,56,322025.96317471407
creciente,Loss Incurred,month,cumulative,Synthetic,Portfolio,Auto,2016-08,57,322246.04714620556
creciente,Loss Incurred,month,cumulative,Synthetic,Portfolio,Auto,2016-08,58,322441.8426178157
creciente,Loss Incurred,month,cumulative,Synthetic,Portfolio,Auto,2016-08,59,322616.0050430875
creciente,Loss Incurred,month,cumulative,Synthetic,Portfolio,Auto,2016-08,60,322770.90481248876
creciente,Loss Incurred,month,cumulative,Synthetic,Portfolio,Auto,2016-08,61,322908.6567465082
creciente,Loss Incurred,month,cumulative,Synthetic,Portfolio,Auto,2016-08,62,323031.14677358273
creciente,Loss Incurred,month,cumulative,Synthetic,Portfolio,Auto,2016-08,63,323140.056009867
creciente,Loss Incurred,month,cumulative,Synthetic,Portfolio,Auto,2016-08,64,323236.88245323085
creciente,Loss Incurred,month,cumulative,Synthetic,Portfolio,Auto,2016-08,65,323322.9604958837
creciente,Loss Incurred,month,cumulative,Synthetic,Portfolio,Auto,2016-08,66,323399.4784497995
creciente,Loss Incurred,month,cumulative,Synthetic,Portfolio,Auto,2016-08,67,323467.4942675007
creciente,Loss Incurred,month,cumulative,Synthetic,Portfolio,Auto,2016-08,68,323527.94962841977
creciente,Loss Incurred,month,cumulative,Synthetic,Portfolio,Auto,2016-08,69,323581.6825484594
creciente,Loss Incurred,month,cumulative,Synthetic,Portfolio,Auto,2016-08,70,323629.43865788204
creciente,Loss Incurred,month,cumulative,Synthetic,Portfolio,Auto,2016-08,71,323671.8812805218
creciente,Loss Incurred,month,cumulative,Synthetic,Portfolio,Auto,2016-08,72,323709.6004356923
creciente,Loss Incurred,month,cumulative,Synthetic,Portfolio,Auto,2016-08,73,323743.1208731851
creciente,Loss Incurred,month,cumulative,Synthetic,Portfolio,Auto,2016-08,74,323772.9092414683
creciente,Loss Incurred,month,cumulative,Synthetic,Portfolio,Auto,2016-08,75,323799.38047963585
creciente,Loss Incurred,month,cumulative,Synthetic,Portfolio,Auto,2016-08,76,323822.90351483657
creciente,Loss Incurred,month,cumulative,Synthetic,Portfolio,Auto,2016-08,77,323843.8063388056
creciente,Loss Incurred,month,cumulative,Synthetic,Portfolio,Auto,2016-08,78,323862.38052971184
creciente,Loss Incurred,month,cumulative,Synthetic,Portfolio,Auto,2016-08,79,323878.88527878135
creciente,Loss Incurred,month,cumulative,Synthetic,Portfolio,Auto,2016-08,80,323893.55097503035
creciente,Loss Incurred,month,cumulative,Synthetic,Portfolio,Auto,2016-08,81,323906.5823958878
creciente,Loss Incurred,month,cumulative,Synthetic,Portfolio,Auto,2016-08,82,323918.1615464728
creciente,Loss Incurred,month,cumulative,Synthetic,Portfolio,Auto,2016-08,83,323928.45018577337
creciente,Loss Incurred,month,cumulative,Synthetic,Portfolio,Auto,2016-08,84,323937.59207390214
creciente,Loss Incurred,month,cumulative,Synthetic,Portfolio,Auto,2016-08,85,323945.7149709482
creciente,Loss Incurred,month,cumulative,Synthetic,Portfolio,Auto,2016-08,86,323952.9324146651
creciente,Loss Incurred,month,cumulative,Synthetic,Portfolio,Auto,2016-08,87,323959.3453012944
creciente,Loss Incurred,month,cumulative,Synthetic,Portfolio,Auto,2016-08,88,323965.0432911867
creciente,Loss Incurred,month,cumulative,Synthetic,Portfolio,Auto,2016-08,89,323970.1060585339
creciente,Loss Incurred,month,cumulative,Synthetic,Portfolio,Auto,2016-08,90,323974.6044024149
creciente,Loss Incurred,month,cumulative,Synthetic,Portfolio,Auto,2016-08,91,323978.60123447806
creciente,Loss Incurred,month,cumulative,Synthetic,Portfolio,Auto,2016-08,92,323982.1524569059
creciente,Loss Incurred,month,cumulative,Synthetic,Portfolio,Auto,2016-08,93,323985.30774280766
creciente,Loss Incurred,month,cumulative,Synthetic,Portfolio,Auto,2016-08,94,323988.11122985097
creciente,Loss Incurred,month,cumulative,Synthetic,Portfolio,Auto,2016-08,95,323990.60213675286
creciente,Loss Incurred,month,cumulative,Synthetic,Portfolio,Auto,2016-08,96,323992.8153111868
creciente,Loss Incurred,month,cumulative,Synthetic,Portfolio,Auto,2016-08,97,323994.78171672137
creciente,Loss Incurred,month,cumulative,Synthetic,Portfolio,Auto,2016-08,98,323996.52886556165
creciente,Loss Incurred,month,cumulative,Synthetic,Portfolio,Auto,2016-08,99,323998.08120311453
creciente,Loss Incurred,month,cumulative,Synthetic,Portfolio,Auto,2016-08,100,323999.4604497345
creciente,Loss Incurred,month,cumulative,Synthetic,Portfolio,Auto,2016-08,101,324000.6859044106
creciente,Loss Incurred,month,cumulative,Synthetic,Portfolio,Auto,2016-08,102,324001.7747146282
creciente,Loss Incurred,month,cumulative,Synthetic,Portfolio,Auto,2016-08,103,324002.7421161693
creciente,Loss Incurred,month,cumulative,Synthetic,Portfolio,Auto,2016-08,104,324003.6016461981
creciente,Loss Incurred,month,cumulative,Synthetic,Portfolio,Auto,2016-08,105,324004.3653326019
creciente,Loss Incurred,month,cumulative,Synthetic,Portfolio,Auto,2016-08,106,324005.04386223666
creciente,Loss Incurred,month,cumulative,Synthetic,Portfolio,Auto,2016-08,107,324005.6467304214
creciente,Loss Incurred,month,cumulative,Synthetic,Portfolio,Auto,2016-08,108,324006.1823737725
creciente,Loss Incurred,month,cumulative,Synthetic,Portfolio,Auto,2016-08,109,324006.6582882328
creciente,Loss Incurred,month,cumulative,Synthetic,Portfolio,Auto,2016-08,110,324007.0811339452
creciente,Loss Incurred,month,cumulative,Synthetic,Portfolio,Auto,2016-08,111,324007.45682843635
creciente,Loss Incurred,month,cumulative,Synthetic,Portfolio,Auto,2016-08,112,324007.7906294131
creciente,Loss Incurred,month,cumulative,Synthetic,Portfolio,Auto,2016-09,0,59267.99651039209
creciente,Loss Incurred,month,cumulative,Synthetic,Portfolio,Auto,2016-09,1,63885.47239686589
creciente,Loss Incurred,month,cumulative,Synthetic,Portfolio,Auto,2016-09,2,68967.80197970245
creciente,Loss Incurred,month,cumulative,Synthetic,Portfolio,Auto,2016-09,3,74537.33994402627
creciente,Loss Incurred,month,cumulative,Synthetic,Portfolio,Auto,2016-09,4,80611.57769321492
creciente,Loss Incurred,month,cumulative,Synthetic,Portfolio,Auto,2016-09,5,87201.6829145416
creciente,Loss Incurred,month,cumulative,Synthetic,Portfolio,Auto,2016-09,6,94311.00914044987
creciente,Loss Incurred,month,cumulative,Synthetic,Portfolio,Auto,2016-09,7,101933.6681409639
creciente,Loss Incurred,month,cumulative,Synthetic,Portfolio,Auto,2016-09,8,110053.2786710776
creciente,Loss Incurred,month,cumulative,Synthetic,Portfolio,Auto,2016-09,9,118642.01853220673
creciente,Loss Incurred,month,cumulative,Synthetic,Portfolio,Auto,2016-09,10,127660.10858583593
creciente,Loss Incurred,month,cumulative,Synthetic,Portfolio,Auto,2016-09,11,137055.8434153509
creciente,Loss Incurred,month,cumulative,Synthetic,Portfolio,Auto,2016-09,12,146766.25167402418
creciente,Loss Incurred,month,cumulative,Synthetic,Portfolio,Auto,2016-09,13,156718.4205367084
creciente,Loss Incurred,month,cumulative,Synthetic,Portfolio,Auto,2016-09,14,166831.4573455143
creciente,Loss Incurred,month,cumulative,Synthetic,Portfolio,Auto,2016-09,15,177018.9951367775
creciente,Loss Incurred,month,cumulative,Synthetic,Portfolio,Auto,2016-09,16,187192.08717267838
creciente,Loss Incurred,month,cumulative,Synthetic,Portfolio,Auto,2016-09,17,197262.28913629235
creciente,Loss Incurred,month,cumulative,Synthetic,Portfolio,Auto,2016-09,18,207144.70456332335
creciente,Loss Incurred,month,cumulative,Synthetic,Portfolio,Auto,2016-09,19,216760.7736393944
creciente,Loss Incurred,month,cumulative,Synthetic,Portfolio,Auto,2016-09,20,226040.6168401473
creciente,Loss Incurred,month,cumulative,Synthetic,Portfolio,Auto,2016-09,21,234924.7972933908
creciente,Loss Incurred,month,cumulative,Synthetic,Portfolio,Auto,2016-09,22,243365.4300255973
creciente,Loss Incurred,month,cumulative,Synthetic,Portfolio,Auto,2016-09,23,251326.63202237495
creciente,Loss Incurred,month,cumulative,Synthetic,Portfolio,Auto,2016-09,24,258784.36493114886
creciente,Loss Incurred,month,cumulative,Synthetic,Portfolio,Auto,2016-09,25,265725.76565381436
creciente,Loss Incurred,month,cumulative,Synthetic,Portfolio,Auto,2016-09,26,272148.08592571446
creciente,Loss Incurred,month,cumulative,Synthetic,Portfolio,Auto,2016-09,27,278057.370523557
creciente,Loss Incurred,month,cumulative,Synthetic,Portfolio,Auto,2016-09,28,283466.9977841507
creciente,Loss Incurred,month,cumulative,Synthetic,Portfolio,Auto,2016-09,29,288396.1898373652
creciente,Loss Incurred,month,cumulative,Synthetic,Portfolio,Auto,2016-09,30,292868.57785845123
creciente,Loss Incurred,month,cumulative,Synthetic,Portfolio,Auto,2016-09,31,296910.8837208305
creciente,Loss Incurred,month,cumulative,Synthetic,Portfolio,Auto,2016-09,32,300551.75671292696
creciente,Loss Incurred,month,cumulative,Synthetic,Portfolio,Auto,2016-09,33,303820.7844080127
creciente,Loss Incurred,month,cumulative,Synthetic,Portfolio,Auto,2016-09,34,306747.6812824594
creciente,Loss Incurred,month,cumulative,Synthetic,Portfolio,Auto,2016-09,35,309361.6474274037
creciente,Loss Incurred,month,cumulative,Synthetic,Portfolio,Auto,2016-09,36,311690.8823363119
creciente,Loss Incurred,month,cumulative,Synthetic,Portfolio,Auto,2016-09,37,313762.2346385157
creciente,Loss Incurred,month,cumulative,Synthetic,Portfolio,Auto,2016-09,38,315600.9670488456
creciente,Loss Incurred,month,cumulative,Synthetic,Portfolio,Auto,2016-09,39,317230.61600144696
creciente,Loss Incurred,month,cumulative,Synthetic,Portfolio,Auto,2016-09,40,318672.9268102696
creciente,Loss Incurred,month,cumulative,Synthetic,Portfolio,Auto,2016-09,41,319947.8472509092
creciente,Loss Incurred,month,cumulative,Synthetic,Portfolio,Auto,2016-09,42,321073.5648152175
creciente,Loss Incurred,month,cumulative,Synthetic,Portfolio,Auto,2016-09,43,322066.57529072725
creciente,Loss Incurred,month,cumulative,Synthetic,Portfolio,Auto,2016-09,44,322941.7725934422
creciente,Loss Incurred,month,cumulative,Synthetic,Portfolio,Auto,2016-09,45,323712.55183808535
creciente,Loss Incurred,month,cumulative,Synthetic,Portfolio,Auto,2016-09,46,324390.9194191569
creciente,Loss Incurred,month,cumulative,Synthetic,Portfolio,Auto,2016-09,47,324987.6053888112
creciente,Loss Incurred,month,cumulative,Synthetic,Portfolio,Auto,2016-09,48,325512.1746653542
creciente,Loss Incurred,month,cumulative,Synthetic,Portfolio,Auto,2016-09,49,325973.1346134283
creciente,Loss Incurred,month,cumulative,Synthetic,Portfolio,Auto,2016-09,50,326378.037333885
creciente,Loss Incurred,month,cumulative,Synthetic,Portfolio,Auto,2016-09,51,326733.5756196318
creciente,Loss Incurred,month,cumulative,Synthetic,Portfolio,Auto,2016-09,52,327045.67200382723
creciente,Loss Incurred,month,cumulative,Synthetic,Portfolio,Auto,2016-09,53,327319.56067636184
creciente,Loss Incurred,month,cumulative,Synthetic,Portfolio,Auto,2016-09,54,327559.86229783884
creciente,Loss Incurred,month,cumulative,Synthetic,Portfolio,Auto,2016-09,55,327770.65191787155
creciente,Loss Incurred,month,cumulative,Synthetic,Portfolio,Auto,2016-09,56,327955.52032356744
creciente,Loss Incurred,month,cumulative,Synthetic,Portfolio,Auto,2016-09,57,328117.62921857403
creciente,Loss Incurred,month,cumulative,Synthetic,Portfolio,Auto,2016-09,58,328259.76067424123
creciente,Loss Incurred,month,cumulative,Synthetic,Portfolio,Auto,2016-09,59,328384.36131120427
creciente,Loss Incurred,month,cumulative,Synthetic,Portfolio,Auto,2016-09,60,328493.5816689555
creciente,Loss Incurred,month,cumulative,Synthetic,Portfolio,Auto,2016-09,61,328589.3112081194
creciente,Loss Incurred,month,cumulative,Synthetic,Portfolio,Auto,2016-09,62,328673.20936922607
creciente,Loss Incurred,month,cumulative,Synthetic,Portfolio,Auto,2016-09,63,328746.7330858852
creciente,Loss Incurred,month,cumulative,Synthetic,Portfolio,Auto,2016-09,64,328811.16112161847
creciente,Loss Incurred,month,cumulative,Synthetic,Portfolio,Auto,2016-09,65,328867.615569888
creciente,Loss Incurred,month,cumulative,Synthetic,Portfolio,Auto,2016-09,66,328917.0808271838
creciente,Loss Incurred,month,cumulative,Synthetic,Portfolio,Auto,2016-09,67,328960.4203202338
creciente,Loss Incurred,month,cumulative,Synthetic,Portfolio,Auto,2016-09,68,328998.39124097937
creciente,Loss Incurred,month,cumulative,Synthetic,Portfolio,Auto,2016-09,69,329031.65751723724
creciente,Loss Incurred,month,cumulative,Synthetic,Portfolio,Auto,2016-09,70,329060.80122313515
creciente,Loss Incurred,month,cumulative,Synthetic,Portfolio,Auto,2016-09,71,329086.33261150104
creciente,Loss Incurred,month,cumulative,Synthetic,Portfolio,Auto,2016-09,72,329108.6989304234
creciente,Loss Incurred,month,cumulative,Synthetic,Portfolio,Auto,2016-09,73,329128.2921680978
creciente,Loss Incurred,month,cumulative,Synthetic,Portfolio,Auto,2016-09,74,329145.45585375984
creciente,Loss Incurred,month,cumulative,Synthetic,Portfolio,Auto,2016-09,75,329160.4910278432
creciente,Loss Incurred,month,cumulative,Synthetic,Portfolio,Auto,2016-09,76,329173.66148139443
creciente,Loss Incurred,month,cumulative,Synthetic,Portfolio,Auto,2016-09,77,329185.198353067
creciente,Loss Incurred,month,cumulative,Synthetic,Portfolio,Auto,2016-09,78,329195.30416160915
creciente,Loss Incurred,month,cumulative,Synthetic,Portfolio,Auto,2016-09,79,329204.1563425089
creciente,Loss Incurred,month,cumulative,Synthetic,Portfolio,Auto,2016-09,80,329211.910349262
creciente,Loss Incurred,month,cumulative,Synthetic,Portfolio,Auto,2016-09,81,329218.70237247366
creciente,Loss Incurred,month,cumulative,Synthetic,Portfolio,Auto,2016-09,82,329224.65172359126
creciente,Loss Incurred,month,cumulative,Synthetic,Portfolio,Auto,2016-09,83,329229.8629244038
creciente,Loss Incurred,month,cumulative,Synthetic,Portfolio,Auto,2016-09,84,329234.4275384547
creciente,Loss Incurred,month,cumulative,Synthetic,Portfolio,Auto,2016-09,85,329238.4257761076
creciente,Loss Incurred,month,cumulative,Synthetic,Portfolio,Auto,2016-09,86,329241.92790114094
creciente,Loss Incurred,month,cumulative,Synthetic,Portfolio,Auto,2016-09,87,329244.995463333
creciente,Loss Incurred,month,cumulative,Synthetic,Portfolio,Auto,2016-09,88,329247.68237850175
creciente,Loss Incurred,month,cumulative,Synthetic,Portfolio,Auto,2016-09,89,329250.0358748358
creciente,Loss Incurred,month,cumulative,Synthetic,Portfolio,Auto,2016-09,90,329252.09732203063
creciente,Loss Incurred,month,cumulative,Synthetic,Portfolio,Auto,2016-09,91,329253.9029577188
creciente,Loss Incurred,month,cumulative,Synthetic,Portfolio,Auto,2016-09,92,329255.4845238935
creciente,Loss Incurred,month,cumulative,Synthetic,Portfolio,Auto,2016-09,93,329256.869824464
creciente,Loss Incurred,month,cumulative,Synthetic,Portfolio,Auto,2016-09,94,329258.0832137017
creciente,Loss Incurred,month,cumulative,Synthetic,Portfolio,Auto,2016-09,95,329259.1460241349
creciente,Loss Incurred,month,cumulative,Synthetic,Portfolio,Auto,2016-09,96,329260.0769413912
creciente,Loss Incurred,month,cumulative,Synthetic,Portfolio,Auto,2016-09,97,329260.8923325603
creciente,Loss Incurred,month,cumulative,Synthetic,Portfolio,Auto,2016-09,98,329261.6065338344
creciente,Loss Incurred,month,cumulative,Synthetic,Portfolio,Auto,2016-09,99,329262.232102475
creciente,Loss Incurred,month,cumulative,Synthetic,Portfolio,Auto,2016-09,100,329262.78003752773
creciente,Loss Incurred,month,cumulative,Synthetic,Portfolio,Auto,2016-09,101,329263.2599731582
creciente,Loss Incurred,month,cumulative,Synthetic,Portfolio,Auto,2016-09,102,329263.6803480052
creciente,Loss Incurred,month,cumulative,Synthetic,Portfolio,Auto,2016-09,103,329264.0485535239
creciente,Loss Incurred,month,cumulative,Synthetic,Portfolio,Auto,2016-09,104,329264.37106392614
creciente,Loss Incurred,month,cumulative,Synthetic,Portfolio,Auto,2016-09,105,329264.65354999766
creciente,Loss Incurred,month,cumulative,Synthetic,Portfolio,Auto,2016-09,106,329264.90097879583
creciente,Loss Incurred,month,cumulative,Synthetic,Portfolio,Auto,2016-09,107,329265.1177009751
creciente,Loss Incurred,month,cumulative,Synthetic,Portfolio,Auto,2016-09,108,329265.30752727884
creciente,Loss Incurred,month,cumulative,Synthetic,Portfolio,Auto,2016-09,109,329265.4737955392
creciente,Loss Incurred,month,cumulative,Synthetic,Portfolio,Auto,2016-09,110,329265.61942936253
creciente,Loss Incurred,month,cumulative,Synthetic,Portfolio,Auto,2016-09,111,329265.7469895344
creciente,Loss Incurred,month,cumulative,Synthetic,Portfolio,Auto,2016-10,0,55011.35036986612
creciente,Loss Incurred,month,cumulative,Synthetic,Portfolio,Auto,2016-10,1,58048.688587739016
creciente,Loss Incurred,month,cumulative,Synthetic,Portfolio,Auto,2016-10,2,61472.773034959166
creciente,Loss Incurred,month,cumulative,Synthetic,Portfolio,Auto,2016-10,3,65318.65467844093
creciente,Loss Incurred,month,cumulative,Synthetic,Portfolio,Auto,2016-10,4,69620.46071957174
creciente,Loss Incurred,month,cumulative,Synthetic,Portfolio,Auto,2016-10,5,74410.03279175934
creciente,Loss Incurred,month,cumulative,Synthetic,Portfolio,Auto,2016-10,6,79715.28906479449
creciente,Loss Incurred,month,cumulative,Synthetic,Portfolio,Auto,2016-10,7,85558.3404231105
creciente,Loss Incurred,month,cumulative,Synthetic,Portfolio,Auto,2016-10,8,91953.42779570416
creciente,Loss Incurred,month,cumulative,Synthetic,Portfolio,Auto,2016-10,9,98904.79112870837
creciente,Loss Incurred,month,cumulative,Synthetic,Portfolio,Auto,2016-10,10,106404.62579223294
creciente,Loss Incurred,month,cumulative,Synthetic,Portfolio,Auto,2016-10,11,114431.32204277594
creciente,Loss Incurred,month,cumulative,Synthetic,Portfolio,Auto,2016-10,12,122948.20793838697
creciente,Loss Incurred,month,cumulative,Synthetic,Portfolio,Auto,2016-10,13,131903.01555593766
creciente,Loss Incurred,month,cumulative,Synthetic,Portfolio,Auto,2016-10,14,141228.2560938659
creciente,Loss Incurred,month,cumulative,Synthetic,Portfolio,Auto,2016-10,15,150842.6180772225
creciente,Loss Incurred,month,cumulative,Synthetic,Portfolio,Auto,2016-10,16,160653.3987989762
creciente,Loss Incurred,month,cumulative,Synthetic,Portfolio,Auto,2016-10,17,170559.85561366842
creciente,Loss Incurred,month,cumulative,Synthetic,Portfolio,Auto,2016-10,18,180457.24140935263
creciente,Loss Incurred,month,cumulative,Synthetic,Portfolio,Auto,2016-10,19,190241.1912146014
creciente,Loss Incurred,month,cumulative,Synthetic,Portfolio,Auto,2016-10,20,199812.0750052967
creciente,Loss Incurred,month,cumulative,Synthetic,Portfolio,Auto,2016-10,21,209078.9368251003
creciente,Loss Incurred,month,cumulative,Synthetic,Portfolio,Auto,2016-10,22,217962.701194169
creciente,Loss Incurred,month,cumulative,Synthetic,Portfolio,Auto,2016-10,23,226398.4310792846
creciente,Loss Incurred,month,cumulative,Synthetic,Portfolio,Auto,2016-10,24,234336.54587796773
creciente,Loss Incurred,month,cumulative,Synthetic,Portfolio,Auto,2016-10,25,241743.0293472761
creciente,Loss Incurred,month,cumulative,Synthetic,Portfolio,Auto,2016-10,26,248598.75655656887
creciente,Loss Incurred,month,cumulative,Synthetic,Portfolio,Auto,2016-10,27,254898.1339881106
creciente,Loss Incurred,month,cumulative,Synthetic,Portfolio,Auto,2016-10,28,260647.27494548121
creciente,Loss Incurred,month,cumulative,Synthetic,Portfolio,Auto,2016-10,29,265861.9279254933
creciente,Loss Incurred,month,cumulative,Synthetic,Portfolio,Auto,2016-10,30,270565.3474994497
creciente,Loss Incurred,month,cumulative,Synthetic,Portfolio,Auto,2016-10,31,274786.25584264065
creciente,Loss Incurred,month,cumulative,Synthetic,Portfolio,Auto,2016-10,32,278556.99762570334
creciente,Loss Incurred,month,cumulative,Synthetic,Portfolio,Auto,2016-10,33,281911.94843552506
creciente,Loss Incurred,month,cumulative,Synthetic,Portfolio,Auto,2016-10,34,284886.20137658593
creciente,Loss Incurred,month,cumulative,Synthetic,Portfolio,Auto,2016-10,35,287514.5297333737
creciente,Loss Incurred,month,cumulative,Synthetic,Portfolio,Auto,2016-10,36,289830.60548499785
creciente,Loss Incurred,month,cumulative,Synthetic,Portfolio,Auto,2016-10,37,291866.4429110226
creciente,Loss Incurred,month,cumulative,Synthetic,Portfolio,Auto,2016-10,38,293652.0318879829
creciente,Loss Incurred,month,cumulative,Synthetic,Portfolio,Auto,2016-10,39,295215.12506364414
creciente,Loss Incurred,month,cumulative,Synthetic,Portfolio,Auto,2016-10,40,296581.1454131786
creciente,Loss Incurred,month,cumulative,Synthetic,Portfolio,Auto,2016-10,41,297773.1845295264
creciente,Loss Incurred,month,cumulative,Synthetic,Portfolio,Auto,2016-10,42,298812.06649925443
creciente,Loss Incurred,month,cumulative,Synthetic,Portfolio,Auto,2016-10,43,299716.4567710672
creciente,Loss Incurred,month,cumulative,Synthetic,Portfolio,Auto,2016-10,44,300502.99967305834
creciente,Loss Incurred,month,cumulative,Synthetic,Portfolio,Auto,2016-10,45,301186.47198444663
creciente,Loss Incurred,month,cumulative,Synthetic,Portfolio,Auto,2016-10,46,301779.94314369035
creciente,Loss Incurred,month,cumulative,Synthetic,Portfolio,Auto,2016-10,47,302294.93527873623
creciente,Loss Incurred,month,cumulative,Synthetic,Portfolio,Auto,2016-10,48,302741.5783215084
creciente,Loss Incurred,month,cumulative,Synthetic,Portfolio,Auto,2016-10,49,303128.7570836639
creciente,Loss Incurred,month,cumulative,Synthetic,Portfolio,Auto,2016-10,50,303464.2483970811
creciente,Loss Incurred,month,cumulative,Synthetic,Portfolio,Auto,2016-10,51,303754.84733150085
creciente,Loss Incurred,month,cumulative,Synthetic,Portfolio,Auto,2016-10,52,304006.4821575696
creciente,Loss Incurred,month,cumulative,Synthetic,Portfolio,Auto,2016-10,53,304224.31818183477
creciente,Loss Incurred,month,cumulative,Synthetic,Portfolio,Auto,2016-10,54,304412.8508874339
creciente,Loss Incurred,month,cumulative,Synthetic,Portfolio,Auto,2016-10,55,304575.98900802847
creciente,Loss Incurred,month,cumulative,Synthetic,Portfolio,Auto,2016-10,56,304717.12827295024
creciente,Loss Incurred,month,cumulative,Synthetic,Portfolio,Auto,2016-10,57,304839.2166119818
creciente,Loss Incurred,month,cumulative,Synthetic,Portfolio,Auto,2016-10,58,304944.81161663344
creciente,Loss Incurred,month,cumulative,Synthetic,Portfolio,Auto,2016-10,59,305036.13103479164
creciente,Loss Incurred,month,cumulative,Synthetic,Portfolio,Auto,2016-10,60,305115.09703728836
creciente,Loss Incurred,month,cumulative,Synthetic,Portfolio,Auto,2016-10,61,305183.37494563987
creciente,Loss Incurred,month,cumulative,Synthetic,Portfolio,Auto,2016-10,62,305242.4070552422
creciente,Loss Incurred,month,cumulative,Synthetic,Portfolio,Auto,2016-10,63,305293.4421313723
creciente,Loss Incurred,month,cumulative,Synthetic,Portfolio,Auto,2016-10,64,305337.5610989847
creciente,Loss Incurred,month,cumulative,Synthetic,Portfolio,Auto,2016-10,65,305375.6993931465
creciente,Loss Incurred,month,cumulative,Synthetic,Portfolio,Auto,2016-10,66,305408.6663860612
creciente,Loss Incurred,month,cumulative,Synthetic,Portfolio,Auto,2016-10,67,305437.16225953534
creciente,Loss Incurred,month,cumulative,Synthetic,Portfolio,Auto,2016-10,68,305461.7926487155
creciente,Loss Incurred,month,cumulative,Synthetic,Portfolio,Auto,2016-10,69,305483.08134396665
creciente,Loss Incurred,month,cumulative,Synthetic,Portfolio,Auto,2016-10,70,305501.4813027809
creciente,Loss Incurred,month,cumulative,Synthetic,Portfolio,Auto,2016-10,71,305517.3841923725
creciente,Loss Incurred,month,cumulative,Synthetic,Portfolio,Auto,2016-10,72,305531.1286558822
creciente,Loss Incurred,month,cumulative,Synthetic,Portfolio,Auto,2016-10,73,305543.00747058063
creciente,Loss Incurred,month,cumulative,Synthetic,Portfolio,Auto,2016-10,74,305553.27374484553
creciente,Loss Incurred,month,cumulative,Synthetic,Portfolio,Auto,2016-10,75,305562.1462816865
creciente,Loss Incurred,month,cumulative,Synthetic,Portfolio,Auto,2016-10,76,305569.81421994144
creciente,Loss Incurred,month,cumulative,Synthetic,Portfolio,Auto,2016-10,77,305576.441049696
creciente,Loss Incurred,month,cumulative,Synthetic,Portfolio,Auto,2016-10,78,305582.1680857608
creciente,Loss Incurred,month,cumulative,Synthetic,Portfolio,Auto,2016-10,79,305587.1174719441
creciente,Loss Incurred,month,cumulative,Synthetic,Portfolio,Auto,2016-10,80,305591.3947791996
creciente,Loss Incurred,month,cumulative,Synthetic,Portfolio,Auto,2016-10,81,305595.0912523247
creciente,Loss Incurred,month,cumulative,Synthetic,Portfolio,Auto,2016-10,82,305598.285752581
creciente,Loss Incurred,month,cumulative,Synthetic,Portfolio,Auto,2016-10,83,305601.0464372678
creciente,Loss Incurred,month,cumulative,Synthetic,Portfolio,Auto,2016-10,84,305603.4322117711
creciente,Loss Incurred,month,cumulative,Synthetic,Portfolio,Auto,2016-10,85,305605.49398484145
creciente,Loss Incurred,month,cumulative,Synthetic,Portfolio,Auto,2016-10,86,305607.2757537143
creciente,Loss Incurred,month,cumulative,Synthetic,Portfolio,Auto,2016-10,87,305608.81554209586
creciente,Loss Incurred,month,cumulative,Synthetic,Portfolio,Auto,2016-10,88,305610.1462109392
creciente,Loss Incurred,month,cumulative,Synthetic,Portfolio,Auto,2016-10,89,305611.29615923873
creciente,Loss Incurred,month,cumulative,Synthetic,Portfolio,Auto,2016-10,90,305612.2899297469
creciente,Loss Incurred,month,cumulative,Synthetic,Portfolio,Auto,2016-10,91,305613.14873249957
creciente,Loss Incurred,month,cumulative,Synthetic,Portfolio,Auto,2016-10,92,305613.89089729433
creciente,Loss Incurred,month,cumulative,Synthetic,Portfolio,Auto,2016-10,93,305614.53226475645
creciente,Loss Incurred,month,cumulative,Synthetic,Portfolio,Auto,2016-10,94,305615.08652432257
creciente,Loss Incurred,month,cumulative,Synthetic,Portfolio,Auto,2016-10,95,305615.5655063435
creciente,Loss Incurred,month,cumulative,Synthetic,Portfolio,Auto,2016-10,96,305615.9794345314
creciente,Loss Incurred,month,cumulative,Synthetic,Portfolio,Auto,2016-10,97,305616.33714413404
creciente,Loss Incurred,month,cumulative,Synthetic,Portfolio,Auto,2016-10,98,305616.6462704854
creciente,Loss Incurred,month,cumulative,Synthetic,Portfolio,Auto,2016-10,99,305616.91341195593
creciente,Loss Incurred,month,cumulative,Synthetic,Portfolio,Auto,2016-10,100,305617.1442707761
creciente,Loss Incurred,month,cumulative,Synthetic,Portfolio,Auto,2016-10,101,305617.34377473715
creciente,Loss Incurred,month,cumulative,Synthetic,Portfolio,Auto,2016-10,102,305617.5161823667
creciente,Loss Incurred,month,cumulative,Synthetic,Portfolio,Auto,2016-10,103,305617.66517382057
creciente,Loss Incurred,month,cumulative,Synthetic,Portfolio,Auto,2016-10,104,305617.79392943205
creciente,Loss Incurred,month,cumulative,Synthetic,Portfolio,Auto,2016-10,105,305617.9051975936
creciente,Loss Incurred,month,cumulative,Synthetic,Portfolio,Auto,2016-10,106,305618.00135342067
creciente,Loss Incurred,month,cumulative,Synthetic,Portfolio,Auto,2016-10,107,305618.0844494473
creciente,Loss Incurred,month,cumulative,Synthetic,Portfolio,Auto,2016-10,108,305618.1562594378
creciente,Loss Incurred,month,cumulative,Synthetic,Portfolio,Auto,2016-10,109,305618.2183162477
creciente,Loss Incurred,month,cumulative,Synthetic,Portfolio,Auto,2016-10,110,305618.27194454335
creciente,Loss Incurred,month,cumulative,Synthetic,Portfolio,Auto,2016-11,0,67410.63267219665
creciente,Loss Incurred,month,cumulative,Synthetic,Portfolio,Auto,2016-11,1,73842.8131757334
creciente,Loss Incurred,month,cumulative,Synthetic,Portfolio,Auto,2016-11,2,80870.16885650213
creciente,Loss Incurred,month,cumulative,Synthetic,Portfolio,Auto,2016-11,3,88508.04328071138
creciente,Loss Incurred,month,cumulative,Synthetic,Portfolio,Auto,2016-11,4,96762.80920691052
creciente,Loss Incurred,month,cumulative,Synthetic,Portfolio,Auto,2016-11,5,105630.11199433038
creciente,Loss Incurred,month,cumulative,Synthetic,Portfolio,Auto,2016-11,6,115093.29363733358
creciente,Loss Incurred,month,cumulative,Synthetic,Portfolio,Auto,2016-11,7,125122.15016519252
creciente,Loss Incurred,month,cumulative,Synthetic,Portfolio,Auto,2016-11,8,135672.18095339526
creciente,Loss Incurred,month,cumulative,Synthetic,Portfolio,Auto,2016-11,9,146684.47587691032
creciente,Loss Incurred,month,cumulative,Synthetic,Portfolio,Auto,2016-11,10,158086.35197886385
creciente,Loss Incurred,month,cumulative,Synthetic,Portfolio,Auto,2016-11,11,169792.79551660706
creciente,Loss Incurred,month,cumulative,Synthetic,Portfolio,Auto,2016-11,12,181708.69225205327
creciente,Loss Incurred,month,cumulative,Synthetic,Portfolio,Auto,2016-11,13,193731.7474034017
creciente,Loss Incurred,month,cumulative,Synthetic,Portfolio,Auto,2016-11,14,205755.91872883425
creciente,Loss Incurred,month,cumulative,Synthetic,Portfolio,Auto,2016-11,15,217675.12468967703
creciente,Loss Incurred,month,cumulative,Synthetic,Portfolio,Auto,2016-11,16,229386.9555241169
creciente,Loss Incurred,month,cumulative,Synthetic,Portfolio,Auto,2016-11,17,240796.11469752796
creciente,Loss Incurred,month,cumulative,Synthetic,Portfolio,Auto,2016-11,18,251817.35165058848
creciente,Loss Incurred,month,cumulative,Synthetic,Portfolio,Auto,2016-11,19,262377.7078165371
creciente,Loss Incurred,month,cumulative,Synthetic,Portfolio,Auto,2016-11,20,272417.9756125846
creciente,Loss Incurred,month,cumulative,Synthetic,Portfolio,Auto,2016-11,21,281893.3516173791
creciente,Loss Incurred,month,cumulative,Synthetic,Portfolio,Auto,2016-11,22,290773.3384219263
creciente,Loss Incurred,month,cumulative,Synthetic,Portfolio,Auto,2016-11,23,299041.00587299484
creciente,Loss Incurred,month,cumulative,Synthetic,Portfolio,Auto,2016-11,24,306691.7571506293
creciente,Loss Incurred,month,cumulative,Synthetic,Portfolio,Auto,2016-11,25,313731.75816622627
creciente,Loss Incurred,month,cumulative,Synthetic,Portfolio,Auto,2016-11,26,320176.18329780846
creciente,Loss Incurred,month,cumulative,Synthetic,Portfolio,Auto,2016-11,27,326047.41158291703
creciente,Loss Incurred,month,cumulative,Synthetic,Portfolio,Auto,2016-11,28,331373.2807867731
creciente,Loss Incurred,month,cumulative,Synthetic,Portfolio,Auto,2016-11,29,336185.4773335672
creciente,Loss Incurred,month,cumulative,Synthetic,Portfolio,Auto,2016-11,30,340518.1118455214
creciente,Loss Incurred,month,cumulative,Synthetic,Portfolio,Auto,2016-11,31,344406.50551935006
creciente,Loss Incurred,month,cumulative,Synthetic,Portfolio,Auto,2016-11,32,347886.1930532465
creciente,Loss Incurred,month,cumulative,Synthetic,Portfolio,Auto,2016-11,33,350992.13358994044
creciente,Loss Incurred,month,cumulative,Synthetic,Portfolio,Auto,2016-11,34,353758.11175858066
creciente,Loss Incurred,month,cumulative,Synthetic,Portfolio,Auto,2016-11,35,356216.3056020087
creciente,Loss Incurred,month,cumulative,Synthetic,Portfolio,Auto,2016-11,36,358396.9960497305
creciente,Loss Incurred,month,cumulative,Synthetic,Portfolio,Auto,2016-11,37,360328.39274518564
creciente,Loss Incurred,month,cumulative,Synthetic,Portfolio,Auto,2016-11,38,362036.55267672724
creciente,Loss Incurred,month,cumulative,Synthetic,Portfolio,Auto,2016-11,39,363545.3705659981
creciente,Loss Incurred,month,cumulative,Synthetic,Portfolio,Auto,2016-11,40,364876.62286371575
creciente,Loss Incurred,month,cumulative,Synthetic,Portfolio,Auto,2016-11,41,366050.0501618504
creciente,Loss Incurred,month,cumulative,Synthetic,Portfolio,Auto,2016-11,42,367083.4656403874
creciente,Loss Incurred,month,cumulative,Synthetic,Portfolio,Auto,2016-11,43,367992.87970388605
creciente,Loss Incurred,month,cumulative,Synthetic,Portfolio,Auto,2016-11,44,368792.6331704951
creciente,Loss Incurred,month,cumulative,Synthetic,Portfolio,Auto,2016-11,45,369495.5332407087
creciente,Loss Incurred,month,cumulative,Synthetic,Portfolio,Auto,2016-11,46,370112.98800952674
creciente,Loss Incurred,month,cumulative,Synthetic,Portfolio,Auto,2016-11,47,370655.13652414444
creciente,Loss Incurred,month,cumulative,Synthetic,Portfolio,Auto,2016-11,48,371130.97236753174
creciente,Loss Incurred,month,cumulative,Synthetic,Portfolio,Auto,2016-11,49,371548.45950577944
creciente,Loss Incurred,month,cumulative,Synthetic,Portfolio,Auto,2016-11,50,371914.63971177797
creciente,Loss Incurred,month,cumulative,Synthetic,Portfolio,Auto,2016-11,51,372235.73130406946
creciente,Loss Incurred,month,cumulative,Synthetic,Portfolio,Auto,2016-11,52,372517.2192476423
creciente,Loss Incurred,month,cumulative,Synthetic,Portfolio,Auto,2016-11,53,372763.9368785465
creciente,Loss Incurred,month,cumulative,Synthetic,Portfolio,Auto,2016-11,54,372980.13965767
creciente,Loss Incurred,month,cumulative,Synthetic,Portfolio,Auto,2016-11,55,373169.57144810306
creciente,Loss Incurred,month,cumulative,Synthetic,Portfolio,Auto,2016-11,56,373335.52385903243
creciente,Loss Incurred,month,cumulative,Synthetic,Portfolio,Auto,2016-11,57,373480.8892179898
creciente,Loss Incurred,month,cumulative,Synthetic,Portfolio,Auto,2016-11,58,373608.20773103356
creciente,Loss Incurred,month,cumulative,Synthetic,Portfolio,Auto,2016-11,59,373719.70937361266
creciente,Loss Incurred,month,cumulative,Synthetic,Portfolio,Auto,2016-11,60,373817.3510284243
creciente,Loss Incurred,month,cumulative,Synthetic,Portfolio,Auto,2016-11,61,373902.8493542396
creciente,Loss Incurred,month,cumulative,Synthetic,Portfolio,Auto,2016-11,62,373977.7098341785
creciente,Loss Incurred,month,cumulative,Synthetic,Portfolio,Auto,2016-11,63,374043.2524152309
creciente,Loss Incurred,month,cumulative,Synthetic,Portfolio,Auto,2016-11,64,374100.6341143533
creciente,Loss Incurred,month,cumulative,Synthetic,Portfolio,Auto,2016-11,65,374150.86893115
creciente,Loss Incurred,month,cumulative,Synthetic,Portfolio,Auto,2016-11,66,374194.845373612
creciente,Loss Incurred,month,cumulative,Synthetic,Portfolio,Auto,2016-11,67,374233.34187198983
creciente,Loss Incurred,month,cumulative,Synthetic,Portfolio,Auto,2016-11,68,374267.04032683297
creciente,Loss Incurred,month,cumulative,Synthetic,Portfolio,Auto,2016-11,69,374296.5380105839
creciente,Loss Incurred,month,cumulative,Synthetic,Portfolio,Auto,2016-11,70,374322.3580178635
creciente,Loss Incurred,month,cumulative,Synthetic,Portfolio,Auto,2016-11,71,374344.9584376352
creciente,Loss Incurred,month,cumulative,Synthetic,Portfolio,Auto,2016-11,72,374364.74040066724
creciente,Loss Incurred,month,cumulative,Synthetic,Portfolio,Auto,2016-11,73,374382.05513798405
creciente,Loss Incurred,month,cumulative,Synthetic,Portfolio,Auto,2016-11,74,374397.2101701548
creciente,Loss Incurred,month,cumulative,Synthetic,Portfolio,Auto,2016-11,75,374410.4747331425
creciente,Loss Incurred,month,cumulative,Synthetic,Portfolio,Auto,2016-11,76,374422.0845338869
creciente,Loss Incurred,month,cumulative,Synthetic,Portfolio,Auto,2016-11,77,374432.2459176569
creciente,Loss Incurred,month,cumulative,Synthetic,Portfolio,Auto,2016-11,78,374441.13951934763
creciente,Loss Incurred,month,cumulative,Synthetic,Portfolio,Auto,2016-11,79,374448.92346217926
creciente,Loss Incurred,month,cumulative,Synthetic,Portfolio,Auto,2016-11,80,374455.7361595573
creciente,Loss Incurred,month,cumulative,Synthetic,Portfolio,Auto,2016-11,81,374461.6987690633
creciente,Loss Incurred,month,cumulative,Synthetic,Portfolio,Auto,2016-11,82,374466.9173415671
creciente,Loss Incurred,month,cumulative,Synthetic,Portfolio,Auto,2016-11,83,374471.4847031822
creciente,Loss Incurred,month,cumulative,Synthetic,Portfolio,Auto,2016-11,84,374475.48210315785
creciente,Loss Incurred,month,cumulative,Synthetic,Portfolio,Auto,2016-11,85,374478.9806567282
creciente,Loss Incurred,month,cumulative,Synthetic,Portfolio,Auto,2016-11,86,374482.0426083628
creciente,Loss Incurred,month,cumulative,Synthetic,Portfolio,Auto,2016-11,87,374484.7224377194
creciente,Loss Incurred,month,cumulative,Synthetic,Portfolio,Auto,2016-11,88,374487.0678278474
creciente,Loss Incurred,month,cumulative,Synthetic,Portfolio,Auto,2016-11,89,374489.1205127652
creciente,Loss Incurred,month,cumulative,Synthetic,Portfolio,Auto,2016-11,90,374490.9170194187
creciente,Loss Incurred,month,cumulative,Synthetic,Portfolio,Auto,2016-11,91,374492.48931716214
creciente,Loss Incurred,month,cumulative,Synthetic,Portfolio,Auto,2016-11,92,374493.86538627517
creciente,Loss Incurred,month,cumulative,Synthetic,Portfolio,Auto,2016-11,93,374495.069715597
creciente,Loss Incurred,month,cumulative,Synthetic,Portfolio,Auto,2016-11,94,374496.12373810855
creciente,Loss Incurred,month,cumulative,Synthetic,Portfolio,Auto,2016-11,95,374497.0462121926
creciente,Loss Incurred,month,cumulative,Synthetic,Portfolio,Auto,2016-11,96,374497.85355534276
creciente,Loss Incurred,month,cumulative,Synthetic,Portfolio,Auto,2016-11,97,374498.560136247
creciente,Loss Incurred,month,cumulative,Synthetic,Portfolio,Auto,2016-11,98,374499.1785304368
creciente,Loss Incurred,month,cumulative,Synthetic,Portfolio,Auto,2016-11,99,374499.7197440425
creciente,Loss Incurred,month,cumulative,Synthetic,Portfolio,Auto,2016-11,100,374500.19340963394
creciente,Loss Incurred,month,cumulative,Synthetic,Portfolio,Auto,2016-11,101,374500.6079576266
creciente,Loss Incurred,month,cumulative,Synthetic,Portfolio,Auto,2016-11,102,374500.9707663014
creciente,Loss Incurred,month,cumulative,Synthetic,Portfolio,Auto,2016-11,103,374501.2882931053
creciente,Loss Incurred,month,cumulative,Synthetic,Portfolio,Auto,2016-11,104,374501.5661895681
creciente,Loss Incurred,month,cumulative,Synthetic,Portfolio,Auto,2016-11,105,374501.8094018807
creciente,Loss Incurred,month,cumulative,Synthetic,Portfolio,Auto,2016-11,106,374502.0222589197
creciente,Loss Incurred,month,cumulative,Synthetic,Portfolio,Auto,2016-11,107,374502.2085492909
creciente,Loss Incurred,month,cumulative,Synthetic,Portfolio,Auto,2016-11,108,374502.3715887552
creciente,Loss Incurred,month,cumulative,Synthetic,Portfolio,Auto,2016-11,109,374502.5142792416
creciente,Loss Incurred,month,cumulative,Synthetic,Portfolio,Auto,2016-12,0,69622.34388311172
creciente,Loss Incurred,month,cumulative,Synthetic,Portfolio,Auto,2016-12,1,75809.2571854708
creciente,Loss Incurred,month,cumulative,Synthetic,Portfolio,Auto,2016-12,2,82455.66418505258
creciente,Loss Incurred,month,cumulative,Synthetic,Portfolio,Auto,2016-12,3,89567.56786472672
creciente,Loss Incurred,month,cumulative,Synthetic,Portfolio,Auto,2016-12,4,97145.50578703992
creciente,Loss Incurred,month,cumulative,Synthetic,Portfolio,Auto,2016-12,5,105183.77541614784
creciente,Loss Incurred,month,cumulative,Synthetic,Portfolio,Auto,2016-12,6,113669.75633919453
creciente,Loss Incurred,month,cumulative,Synthetic,Portfolio,Auto,2016-12,7,122583.38155931386
creciente,Loss Incurred,month,cumulative,Synthetic,Portfolio,Auto,2016-12,8,131896.81031569527
creciente,Loss Incurred,month,cumulative,Synthetic,Portfolio,Auto,2016-12,9,141574.35051870087
creciente,Loss Incurred,month,cumulative,Synthetic,Portfolio,Auto,2016-12,10,151572.66927755068
creciente,Loss Incurred,month,cumulative,Synthetic,Portfolio,Auto,2016-12,11,161841.31514191398
creciente,Loss Incurred,month,cumulative,Synthetic,Portfolio,Auto,2016-12,12,172323.55631447007
creciente,Loss Incurred,month,cumulative,Synthetic,Portfolio,Auto,2016-12,13,182957.51673799127
creciente,Loss Incurred,month,cumulative,Synthetic,Portfolio,Auto,2016-12,14,193677.5688106587
creciente,Loss Incurred,month,cumulative,Synthetic,Portfolio,Auto,2016-12,15,204415.92014027818
creciente,Loss Incurred,month,cumulative,Synthetic,Portfolio,Auto,2016-12,16,215104.3148368903
creciente,Loss Incurred,month,cumulative,Synthetic,Portfolio,Auto,2016-12,17,225675.75956959405
creciente,Loss Incurred,month,cumulative,Synthetic,Portfolio,Auto,2016-12,18,236066.1823648006
creciente,Loss Incurred,month,cumulative,Synthetic,Portfolio,Auto,2016-12,19,246215.9382077749
creciente,Loss Incurred,month,cumulative,Synthetic,Portfolio,Auto,2016-12,20,256071.08909695747
creciente,Loss Incurred,month,cumulative,Synthetic,Portfolio,Auto,2016-12,21,265584.40548073803
creciente,Loss Incurred,month,cumulative,Synthetic,Portfolio,Auto,2016-12,22,274716.0585240581
creciente,Loss Incurred,month,cumulative,Synthetic,Portfolio,Auto,2016-12,23,283433.9957388297
creciente,Loss Incurred,month,cumulative,Synthetic,Portfolio,Auto,2016-12,24,291714.0137131574
creciente,Loss Incurred,month,cumulative,Synthetic,Portfolio,Auto,2016-12,25,299539.5590863966
creciente,Loss Incurred,month,cumulative,Synthetic,Portfolio,Auto,2016-12,26,306901.3013805666
creciente,Loss Incurred,month,cumulative,Synthetic,Portfolio,Auto,2016-12,27,313796.52843274834
creciente,Loss Incurred,month,cumulative,Synthetic,Portfolio,Auto,2016-12,28,320228.41727794847
creciente,Loss Incurred,month,cumulative,Synthetic,Portfolio,Auto,2016-12,29,326205.2312044509
creciente,Loss Incurred,month,cumulative,Synthetic,Portfolio,Auto,2016-12,30,331739.48842108896
creciente,Loss Incurred,month,cumulative,Synthetic,Portfolio,Auto,2016-12,31,336847.1404920696
creciente,Loss Incurred,month,cumulative,Synthetic,Portfolio,Auto,2016-12,32,341546.7904808372
creciente,Loss Incurred,month,cumulative,Synthetic,Portfolio,Auto,2016-12,33,345858.9724846182
creciente,Loss Incurred,month,cumulative,Synthetic,Portfolio,Auto,2016-12,34,349805.5065865523
creciente,Loss Incurred,month,cumulative,Synthetic,Portfolio,Auto,2016-12,35,353408.93661698716
creciente,Loss Incurred,month,cumulative,Synthetic,Portfolio,Auto,2016-12,36,356692.05270512897
creciente,Loss Incurred,month,cumulative,Synthetic,Portfolio,Auto,2016-12,37,359677.49645756365
creciente,Loss Incurred,month,cumulative,Synthetic,Portfolio,Auto,2016-12,38,362387.4436455359
creciente,Loss Incurred,month,cumulative,Synthetic,Portfolio,Auto,2016-12,39,364843.35737129615
creciente,Loss Incurred,month,cumulative,Synthetic,Portfolio,Auto,2016-12,40,367065.80363391776
creciente,Loss Incurred,month,cumulative,Synthetic,Portfolio,Auto,2016-12,41,369074.3208386151
creciente,Loss Incurred,month,cumulative,Synthetic,Portfolio,Auto,2016-12,42,370887.3349142503
creciente,Loss Incurred,month,cumulative,Synthetic,Portfolio,Auto,2016-12,43,372522.112167088
creciente,Loss Incurred,month,cumulative,Synthetic,Portfolio,Auto,2016-12,44,373994.74267753743
creciente,Loss Incurred,month,cumulative,Synthetic,Portfolio,Auto,2016-12,45,375320.1478405522
creciente,Loss Incurred,month,cumulative,Synthetic,Portfolio,Auto,2016-12,46,376512.1064848055
creciente,Loss Incurred,month,cumulative,Synthetic,Portfolio,Auto,2016-12,47,377583.29482782644
creciente,Loss Incurred,month,cumulative,Synthetic,Portfolio,Auto,2016-12,48,378545.33629897254
creciente,Loss Incurred,month,cumulative,Synthetic,Portfolio,Auto,2016-12,49,379408.8579684271
creciente,Loss Incurred,month,cumulative,Synthetic,Portfolio,Auto,2016-12,50,380183.5509478227
creciente,Loss Incurred,month,cumulative,Synthetic,Portfolio,Auto,2016-12,51,380878.23267357633
creciente,Loss Incurred,month,cumulative,Synthetic,Portfolio,Auto,2016-12,52,381500.9094496216
creciente,Loss Incurred,month,cumulative,Synthetic,Portfolio,Auto,2016-12,53,382058.83801719855
creciente,Loss Incurred,month,cumulative,Synthetic,Portfolio,Auto,2016-12,54,382558.5852427673
creciente,Loss Incurred,month,cumulative,Synthetic,Portfolio,Auto,2016-12,55,383006.0852788179
creciente,Loss Incurred,month,cumulative,Synthetic,Portfolio,Auto,2016-12,56,383406.6937643389
creciente,Loss Incurred,month,cumulative,Synthetic,Portfolio,Auto,2016-12,57,383765.23879964167
creciente,Loss Incurred,month,cumulative,Synthetic,Portfolio,Auto,2016-12,58,384086.06856117496
creciente,Loss Incurred,month,cumulative,Synthetic,Portfolio,Auto,2016-12,59,384373.09552224854
creciente,Loss Incurred,month,cumulative,Synthetic,Portfolio,Auto,2016-12,60,384629.8373207617
creciente,Loss Incurred,month,cumulative,Synthetic,Portfolio,Auto,2016-12,61,384859.45436989586
creciente,Loss Incurred,month,cumulative,Synthetic,Portfolio,Auto,2016-12,62,385064.78434633807
creciente,Loss Incurred,month,cumulative,Synthetic,Portfolio,Auto,2016-12,63,385248.3737163619
creciente,Loss Incurred,month,cumulative,Synthetic,Portfolio,Auto,2016-12,64,385412.50647581706
creciente,Loss Incurred,month,cumulative,Synthetic,Portfolio,Auto,2016-12,65,385559.2302880954
creciente,Loss Incurred,month,cumulative,Synthetic,Portfolio,Auto,2016-12,66,385690.380206302
creciente,Loss Incurred,month,cumulative,Synthetic,Portfolio,Auto,2016-12,67,385807.60016370803
creciente,Loss Incurred,month,cumulative,Synthetic,Portfolio,Auto,2016-12,68,385912.3624112702
creciente,Loss Incurred,month,cumulative,Synthetic,Portfolio,Auto,2016-12,69,386005.9850735337
creciente,Loss Incurred,month,cumulative,Synthetic,Portfolio,Auto,2016-12,70,386089.6479853395
creciente,Loss Incurred,month,cumulative,Synthetic,Portfolio,Auto,2016-12,71,386164.40696198336
creciente,Loss Incurred,month,cumulative,Synthetic,Portfolio,Auto,2016-12,72,386231.2066452847
creciente,Loss Incurred,month,cumulative,Synthetic,Portfolio,Auto,2016-12,73,386290.8920577176
creciente,Loss Incurred,month,cumulative,Synthetic,Portfolio,Auto,2016-12,74,386344.21898660273
creciente,Loss Incurred,month,cumulative,Synthetic,Portfolio,Auto,2016-12,75,386391.86331049923
creciente,Loss Incurred,month,cumulative,Synthetic,Portfolio,Auto,2016-12,76,386434.4293705132
creciente,Loss Incurred,month,cumulative,Synthetic,Portfolio,Auto,2016-12,77,386472.45748031104
creciente,Loss Incurred,month,cumulative,Synthetic,Portfolio,Auto,2016-12,78,386506.430660254
creciente,Loss Incurred,month,cumulative,Synthetic,Portfolio,Auto,2016-12,79,386536.7806732571
creciente,Loss Incurred,month,cumulative,Synthetic,Portfolio,Auto,2016-12,80,386563.8934327435
creciente,Loss Incurred,month,cumulative,Synthetic,Portfolio,Auto,2016-12,81,386588.11384639307
creciente,Loss Incurred,month,cumulative,Synthetic,Portfolio,Auto,2016-12,82,386609.7501532518
creciente,Loss Incurred,month,cumulative,Synthetic,Portfolio,Auto,2016-12,83,386629.0778061652
creciente,Loss Incurred,month,cumulative,Synthetic,Portfolio,Auto,2016-12,84,386646.34294637654
creciente,Loss Incurred,month,cumulative,Synthetic,Portfolio,Auto,2016-12,85,386661.7655124753
creciente,Loss Incurred,month,cumulative,Synthetic,Portfolio,Auto,2016-12,86,386675.5420216524
creciente,Loss Incurred,month,cumulative,Synthetic,Portfolio,Auto,2016-12,87,386687.8480573846
creciente,Loss Incurred,month,cumulative,Synthetic,Portfolio,Auto,2016-12,88,386698.84049420047
creciente,Loss Incurred,month,cumulative,Synthetic,Portfolio,Auto,2016-12,89,386708.6594870529
creciente,Loss Incurred,month,cumulative,Synthetic,Portfolio,Auto,2016-12,90,386717.4302499892
creciente,Loss Incurred,month,cumulative,Synthetic,Portfolio,Auto,2016-12,91,386725.26464626804
creciente,Loss Incurred,month,cumulative,Synthetic,Portfolio,Auto,2016-12,92,386732.2626097759
creciente,Loss Incurred,month,cumulative,Synthetic,Portfolio,Auto,2016-12,93,386738.5134155329
creciente,Loss Incurred,month,cumulative,Synthetic,Portfolio,Auto,2016-12,94,386744.0968152262
creciente,Loss Incurred,month,cumulative,Synthetic,Portfolio,Auto,2016-12,95,386749.0840520385
creciente,Loss Incurred,month,cumulative,Synthetic,Portfolio,Auto,2016-12,96,386753.5387675496
creciente,Loss Incurred,month,cumulative,Synthetic,Portfolio,Auto,2016-12,97,386757.51781214616
creciente,Loss Incurred,month,cumulative,Synthetic,Portfolio,Auto,2016-12,98,386761.07196916925
creciente,Loss Incurred,month,cumulative,Synthetic,Portfolio,Auto,2016-12,99,386764.24660195544
creciente,Loss Incurred,month,cumulative,Synthetic,Portfolio,Auto,2016-12,100,386767.0822319587
creciente,Loss Incurred,month,cumulative,Synthetic,Portfolio,Auto,2016-12,101,386769.61505527736
creciente,Loss Incurred,month,cumulative,Synthetic,Portfolio,Auto,2016-12,102,386771.87740413455
creciente,Loss Incurred,month,cumulative,Synthetic,Portfolio,Auto,2016-12,103,386773.898159165
creciente,Loss Incurred,month,cumulative,Synthetic,Portfolio,Auto,2016-12,104,386775.70311774616
creciente,Loss Incurred,month,cumulative,Synthetic,Portfolio,Auto,2016-12,105,386777.3153230517
creciente,Loss Incurred,month,cumulative,Synthetic,Portfolio,Auto,2016-12,106,386778.75535800925
creciente,Loss Incurred,month,cumulative,Synthetic,Portfolio,Auto,2016-12,107,386780.04160790273
creciente,Loss Incurred,month,cumulative,Synthetic,Portfolio,Auto,2016-12,108,386781.1904949584
creciente,Loss Incurred,month,cumulative,Synthetic,Portfolio,Auto,2017-01,0,67722.32187306118
creciente,Loss Incurred,month,cumulative,Synthetic,Portfolio,Auto,2017-01,1,73976.18447202317
creciente,Loss Incurred,month,cumulative,Synthetic,Portfolio,Auto,2017-01,2,80753.22163589775
creciente,Loss Incurred,month,cumulative,Synthetic,Portfolio,Auto,2017-01,3,88063.69450390327
creciente,Loss Incurred,month,cumulative,Synthetic,Portfolio,Auto,2017-01,4,95910.79492449014
creciente,Loss Incurred,month,cumulative,Synthetic,Portfolio,Auto,2017-01,5,104289.44939630378
creciente,Loss Incurred,month,cumulative,Synthetic,Portfolio,Auto,2017-01,6,113185.25759932054
creciente,Loss Incurred,month,cumulative,Synthetic,Portfolio,Auto,2017-01,7,122573.65770110434
creciente,Loss Incurred,month,cumulative,Synthetic,Portfolio,Auto,2017-01,8,132419.41276021296
creciente,Loss Incurred,month,cumulative,Synthetic,Portfolio,Auto,2017-01,9,142676.5050437854
creciente,Loss Incurred,month,cumulative,Synthetic,Portfolio,Auto,2017-01,10,153288.5064440465
creciente,Loss Incurred,month,cumulative,Synthetic,Portfolio,Auto,2017-01,11,164189.4634017255
creciente,Loss Incurred,month,cumulative,Synthetic,Portfolio,Auto,2017-01,12,175305.29568899522
creciente,Loss Incurred,month,cumulative,Synthetic,Portfolio,Auto,2017-01,13,186555.66389843624
creciente,Loss Incurred,month,cumulative,Synthetic,Portfolio,Auto,2017-01,14,197856.21594346635
creciente,Loss Incurred,month,cumulative,Synthetic,Portfolio,Auto,2017-01,15,209121.08447110926
creciente,Loss Incurred,month,cumulative,Synthetic,Portfolio,Auto,2017-01,16,220265.48059900932
creciente,Loss Incurred,month,cumulative,Synthetic,Portfolio,Auto,2017-01,17,231208.2190071421
creciente,Loss Incurred,month,cumulative,Synthetic,Portfolio,Auto,2017-01,18,241874.0168248141
creciente,Loss Incurred,month,cumulative,Synthetic,Portfolio,Auto,2017-01,19,252195.4327509181
creciente,Loss Incurred,month,cumulative,Synthetic,Portfolio,Auto,2017-01,20,262114.3496100173
creciente,Loss Incurred,month,cumulative,Synthetic,Portfolio,Auto,2017-01,21,271582.94748771784
creciente,Loss Incurred,month,cumulative,Synthetic,Portfolio,Auto,2017-01,22,280564.15951502084
creciente,Loss Incurred,month,cumulative,Synthetic,Portfolio,Auto,2017-01,23,289031.642669472
creciente,Loss Incurred,month,cumulative,Synthetic,Portfolio,Auto,2017-01,24,296969.32749464567
creciente,Loss Incurred,month,cumulative,Synthetic,Portfolio,Auto,2017-01,25,304370.63120499445
creciente,Loss Incurred,month,cumulative,Synthetic,Portfolio,Auto,2017-01,26,311237.427960757
creciente,Loss Incurred,month,cumulative,Synthetic,Portfolio,Auto,2017-01,27,317578.86944259296
creciente,Loss Incurred,month,cumulative,Synthetic,Portfolio,Auto,2017-01,28,323410.14049370366
creciente,Loss Incurred,month,cumulative,Synthetic,Portfolio,Auto,2017-01,29,328751.2211936793
creciente,Loss Incurred,month,cumulative,Synthetic,Portfolio,Auto,2017-01,30,333625.710855291
creciente,Loss Incurred,month,cumulative,Synthetic,Portfolio,Auto,2017-01,31,338059.7532413646
creciente,Loss Incurred,month,cumulative,Synthetic,Portfolio,Auto,2017-01,32,342081.08734905283
creciente,Loss Incurred,month,cumulative,Synthetic,Portfolio,Auto,2017-01,33,345718.23536694405
creciente,Loss Incurred,month,cumulative,Synthetic,Portfolio,Auto,2017-01,34,348999.82931471727
creciente,Loss Incurred,month,cumulative,Synthetic,Portfolio,Auto,2017-01,35,351954.0704616156
creciente,Loss Incurred,month,cumulative,Synthetic,Portfolio,Auto,2017-01,36,354608.3106566722
creciente,Loss Incurred,month,cumulative,Synthetic,Portfolio,Auto,2017-01,37,356988.7418092336
creciente,Loss Incurred,month,cumulative,Synthetic,Portfolio,Auto,2017-01,38,359120.1784962826
creciente,Loss Incurred,month,cumulative,Synthetic,Portfolio,Auto,2017-01,39,361025.9186157757
creciente,Loss Incurred,month,cumulative,Synthetic,Portfolio,Auto,2017-01,40,362727.6677728728
creciente,Loss Incurred,month,cumulative,Synthetic,Portfolio,Auto,2017-01,41,364245.5143647371
creciente,Loss Incurred,month,cumulative,Synthetic,Portfolio,Auto,2017-01,42,365597.9438758336
creciente,Loss Incurred,month,cumulative,Synthetic,Portfolio,Auto,2017-01,43,366801.88253095606
creciente,Loss Incurred,month,cumulative,Synthetic,Portfolio,Auto,2017-01,44,367872.7620551429
creciente,Loss Incurred,month,cumulative,Synthetic,Portfolio,Auto,2017-01,45,368824.59878072824
creciente,Loss Incurred,month,cumulative,Synthetic,Portfolio,Auto,2017-01,46,369670.08167872427
creciente,Loss Incurred,month,cumulative,Synthetic,Portfolio,Auto,2017-01,47,370420.6650559573
creciente,Loss Incurred,month,cumulative,Synthetic,Portfolio,Auto,2017-01,48,371086.6626491047
creciente,Loss Incurred,month,cumulative,Synthetic,Portfolio,Auto,2017-01,49,371677.3406709501
creciente,Loss Incurred,month,cumulative,Synthetic,Portfolio,Auto,2017-01,50,372201.00803785323
creciente,Loss Incurred,month,cumulative,Synthetic,Portfolio,Auto,2017-01,51,372665.102548648
creciente,Loss Incurred,month,cumulative,Synthetic,Portfolio,Auto,2017-01,52,373076.27221263276
creciente,Loss Incurred,month,cumulative,Synthetic,Portfolio,Auto,2017-01,53,373440.4512560718
creciente,Loss Incurred,month,cumulative,Synthetic,Portfolio,Auto,2017-01,54,373762.9305892989
creciente,Loss Incurred,month,cumulative,Synthetic,Portfolio,Auto,2017-01,55,374048.42270480096
creciente,Loss Incurred,month,cumulative,Synthetic,Portfolio,Auto,2017-01,56,374301.12111333164
creciente,Loss Incurred,month,cumulative,Synthetic,Portfolio,Auto,2017-01,57,374524.7545209218
creciente,Loss Incurred,month,cumulative,Synthetic,Portfolio,Auto,2017-01,58,374722.6360136175
creciente,Loss Incurred,month,cumulative,Synthetic,Portfolio,Auto,2017-01,59,374897.70755622146
creciente,Loss Incurred,month,cumulative,Synthetic,Portfolio,Auto,2017-01,60,375052.58013224025
creciente,Loss Incurred,month,cumulative,Synthetic,Portfolio,Auto,2017-01,61,375189.5698593856
creciente,Loss Incurred,month,cumulative,Synthetic,Portfolio,Auto,2017-01,62,375310.7304121282
creciente,Loss Incurred,month,cumulative,Synthetic,Portfolio,Auto,2017-01,63,375417.8820729186
creciente,Loss Incurred,month,cumulative,Synthetic,Portfolio,Auto,2017-01,64,375512.63771902863
creciente,Loss Incurred,month,cumulative,Synthetic,Portfolio,Auto,2017-01,65,375596.42603429116
creciente,Loss Incurred,month,cumulative,Synthetic,Portfolio,Auto,2017-01,66,375670.5122156239
creciente,Loss Incurred,month,cumulative,Synthetic,Portfolio,Auto,2017-01,67,375736.01642409875
creciente,Loss Incurred,month,cumulative,Synthetic,Portfolio,Auto,2017-01,68,375793.9302101422
creciente,Loss Incurred,month,cumulative,Synthetic,Portfolio,Auto,2017-01,69,375845.131122761
creciente,Loss Incurred,month,cumulative,Synthetic,Portfolio,Auto,2017-01,70,375890.39569377707
creciente,Loss Incurred,month,cumulative,Synthetic,Portfolio,Auto,2017-01,71,375930.4109701868
creciente,Loss Incurred,month,cumulative,Synthetic,Portfolio,Auto,2017-01,72,375965.7847510315
creciente,Loss Incurred,month,cumulative,Synthetic,Portfolio,Auto,2017-01,73,375997.05466965644
creciente,Loss Incurred,month,cumulative,Synthetic,Portfolio,Auto,2017-01,74,376024.6962479575
creciente,Loss Incurred,month,cumulative,Synthetic,Portfolio,Auto,2017-01,75,376049.1300361402
creciente,Loss Incurred,month,cumulative,Synthetic,Portfolio,Auto,2017-01,76,376070.72793961124
creciente,Loss Incurred,month,cumulative,Synthetic,Portfolio,Auto,2017-01,77,376089.81882382
creciente,Loss Incurred,month,cumulative,Synthetic,Portfolio,Auto,2017-01,78,376106.6934781062
creciente,Loss Incurred,month,cumulative,Synthetic,Portfolio,Auto,2017-01,79,376121.6090108046
creciente,Loss Incurred,month,cumulative,Synthetic,Portfolio,Auto,2017-01,80,376134.79273995175
creciente,Loss Incurred,month,cumulative,Synthetic,Portfolio,Auto,2017-01,81,376146.44563683803
creciente,Loss Incurred,month,cumulative,Synthetic,Portfolio,Auto,2017-01,82,376156.7453732944
creciente,Loss Incurred,month,cumulative,Synthetic,Portfolio,Auto,2017-01,83,376165.8490179215
creciente,Loss Incurred,month,cumulative,Synthetic,Portfolio,Auto,2017-01,84,376173.89542140067
creciente,Loss Incurred,month,cumulative,Synthetic,Portfolio,Auto,2017-01,85,376181.0073264982
creciente,Loss Incurred,month,cumulative,Synthetic,Portfolio,Auto,2017-01,86,376187.2932343547
creciente,Loss Incurred,month,cumulative,Synthetic,Portfolio,Auto,2017-01,87,376192.8490550619
creciente,Loss Incurred,month,cumulative,Synthetic,Portfolio,Auto,2017-01,88,376197.75956734706
creciente,Loss Incurred,month,cumulative,Synthetic,Portfolio,Auto,2017-01,89,376202.0997093526
creciente,Loss Incurred,month,cumulative,Synthetic,Portfolio,Auto,2017-01,90,376205.9357199849
creciente,Loss Incurred,month,cumulative,Synthetic,Portfolio,Auto,2017-01,91,376209.3261480815
creciente,Loss Incurred,month,cumulative,Synthetic,Portfolio,Auto,2017-01,92,376212.32274465595
creciente,Loss Incurred,month,cumulative,Synthetic,Portfolio,Auto,2017-01,93,376214.97125174024
creciente,Loss Incurred,month,cumulative,Synthetic,Portfolio,Auto,2017-01,94,376217.3120997781
creciente,Loss Incurred,month,cumulative,Synthetic,Portfolio,Auto,2017-01,95,376219.381024152
creciente,Loss Incurred,month,cumulative,Synthetic,Portfolio,Auto,2017-01,96,376221.20961020567
creciente,Loss Incurred,month,cumulative,Synthetic,Portfolio,Auto,2017-01,97,376222.8257750414
creciente,Loss Incurred,month,cumulative,Synthetic,Portfolio,Auto,2017-01,98,376224.2541934175
creciente,Loss Incurred,month,cumulative,Synthetic,Portfolio,Auto,2017-01,99,376225.5166742246
creciente,Loss Incurred,month,cumulative,Synthetic,Portfolio,Auto,2017-01,100,376226.6324932689
creciente,Loss Incurred,month,cumulative,Synthetic,Portfolio,Auto,2017-01,101,376227.61868742976
creciente,Loss Incurred,month,cumulative,Synthetic,Portfolio,Auto,2017-01,102,376228.49031467
creciente,Loss Incurred,month,cumulative,Synthetic,Portfolio,Auto,2017-01,103,376229.2606838614
creciente,Loss Incurred,month,cumulative,Synthetic,Portfolio,Auto,2017-01,104,376229.9415579256
creciente,Loss Incurred,month,cumulative,Synthetic,Portfolio,Auto,2017-01,105,376230.5433333904
creciente,Loss Incurred,month,cumulative,Synthetic,Portfolio,Auto,2017-01,106,376231.0751990928
creciente,Loss Incurred,month,cumulative,Synthetic,Portfolio,Auto,2017-01,107,376231.5452764559
creciente,Loss Incurred,month,cumulative,Synthetic,Portfolio,Auto,2017-02,0,77916.9661665888
creciente,Loss Incurred,month,cumulative,Synthetic,Portfolio,Auto,2017-02,1,84877.85515982058
creciente,Loss Incurred,month,cumulative,Synthetic,Portfolio,Auto,2017-02,2,92443.55064857965
creciente,Loss Incurred,month,cumulative,Synthetic,Portfolio,Auto,2017-02,3,100629.4024298564
creciente,Loss Incurred,month,cumulative,Synthetic,Portfolio,Auto,2017-02,4,109442.90940637664
creciente,Loss Incurred,month,cumulative,Synthetic,Portfolio,Auto,2017-02,5,118882.22671578877
creciente,Loss Incurred,month,cumulative,Synthetic,Portfolio,Auto,2017-02,6,128934.79461670405
creciente,Loss Incurred,month,cumulative,Synthetic,Portfolio,Auto,2017-02,7,139576.20028205632
creciente,Loss Incurred,month,cumulative,Synthetic,Portfolio,Auto,2017-02,8,150769.39042674896
creciente,Loss Incurred,month,cumulative,Synthetic,Portfolio,Auto,2017-02,9,162464.3482386947
creciente,Loss Incurred,month,cumulative,Synthetic,Portfolio,Auto,2017-02,10,174598.32992759583
creciente,Loss Incurred,month,cumulative,Synthetic,Portfolio,Auto,2017-02,11,187096.7235412872
creciente,Loss Incurred,month,cumulative,Synthetic,Portfolio,Auto,2017-02,12,199874.5470219867
creciente,Loss Incurred,month,cumulative,Synthetic,Portfolio,Auto,2017-02,13,212838.54788011435
creciente,Loss Incurred,month,cumulative,Synthetic,Portfolio,Auto,2017-02,14,225889.8097684074
creciente,Loss Incurred,month,cumulative,Synthetic,Portfolio,Auto,2017-02,15,238926.7194699637
creciente,Loss Incurred,month,cumulative,Synthetic,Portfolio,Auto,2017-02,16,251848.1091849728
creciente,Loss Incurred,month,cumulative,Synthetic,Portfolio,Auto,2017-02,17,264556.3697031517
creciente,Loss Incurred,month,cumulative,Synthetic,Portfolio,Auto,2017-02,18,276960.3332763004
creciente,Loss Incurred,month,cumulative,Synthetic,Portfolio,Auto,2017-02,19,288977.7502193249
creciente,Loss Incurred,month,cumulative,Synthetic,Portfolio,Auto,2017-02,20,300537.22632257035
creciente,Loss Incurred,month,cumulative,Synthetic,Portfolio,Auto,2017-02,21,311579.5422478151
creciente,Loss Incurred,month,cumulative,Synthetic,Portfolio,Auto,2017-02,22,322058.3332248548
creciente,Loss Incurred,month,cumulative,Synthetic,Portfolio,Auto,2017-02,23,331940.16000978893
creciente,Loss Incurred,month,cumulative,Synthetic,Portfolio,Auto,2017-02,24,341204.04438114935
creciente,Loss Incurred,month,cumulative,Synthetic,Portfolio,Auto,2017-02,25,349840.5710710375
creciente,Loss Incurred,month,cumulative,Synthetic,Portfolio,Auto,2017-02,26,357850.6721586185
creciente,Loss Incurred,month,cumulative,Synthetic,Portfolio,Auto,2017-02,27,365244.2109469131
creciente,Loss Incurred,month,cumulative,Synthetic,Portfolio,Auto,2017-02,28,372038.47298492084
creciente,Loss Incurred,month,cumulative,Synthetic,Portfolio,Auto,2017-02,29,378256.65560744907
creciente,Loss Incurred,month,cumulative,Synthetic,Portfolio,Auto,2017-02,30,383926.42752297
creciente,Loss Incurred,month,cumulative,Synthetic,Portfolio,Auto,2017-02,31,389078.60945053614
creciente,Loss Incurred,month,cumulative,Synthetic,Portfolio,Auto,2017-02,32,393746.0077039085
creciente,Loss Incurred,month,cumulative,Synthetic,Portfolio,Auto,2017-02,33,397962.4162646218
creciente,Loss Incurred,month,cumulative,Synthetic,Portfolio,Auto,2017-02,34,401761.78989390313
creciente,Loss Incurred,month,cumulative,Synthetic,Portfolio,Auto,2017-02,35,405177.58128345443
creciente,Loss Incurred,month,cumulative,Synthetic,Portfolio,Auto,2017-02,36,408242.22885132115
creciente,Loss Incurred,month,cumulative,Synthetic,Portfolio,Auto,2017-02,37,410986.7780629853
creciente,Loss Incurred,month,cumulative,Synthetic,Portfolio,Auto,2017-02,38,413440.6175342408
creciente,Loss Incurred,month,cumulative,Synthetic,Portfolio,Auto,2017-02,39,415631.311096359
creciente,Loss Incurred,month,cumulative,Synthetic,Portfolio,Auto,2017-02,40,417584.50798278674
creciente,Loss Incurred,month,cumulative,Synthetic,Portfolio,Auto,2017-02,41,419323.914924092
creciente,Loss Incurred,month,cumulative,Synthetic,Portfolio,Auto,2017-02,42,420871.31590003235
creciente,Loss Incurred,month,cumulative,Synthetic,Portfolio,Auto,2017-02,43,422246.6273659165
creciente,Loss Incurred,month,cumulative,Synthetic,Portfolio,Auto,2017-02,44,423467.978789187
creciente,Loss Incurred,month,cumulative,Synthetic,Portfolio,Auto,2017-02,45,424551.8102039958
creciente,Loss Incurred,month,cumulative,Synthetic,Portfolio,Auto,2017-02,46,425512.98016308335
creciente,Loss Incurred,month,cumulative,Synthetic,Portfolio,Auto,2017-02,47,426364.8789156573
creciente,Loss Incurred,month,cumulative,Synthetic,Portfolio,Auto,2017-02,48,427119.5428665904
creciente,Loss Incurred,month,cumulative,Synthetic,Portfolio,Auto,2017-02,49,427787.7673888782
creciente,Loss Incurred,month,cumulative,Synthetic,Portfolio,Auto,2017-02,50,428379.21588815254
creciente,Loss Incurred,month,cumulative,Synthetic,Portfolio,Auto,2017-02,51,428902.523678737
creciente,Loss Incurred,month,cumulative,Synthetic,Portfolio,Auto,2017-02,52,429365.3957495265
creciente,Loss Incurred,month,cumulative,Synthetic,Portfolio,Auto,2017-02,53,429774.69789802335
creciente,Loss Incurred,month,cumulative,Synthetic,Portfolio,Auto,2017-02,54,430136.54101330036
creciente,Loss Incurred,month,cumulative,Synthetic,Portfolio,Auto,2017-02,55,430456.3585121064
creciente,Loss Incurred,month,cumulative,Synthetic,Portfolio,Auto,2017-02,56,430738.97709276545
creciente,Loss Incurred,month,cumulative,Synthetic,Portfolio,Auto,2017-02,57,430988.6810824258
creciente,Loss Incurred,month,cumulative,Synthetic,Portfolio,Auto,2017-02,58,431209.2707257181
creciente,Loss Incurred,month,cumulative,Synthetic,Portfolio,Auto,2017-02,59,431404.114806079
creciente,Loss Incurred,month,cumulative,Synthetic,Portfolio,Auto,2017-02,60,431576.19801219594
creciente,Loss Incurred,month,cumulative,Synthetic,Portfolio,Auto,2017-02,61,431728.16346704523
creciente,Loss Incurred,month,cumulative,Synthetic,Portfolio,Auto,2017-02,62,431862.3508304064
creciente,Loss Incurred,month,cumulative,Synthetic,Portfolio,Auto,2017-02,63,431980.83037108777
creciente,Loss Incurred,month,cumulative,Synthetic,Portfolio,Auto,2017-02,64,432085.43338511855
creciente,Loss Incurred,month,cumulative,Synthetic,Portfolio,Auto,2017-02,65,432177.7793129186
creciente,Loss Incurred,month,cumulative,Synthetic,Portfolio,Auto,2017-02,66,432259.29988349305
creciente,Loss Incurred,month,cumulative,Synthetic,Portfolio,Auto,2017-02,67,432331.260588132
creciente,Loss Incurred,month,cumulative,Synthetic,Portfolio,Auto,2017-02,68,432394.7797607577
creciente,Loss Incurred,month,cumulative,Synthetic,Portfolio,Auto,2017-02,69,432450.84551749245
creciente,Loss Incurred,month,cumulative,Synthetic,Portfolio,Auto,2017-02,70,432500.3307846167
creciente,Loss Incurred,month,cumulative,Synthetic,Portfolio,Auto,2017-02,71,432544.0066220638
creciente,Loss Incurred,month,cumulative,Synthetic,Portfolio,Auto,2017-02,72,432582.5540291029
creciente,Loss Incurred,month,cumulative,Synthetic,Portfolio,Auto,2017-02,73,432616.5743999271
creciente,Loss Incurred,month,cumulative,Synthetic,Portfolio,Auto,2017-02,74,432646.5987795091
creciente,Loss Incurred,month,cumulative,Synthetic,Portfolio,Auto,2017-02,75,432673.0960542428
creciente,Loss Incurred,month,cumulative,Synthetic,Portfolio,Auto,2017-02,76,432696.48019752005
creciente,Loss Incurred,month,cumulative,Synthetic,Portfolio,Auto,2017-02,77,432717.1166773806
creciente,Loss Incurred,month,cumulative,Synthetic,Portfolio,Auto,2017-02,78,432735.3281216602
creciente,Loss Incurred,month,cumulative,Synthetic,Portfolio,Auto,2017-02,79,432751.39932552347
creciente,Loss Incurred,month,cumulative,Synthetic,Portfolio,Auto,2017-02,80,432765.58167681814
creciente,Loss Incurred,month,cumulative,Synthetic,Portfolio,Auto,2017-02,81,432778.0970662391
creciente,Loss Incurred,month,cumulative,Synthetic,Portfolio,Auto,2017-02,82,432789.1413417345
creciente,Loss Incurred,month,cumulative,Synthetic,Portfolio,Auto,2017-02,83,432798.88735985296
creciente,Loss Incurred,month,cumulative,Synthetic,Portfolio,Auto,2017-02,84,432807.4876807313
creciente,Loss Incurred,month,cumulative,Synthetic,Portfolio,Auto,2017-02,85,432815.07694808295
creciente,Loss Incurred,month,cumulative,Synthetic,Portfolio,Auto,2017-02,86,432821.773990809
creciente,Loss Incurred,month,cumulative,Synthetic,Portfolio,Auto,2017-02,87,432827.6836786327
creciente,Loss Incurred,month,cumulative,Synthetic,Portfolio,Auto,2017-02,88,432832.8985604292
creciente,Loss Incurred,month,cumulative,Synthetic,Portfolio,Auto,2017-02,89,432837.50031060266
creciente,Loss Incurred,month,cumulative,Synthetic,Portfolio,Auto,2017-02,90,432841.56100592675
creciente,Loss Incurred,month,cumulative,Synthetic,Portfolio,Auto,2017-02,91,432845.1442526644
creciente,Loss Incurred,month,cumulative,Synthetic,Portfolio,Auto,2017-02,92,432848.30618147796
creciente,Loss Incurred,month,cumulative,Synthetic,Portfolio,Auto,2017-02,93,432851.0963256031
creciente,Loss Incurred,month,cumulative,Synthetic,Portfolio,Auto,2017-02,94,432853.5583959566
creciente,Loss Incurred,month,cumulative,Synthetic,Portfolio,Auto,2017-02,95,432855.730965254
creciente,Loss Incurred,month,cumulative,Synthetic,Portfolio,Auto,2017-02,96,432857.6480718003
creciente,Loss Incurred,month,cumulative,Synthetic,Portfolio,Auto,2017-02,97,432859.33975237503
creciente,Loss Incurred,month,cumulative,Synthetic,Portfolio,Auto,2017-02,98,432860.83251252683
creciente,Loss Incurred,month,cumulative,Synthetic,Portfolio,Auto,2017-02,99,432862.14974162215
creciente,Loss Incurred,month,cumulative,Synthetic,Portfolio,Auto,2017-02,100,432863.3120791313
creciente,Loss Incurred,month,cumulative,Synthetic,Portfolio,Auto,2017-02,101,432864.33773787715
creciente,Loss Incurred,month,cumulative,Synthetic,Portfolio,Auto,2017-02,102,432865.2427892986
creciente,Loss Incurred,month,cumulative,Synthetic,Portfolio,Auto,2017-02,103,432866.04141519
creciente,Loss Incurred,month,cumulative,Synthetic,Portfolio,Auto,2017-02,104,432866.74612985406
creciente,Loss Incurred,month,cumulative,Synthetic,Portfolio,Auto,2017-02,105,432867.367976144
creciente,Loss Incurred,month,cumulative,Synthetic,Portfolio,Auto,2017-02,106,432867.91669846163
creciente,Loss Incurred,month,cumulative,Synthetic,Portfolio,Auto,2017-03,0,74226.02227265986
creciente,Loss Incurred,month,cumulative,Synthetic,Portfolio,Auto,2017-03,1,80311.44422692357
creciente,Loss Incurred,month,cumulative,Synthetic,Portfolio,Auto,2017-03,2,87036.25194907952
creciente,Loss Incurred,month,cumulative,Synthetic,Portfolio,Auto,2017-03,3,94431.78727837163
creciente,Loss Incurred,month,cumulative,Synthetic,Portfolio,Auto,2017-03,4,102521.83514047581
creciente,Loss Incurred,month,cumulative,Synthetic,Portfolio,Auto,2017-03,5,111320.32536728939
creciente,Loss Incurred,month,cumulative,Synthetic,Portfolio,Auto,2017-03,6,120829.01006279567
creciente,Loss Incurred,month,cumulative,Synthetic,Portfolio,Auto,2017-03,7,131035.28270577722
creciente,Loss Incurred,month,cumulative,Synthetic,Portfolio,Auto,2017-03,8,141910.33976311213
creciente,Loss Incurred,month,cumulative,Synthetic,Portfolio,Auto,2017-03,9,153407.90455787137
creciente,Loss Incurred,month,cumulative,Synthetic,Portfolio,Auto,2017-03,10,165463.72790299004
creciente,Loss Incurred,month,cumulative,Synthetic,Portfolio,Auto,2017-03,11,177996.04393972768
creciente,Loss Incurred,month,cumulative,Synthetic,Portfolio,Auto,2017-03,12,190907.09045934124
creciente,Loss Incurred,month,cumulative,Synthetic,Portfolio,Auto,2017-03,13,204085.70490465054
creciente,Loss Incurred,month,cumulative,Synthetic,Portfolio,Auto,2017-03,14,217410.89160773988
creciente,Loss Incurred,month,cumulative,Synthetic,Portfolio,Auto,2017-03,15,230756.1399938689
creciente,Loss Incurred,month,cumulative,Synthetic,Portfolio,Auto,2017-03,16,243994.17758219584
creciente,Loss Incurred,month,cumulative,Synthetic,Portfolio,Auto,2017-03,17,257001.78380833217
creciente,Loss Incurred,month,cumulative,Synthetic,Portfolio,Auto,2017-03,18,269664.28248114727
creciente,Loss Incurred,month,cumulative,Synthetic,Portfolio,Auto,2017-03,19,281879.37373070134
creciente,Loss Incurred,month,cumulative,Synthetic,Portfolio,Auto,2017-03,20,293560.05196671933
creciente,Loss Incurred,month,cumulative,Synthetic,Portfolio,Auto,2017-03,21,304636.4681091759
creciente,Loss Incurred,month,cumulative,Synthetic,Portfolio,Auto,2017-03,22,315056.712134503
creciente,Loss Incurred,month,cumulative,Synthetic,Portfolio,Auto,2017-03,23,324786.5971290496
creciente,Loss Incurred,month,cumulative,Synthetic,Portfolio,Auto,2017-03,24,333808.60507518105
creciente,Loss Incurred,month,cumulative,Synthetic,Portfolio,Auto,2017-03,25,342120.20108810905
creciente,Loss Incurred,month,cumulative,Synthetic,Portfolio,Auto,2017-03,26,349731.73718519125
creciente,Loss Incurred,month,cumulative,Synthetic,Portfolio,Auto,2017-03,27,356664.15442114795
creciente,Loss Incurred,month,cumulative,Synthetic,Portfolio,Auto,2017-03,28,362946.6615917746
creciente,Loss Incurred,month,cumulative,Synthetic,Portfolio,Auto,2017-03,29,368614.5283746552
creciente,Loss Incurred,month,cumulative,Synthetic,Portfolio,Auto,2017-03,30,373707.0882315109
creciente,Loss Incurred,month,cumulative,Synthetic,Portfolio,Auto,2017-03,31,378266.00709785934
creciente,Loss Incurred,month,cumulative,Synthetic,Portfolio,Auto,2017-03,32,382333.8410787451
creciente,Loss Incurred,month,cumulative,Synthetic,Portfolio,Auto,2017-03,33,385952.8813837158
creciente,Loss Incurred,month,cumulative,Synthetic,Portfolio,Auto,2017-03,34,389164.2674897443
creciente,Loss Incurred,month,cumulative,Synthetic,Portfolio,Auto,2017-03,35,392007.3390682261
creciente,Loss Incurred,month,cumulative,Synthetic,Portfolio,Auto,2017-03,36,394519.1921928517
creciente,Loss Incurred,month,cumulative,Synthetic,Portfolio,Auto,2017-03,37,396734.40432387654
creciente,Loss Incurred,month,cumulative,Synthetic,Portfolio,Auto,2017-03,38,398684.8942345403
creciente,Loss Incurred,month,cumulative,Synthetic,Portfolio,Auto,2017-03,39,400399.88633026474
creciente,Loss Incurred,month,cumulative,Synthetic,Portfolio,Auto,2017-03,40,401905.9528913039
creciente,Loss Incurred,month,cumulative,Synthetic,Portfolio,Auto,2017-03,41,403227.1120659952
creciente,Loss Incurred,month,cumulative,Synthetic,Portfolio,Auto,2017-03,42,404384.9635780263
creciente,Loss Incurred,month,cumulative,Synthetic,Portfolio,Auto,2017-03,43,405398.84786730155
creciente,Loss Incurred,month,cumulative,Synthetic,Portfolio,Auto,2017-03,44,406286.01765373856
creciente,Loss Incurred,month,cumulative,Synthetic,Portfolio,Auto,2017-03,45,407061.8136672576
creciente,Loss Incurred,month,cumulative,Synthetic,Portfolio,Auto,2017-03,46,407739.8385442298
creciente,Loss Incurred,month,cumulative,Synthetic,Portfolio,Auto,2017-03,47,408332.1246967883
creciente,Loss Incurred,month,cumulative,Synthetic,Portfolio,Auto,2017-03,48,408849.2933753028
creciente,Loss Incurred,month,cumulative,Synthetic,Portfolio,Auto,2017-03,49,409300.7032276903
creciente,Loss Incurred,month,cumulative,Synthetic,Portfolio,Auto,2017-03,50,409694.587471107
creciente,Loss Incurred,month,cumulative,Synthetic,Portfolio,Auto,2017-03,51,410038.1793851549
creciente,Loss Incurred,month,cumulative,Synthetic,Portfolio,Auto,2017-03,52,410337.82625720644
creciente,Loss Incurred,month,cumulative,Synthetic,Portfolio,Auto,2017-03,53,410599.0921985185
creciente,Loss Incurred,month,cumulative,Synthetic,Portfolio,Auto,2017-03,54,410826.8504363336
creciente,Loss Incurred,month,cumulative,Synthetic,Portfolio,Auto,2017-03,55,411025.3657977353
creciente,Loss Incurred,month,cumulative,Synthetic,Portfolio,Auto,2017-03,56,411198.36815592076
creciente,Loss Incurred,month,cumulative,Synthetic,Portfolio,Auto,2017-03,57,411349.1176245561
creciente,Loss Incurred,month,cumulative,Synthetic,Portfolio,Auto,2017-03,58,411480.4622731373
creciente,Loss Incurred,month,cumulative,Synthetic,Portfolio,Auto,2017-03,59,411594.88910497783
creciente,Loss Incurred,month,cumulative,Synthetic,Portfolio,Auto,2017-03,60,411694.56899643544
creciente,Loss Incurred,month,cumulative,Synthetic,Portfolio,Auto,2017-03,61,411781.3962463195
creciente,Loss Incurred,month,cumulative,Synthetic,Portfolio,Auto,2017-03,62,411857.0233317132
creciente,Loss Incurred,month,cumulative,Synthetic,Portfolio,Auto,2017-03,63,411922.89141324617
creciente,Loss Incurred,month,cumulative,Synthetic,Portfolio,Auto,2017-03,64,411980.2570809227
creciente,Loss Incurred,month,cumulative,Synthetic,Portfolio,Auto,2017-03,65,412030.21578207647
creciente,Loss Incurred,month,cumulative,Synthetic,Portfolio,Auto,2017-03,66,412073.7223265783
creciente,Loss Incurred,month,cumulative,Synthetic,Portfolio,Auto,2017-03,67,412111.6088214664
creciente,Loss Incurred,month,cumulative,Synthetic,Portfolio,Auto,2017-03,68,412144.60034781107
creciente,Loss Incurred,month,cumulative,Synthetic,Portfolio,Auto,2017-03,69,412173.3286568972
creciente,Loss Incurred,month,cumulative,Synthetic,Portfolio,Auto,2017-03,70,412198.34413055447
creciente,Loss Incurred,month,cumulative,Synthetic,Portfolio,Auto,2017-03,71,412220.12622154085
creciente,Loss Incurred,month,cumulative,Synthetic,Portfolio,Auto,2017-03,72,412239.0925640242
creciente,Loss Incurred,month,cumulative,Synthetic,Portfolio,Auto,2017-03,73,412255.6069212179
creciente,Loss Incurred,month,cumulative,Synthetic,Portfolio,Auto,2017-03,74,412269.98611680424
creciente,Loss Incurred,month,cumulative,Synthetic,Portfolio,Auto,2017-03,75,412282.5060787352
creciente,Loss Incurred,month,cumulative,Synthetic,Portfolio,Auto,2017-03,76,412293.4071080501
creciente,Loss Incurred,month,cumulative,Synthetic,Portfolio,Auto,2017-03,77,412302.89847131004
creciente,Loss Incurred,month,cumulative,Synthetic,Portfolio,Auto,2017-03,78,412311.1624028894
creciente,Loss Incurred,month,cumulative,Synthetic,Portfolio,Auto,2017-03,79,412318.3575925167
creciente,Loss Incurred,month,cumulative,Synthetic,Portfolio,Auto,2017-03,80,412324.62222392805
creciente,Loss Incurred,month,cumulative,Synthetic,Portfolio,Auto,2017-03,81,412330.076622157
creciente,Loss Incurred,month,cumulative,Synthetic,Portfolio,Auto,2017-03,82,412334.8255596689
creciente,Loss Incurred,month,cumulative,Synthetic,Portfolio,Auto,2017-03,83,412338.9602651619
creciente,Loss Incurred,month,cumulative,Synthetic,Portfolio,Auto,2017-03,84,412342.56017325405
creciente,Loss Incurred,month,cumulative,Synthetic,Portfolio,Auto,2017-03,85,412345.69444839814
creciente,Loss Incurred,month,cumulative,Synthetic,Portfolio,Auto,2017-03,86,412348.42331209156
creciente,Loss Incurred,month,cumulative,Synthetic,Portfolio,Auto,2017-03,87,412350.7991987227
creciente,Loss Incurred,month,cumulative,Synthetic,Portfolio,Auto,2017-03,88,412352.8677621451
creciente,Loss Incurred,month,cumulative,Synthetic,Portfolio,Auto,2017-03,89,412354.6687522251
creciente,Loss Incurred,month,cumulative,Synthetic,Portfolio,Auto,2017-03,90,412356.236778143
creciente,Loss Incurred,month,cumulative,Synthetic,Portfolio,Auto,2017-03,91,412357.6019730588
creciente,Loss Incurred,month,cumulative,Synthetic,Portfolio,Auto,2017-03,92,412358.7905728796
creciente,Loss Incurred,month,cumulative,Synthetic,Portfolio,Auto,2017-03,93,412359.82542021724
creciente,Loss Incurred,month,cumulative,Synthetic,Portfolio,Auto,2017-03,94,412360.7264032014
creciente,Loss Incurred,month,cumulative,Synthetic,Portfolio,Auto,2017-03,95,412361.51083756314
creciente,Loss Incurred,month,cumulative,Synthetic,Portfolio,Auto,2017-03,96,412362.1937993181
creciente,Loss Incurred,month,cumulative,Synthetic,Portfolio,Auto,2017-03,97,412362.7884144343
creciente,Loss Incurred,month,cumulative,Synthetic,Portfolio,Auto,2017-03,98,412363.30611104384
creciente,Loss Incurred,month,cumulative,Synthetic,Portfolio,Auto,2017-03,99,412363.7568390394
creciente,Loss Incurred,month,cumulative,Synthetic,Portfolio,Auto,2017-03,100,412364.14926127344
creciente,Loss Incurred,month,cumulative,Synthetic,Portfolio,Auto,2017-03,101,412364.49092002923
creciente,Loss Incurred,month,cumulative,Synthetic,Portfolio,Auto,2017-03,102,412364.7883819633
creciente,Loss Incurred,month,cumulative,Synthetic,Portfolio,Auto,2017-03,103,412365.04736430093
creciente,Loss Incurred,month,cumulative,Synthetic,Portfolio,Auto,2017-03,104,412365.2728447104
creciente,Loss Incurred,month,cumulative,Synthetic,Portfolio,Auto,2017-03,105,412365.4691569656
creciente,Loss Incurred,month,cumulative,Synthetic,Portfolio,Auto,2017-04,0,64848.386169910766
creciente,Loss Incurred,month,cumulative,Synthetic,Portfolio,Auto,2017-04,1,71146.8743594202
creciente,Loss Incurred,month,cumulative,Synthetic,Portfolio,Auto,2017-04,2,77991.94934657175
creciente,Loss Incurred,month,cumulative,Synthetic,Portfolio,Auto,2017-04,3,85393.78732609608
creciente,Loss Incurred,month,cumulative,Synthetic,Portfolio,Auto,2017-04,4,93354.34574484635
creciente,Loss Incurred,month,cumulative,Synthetic,Portfolio,Auto,2017-04,5,101865.97424217038
creciente,Loss Incurred,month,cumulative,Synthetic,Portfolio,Auto,2017-04,6,110910.21313808115
creciente,Loss Incurred,month,cumulative,Synthetic,Portfolio,Auto,2017-04,7,120456.89893128026
creciente,Loss Incurred,month,cumulative,Synthetic,Portfolio,Auto,2017-04,8,130463.69619897705
creciente,Loss Incurred,month,cumulative,Synthetic,Portfolio,Auto,2017-04,9,140876.1611390008
creciente,Loss Incurred,month,cumulative,Synthetic,Portfolio,Auto,2017-04,10,151628.41215759312
creciente,Loss Incurred,month,cumulative,Synthetic,Portfolio,Auto,2017-04,11,162644.43821810253
creciente,Loss Incurred,month,cumulative,Synthetic,Portfolio,Auto,2017-04,12,173840.0198988825
creciente,Loss Incurred,month,cumulative,Synthetic,Portfolio,Auto,2017-04,13,185125.1778429909
creciente,Loss Incurred,month,cumulative,Synthetic,Portfolio,Auto,2017-04,14,196407.007010403
creciente,Loss Incurred,month,cumulative,Synthetic,Portfolio,Auto,2017-04,15,207592.71170478436
creciente,Loss Incurred,month,cumulative,Synthetic,Portfolio,Auto,2017-04,16,218592.63303915787
creciente,Loss Incurred,month,cumulative,Synthetic,Portfolio,Auto,2017-04,17,229323.06139094007
creciente,Loss Incurred,month,cumulative,Synthetic,Portfolio,Auto,2017-04,18,239708.65132059096
creciente,Loss Incurred,month,cumulative,Synthetic,Portfolio,Auto,2017-04,19,249684.30105252028
creciente,Loss Incurred,month,cumulative,Synthetic,Portfolio,Auto,2017-04,20,259196.41547270343
creciente,Loss Incurred,month,cumulative,Synthetic,Portfolio,Auto,2017-04,21,268203.5318085763
creciente,Loss Incurred,month,cumulative,Synthetic,Portfolio,Auto,2017-04,22,276676.3423216477
creciente,Loss Incurred,month,cumulative,Synthetic,Portfolio,Auto,2017-04,23,284597.1920616117
creciente,Loss Incurred,month,cumulative,Synthetic,Portfolio,Auto,2017-04,24,291959.158444105
creciente,Loss Incurred,month,cumulative,Synthetic,Portfolio,Auto,2017-04,25,298764.83248440694
creciente,Loss Incurred,month,cumulative,Synthetic,Portfolio,Auto,2017-04,26,305024.9206941989
creciente,Loss Incurred,month,cumulative,Synthetic,Portfolio,Auto,2017-04,27,310756.77519029076
creciente,Loss Incurred,month,cumulative,Synthetic,Portfolio,Auto,2017-04,28,315982.94132584543
creciente,Loss Incurred,month,cumulative,Synthetic,Portfolio,Auto,2017-04,29,320729.79081633396
creciente,Loss Incurred,month,cumulative,Synthetic,Portfolio,Auto,2017-04,30,325026.2869049758
creciente,Loss Incurred,month,cumulative,Synthetic,Portfolio,Auto,2017-04,31,328902.90871549206
creciente,Loss Incurred,month,cumulative,Synthetic,Portfolio,Auto,2017-04,32,332390.74580118584
creciente,Loss Incurred,month,cumulative,Synthetic,Portfolio,Auto,2017-04,33,335520.7614930228
creciente,Loss Incurred,month,cumulative,Synthetic,Portfolio,Auto,2017-04,34,338323.21489812457
creciente,Loss Incurred,month,cumulative,Synthetic,Portfolio,Auto,2017-04,35,340827.2258806807
creciente,Loss Incurred,month,cumulative,Synthetic,Portfolio,Auto,2017-04,36,343060.4644757425
creciente,Loss Incurred,month,cumulative,Synthetic,Portfolio,Auto,2017-04,37,345048.9453078725
creciente,Loss Incurred,month,cumulative,Synthetic,Portfolio,Auto,2017-04,38,346816.9081192265
creciente,Loss Incurred,month,cumulative,Synthetic,Portfolio,Auto,2017-04,39,348386.76695153915
creciente,Loss Incurred,month,cumulative,Synthetic,Portfolio,Auto,2017-04,40,349779.1124745235
creciente,Loss Incurred,month,cumulative,Synthetic,Portfolio,Auto,2017-04,41,351012.7541130008
creciente,Loss Incurred,month,cumulative,Synthetic,Portfolio,Auto,2017-04,42,352104.7907907417
creciente,Loss Incurred,month,cumulative,Synthetic,Portfolio,Auto,2017-04,43,353070.70114837546
creciente,Loss Incurred,month,cumulative,Synthetic,Portfolio,Auto,2017-04,44,353924.44593019696
creciente,Loss Incurred,month,cumulative,Synthetic,Portfolio,Auto,2017-04,45,354678.576835562
creciente,Loss Incurred,month,cumulative,Synthetic,Portfolio,Auto,2017-04,46,355344.347487982
creciente,Loss Incurred,month,cumulative,Synthetic,Portfolio,Auto,2017-04,47,355931.8232999053
creciente,Loss Incurred,month,cumulative,Synthetic,Portfolio,Auto,2017-04,48,356449.98792452324
creciente,Loss Incurred,month,cumulative,Synthetic,Portfolio,Auto,2017-04,49,356906.8447136379
creciente,Loss Incurred,month,cumulative,Synthetic,Portfolio,Auto,2017-04,50,357309.51216978667
creciente,Loss Incurred,month,cumulative,Synthetic,Portfolio,Auto,2017-04,51,357664.31281759776
creciente,Loss Incurred,month,cumulative,Synthetic,Portfolio,Auto,2017-04,52,357976.8552476735
creciente,Loss Incurred,month,cumulative,Synthetic,Portfolio,Auto,2017-04,53,358252.10932725255
creciente,Loss Incurred,month,cumulative,Synthetic,Portfolio,Auto,2017-04,54,358494.47474355804
creciente,Loss Incurred,month,cumulative,Synthetic,Portfolio,Auto,2017-04,55,358707.84316325636
creciente,Loss Incurred,month,cumulative,Synthetic,Portfolio,Auto,2017-04,56,358895.65436730516
creciente,Loss Incurred,month,cumulative,Synthetic,Portfolio,Auto,2017-04,57,359060.9467647737
creciente,Loss Incurred,month,cumulative,Synthetic,Portfolio,Auto,2017-04,58,359206.4027100722
creciente,Loss Incurred,month,cumulative,Synthetic,Portfolio,Auto,2017-04,59,359334.3890518014
creciente,Loss Incurred,month,cumulative,Synthetic,Portfolio,Auto,2017-04,60,359446.9933331161
creciente,Loss Incurred,month,cumulative,Synthetic,Portfolio,Auto,2017-04,61,359546.0560469238
creciente,Loss Incurred,month,cumulative,Synthetic,Portfolio,Auto,2017-04,62,359633.1993273187
creciente,Loss Incurred,month,cumulative,Synthetic,Portfolio,Auto,2017-04,63,359709.85243357654
creciente,Loss Incurred,month,cumulative,Synthetic,Portfolio,Auto,2017-04,64,359777.2743564121
creciente,Loss Incurred,month,cumulative,Synthetic,Portfolio,Auto,2017-04,65,359836.57384919893
creciente,Loss Incurred,month,cumulative,Synthetic,Portfolio,Auto,2017-04,66,359888.7271602906
creciente,Loss Incurred,month,cumulative,Synthetic,Portfolio,Auto,2017-04,67,359934.5937170145
creciente,Loss Incurred,month,cumulative,Synthetic,Portfolio,Auto,2017-04,68,359974.929987711
creciente,Loss Incurred,month,cumulative,Synthetic,Portfolio,Auto,2017-04,69,360010.40172556357
creciente,Loss Incurred,month,cumulative,Synthetic,Portfolio,Auto,2017-04,70,360041.59477701643
creciente,Loss Incurred,month,cumulative,Synthetic,Portfolio,Auto,2017-04,71,360069.02461834805
creciente,Loss Incurred,month,cumulative,Synthetic,Portfolio,Auto,2017-04,72,360093.14476641535
creciente,Loss Incurred,month,cumulative,Synthetic,Portfolio,Auto,2017-04,73,360114.3541936637
creciente,Loss Incurred,month,cumulative,Synthetic,Portfolio,Auto,2017-04,74,360133.0038631132
creciente,Loss Incurred,month,cumulative,Synthetic,Portfolio,Auto,2017-04,75,360149.40248608094
creciente,Loss Incurred,month,cumulative,Synthetic,Portfolio,Auto,2017-04,76,360163.82159379096
creciente,Loss Incurred,month,cumulative,Synthetic,Portfolio,Auto,2017-04,77,360176.5000036248
creciente,Loss Incurred,month,cumulative,Synthetic,Portfolio,Auto,2017-04,78,360187.64775150013
creciente,Loss Incurred,month,cumulative,Synthetic,Portfolio,Auto,2017-04,79,360197.44955358875
creciente,Loss Incurred,month,cumulative,Synthetic,Portfolio,Auto,2017-04,80,360206.0678532473
creciente,Loss Incurred,month,cumulative,Synthetic,Portfolio,Auto,2017-04,81,360213.64550250274
creciente,Loss Incurred,month,cumulative,Synthetic,Portfolio,Auto,2017-04,82,360220.3081216452
creciente,Loss Incurred,month,cumulative,Synthetic,Portfolio,Auto,2017-04,83,360226.1661753581
creciente,Loss Incurred,month,cumulative,Synthetic,Portfolio,Auto,2017-04,84,360231.3167992712
creciente,Loss Incurred,month,cumulative,Synthetic,Portfolio,Auto,2017-04,85,360235.8454068117
creciente,Loss Incurred,month,cumulative,Synthetic,Portfolio,Auto,2017-04,86,360239.8271026815
creciente,Loss Incurred,month,cumulative,Synthetic,Portfolio,Auto,2017-04,87,360243.3279261551
creciente,Loss Incurred,month,cumulative,Synthetic,Portfolio,Auto,2017-04,88,360246.4059446289
creciente,Loss Incurred,month,cumulative,Synthetic,Portfolio,Auto,2017-04,89,360249.1122154113
creciente,Loss Incurred,month,cumulative,Synthetic,Portfolio,Auto,2017-04,90,360251.49163159565
creciente,Loss Incurred,month,cumulative,Synthetic,Portfolio,Auto,2017-04,91,360253.58366595895
creciente,Loss Incurred,month,cumulative,Synthetic,Portfolio,Auto,2017-04,92,360255.42302515655
creciente,Loss Incurred,month,cumulative,Synthetic,Portfolio,Auto,2017-04,93,360257.04022501793
creciente,Loss Incurred,month,cumulative,Synthetic,Portfolio,Auto,2017-04,94,360258.4620964417
creciente,Loss Incurred,month,cumulative,Synthetic,Portfolio,Auto,2017-04,95,360259.7122302567
creciente,Loss Incurred,month,cumulative,Synthetic,Portfolio,Auto,2017-04,96,360260.81136840116
creciente,Loss Incurred,month,cumulative,Synthetic,Portfolio,Auto,2017-04,97,360261.77774789586
creciente,Loss Incurred,month,cumulative,Synthetic,Portfolio,Auto,2017-04,98,360262.6274032995
creciente,Loss Incurred,month,cumulative,Synthetic,Portfolio,Auto,2017-04,99,360263.37443265825
creciente,Loss Incurred,month,cumulative,Synthetic,Portfolio,Auto,2017-04,100,360264.03123134834
creciente,Loss Incurred,month,cumulative,Synthetic,Portfolio,Auto,2017-04,101,360264.60869769
creciente,Loss Incurred,month,cumulative,Synthetic,Portfolio,Auto,2017-04,102,360265.1164137364
creciente,Loss Incurred,month,cumulative,Synthetic,Portfolio,Auto,2017-04,103,360265.56280423386
creciente,Loss Incurred,month,cumulative,Synthetic,Portfolio,Auto,2017-04,104,360265.95527638873
creciente,Loss Incurred,month,cumulative,Synthetic,Portfolio,Auto,2017-05,0,71792.89067471691
creciente,Loss Incurred,month,cumulative,Synthetic,Portfolio,Auto,2017-05,1,78581.80234035477
creciente,Loss Incurred,month,cumulative,Synthetic,Portfolio,Auto,2017-05,2,85881.6990969463
creciente,Loss Incurred,month,cumulative,Synthetic,Portfolio,Auto,2017-05,3,93697.25687099372
creciente,Loss Incurred,month,cumulative,Synthetic,Portfolio,Auto,2017-05,4,102026.35375380875
creciente,Loss Incurred,month,cumulative,Synthetic,Portfolio,Auto,2017-05,5,110859.16774796658
creciente,Loss Incurred,month,cumulative,Synthetic,Portfolio,Auto,2017-05,6,120177.42300858475
creciente,Loss Incurred,month,cumulative,Synthetic,Portfolio,Auto,2017-05,7,129953.8529571566
creciente,Loss Incurred,month,cumulative,Synthetic,Portfolio,Auto,2017-05,8,140151.94636154926
creciente,Loss Incurred,month,cumulative,Synthetic,Portfolio,Auto,2017-05,9,150726.03331781275
creciente,Loss Incurred,month,cumulative,Synthetic,Portfolio,Auto,2017-05,10,161621.7515684966
creciente,Loss Incurred,month,cumulative,Synthetic,Portfolio,Auto,2017-05,11,172776.91026925607
creciente,Loss Incurred,month,cumulative,Synthetic,Portfolio,Auto,2017-05,12,184122.73983258905
creciente,Loss Incurred,month,cumulative,Synthetic,Portfolio,Auto,2017-05,13,195585.4855809498
creciente,Loss Incurred,month,cumulative,Synthetic,Portfolio,Auto,2017-05,14,207088.27316043922
creciente,Loss Incurred,month,cumulative,Synthetic,Portfolio,Auto,2017-05,15,218553.14878945285
creciente,Loss Incurred,month,cumulative,Synthetic,Portfolio,Auto,2017-05,16,229903.18083903243
creciente,Loss Incurred,month,cumulative,Synthetic,Portfolio,Auto,2017-05,17,241064.5033250622
creciente,Loss Incurred,month,cumulative,Synthetic,Portfolio,Auto,2017-05,18,251968.18749744902
creciente,Loss Incurred,month,cumulative,Synthetic,Portfolio,Auto,2017-05,19,262551.8440225516
creciente,Loss Incurred,month,cumulative,Synthetic,Portfolio,Auto,2017-05,20,272760.882946529
creciente,Loss Incurred,month,cumulative,Synthetic,Portfolio,Auto,2017-05,21,282549.38832421135
creciente,Loss Incurred,month,cumulative,Synthetic,Portfolio,Auto,2017-05,22,291880.5953136758
creciente,Loss Incurred,month,cumulative,Synthetic,Portfolio,Auto,2017-05,23,300726.9861267971
creciente,Loss Incurred,month,cumulative,Synthetic,Portfolio,Auto,2017-05,24,309070.0447176795
creciente,Loss Incurred,month,cumulative,Synthetic,Portfolio,Auto,2017-05,25,316899.7267906042
creciente,Loss Incurred,month,cumulative,Synthetic,Portfolio,Auto,2017-05,26,324213.7110658845
creciente,Loss Incurred,month,cumulative,Synthetic,Portfolio,Auto,2017-05,27,331016.50020119693
creciente,Loss Incurred,month,cumulative,Synthetic,Portfolio,Auto,2017-05,28,337318.436489649
creciente,Loss Incurred,month,cumulative,Synthetic,Portfolio,Auto,2017-05,29,343134.6899950876
creciente,Loss Incurred,month,cumulative,Synthetic,Portfolio,Auto,2017-05,30,348484.2667765623
creciente,Loss Incurred,month,cumulative,Synthetic,Portfolio,Auto,2017-05,31,353389.07378740155
creciente,Loss Incurred,month,cumulative,Synthetic,Portfolio,Auto,2017-05,32,357873.06611026824
creciente,Loss Incurred,month,cumulative,Synthetic,Portfolio,Auto,2017-05,33,361961.4922598758
creciente,Loss Incurred,month,cumulative,Synthetic,Portfolio,Auto,2017-05,34,365680.2448611022
creciente,Loss Incurred,month,cumulative,Synthetic,Portfolio,Auto,2017-05,35,369055.3173124576
creciente,Loss Incurred,month,cumulative,Synthetic,Portfolio,Auto,2017-05,36,372112.3620725915
creciente,Loss Incurred,month,cumulative,Synthetic,Portfolio,Auto,2017-05,37,374876.3428117436
creciente,Loss Incurred,month,cumulative,Synthetic,Portfolio,Auto,2017-05,38,377371.27061782195
creciente,Loss Incurred,month,cumulative,Synthetic,Portfolio,Auto,2017-05,39,379620.0134722394
creciente,Loss Incurred,month,cumulative,Synthetic,Portfolio,Auto,2017-05,40,381644.1680507843
creciente,Loss Incurred,month,cumulative,Synthetic,Portfolio,Auto,2017-05,41,383463.9833220379
creciente,Loss Incurred,month,cumulative,Synthetic,Portfolio,Auto,2017-05,42,385098.32620944554
creciente,Loss Incurred,month,cumulative,Synthetic,Portfolio,Auto,2017-05,43,386564.6805927813
creciente,Loss Incurred,month,cumulative,Synthetic,Portfolio,Auto,2017-05,44,387879.1720290038
creciente,Loss Incurred,month,cumulative,Synthetic,Portfolio,Auto,2017-05,45,389056.6116842922
creciente,Loss Incurred,month,cumulative,Synthetic,Portfolio,Auto,2017-05,46,390110.55402987474
creciente,Loss Incurred,month,cumulative,Synthetic,Portfolio,Auto,2017-05,47,391053.36382810853
creciente,Loss Incurred,month,cumulative,Synthetic,Portfolio,Auto,2017-05,48,391896.28880316217
creciente,Loss Incurred,month,cumulative,Synthetic,Portfolio,Auto,2017-05,49,392649.535145726
creciente,Loss Incurred,month,cumulative,Synthetic,Portfolio,Auto,2017-05,50,393322.34364493773
creciente,Loss Incurred,month,cumulative,Synthetic,Portfolio,Auto,2017-05,51,393923.064779866
creciente,Loss Incurred,month,cumulative,Synthetic,Portfolio,Auto,2017-05,52,394459.23154717445
creciente,Loss Incurred,month,cumulative,Synthetic,Portfolio,Auto,2017-05,53,394937.62916212046
creciente,Loss Incurred,month,cumulative,Synthetic,Portfolio,Auto,2017-05,54,395364.3610581973
creciente,Loss Incurred,month,cumulative,Synthetic,Portfolio,Auto,2017-05,55,395744.91083748545
creciente,Loss Incurred,month,cumulative,Synthetic,Portfolio,Auto,2017-05,56,396084.1999992335
creciente,Loss Incurred,month,cumulative,Synthetic,Portfolio,Auto,2017-05,57,396386.6414073769
creciente,Loss Incurred,month,cumulative,Synthetic,Portfolio,Auto,2017-05,58,396656.1885565306
creciente,Loss Incurred,month,cumulative,Synthetic,Portfolio,Auto,2017-05,59,396896.38076719164
creciente,Loss Incurred,month,cumulative,Synthetic,Portfolio,Auto,2017-05,60,397110.38449020125
creciente,Loss Incurred,month,cumulative,Synthetic,Portfolio,Auto,2017-05,61,397301.0309326484
creciente,Loss Incurred,month,cumulative,Synthetic,Portfolio,Auto,2017-05,62,397470.85023628565
creciente,Loss Incurred,month,cumulative,Synthetic,Portfolio,Auto,2017-05,63,397622.1024483179
creciente,Loss Incurred,month,cumulative,Synthetic,Portfolio,Auto,2017-05,64,397756.80552569043
creciente,Loss Incurred,month,cumulative,Synthetic,Portfolio,Auto,2017-05,65,397876.7606097692
creciente,Loss Incurred,month,cumulative,Synthetic,Portfolio,Auto,2017-05,66,397983.57480017765
creciente,Loss Incurred,month,cumulative,Synthetic,Portfolio,Auto,2017-05,67,398078.6816457936
creciente,Loss Incurred,month,cumulative,Synthetic,Portfolio,Auto,2017-05,68,398163.35955847555
creciente,Loss Incurred,month,cumulative,Synthetic,Portfolio,Auto,2017-05,69,398238.74834171584
creciente,Loss Incurred,month,cumulative,Synthetic,Portfolio,Auto,2017-05,70,398305.86401266983
creciente,Loss Incurred,month,cumulative,Synthetic,Portfolio,Auto,2017-05,71,398365.61208228336
creciente,Loss Incurred,month,cumulative,Synthetic,Portfolio,Auto,2017-05,72,398418.7994448306
creciente,Loss Incurred,month,cumulative,Synthetic,Portfolio,Auto,2017-05,73,398466.1450152851
creciente,Loss Incurred,month,cumulative,Synthetic,Portfolio,Auto,2017-05,74,398508.28924070875
creciente,Loss Incurred,month,cumulative,Synthetic,Portfolio,Auto,2017-05,75,398545.8026003474
creciente,Loss Incurred,month,cumulative,Synthetic,Portfolio,Auto,2017-05,76,398579.1931983964
creciente,Loss Incurred,month,cumulative,Synthetic,Portfolio,Auto,2017-05,77,398608.9135434666
creciente,Loss Incurred,month,cumulative,Synthetic,Portfolio,Auto,2017-05,78,398635.3665996403
creciente,Loss Incurred,month,cumulative,Synthetic,Portfolio,Auto,2017-05,79,398658.9111856107
creciente,Loss Incurred,month,cumulative,Synthetic,Portfolio,Auto,2017-05,80,398679.8667907442
creciente,Loss Incurred,month,cumulative,Synthetic,Portfolio,Auto,2017-05,81,398698.51786992594
creciente,Loss Incurred,month,cumulative,Synthetic,Portfolio,Auto,2017-05,82,398715.11767272284
creciente,Loss Incurred,month,cumulative,Synthetic,Portfolio,Auto,2017-05,83,398729.89165666193
creciente,Loss Incurred,month,cumulative,Synthetic,Portfolio,Auto,2017-05,84,398743.04052924487
creciente,Loss Incurred,month,cumulative,Synthetic,Portfolio,Auto,2017-05,85,398754.7429586455
creciente,Loss Incurred,month,cumulative,Synthetic,Portfolio,Auto,2017-05,86,398765.1579888321
creciente,Loss Incurred,month,cumulative,Synthetic,Portfolio,Auto,2017-05,87,398774.42719107063
creciente,Loss Incurred,month,cumulative,Synthetic,Portfolio,Auto,2017-05,88,398782.6765803671
creciente,Loss Incurred,month,cumulative,Synthetic,Portfolio,Auto,2017-05,89,398790.0183223614
creciente,Loss Incurred,month,cumulative,Synthetic,Portfolio,Auto,2017-05,90,398796.5522534489
creciente,Loss Incurred,month,cumulative,Synthetic,Portfolio,Auto,2017-05,91,398802.3672344583
creciente,Loss Incurred,month,cumulative,Synthetic,Portfolio,Auto,2017-05,92,398807.54235602764
creciente,Loss Incurred,month,cumulative,Synthetic,Portfolio,Auto,2017-05,93,398812.148011857
creciente,Loss Incurred,month,cumulative,Synthetic,Portfolio,Auto,2017-05,94,398816.2468542673
creciente,Loss Incurred,month,cumulative,Synthetic,Portfolio,Auto,2017-05,95,398819.8946449294
creciente,Loss Incurred,month,cumulative,Synthetic,Portfolio,Auto,2017-05,96,398823.14101223
creciente,Loss Incurred,month,cumulative,Synthetic,Portfolio,Auto,2017-05,97,398826.03012549516
creciente,Loss Incurred,month,cumulative,Synthetic,Portfolio,Auto,2017-05,98,398828.6012951768
creciente,Loss Incurred,month,cumulative,Synthetic,Portfolio,Auto,2017-05,99,398830.8895071157
creciente,Loss Incurred,month,cumulative,Synthetic,Portfolio,Auto,2017-05,100,398832.9258981094
creciente,Loss Incurred,month,cumulative,Synthetic,Portfolio,Auto,2017-05,101,398834.73817922187
creciente,Loss Incurred,month,cumulative,Synthetic,Portfolio,Auto,2017-05,102,398836.35101257084
creciente,Loss Incurred,month,cumulative,Synthetic,Portfolio,Auto,2017-05,103,398837.78634669713
creciente,Loss Incurred,month,cumulative,Synthetic,Portfolio,Auto,2017-06,0,60742.536931145005
creciente,Loss Incurred,month,cumulative,Synthetic,Portfolio,Auto,2017-06,1,65066.83513520508
creciente,Loss Incurred,month,cumulative,Synthetic,Portfolio,Auto,2017-06,2,69827.73322702502
creciente,Loss Incurred,month,cumulative,Synthetic,Portfolio,Auto,2017-06,3,75048.64834263951
creciente,Loss Incurred,month,cumulative,Synthetic,Portfolio,Auto,2017-06,4,80749.28650239899
creciente,Loss Incurred,month,cumulative,Synthetic,Portfolio,Auto,2017-06,5,86944.36761261051
creciente,Loss Incurred,month,cumulative,Synthetic,Portfolio,Auto,2017-06,6,93642.28147951503
creciente,Loss Incurred,month,cumulative,Synthetic,Portfolio,Auto,2017-06,7,100843.74197998263
creciente,Loss Incurred,month,cumulative,Synthetic,Portfolio,Auto,2017-06,8,108540.52621797583
creciente,Loss Incurred,month,cumulative,Synthetic,Portfolio,Auto,2017-06,9,116714.40161522024
creciente,Loss Incurred,month,cumulative,Synthetic,Portfolio,Auto,2017-06,10,125336.35286657957
creciente,Loss Incurred,month,cumulative,Synthetic,Portfolio,Auto,2017-06,11,134366.21892758162
creciente,Loss Incurred,month,cumulative,Synthetic,Portfolio,Auto,2017-06,12,143752.8348269783
creciente,Loss Incurred,month,cumulative,Synthetic,Portfolio,Auto,2017-06,13,153434.74288337526
creciente,Loss Incurred,month,cumulative,Synthetic,Portfolio,Auto,2017-06,14,163341.4940538533
creciente,Loss Incurred,month,cumulative,Synthetic,Portfolio,Auto,2017-06,15,173395.50668695202
creciente,Loss Incurred,month,cumulative,Synthetic,Portfolio,Auto,2017-06,16,183514.3935171683
creciente,Loss Incurred,month,cumulative,Synthetic,Portfolio,Auto,2017-06,17,193613.61655950075
creciente,Loss Incurred,month,cumulative,Synthetic,Portfolio,Auto,2017-06,18,203609.29190034396
creciente,Loss Incurred,month,cumulative,Synthetic,Portfolio,Auto,2017-06,19,213420.9486989256
creciente,Loss Incurred,month,cumulative,Synthetic,Portfolio,Auto,2017-06,20,222974.05214492863
creciente,Loss Incurred,month,cumulative,Synthetic,Portfolio,Auto,2017-06,21,232202.12769408926
creciente,Loss Incurred,month,cumulative,Synthetic,Portfolio,Auto,2017-06,22,241048.3687937652
creciente,Loss Incurred,month,cumulative,Synthetic,Portfolio,Auto,2017-06,23,249466.6649967004
creciente,Loss Incurred,month,cumulative,Synthetic,Portfolio,Auto,2017-06,24,257422.04337120347
creciente,Loss Incurred,month,cumulative,Synthetic,Portfolio,Auto,2017-06,25,264890.5657945824
creciente,Loss Incurred,month,cumulative,Synthetic,Portfolio,Auto,2017-06,26,271858.7625651394
creciente,Loss Incurred,month,cumulative,Synthetic,Portfolio,Auto,2017-06,27,278322.7060811424
creciente,Loss Incurred,month,cumulative,Synthetic,Portfolio,Auto,2017-06,28,284286.83711899625
creciente,Loss Incurred,month,cumulative,Synthetic,Portfolio,Auto,2017-06,29,289762.65259679704
creciente,Loss Incurred,month,cumulative,Synthetic,Portfolio,Auto,2017-06,30,294767.35095254844
creciente,Loss Incurred,month,cumulative,Synthetic,Portfolio,Auto,2017-06,31,299322.51307317615
creciente,Loss Incurred,month,cumulative,Synthetic,Portfolio,Auto,2017-06,32,303452.876439025
creciente,Loss Incurred,month,cumulative,Synthetic,Portfolio,Auto,2017-06,33,307185.240435539
creciente,Loss Incurred,month,cumulative,Synthetic,Portfolio,Auto,2017-06,34,310547.52339676965
creciente,Loss Incurred,month,cumulative,Synthetic,Portfolio,Auto,2017-06,35,313567.9778270328
creciente,Loss Incurred,month,cumulative,Synthetic,Portfolio,Auto,2017-06,36,316274.5596732235
creciente,Loss Incurred,month,cumulative,Synthetic,Portfolio,Auto,2017-06,37,318694.4402995049
creciente,Loss Incurred,month,cumulative,Synthetic,Portfolio,Auto,2017-06,38,320853.64548108523
creciente,Loss Incurred,month,cumulative,Synthetic,Portfolio,Auto,2017-06,39,322776.8036974712
creciente,Loss Incurred,month,cumulative,Synthetic,Portfolio,Auto,2017-06,40,324486.9856715185
creciente,Loss Incurred,month,cumulative,Synthetic,Portfolio,Auto,2017-06,41,326005.61793086503
creciente,Loss Incurred,month,cumulative,Synthetic,Portfolio,Auto,2017-06,42,327352.4547169076
creciente,Loss Incurred,month,cumulative,Synthetic,Portfolio,Auto,2017-06,43,328545.5944882704
creciente,Loss Incurred,month,cumulative,Synthetic,Portfolio,Auto,2017-06,44,329601.52931060095
creciente,Loss Incurred,month,cumulative,Synthetic,Portfolio,Auto,2017-06,45,330535.2174235135
creciente,Loss Incurred,month,cumulative,Synthetic,Portfolio,Auto,2017-06,46,331360.171124173
creciente,Loss Incurred,month,cumulative,Synthetic,Portfolio,Auto,2017-06,47,332088.55374933896
creciente,Loss Incurred,month,cumulative,Synthetic,Portfolio,Auto,2017-06,48,332731.2809518252
creciente,Loss Incurred,month,cumulative,Synthetic,Portfolio,Auto,2017-06,49,333298.12265417055
creciente,Loss Incurred,month,cumulative,Synthetic,Portfolio,Auto,2017-06,50,333797.8030365869
creciente,Loss Incurred,month,cumulative,Synthetic,Portfolio,Auto,2017-06,51,334238.09670025425
creciente,Loss Incurred,month,cumulative,Synthetic,Portfolio,Auto,2017-06,52,334625.91976609983
creciente,Loss Incurred,month,cumulative,Synthetic,Portfolio,Auto,2017-06,53,334967.4151489255
creciente,Loss Incurred,month,cumulative,Synthetic,Portfolio,Auto,2017-06,54,335268.03161120607
creciente,Loss Incurred,month,cumulative,Synthetic,Portfolio,Auto,2017-06,55,335532.5964717105
creciente,Loss Incurred,month,cumulative,Synthetic,Portfolio,Auto,2017-06,56,335765.3820401071
creciente,Loss Incurred,month,cumulative,Synthetic,Portfolio,Auto,2017-06,57,335970.16598587466
creciente,Loss Incurred,month,cumulative,Synthetic,Portfolio,Auto,2017-06,58,336150.2859413733
creciente,Loss Incurred,month,cumulative,Synthetic,Portfolio,Auto,2017-06,59,336308.68869568047
creciente,Loss Incurred,month,cumulative,Synthetic,Portfolio,Auto,2017-06,60,336447.97436645004
creciente,Loss Incurred,month,cumulative,Synthetic,Portfolio,Auto,2017-06,61,336570.4359485242
creciente,Loss Incurred,month,cumulative,Synthetic,Portfolio,Auto,2017-06,62,336678.0946357272
creciente,Loss Incurred,month,cumulative,Synthetic,Portfolio,Auto,2017-06,63,336772.7313003928
creciente,Loss Incurred,month,cumulative,Synthetic,Portfolio,Auto,2017-06,64,336855.9144969157
creciente,Loss Incurred,month,cumulative,Synthetic,Portfolio,Auto,2017-06,65,336929.0253333965
creciente,Loss Incurred,month,cumulative,Synthetic,Portfolio,Auto,2017-06,66,336993.2795310602
creciente,Loss Incurred,month,cumulative,Synthetic,Portfolio,Auto,2017-06,67,337049.74696586473
creciente,Loss Incurred,month,cumulative,Synthetic,Portfolio,Auto,2017-06,68,337099.3689615324
creciente,Loss Incurred,month,cumulative,Synthetic,Portfolio,Auto,2017-06,69,337142.9735787582
creciente,Loss Incurred,month,cumulative,Synthetic,Portfolio,Auto,2017-06,70,337181.28912201256
creciente,Loss Incurred,month,cumulative,Synthetic,Portfolio,Auto,2017-06,71,337214.95606342563
creciente,Loss Incurred,month,cumulative,Synthetic,Portfolio,Auto,2017-06,72,337244.53756285826
creciente,Loss Incurred,month,cumulative,Synthetic,Portfolio,Auto,2017-06,73,337270.52874449675
creciente,Loss Incurred,month,cumulative,Synthetic,Portfolio,Auto,2017-06,74,337293.3648731428
creciente,Loss Incurred,month,cumulative,Synthetic,Portfolio,Auto,2017-06,75,337313.42855777196
creciente,Loss Incurred,month,cumulative,Synthetic,Portfolio,Auto,2017-06,76,337331.0560958203
creciente,Loss Incurred,month,cumulative,Synthetic,Portfolio,Auto,2017-06,77,337346.54305895284
creciente,Loss Incurred,month,cumulative,Synthetic,Portfolio,Auto,2017-06,78,337360.14920965093
creciente,Loss Incurred,month,cumulative,Synthetic,Portfolio,Auto,2017-06,79,337372.10282775084
creciente,Loss Incurred,month,cumulative,Synthetic,Portfolio,Auto,2017-06,80,337382.6045169436
creciente,Loss Incurred,month,cumulative,Synthetic,Portfolio,Auto,2017-06,81,337391.8305531233
creciente,Loss Incurred,month,cumulative,Synthetic,Portfolio,Auto,2017-06,82,337399.9358292527
creciente,Loss Incurred,month,cumulative,Synthetic,Portfolio,Auto,2017-06,83,337407.0564449958
creciente,Loss Incurred,month,cumulative,Synthetic,Portfolio,Auto,2017-06,84,337413.3119836855
creciente,Loss Incurred,month,cumulative,Synthetic,Portfolio,Auto,2017-06,85,337418.80751415767
creciente,Loss Incurred,month,cumulative,Synthetic,Portfolio,Auto,2017-06,86,337423.63535052683
creciente,Loss Incurred,month,cumulative,Synthetic,Portfolio,Auto,2017-06,87,337427.8765990429
creciente,Loss Incurred,month,cumulative,Synthetic,Portfolio,Auto,2017-06,88,337431.6025176893
creciente,Loss Incurred,month,cumulative,Synthetic,Portfolio,Auto,2017-06,89,337434.87571111514
creciente,Loss Incurred,month,cumulative,Synthetic,Portfolio,Auto,2017-06,90,337437.751180782
creciente,Loss Incurred,month,cumulative,Synthetic,Portfolio,Auto,2017-06,91,337440.27724782546
creciente,Loss Incurred,month,cumulative,Synthetic,Portfolio,Auto,2017-06,92,337442.4963640211
creciente,Loss Incurred,month,cumulative,Synthetic,Portfolio,Auto,2017-06,93,337444.4458243958
creciente,Loss Incurred,month,cumulative,Synthetic,Portfolio,Auto,2017-06,94,337446.1583933911
creciente,Loss Incurred,month,cumulative,Synthetic,Portfolio,Auto,2017-06,95,337447.6628550492
creciente,Loss Incurred,month,cumulative,Synthetic,Portfolio,Auto,2017-06,96,337448.984496429
creciente,Loss Incurred,month,cumulative,Synthetic,Portfolio,Auto,2017-06,97,337450.1455323439
creciente,Loss Incurred,month,cumulative,Synthetic,Portfolio,Auto,2017-06,98,337451.1654785374
creciente,Loss Incurred,month,cumulative,Synthetic,Portfolio,Auto,2017-06,99,337452.06147955015
creciente,Loss Incurred,month,cumulative,Synthetic,Portfolio,Auto,2017-06,100,337452.8485967745
creciente,Loss Incurred,month,cumulative,Synthetic,Portfolio,Auto,2017-06,101,337453.54006152815
creciente,Loss Incurred,month,cumulative,Synthetic,Portfolio,Auto,2017-06,102,337454.14749739144
creciente,Loss Incurred,month,cumulative,Synthetic,Portfolio,Auto,2017-07,0,70233.87186155416
creciente,Loss Incurred,month,cumulative,Synthetic,Portfolio,Auto,2017-07,1,75655.26517607889
creciente,Loss Incurred,month,cumulative,Synthetic,Portfolio,Auto,2017-07,2,81615.87643510068
creciente,Loss Incurred,month,cumulative,Synthetic,Portfolio,Auto,2017-07,3,88141.31836641776
creciente,Loss Incurred,month,cumulative,Synthetic,Portfolio,Auto,2017-07,4,95251.69153973399
creciente,Loss Incurred,month,cumulative,Synthetic,Portfolio,Auto,2017-07,5,102959.94693934968
creciente,Loss Incurred,month,cumulative,Synthetic,Portfolio,Auto,2017-07,6,111270.21403584519
creciente,Loss Incurred,month,cumulative,Synthetic,Portfolio,Auto,2017-07,7,120176.19574133896
creciente,Loss Incurred,month,cumulative,Synthetic,Portfolio,Auto,2017-07,8,129659.75422810436
creciente,Loss Incurred,month,cumulative,Synthetic,Portfolio,Auto,2017-07,9,139689.82654741776
creciente,Loss Incurred,month,cumulative,Synthetic,Portfolio,Auto,2017-07,10,150221.81151536698
creciente,Loss Incurred,month,cumulative,Synthetic,Portfolio,Auto,2017-07,11,161197.55526875265
creciente,Loss Incurred,month,cumulative,Synthetic,Portfolio,Auto,2017-07,12,172546.02986619563
creciente,Loss Incurred,month,cumulative,Synthetic,Portfolio,Auto,2017-07,13,184184.74787659815
creciente,Loss Incurred,month,cumulative,Synthetic,Portfolio,Auto,2017-07,14,196021.89027390425
creciente,Loss Incurred,month,cumulative,Synthetic,Portfolio,Auto,2017-07,15,207959.05295878614
creciente,Loss Incurred,month,cumulative,Synthetic,Portfolio,Auto,2017-07,16,219894.44922615035
creciente,Loss Incurred,month,cumulative,Synthetic,Portfolio,Auto,2017-07,17,231726.3524774021
creciente,Loss Incurred,month,cumulative,Synthetic,Portfolio,Auto,2017-07,18,243356.53462856173
creciente,Loss Incurred,month,cumulative,Synthetic,Portfolio,Auto,2017-07,19,254693.45618746697
creciente,Loss Incurred,month,cumulative,Synthetic,Portfolio,Auto,2017-07,20,265654.99377018766
creciente,Loss Incurred,month,cumulative,Synthetic,Portfolio,Auto,2017-07,21,276170.5445342567
creciente,Loss Incurred,month,cumulative,Synthetic,Portfolio,Auto,2017-07,22,286182.4153321722
creciente,Loss Incurred,month,cumulative,Synthetic,Portfolio,Auto,2017-07,23,295646.4763296387
creciente,Loss Incurred,month,cumulative,Synthetic,Portfolio,Auto,2017-07,24,304532.1240776763
creciente,Loss Incurred,month,cumulative,Synthetic,Portfolio,Auto,2017-07,25,312821.6498736477
creciente,Loss Incurred,month,cumulative,Synthetic,Portfolio,Auto,2017-07,26,320509.1416093409
creciente,Loss Incurred,month,cumulative,Synthetic,Portfolio,Auto,2017-07,27,327599.0607417447
creciente,Loss Incurred,month,cumulative,Synthetic,Portfolio,Auto,2017-07,28,334104.6329871281
creciente,Loss Incurred,month,cumulative,Synthetic,Portfolio,Auto,2017-07,29,340046.1760380085
creciente,Loss Incurred,month,cumulative,Synthetic,Portfolio,Auto,2017-07,30,345449.46482751967
creciente,Loss Incurred,month,cumulative,Synthetic,Portfolio,Auto,2017-07,31,350344.2090637454
creciente,Loss Incurred,month,cumulative,Synthetic,Portfolio,Auto,2017-07,32,354762.6924564341
creciente,Loss Incurred,month,cumulative,Synthetic,Portfolio,Auto,2017-07,33,358738.6006470047
creciente,Loss Incurred,month,cumulative,Synthetic,Portfolio,Auto,2017-07,34,362306.0466193314
creciente,Loss Incurred,month,cumulative,Synthetic,Portfolio,Auto,2017-07,35,365498.7887095788
creciente,Loss Incurred,month,cumulative,Synthetic,Portfolio,Auto,2017-07,36,368349.6270163142
creciente,Loss Incurred,month,cumulative,Synthetic,Portfolio,Auto,2017-07,37,370889.95843402576
creciente,Loss Incurred,month,cumulative,Synthetic,Portfolio,Auto,2017-07,38,373149.46792882594
creciente,Loss Incurred,month,cumulative,Synthetic,Portfolio,Auto,2017-07,39,375155.933265953
creciente,Loss Incurred,month,cumulative,Synthetic,Portfolio,Auto,2017-07,40,376935.1214834192
creciente,Loss Incurred,month,cumulative,Synthetic,Portfolio,Auto,2017-07,41,378510.7574050981
creciente,Loss Incurred,month,cumulative,Synthetic,Portfolio,Auto,2017-07,42,379904.54695322184
creciente,Loss Incurred,month,cumulative,Synthetic,Portfolio,Auto,2017-07,43,381136.2406330258
creciente,Loss Incurred,month,cumulative,Synthetic,Portfolio,Auto,2017-07,44,382223.7251055511
creciente,Loss Incurred,month,cumulative,Synthetic,Portfolio,Auto,2017-07,45,383183.1331068153
creciente,Loss Incurred,month,cumulative,Synthetic,Portfolio,Auto,2017-07,46,384028.9640435195
creciente,Loss Incurred,month,cumulative,Synthetic,Portfolio,Auto,2017-07,47,384774.2093718201
creciente,Loss Incurred,month,cumulative,Synthetic,Portfolio,Auto,2017-07,48,385430.4783498461
creciente,Loss Incurred,month,cumulative,Synthetic,Portfolio,Auto,2017-07,49,386008.1209672969
creciente,Loss Incurred,month,cumulative,Synthetic,Portfolio,Auto,2017-07,50,386516.3458264479
creciente,Loss Incurred,month,cumulative,Synthetic,Portfolio,Auto,2017-07,51,386963.33151153947
creciente,Loss Incurred,month,cumulative,Synthetic,Portfolio,Auto,2017-07,52,387356.33057108393
creciente,Loss Incurred,month,cumulative,Synthetic,Portfolio,Auto,2017-07,53,387701.76568107685
creciente,Loss Incurred,month,cumulative,Synthetic,Portfolio,Auto,2017-07,54,388005.3178841174
creciente,Loss Incurred,month,cumulative,Synthetic,Portfolio,Auto,2017-07,55,388272.00703393074
creciente,Loss Incurred,month,cumulative,Synthetic,Portfolio,Auto,2017-07,56,388506.26473687234
creciente,Loss Incurred,month,cumulative,Synthetic,Portfolio,Auto,2017-07,57,388712.00018832134
creciente,Loss Incurred,month,cumulative,Synthetic,Portfolio,Auto,2017-07,58,388892.65936594683
creciente,Loss Incurred,month,cumulative,Synthetic,Portfolio,Auto,2017-07,59,389051.2780744499
creciente,Loss Incurred,month,cumulative,Synthetic,Portfolio,Auto,2017-07,60,389190.5293460861
creciente,Loss Incurred,month,cumulative,Synthetic,Portfolio,Auto,2017-07,61,389312.76569469465
creciente,Loss Incurred,month,cumulative,Synthetic,Portfolio,Auto,2017-07,62,389420.05670321867
creciente,Loss Incurred,month,cumulative,Synthetic,Portfolio,Auto,2017-07,63,389514.22239966807
creciente,Loss Incurred,month,cumulative,Synthetic,Portfolio,Auto,2017-07,64,389596.86284707347
creciente,Loss Incurred,month,cumulative,Synthetic,Portfolio,Auto,2017-07,65,389669.3843413262
creciente,Loss Incurred,month,cumulative,Synthetic,Portfolio,Auto,2017-07,66,389733.0225784593
creciente,Loss Incurred,month,cumulative,Synthetic,Portfolio,Auto,2017-07,67,389788.8631209643
creciente,Loss Incurred,month,cumulative,Synthetic,Portfolio,Auto,2017-07,68,389837.859461925
creciente,Loss Incurred,month,cumulative,Synthetic,Portfolio,Auto,2017-07,69,389880.8489565333
creciente,Loss Incurred,month,cumulative,Synthetic,Portfolio,Auto,2017-07,70,389918.5668632426
creciente,Loss Incurred,month,cumulative,Synthetic,Portfolio,Auto,2017-07,71,389951.65871154703
creciente,Loss Incurred,month,cumulative,Synthetic,Portfolio,Auto,2017-07,72,389980.69119018485
creciente,Loss Incurred,month,cumulative,Synthetic,Portfolio,Auto,2017-07,73,390006.1617284498
creciente,Loss Incurred,month,cumulative,Synthetic,Portfolio,Auto,2017-07,74,390028.50692414463
creciente,Loss Incurred,month,cumulative,Synthetic,Portfolio,Auto,2017-07,75,390048.10995445825
creciente,Loss Incurred,month,cumulative,Synthetic,Portfolio,Auto,2017-07,76,390065.30709054
creciente,Loss Incurred,month,cumulative,Synthetic,Portfolio,Auto,2017-07,77,390080.39342265716
creciente,Loss Incurred,month,cumulative,Synthetic,Portfolio,Auto,2017-07,78,390093.62789043674
creciente,Loss Incurred,month,cumulative,Synthetic,Portfolio,Auto,2017-07,79,390105.23770163977
creciente,Loss Incurred,month,cumulative,Synthetic,Portfolio,Auto,2017-07,80,390115.4222131122
creciente,Loss Incurred,month,cumulative,Synthetic,Portfolio,Auto,2017-07,81,390124.3563388406
creciente,Loss Incurred,month,cumulative,Synthetic,Portfolio,Auto,2017-07,82,390132.19354232965
creciente,Loss Incurred,month,cumulative,Synthetic,Portfolio,Auto,2017-07,83,390139.06846368616
creciente,Loss Incurred,month,cumulative,Synthetic,Portfolio,Auto,2017-07,84,390145.09922576265
creciente,Loss Incurred,month,cumulative,Synthetic,Portfolio,Auto,2017-07,85,390150.38945838314
creciente,Loss Incurred,month,cumulative,Synthetic,Portfolio,Auto,2017-07,86,390155.03007497056
creciente,Loss Incurred,month,cumulative,Synthetic,Portfolio,Auto,2017-07,87,390159.1008317532
creciente,Loss Incurred,month,cumulative,Synthetic,Portfolio,Auto,2017-07,88,390162.67169607256
creciente,Loss Incurred,month,cumulative,Synthetic,Portfolio,Auto,2017-07,89,390165.80404709914
creciente,Loss Incurred,month,cumulative,Synthetic,Portfolio,Auto,2017-07,90,390168.55172943557
creciente,Loss Incurred,month,cumulative,Synthetic,Portfolio,Auto,2017-07,91,390170.9619775891
creciente,Loss Incurred,month,cumulative,Synthetic,Portfolio,Auto,2017-07,92,390173.0762271142
creciente,Loss Incurred,month,cumulative,Synthetic,Portfolio,Auto,2017-07,93,390174.93082629354
creciente,Loss Incurred,month,cumulative,Synthetic,Portfolio,Auto,2017-07,94,390176.55766053393
creciente,Loss Incurred,month,cumulative,Synthetic,Portfolio,Auto,2017-07,95,390177.9847001736
creciente,Loss Incurred,month,cumulative,Synthetic,Portfolio,Auto,2017-07,96,390179.23648107966
creciente,Loss Incurred,month,cumulative,Synthetic,Portfolio,Auto,2017-07,97,390180.33452627796
creciente,Loss Incurred,month,cumulative,Synthetic,Portfolio,Auto,2017-07,98,390181.2977158408
creciente,Loss Incurred,month,cumulative,Synthetic,Portfolio,Auto,2017-07,99,390182.1426113803
creciente,Loss Incurred,month,cumulative,Synthetic,Portfolio,Auto,2017-07,100,390182.88374071347
creciente,Loss Incurred,month,cumulative,Synthetic,Portfolio,Auto,2017-07,101,390183.53384758387
creciente,Loss Incurred,month,cumulative,Synthetic,Portfolio,Auto,2017-08,0,62029.433685324664
creciente,Loss Incurred,month,cumulative,Synthetic,Portfolio,Auto,2017-08,1,68188.65480517098
creciente,Loss Incurred,month,cumulative,Synthetic,Portfolio,Auto,2017-08,2,74857.82593573279
creciente,Loss Incurred,month,cumulative,Synthetic,Portfolio,Auto,2017-08,3,82043.42704086316
creciente,Loss Incurred,month,cumulative,Synthetic,Portfolio,Auto,2017-08,4,89744.17856227864
creciente,Loss Incurred,month,cumulative,Synthetic,Portfolio,Auto,2017-08,5,97949.88432975444
creciente,Loss Incurred,month,cumulative,Synthetic,Portfolio,Auto,2017-08,6,106640.46913643398
creciente,Loss Incurred,month,cumulative,Synthetic,Portfolio,Auto,2017-08,7,115785.31150252109
creciente,Loss Incurred,month,cumulative,Synthetic,Portfolio,Auto,2017-08,8,125342.96852093616
creciente,Loss Incurred,month,cumulative,Synthetic,Portfolio,Auto,2017-08,9,135261.37422746822
creciente,Loss Incurred,month,cumulative,Synthetic,Portfolio,Auto,2017-08,10,145478.5649391306
creciente,Loss Incurred,month,cumulative,Synthetic,Portfolio,Auto,2017-08,11,155923.9457531105
creciente,Loss Incurred,month,cumulative,Synthetic,Portfolio,Auto,2017-08,12,166520.06546849053
creciente,Loss Incurred,month,cumulative,Synthetic,Portfolio,Auto,2017-08,13,177184.81818841732
creciente,Loss Incurred,month,cumulative,Synthetic,Portfolio,Auto,2017-08,14,187833.94560647104
creciente,Loss Incurred,month,cumulative,Synthetic,Portfolio,Auto,2017-08,15,198383.6812629558
creciente,Loss Incurred,month,cumulative,Synthetic,Portfolio,Auto,2017-08,16,208753.36219844932
creciente,Loss Incurred,month,cumulative,Synthetic,Portfolio,Auto,2017-08,17,218867.83709632987
creciente,Loss Incurred,month,cumulative,Synthetic,Portfolio,Auto,2017-08,18,228659.52257323283
creciente,Loss Incurred,month,cumulative,Synthetic,Portfolio,Auto,2017-08,19,238069.99698968677
creciente,Loss Incurred,month,cumulative,Synthetic,Portfolio,Auto,2017-08,20,247051.0679879158
creciente,Loss Incurred,month,cumulative,Synthetic,Portfolio,Auto,2017-08,21,255565.2989551087
creciente,Loss Incurred,month,cumulative,Synthetic,Portfolio,Auto,2017-08,22,263586.0242572936
creciente,Loss Incurred,month,cumulative,Synthetic,Portfolio,Auto,2017-08,23,271096.9184729189
creciente,Loss Incurred,month,cumulative,Synthetic,Portfolio,Auto,2017-08,24,278091.2082462738
creciente,Loss Incurred,month,cumulative,Synthetic,Portfolio,Auto,2017-08,25,284570.62628342793
creciente,Loss Incurred,month,cumulative,Synthetic,Portfolio,Auto,2017-08,26,290544.2067641755
creciente,Loss Incurred,month,cumulative,Synthetic,Portfolio,Auto,2017-08,27,296027.0125597261
creciente,Loss Incurred,month,cumulative,Synthetic,Portfolio,Auto,2017-08,28,301038.8701299424
creciente,Loss Incurred,month,cumulative,Synthetic,Portfolio,Auto,2017-08,29,305603.17073058075
creciente,Loss Incurred,month,cumulative,Synthetic,Portfolio,Auto,2017-08,30,309745.77900780225
creciente,Loss Incurred,month,cumulative,Synthetic,Portfolio,Auto,2017-08,31,313494.0739391299
creciente,Loss Incurred,month,cumulative,Synthetic,Portfolio,Auto,2017-08,32,316876.1334515426
creciente,Loss Incurred,month,cumulative,Synthetic,Portfolio,Auto,2017-08,33,319920.06336590793
creciente,Loss Incurred,month,cumulative,Synthetic,Portfolio,Auto,2017-08,34,322653.463589459
creciente,Loss Incurred,month,cumulative,Synthetic,Portfolio,Auto,2017-08,35,325103.01941750315
creciente,Loss Incurred,month,cumulative,Synthetic,Portfolio,Auto,2017-08,36,327294.20296818804
creciente,Loss Incurred,month,cumulative,Synthetic,Portfolio,Auto,2017-08,37,329251.068664651
creciente,Loss Incurred,month,cumulative,Synthetic,Portfolio,Auto,2017-08,38,330996.12682136416
creciente,Loss Incurred,month,cumulative,Synthetic,Portfolio,Auto,2017-08,39,332550.28037038597
creciente,Loss Incurred,month,cumulative,Synthetic,Portfolio,Auto,2017-08,40,333932.811241044
creciente,Loss Incurred,month,cumulative,Synthetic,Portfolio,Auto,2017-08,41,335161.40462596255
creciente,Loss Incurred,month,cumulative,Synthetic,Portfolio,Auto,2017-08,42,336252.2011429758
creciente,Loss Incurred,month,cumulative,Synthetic,Portfolio,Auto,2017-08,43,337219.868613148
creciente,Loss Incurred,month,cumulative,Synthetic,Portfolio,Auto,2017-08,44,338077.68674490834
creciente,Loss Incurred,month,cumulative,Synthetic,Portfolio,Auto,2017-08,45,338837.6394041386
creciente,Loss Incurred,month,cumulative,Synthetic,Portfolio,Auto,2017-08,46,339510.5103461453
creciente,Loss Incurred,month,cumulative,Synthetic,Portfolio,Auto,2017-08,47,340105.9792908008
creciente,Loss Incurred,month,cumulative,Synthetic,Portfolio,Auto,2017-08,48,340632.7160499653
creciente,Loss Incurred,month,cumulative,Synthetic,Portfolio,Auto,2017-08,49,341098.47108531074
creciente,Loss Incurred,month,cumulative,Synthetic,Portfolio,Auto,2017-08,50,341510.16140578367
creciente,Loss Incurred,month,cumulative,Synthetic,Portfolio,Auto,2017-08,51,341873.9511281451
creciente,Loss Incurred,month,cumulative,Synthetic,Portfolio,Auto,2017-08,52,342195.3263410429
creciente,Loss Incurred,month,cumulative,Synthetic,Portfolio,Auto,2017-08,53,342479.164150707
creciente,Loss Incurred,month,cumulative,Synthetic,Portfolio,Auto,2017-08,54,342729.7959601191
creciente,Loss Incurred,month,cumulative,Synthetic,Portfolio,Auto,2017-08,55,342951.06515665544
creciente,Loss Incurred,month,cumulative,Synthetic,Portfolio,Auto,2017-08,56,343146.3794667884
creciente,Loss Incurred,month,cumulative,Synthetic,Portfolio,Auto,2017-08,57,343318.758289565
creciente,Loss Incurred,month,cumulative,Synthetic,Portfolio,Auto,2017-08,58,343470.87535063777
creciente,Loss Incurred,month,cumulative,Synthetic,Portfolio,Auto,2017-08,59,343605.0970315069
creciente,Loss Incurred,month,cumulative,Synthetic,Portfolio,Auto,2017-08,60,343723.5167290125
creciente,Loss Incurred,month,cumulative,Synthetic,Portfolio,Auto,2017-08,61,343827.9855916437
creciente,Loss Incurred,month,cumulative,Synthetic,Portfolio,Auto,2017-08,62,343920.13996471826
creciente,Loss Incurred,month,cumulative,Synthetic,Portfolio,Auto,2017-08,63,344001.42585808947
creciente,Loss Incurred,month,cumulative,Synthetic,Portfolio,Auto,2017-08,64,344073.1207293655
creciente,Loss Incurred,month,cumulative,Synthetic,Portfolio,Auto,2017-08,65,344136.3528538793
creciente,Loss Incurred,month,cumulative,Synthetic,Portfolio,Auto,2017-08,66,344192.1185306924
creciente,Loss Incurred,month,cumulative,Synthetic,Portfolio,Auto,2017-08,67,344241.2973523643
creciente,Loss Incurred,month,cumulative,Synthetic,Portfolio,Auto,2017-08,68,344284.6657454966
creciente,Loss Incurred,month,cumulative,Synthetic,Portfolio,Auto,2017-08,69,344322.9089694281
creciente,Loss Incurred,month,cumulative,Synthetic,Portfolio,Auto,2017-08,70,344356.6317420926
creciente,Loss Incurred,month,cumulative,Synthetic,Portfolio,Auto,2017-08,71,344386.3676450204
creciente,Loss Incurred,month,cumulative,Synthetic,Portfolio,Auto,2017-08,72,344412.5874437956
creciente,Loss Incurred,month,cumulative,Synthetic,Portfolio,Auto,2017-08,73,344435.706445965
creciente,Loss Incurred,month,cumulative,Synthetic,Portfolio,Auto,2017-08,74,344456.09100536193
creciente,Loss Incurred,month,cumulative,Synthetic,Portfolio,Auto,2017-08,75,344474.06427001586
creciente,Loss Incurred,month,cumulative,Synthetic,Portfolio,Auto,2017-08,76,344489.91126017255
creciente,Loss Incurred,month,cumulative,Synthetic,Portfolio,Auto,2017-08,77,344503.8833533806
creciente,Loss Incurred,month,cumulative,Synthetic,Portfolio,Auto,2017-08,78,344516.20224500546
creciente,Loss Incurred,month,cumulative,Synthetic,Portfolio,Auto,2017-08,79,344527.06344485196
creciente,Loss Incurred,month,cumulative,Synthetic,Portfolio,Auto,2017-08,80,344536.63936370285
creciente,Loss Incurred,month,cumulative,Synthetic,Portfolio,Auto,2017-08,81,344545.08203746274
creciente,Loss Incurred,month,cumulative,Synthetic,Portfolio,Auto,2017-08,82,344552.52553113754
creciente,Loss Incurred,month,cumulative,Synthetic,Portfolio,Auto,2017-08,83,344559.08806003316
creciente,Loss Incurred,month,cumulative,Synthetic,Portfolio,Auto,2017-08,84,344564.87386124406
creciente,Loss Incurred,month,cumulative,Synthetic,Portfolio,Auto,2017-08,85,344569.9748446811
creciente,Loss Incurred,month,cumulative,Synthetic,Portfolio,Auto,2017-08,86,344574.47204949084
creciente,Loss Incurred,month,cumulative,Synthetic,Portfolio,Auto,2017-08,87,344578.4369287174
creciente,Loss Incurred,month,cumulative,Synthetic,Portfolio,Auto,2017-08,88,344581.9324823917
creciente,Loss Incurred,month,cumulative,Synthetic,Portfolio,Auto,2017-08,89,344585.0142568759
creciente,Loss Incurred,month,cumulative,Synthetic,Portfolio,Auto,2017-08,90,344587.7312262112
creciente,Loss Incurred,month,cumulative,Synthetic,Portfolio,Auto,2017-08,91,344590.1265693643
creciente,Loss Incurred,month,cumulative,Synthetic,Portfolio,Auto,2017-08,92,344592.2383556464
creciente,Loss Incurred,month,cumulative,Synthetic,Portfolio,Auto,2017-08,93,344594.1001491316
creciente,Loss Incurred,month,cumulative,Synthetic,Portfolio,Auto,2017-08,94,344595.74154163315
creciente,Loss Incurred,month,cumulative,Synthetic,Portfolio,Auto,2017-08,95,344597.1886226695
creciente,Loss Incurred,month,cumulative,Synthetic,Portfolio,Auto,2017-08,96,344598.46439385996
creciente,Loss Incurred,month,cumulative,Synthetic,Portfolio,Auto,2017-08,97,344599.5891343139
creciente,Loss Incurred,month,cumulative,Synthetic,Portfolio,Auto,2017-08,98,344600.58072280337
creciente,Loss Incurred,month,cumulative,Synthetic,Portfolio,Auto,2017-08,99,344601.4549218258
creciente,Loss Incurred,month,cumulative,Synthetic,Portfolio,Auto,2017-08,100,344602.22562806186
creciente,Loss Incurred,month,cumulative,Synthetic,Portfolio,Auto,2017-09,0,60356.18041718146
creciente,Loss Incurred,month,cumulative,Synthetic,Portfolio,Auto,2017-09,1,66124.93665341374
creciente,Loss Incurred,month,cumulative,Synthetic,Portfolio,Auto,2017-09,2,72359.43921913365
creciente,Loss Incurred,month,cumulative,Synthetic,Portfolio,Auto,2017-09,3,79066.15027756979
creciente,Loss Incurred,month,cumulative,Synthetic,Portfolio,Auto,2017-09,4,86244.97836232552
creciente,Loss Incurred,month,cumulative,Synthetic,Portfolio,Auto,2017-09,5,93888.29342419286
creciente,Loss Incurred,month,cumulative,Synthetic,Portfolio,Auto,2017-09,6,101980.08731868003
creciente,Loss Incurred,month,cumulative,Synthetic,Portfolio,Auto,2017-09,7,110495.35868986302
creciente,Loss Incurred,month,cumulative,Synthetic,Portfolio,Auto,2017-09,8,119399.79998589482
creciente,Loss Incurred,month,cumulative,Synthetic,Portfolio,Auto,2017-09,9,128649.85458546662
creciente,Loss Incurred,month,cumulative,Synthetic,Portfolio,Auto,2017-09,10,138193.19292553852
creciente,Loss Incurred,month,cumulative,Synthetic,Portfolio,Auto,2017-09,11,147969.6286398332
creciente,Loss Incurred,month,cumulative,Synthetic,Portfolio,Auto,2017-09,12,157912.46116943497
creciente,Loss Incurred,month,cumulative,Synthetic,Portfolio,Auto,2017-09,13,167950.19373571782
creciente,Loss Incurred,month,cumulative,Synthetic,Portfolio,Auto,2017-09,14,178008.53969900313
creciente,Loss Incurred,month,cumulative,Synthetic,Portfolio,Auto,2017-09,15,188012.60120044593
creciente,Loss Incurred,month,cumulative,Synthetic,Portfolio,Auto,2017-09,16,197889.08598607825
creciente,Loss Incurred,month,cumulative,Synthetic,Portfolio,Auto,2017-09,17,207568.4242651264
creciente,Loss Incurred,month,cumulative,Synthetic,Portfolio,Auto,2017-09,18,216986.65800572617
creciente,Loss Incurred,month,cumulative,Synthetic,Portfolio,Auto,2017-09,19,226086.99854387518
creciente,Loss Incurred,month,cumulative,Synthetic,Portfolio,Auto,2017-09,20,234820.98114858315
creciente,Loss Incurred,month,cumulative,Synthetic,Portfolio,Auto,2017-09,21,243149.1824467091
creciente,Loss Incurred,month,cumulative,Synthetic,Portfolio,Auto,2017-09,22,251041.50335526722
creciente,Loss Incurred,month,cumulative,Synthetic,Portfolio,Auto,2017-09,23,258477.0520797306
creciente,Loss Incurred,month,cumulative,Synthetic,Portfolio,Auto,2017-09,24,265443.6858230446
creciente,Loss Incurred,month,cumulative,Synthetic,Portfolio,Auto,2017-09,25,271937.2847134264
creciente,Loss Incurred,month,cumulative,Synthetic,Portfolio,Auto,2017-09,26,277960.83720593574
creciente,Loss Incurred,month,cumulative,Synthetic,Portfolio,Auto,2017-09,27,283523.4141088263
creciente,Loss Incurred,month,cumulative,Synthetic,Portfolio,Auto,2017-09,28,288639.10038834106
creciente,Loss Incurred,month,cumulative,Synthetic,Portfolio,Auto,2017-09,29,293325.94220153586
creciente,Loss Incurred,month,cumulative,Synthetic,Portfolio,Auto,2017-09,30,297604.95324182126
creciente,Loss Incurred,month,cumulative,Synthetic,Portfolio,Auto,2017-09,31,301499.2111248232
creciente,Loss Incurred,month,cumulative,Synthetic,Portfolio,Auto,2017-09,32,305033.06238030456
creciente,Loss Incurred,month,cumulative,Synthetic,Portfolio,Auto,2017-09,33,308231.444357146
creciente,Loss Incurred,month,cumulative,Synthetic,Portfolio,Auto,2017-09,34,311119.3242909156
creciente,Loss Incurred,month,cumulative,Synthetic,Portfolio,Auto,2017-09,35,313721.24991758005
creciente,Loss Incurred,month,cumulative,Synthetic,Portfolio,Auto,2017-09,36,316061.0021308984
creciente,Loss Incurred,month,cumulative,Synthetic,Portfolio,Auto,2017-09,37,318161.33795470704
creciente,Loss Incurred,month,cumulative,Synthetic,Portfolio,Auto,2017-09,38,320043.811177306
creciente,Loss Incurred,month,cumulative,Synthetic,Portfolio,Auto,2017-09,39,321728.6580280514
creciente,Loss Incurred,month,cumulative,Synthetic,Portfolio,Auto,2017-09,40,323234.7359613695
creciente,Loss Incurred,month,cumulative,Synthetic,Portfolio,Auto,2017-09,41,324579.5047001051
creciente,Loss Incurred,month,cumulative,Synthetic,Portfolio,Auto,2017-09,42,325779.03998423956
creciente,Loss Incurred,month,cumulative,Synthetic,Portfolio,Auto,2017-09,43,326848.0718306422
creciente,Loss Incurred,month,cumulative,Synthetic,Portfolio,Auto,2017-09,44,327800.0404373476
creciente,Loss Incurred,month,cumulative,Synthetic,Portfolio,Auto,2017-09,45,328647.16410032735
creciente,Loss Incurred,month,cumulative,Synthetic,Portfolio,Auto,2017-09,46,329400.5146175549
creciente,Loss Incurred,month,cumulative,Synthetic,Portfolio,Auto,2017-09,47,330070.09661967936
creciente,Loss Incurred,month,cumulative,Synthetic,Portfolio,Auto,2017-09,48,330664.92808761494
creciente,Loss Incurred,month,cumulative,Synthetic,Portfolio,Auto,2017-09,49,331193.12000218127
creciente,Loss Incurred,month,cumulative,Synthetic,Portfolio,Auto,2017-09,50,331661.9536318735
creciente,Loss Incurred,month,cumulative,Synthetic,Portfolio,Auto,2017-09,51,332077.9544165691
creciente,Loss Incurred,month,cumulative,Synthetic,Portfolio,Auto,2017-09,52,332446.9617627321
creciente,Loss Incurred,month,cumulative,Synthetic,Portfolio,Auto,2017-09,53,332774.19434421015
creciente,Loss Incurred,month,cumulative,Synthetic,Portfolio,Auto,2017-09,54,333064.3107156023
creciente,Loss Incurred,month,cumulative,Synthetic,Portfolio,Auto,2017-09,55,333321.465204494
creciente,Loss Incurred,month,cumulative,Synthetic,Portfolio,Auto,2017-09,56,333549.35916506406
creciente,Loss Incurred,month,cumulative,Synthetic,Portfolio,Auto,2017-09,57,333751.28775759024
creciente,Loss Incurred,month,cumulative,Synthetic,Portfolio,Auto,2017-09,58,333930.18247360113
creciente,Loss Incurred,month,cumulative,Synthetic,Portfolio,Auto,2017-09,59,334088.6496609858
creciente,Loss Incurred,month,cumulative,Synthetic,Portfolio,Auto,2017-09,60,334229.00532221893
creciente,Loss Incurred,month,cumulative,Synthetic,Portfolio,Auto,2017-09,61,334353.3064659801
creciente,Loss Incurred,month,cumulative,Synthetic,Portfolio,Auto,2017-09,62,334463.3792909997
creciente,Loss Incurred,month,cumulative,Synthetic,Portfolio,Auto,2017-09,63,334560.8444734366
creciente,Loss Incurred,month,cumulative,Synthetic,Portfolio,Auto,2017-09,64,334647.13981739973
creciente,Loss Incurred,month,cumulative,Synthetic,Portfolio,Auto,2017-09,65,334723.5405138627
creciente,Loss Incurred,month,cumulative,Synthetic,Portfolio,Auto,2017-09,66,334791.1772372843
creciente,Loss Incurred,month,cumulative,Synthetic,Portfolio,Auto,2017-09,67,334851.05229258747
creciente,Loss Incurred,month,cumulative,Synthetic,Portfolio,Auto,2017-09,68,334904.0540083671
creciente,Loss Incurred,month,cumulative,Synthetic,Portfolio,Auto,2017-09,69,334950.96955572633
creciente,Loss Incurred,month,cumulative,Synthetic,Portfolio,Auto,2017-09,70,334992.4963562829
creciente,Loss Incurred,month,cumulative,Synthetic,Portfolio,Auto,2017-09,71,335029.25222784426
creciente,Loss Incurred,month,cumulative,Synthetic,Portfolio,Auto,2017-09,72,335061.78440212685
creciente,Loss Incurred,month,cumulative,Synthetic,Portfolio,Auto,2017-09,73,335090.57753577473
creciente,Loss Incurred,month,cumulative,Synthetic,Portfolio,Auto,2017-09,74,335116.06082381535
creciente,Loss Incurred,month,cumulative,Synthetic,Portfolio,Auto,2017-09,75,335138.6143135735
creciente,Loss Incurred,month,cumulative,Synthetic,Portfolio,Auto,2017-09,76,335158.5745069272
creciente,Loss Incurred,month,cumulative,Synthetic,Portfolio,Auto,2017-09,77,335176.2393295584
creciente,Loss Incurred,month,cumulative,Synthetic,Portfolio,Auto,2017-09,78,335191.8725375068
creciente,Loss Incurred,month,cumulative,Synthetic,Portfolio,Auto,2017-09,79,335205.7076237919
creciente,Loss Incurred,month,cumulative,Synthetic,Portfolio,Auto,2017-09,80,335217.9512810716
creciente,Loss Incurred,month,cumulative,Synthetic,Portfolio,Auto,2017-09,81,335228.7864702117
creciente,Loss Incurred,month,cumulative,Synthetic,Portfolio,Auto,2017-09,82,335238.3751391572
creciente,Loss Incurred,month,cumulative,Synthetic,Portfolio,Auto,2017-09,83,335246.86063160055
creciente,Loss Incurred,month,cumulative,Synthetic,Portfolio,Auto,2017-09,84,335254.3698205595
creciente,Loss Incurred,month,cumulative,Synthetic,Portfolio,Auto,2017-09,85,335261.0149980612
creciente,Loss Incurred,month,cumulative,Synthetic,Portfolio,Auto,2017-09,86,335266.89554864116
creciente,Loss Incurred,month,cumulative,Synthetic,Portfolio,Auto,2017-09,87,335272.0994312565
creciente,Loss Incurred,month,cumulative,Synthetic,Portfolio,Auto,2017-09,88,335276.7044914381
creciente,Loss Incurred,month,cumulative,Synthetic,Portfolio,Auto,2017-09,89,335280.77962304896
creciente,Loss Incurred,month,cumulative,Synthetic,Portfolio,Auto,2017-09,90,335284.3857968211
creciente,Loss Incurred,month,cumulative,Synthetic,Portfolio,Auto,2017-09,91,335287.5769708959
creciente,Loss Incurred,month,cumulative,Synthetic,Portfolio,Auto,2017-09,92,335290.40089686774
creciente,Loss Incurred,month,cumulative,Synthetic,Portfolio,Auto,2017-09,93,335292.89983328903
creciente,Loss Incurred,month,cumulative,Synthetic,Portfolio,Auto,2017-09,94,335295.11117724003
creciente,Loss Incurred,month,cumulative,Synthetic,Portfolio,Auto,2017-09,95,335297.06802335044
creciente,Loss Incurred,month,cumulative,Synthetic,Portfolio,Auto,2017-09,96,335298.79965859314
creciente,Loss Incurred,month,cumulative,Synthetic,Portfolio,Auto,2017-09,97,335300.3320002172
creciente,Loss Incurred,month,cumulative,Synthetic,Portfolio,Auto,2017-09,98,335301.68798334524
creciente,Loss Incurred,month,cumulative,Synthetic,Portfolio,Auto,2017-09,99,335302.88790401426
creciente,Loss Incurred,month,cumulative,Synthetic,Portfolio,Auto,2017-10,0,57959.875685596504
creciente,Loss Incurred,month,cumulative,Synthetic,Portfolio,Auto,2017-10,1,63122.47303917952
creciente,Loss Incurred,month,cumulative,Synthetic,Portfolio,Auto,2017-10,2,68855.96643674068
creciente,Loss Incurred,month,cumulative,Synthetic,Portfolio,Auto,2017-10,3,75188.01870636747
creciente,Loss Incurred,month,cumulative,Synthetic,Portfolio,Auto,2017-10,4,82138.12268712348
creciente,Loss Incurred,month,cumulative,Synthetic,Portfolio,Auto,2017-10,5,89715.15615459232
creciente,Loss Incurred,month,cumulative,Synthetic,Portfolio,Auto,2017-10,6,97914.9715377115
creciente,Loss Incurred,month,cumulative,Synthetic,Portfolio,Auto,2017-10,7,106718.23477433778
creciente,Loss Incurred,month,cumulative,Synthetic,Portfolio,Auto,2017-10,8,116088.76397274769
creciente,Loss Incurred,month,cumulative,Synthetic,Portfolio,Auto,2017-10,9,125972.62875902723
creciente,Loss Incurred,month,cumulative,Synthetic,Portfolio,Auto,2017-10,10,136298.24417422508
creciente,Loss Incurred,month,cumulative,Synthetic,Portfolio,Auto,2017-10,11,146977.622422982
creciente,Loss Incurred,month,cumulative,Synthetic,Portfolio,Auto,2017-10,12,157908.83378283776
creciente,Loss Incurred,month,cumulative,Synthetic,Portfolio,Auto,2017-10,13,168979.5872364596
creciente,Loss Incurred,month,cumulative,Synthetic,Portfolio,Auto,2017-10,14,180071.69433476953
creciente,Loss Incurred,month,cumulative,Synthetic,Portfolio,Auto,2017-10,15,191066.05434362352
creciente,Loss Incurred,month,cumulative,Synthetic,Portfolio,Auto,2017-10,16,201847.72120230313
creciente,Loss Incurred,month,cumulative,Synthetic,Portfolio,Auto,2017-10,17,212310.60043463024
creciente,Loss Incurred,month,cumulative,Synthetic,Portfolio,Auto,2017-10,18,222361.3797114848
creciente,Loss Incurred,month,cumulative,Synthetic,Portfolio,Auto,2017-10,19,231922.40779614518
creciente,Loss Incurred,month,cumulative,Synthetic,Portfolio,Auto,2017-10,20,240933.37923190487
creciente,Loss Incurred,month,cumulative,Synthetic,Portfolio,Auto,2017-10,21,249351.82811844035
creciente,Loss Incurred,month,cumulative,Synthetic,Portfolio,Auto,2017-10,22,257152.55860276363
creciente,Loss Incurred,month,cumulative,Synthetic,Portfolio,Auto,2017-10,23,264326.2258428094
creciente,Loss Incurred,month,cumulative,Synthetic,Portfolio,Auto,2017-10,24,270877.32341698906
creciente,Loss Incurred,month,cumulative,Synthetic,Portfolio,Auto,2017-10,25,276821.8351285678
creciente,Loss Incurred,month,cumulative,Synthetic,Portfolio,Auto,2017-10,26,282184.78074125363
creciente,Loss Incurred,month,cumulative,Synthetic,Portfolio,Auto,2017-10,27,286997.83861034864
creciente,Loss Incurred,month,cumulative,Synthetic,Portfolio,Auto,2017-10,28,291297.17491623934
creciente,Loss Incurred,month,cumulative,Synthetic,Portfolio,Auto,2017-10,29,295121.5580924265
creciente,Loss Incurred,month,cumulative,Synthetic,Portfolio,Auto,2017-10,30,298510.793604996
creciente,Loss Incurred,month,cumulative,Synthetic,Portfolio,Auto,2017-10,31,301504.4809909506
creciente,Loss Incurred,month,cumulative,Synthetic,Portfolio,Auto,2017-10,32,304141.07221774437
creciente,Loss Incurred,month,cumulative,Synthetic,Portfolio,Auto,2017-10,33,306457.1967757562
creciente,Loss Incurred,month,cumulative,Synthetic,Portfolio,Auto,2017-10,34,308487.2125712283
creciente,Loss Incurred,month,cumulative,Synthetic,Portfolio,Auto,2017-10,35,310262.94062635687
creciente,Loss Incurred,month,cumulative,Synthetic,Portfolio,Auto,2017-10,36,311813.5439868179
creciente,Loss Incurred,month,cumulative,Synthetic,Portfolio,Auto,2017-10,37,313165.5156048319
creciente,Loss Incurred,month,cumulative,Synthetic,Portfolio,Auto,2017-10,38,314342.74521177163
creciente,Loss Incurred,month,cumulative,Synthetic,Portfolio,Auto,2017-10,39,315366.64057236473
creciente,Loss Incurred,month,cumulative,Synthetic,Portfolio,Auto,2017-10,40,316256.28356195486
creciente,Loss Incurred,month,cumulative,Synthetic,Portfolio,Auto,2017-10,41,317028.6059814831
creciente,Loss Incurred,month,cumulative,Synthetic,Portfolio,Auto,2017-10,42,317698.5738221675
creciente,Loss Incurred,month,cumulative,Synthetic,Portfolio,Auto,2017-10,43,318279.3718084662
creciente,Loss Incurred,month,cumulative,Synthetic,Portfolio,Auto,2017-10,44,318782.58253412676
creciente,Loss Incurred,month,cumulative,Synthetic,Portfolio,Auto,2017-10,45,319218.35643962835
creciente,Loss Incurred,month,cumulative,Synthetic,Portfolio,Auto,2017-10,46,319595.5703469976
creciente,Loss Incurred,month,cumulative,Synthetic,Portfolio,Auto,2017-10,47,319921.97335490806
creciente,Loss Incurred,month,cumulative,Synthetic,Portfolio,Auto,2017-10,48,320204.3196804459
creciente,Loss Incurred,month,cumulative,Synthetic,Portfolio,Auto,2017-10,49,320448.48858081456
creciente,Loss Incurred,month,cumulative,Synthetic,Portfolio,Auto,2017-10,50,320659.5918543614
creciente,Loss Incurred,month,cumulative,Synthetic,Portfolio,Auto,2017-10,51,320842.0696509699
creciente,Loss Incurred,month,cumulative,Synthetic,Portfolio,Auto,2017-10,52,320999.7754530845
creciente,Loss Incurred,month,cumulative,Synthetic,Portfolio,Auto,2017-10,53,321136.05114848324
creciente,Loss Incurred,month,cumulative,Synthetic,Portfolio,Auto,2017-10,54,321253.7931258825
creciente,Loss Incurred,month,cumulative,Synthetic,Portfolio,Auto,2017-10,55,321355.5103007682
creciente,Loss Incurred,month,cumulative,Synthetic,Portfolio,Auto,2017-10,56,321443.37493350916
creciente,Loss Incurred,month,cumulative,Synthetic,Portfolio,Auto,2017-10,57,321519.2670435999
creciente,Loss Incurred,month,cumulative,Synthetic,Portfolio,Auto,2017-10,58,321584.81315907475
creciente,Loss Incurred,month,cumulative,Synthetic,Portfolio,Auto,2017-10,59,321641.42007311067
creciente,Loss Incurred,month,cumulative,Synthetic,Portfolio,Auto,2017-10,60,321690.3042135807
creciente,Loss Incurred,month,cumulative,Synthetic,Portfolio,Auto,2017-10,61,321732.5171677692
creciente,Loss Incurred,month,cumulative,Synthetic,Portfolio,Auto,2017-10,62,321768.96784479823
creciente,Loss Incurred,month,cumulative,Synthetic,Portfolio,Auto,2017-10,63,321800.441703197
creciente,Loss Incurred,month,cumulative,Synthetic,Portfolio,Auto,2017-10,64,321827.6174207456
creciente,Loss Incurred,month,cumulative,Synthetic,Portfolio,Auto,2017-10,65,321851.08133825695
creciente,Loss Incurred,month,cumulative,Synthetic,Portfolio,Auto,2017-10,66,321871.3399681762
creciente,Loss Incurred,month,cumulative,Synthetic,Portfolio,Auto,2017-10,67,321888.83082251786
creciente,Loss Incurred,month,cumulative,Synthetic,Portfolio,Auto,2017-10,68,321903.9317824135
creciente,Loss Incurred,month,cumulative,Synthetic,Portfolio,Auto,2017-10,69,321916.96920306026
creciente,Loss Incurred,month,cumulative,Synthetic,Portfolio,Auto,2017-10,70,321928.22492278495
creciente,Loss Incurred,month,cumulative,Synthetic,Portfolio,Auto,2017-10,71,321937.94232293725
creciente,Loss Incurred,month,cumulative,Synthetic,Portfolio,Auto,2017-10,72,321946.3315660579
creciente,Loss Incurred,month,cumulative,Synthetic,Portfolio,Auto,2017-10,73,321953.574122936
creciente,Loss Incurred,month,cumulative,Synthetic,Portfolio,Auto,2017-10,74,321959.8266844872
creciente,Loss Incurred,month,cumulative,Synthetic,Portfolio,Auto,2017-10,75,321965.22454159765
creciente,Loss Incurred,month,cumulative,Synthetic,Portfolio,Auto,2017-10,76,321969.88450495695
creciente,Loss Incurred,month,cumulative,Synthetic,Portfolio,Auto,2017-10,77,321973.90742723976
creciente,Loss Incurred,month,cumulative,Synthetic,Portfolio,Auto,2017-10,78,321977.38038160425
creciente,Loss Incurred,month,cumulative,Synthetic,Portfolio,Auto,2017-10,79,321980.3785432006
creciente,Loss Incurred,month,cumulative,Synthetic,Portfolio,Auto,2017-10,80,321982.9668140748
creciente,Loss Incurred,month,cumulative,Synthetic,Portfolio,Auto,2017-10,81,321985.2012263846
creciente,Loss Incurred,month,cumulative,Synthetic,Portfolio,Auto,2017-10,82,321987.1301541185
creciente,Loss Incurred,month,cumulative,Synthetic,Portfolio,Auto,2017-10,83,321988.79535940505
creciente,Loss Incurred,month,cumulative,Synthetic,Portfolio,Auto,2017-10,84,321990.23289596307
creciente,Loss Incurred,month,cumulative,Synthetic,Portfolio,Auto,2017-10,85,321991.47388917283
creciente,Loss Incurred,month,cumulative,Synthetic,Portfolio,Auto,2017-10,86,321992.54520959995
creciente,Loss Incurred,month,cumulative,Synthetic,Portfolio,Auto,2017-10,87,321993.4700545124
creciente,Loss Incurred,month,cumulative,Synthetic,Portfolio,Auto,2017-10,88,321994.2684499481
creciente,Loss Incurred,month,cumulative,Synthetic,Portfolio,Auto,2017-10,89,321994.95768418186
creciente,Loss Incurred,month,cumulative,Synthetic,Portfolio,Auto,2017-10,90,321995.5526819586
creciente,Loss Incurred,month,cumulative,Synthetic,Portfolio,Auto,2017-10,91,321996.0663275829
creciente,Loss Incurred,month,cumulative,Synthetic,Portfolio,Auto,2017-10,92,321996.50974385353
creciente,Loss Incurred,month,cumulative,Synthetic,Portfolio,Auto,2017-10,93,321996.8925328709
creciente,Loss Incurred,month,cumulative,Synthetic,Portfolio,Auto,2017-10,94,321997.2229839317
creciente,Loss Incurred,month,cumulative,Synthetic,Portfolio,Auto,2017-10,95,321997.5082530053
creciente,Loss Incurred,month,cumulative,Synthetic,Portfolio,Auto,2017-10,96,321997.75451767584
creciente,Loss Incurred,month,cumulative,Synthetic,Portfolio,Auto,2017-10,97,321997.9671109046
creciente,Loss Incurred,month,cumulative,Synthetic,Portfolio,Auto,2017-10,98,321998.15063650487
creciente,Loss Incurred,month,cumulative,Synthetic,Portfolio,Auto,2017-11,0,72248.89961524741
creciente,Loss Incurred,month,cumulative,Synthetic,Portfolio,Auto,2017-11,1,79002.97619578357
creciente,Loss Incurred,month,cumulative,Synthetic,Portfolio,Auto,2017-11,2,86413.23616414859
creciente,Loss Incurred,month,cumulative,Synthetic,Portfolio,Auto,2017-11,3,94500.63263635995
creciente,Loss Incurred,month,cumulative,Synthetic,Portfolio,Auto,2017-11,4,103276.35747839294
creciente,Loss Incurred,month,cumulative,Synthetic,Portfolio,Auto,2017-11,5,112739.68852321994
creciente,Loss Incurred,month,cumulative,Synthetic,Portfolio,Auto,2017-11,6,122876.00037904091
creciente,Loss Incurred,month,cumulative,Synthetic,Portfolio,Auto,2017-11,7,133655.12570226248
creciente,Loss Incurred,month,cumulative,Synthetic,Portfolio,Auto,2017-11,8,145030.26752118344
creciente,Loss Incurred,month,cumulative,Synthetic,Portfolio,Auto,2017-11,9,156937.65429584682
creciente,Loss Incurred,month,cumulative,Synthetic,Portfolio,Auto,2017-11,10,169297.09256449487
creciente,Loss Incurred,month,cumulative,Synthetic,Portfolio,Auto,2017-11,11,182013.50603616927
creciente,Loss Incurred,month,cumulative,Synthetic,Portfolio,Auto,2017-11,12,194979.459345301
creciente,Loss Incurred,month,cumulative,Synthetic,Portfolio,Auto,2017-11,13,208078.56007571483
creciente,Loss Incurred,month,cumulative,Synthetic,Portfolio,Auto,2017-11,14,221189.5297245482
creciente,Loss Incurred,month,cumulative,Synthetic,Portfolio,Auto,2017-11,15,234190.65062884538
creciente,Loss Incurred,month,cumulative,Synthetic,Portfolio,Auto,2017-11,16,246964.24705826456
creciente,Loss Incurred,month,cumulative,Synthetic,Portfolio,Auto,2017-11,17,259400.85417946466
creciente,Loss Incurred,month,cumulative,Synthetic,Portfolio,Auto,2017-11,18,271402.7693103266
creciente,Loss Incurred,month,cumulative,Synthetic,Portfolio,Auto,2017-11,19,282886.75784610596
creciente,Loss Incurred,month,cumulative,Synthetic,Portfolio,Auto,2017-11,20,293785.7868055154
creciente,Loss Incurred,month,cumulative,Synthetic,Portfolio,Auto,2017-11,21,304049.76456468273
creciente,Loss Incurred,month,cumulative,Synthetic,Portfolio,Auto,2017-11,22,313645.3597208005
creciente,Loss Incurred,month,cumulative,Synthetic,Portfolio,Auto,2017-11,23,322555.0433521928
creciente,Loss Incurred,month,cumulative,Synthetic,Portfolio,Auto,2017-11,24,330775.54150204273
creciente,Loss Incurred,month,cumulative,Synthetic,Portfolio,Auto,2017-11,25,338315.89871989115
creciente,Loss Incurred,month,cumulative,Synthetic,Portfolio,Auto,2017-11,26,345195.3436316132
creciente,Loss Incurred,month,cumulative,Synthetic,Portfolio,Auto,2017-11,27,351441.12089796044
creciente,Loss Incurred,month,cumulative,Synthetic,Portfolio,Auto,2017-11,28,357086.41817841877
creciente,Loss Incurred,month,cumulative,Synthetic,Portfolio,Auto,2017-11,29,362168.4785105036
creciente,Loss Incurred,month,cumulative,Synthetic,Portfolio,Auto,2017-11,30,366726.95279112726
creciente,Loss Incurred,month,cumulative,Synthetic,Portfolio,Auto,2017-11,31,370802.5168403366
creciente,Loss Incurred,month,cumulative,Synthetic,Portfolio,Auto,2017-11,32,374435.75417669135
creciente,Loss Incurred,month,cumulative,Synthetic,Portfolio,Auto,2017-11,33,377666.28920123744
creciente,Loss Incurred,month,cumulative,Synthetic,Portfolio,Auto,2017-11,34,380532.1452258717
creciente,Loss Incurred,month,cumulative,Synthetic,Portfolio,Auto,2017-11,35,383069.2965384067
creciente,Loss Incurred,month,cumulative,Synthetic,Portfolio,Auto,2017-11,36,385311.3822124847
creciente,Loss Incurred,month,cumulative,Synthetic,Portfolio,Auto,2017-11,37,387289.550474532
creciente,Loss Incurred,month,cumulative,Synthetic,Portfolio,Auto,2017-11,38,389032.4051484229
creciente,Loss Incurred,month,cumulative,Synthetic,Portfolio,Auto,2017-11,39,390566.02924873884
creciente,Loss Incurred,month,cumulative,Synthetic,Portfolio,Auto,2017-11,40,391914.0646356145
creciente,Loss Incurred,month,cumulative,Synthetic,Portfolio,Auto,2017-11,41,393097.83041113673
creciente,Loss Incurred,month,cumulative,Synthetic,Portfolio,Auto,2017-11,42,394136.46620668785
creciente,Loss Incurred,month,cumulative,Synthetic,Portfolio,Auto,2017-11,43,395047.089567055
creciente,Loss Incurred,month,cumulative,Synthetic,Portfolio,Auto,2017-11,44,395844.95923922467
creciente,Loss Incurred,month,cumulative,Synthetic,Portfolio,Auto,2017-11,45,396543.6383280756
creciente,Loss Incurred,month,cumulative,Synthetic,Portfolio,Auto,2017-11,46,397155.1530223181
creciente,Loss Incurred,month,cumulative,Synthetic,Portfolio,Auto,2017-11,47,397690.1439708585
creciente,Loss Incurred,month,cumulative,Synthetic,Portfolio,Auto,2017-11,48,398158.0084559808
creciente,Loss Incurred,month,cumulative,Synthetic,Portfolio,Auto,2017-11,49,398567.0323180745
creciente,Loss Incurred,month,cumulative,Synthetic,Portfolio,Auto,2017-11,50,398924.51118557807
creciente,Loss Incurred,month,cumulative,Synthetic,Portfolio,Auto,2017-11,51,399236.8609959635
creciente,Loss Incurred,month,cumulative,Synthetic,Portfolio,Auto,2017-11,52,399509.718095229
creciente,Loss Incurred,month,cumulative,Synthetic,Portfolio,Auto,2017-11,53,399748.0294045996
creciente,Loss Incurred,month,cumulative,Synthetic,Portfolio,Auto,2017-11,54,399956.13326842757
creciente,Loss Incurred,month,cumulative,Synthetic,Portfolio,Auto,2017-11,55,400137.8316662065
creciente,Loss Incurred,month,cumulative,Synthetic,Portfolio,Auto,2017-11,56,400296.45449953264
creciente,Loss Incurred,month,cumulative,Synthetic,Portfolio,Auto,2017-11,57,400434.91666372895
creciente,Loss Incurred,month,cumulative,Synthetic,Portfolio,Auto,2017-11,58,400555.7685927919
creciente,Loss Incurred,month,cumulative,Synthetic,Portfolio,Auto,2017-11,59,400661.2409322455
creciente,Loss Incurred,month,cumulative,Synthetic,Portfolio,Auto,2017-11,60,400753.2839524884
creciente,Loss Incurred,month,cumulative,Synthetic,Portfolio,Auto,2017-11,61,400833.6022690456
creciente,Loss Incurred,month,cumulative,Synthetic,Portfolio,Auto,2017-11,62,400903.6853884725
creciente,Loss Incurred,month,cumulative,Synthetic,Portfolio,Auto,2017-11,63,400964.8345513505
creciente,Loss Incurred,month,cumulative,Synthetic,Portfolio,Auto,2017-11,64,401018.18629814446
creciente,Loss Incurred,month,cumulative,Synthetic,Portfolio,Auto,2017-11,65,401064.73314045504
creciente,Loss Incurred,month,cumulative,Synthetic,Portfolio,Auto,2017-11,66,401105.3416798692
creciente,Loss Incurred,month,cumulative,Synthetic,Portfolio,Auto,2017-11,67,401140.76847942855
creciente,Loss Incurred,month,cumulative,Synthetic,Portfolio,Auto,2017-11,68,401171.6739587647
creciente,Loss Incurred,month,cumulative,Synthetic,Portfolio,Auto,2017-11,69,401198.6345531385
creciente,Loss Incurred,month,cumulative,Synthetic,Portfolio,Auto,2017-11,70,401222.15334883827
creciente,Loss Incurred,month,cumulative,Synthetic,Portfolio,Auto,2017-11,71,401242.66938248114
creciente,Loss Incurred,month,cumulative,Synthetic,Portfolio,Auto,2017-11,72,401260.5657694877
creciente,Loss Incurred,month,cumulative,Synthetic,Portfolio,Auto,2017-11,73,401276.1768071873
creciente,Loss Incurred,month,cumulative,Synthetic,Portfolio,Auto,2017-11,74,401289.7941804102
creciente,Loss Incurred,month,cumulative,Synthetic,Portfolio,Auto,2017-11,75,401301.6723818354
creciente,Loss Incurred,month,cumulative,Synthetic,Portfolio,Auto,2017-11,76,401312.03344560164
creciente,Loss Incurred,month,cumulative,Synthetic,Portfolio,Auto,2017-11,77,401321.0710805281
creciente,Loss Incurred,month,cumulative,Synthetic,Portfolio,Auto,2017-11,78,401328.95427860034
creciente,Loss Incurred,month,cumulative,Synthetic,Portfolio,Auto,2017-11,79,401335.8304649593
creciente,Loss Incurred,month,cumulative,Synthetic,Portfolio,Auto,2017-11,80,401341.82824736106
creciente,Loss Incurred,month,cumulative,Synthetic,Portfolio,Auto,2017-11,81,401347.0598158177
creciente,Loss Incurred,month,cumulative,Synthetic,Portfolio,Auto,2017-11,82,401351.6230367605
creciente,Loss Incurred,month,cumulative,Synthetic,Portfolio,Auto,2017-11,83,401355.6032804843
creciente,Loss Incurred,month,cumulative,Synthetic,Portfolio,Auto,2017-11,84,401359.07501574996
creciente,Loss Incurred,month,cumulative,Synthetic,Portfolio,Auto,2017-11,85,401362.10320113454
creciente,Loss Incurred,month,cumulative,Synthetic,Portfolio,Auto,2017-11,86,401364.7444989848
creciente,Loss Incurred,month,cumulative,Synthetic,Portfolio,Auto,2017-11,87,401367.0483345458
creciente,Loss Incurred,month,cumulative,Synthetic,Portfolio,Auto,2017-11,88,401369.0578199809
creciente,Loss Incurred,month,cumulative,Synthetic,Portfolio,Auto,2017-11,89,401370.8105604924
creciente,Loss Incurred,month,cumulative,Synthetic,Portfolio,Auto,2017-11,90,401372.3393575671
creciente,Loss Incurred,month,cumulative,Synthetic,Portfolio,Auto,2017-11,91,401373.67282246327
creciente,Loss Incurred,month,cumulative,Synthetic,Portfolio,Auto,2017-11,92,401374.83591138164
creciente,Loss Incurred,month,cumulative,Synthetic,Portfolio,Auto,2017-11,93,401375.85039231204
creciente,Loss Incurred,month,cumulative,Synthetic,Portfolio,Auto,2017-11,94,401376.73525227094
creciente,Loss Incurred,month,cumulative,Synthetic,Portfolio,Auto,2017-11,95,401377.507052537
creciente,Loss Incurred,month,cumulative,Synthetic,Portfolio,Auto,2017-11,96,401378.1802385214
creciente,Loss Incurred,month,cumulative,Synthetic,Portfolio,Auto,2017-11,97,401378.76741006254
creciente,Loss Incurred,month,cumulative,Synthetic,Portfolio,Auto,2017-12,0,65683.87140690265
creciente,Loss Incurred,month,cumulative,Synthetic,Portfolio,Auto,2017-12,1,70951.400356494
creciente,Loss Incurred,month,cumulative,Synthetic,Portfolio,Auto,2017-12,2,76771.14808889755
creciente,Loss Incurred,month,cumulative,Synthetic,Portfolio,Auto,2017-12,3,83170.85531002554
creciente,Loss Incurred,month,cumulative,Synthetic,Portfolio,Auto,2017-12,4,90172.04546001395
creciente,Loss Incurred,month,cumulative,Synthetic,Portfolio,Auto,2017-12,5,97788.08402748499
creciente,Loss Incurred,month,cumulative,Synthetic,Portfolio,Auto,2017-12,6,106022.20030774093
creciente,Loss Incurred,month,cumulative,Synthetic,Portfolio,Auto,2017-12,7,114865.60581865204
creciente,Loss Incurred,month,cumulative,Synthetic,Portfolio,Auto,2017-12,8,124295.87361595308
creciente,Loss Incurred,month,cumulative,Synthetic,Portfolio,Auto,2017-12,9,134275.76101996645
creciente,Loss Incurred,month,cumulative,Synthetic,Portfolio,Auto,2017-12,10,144752.65766701807
creciente,Loss Incurred,month,cumulative,Synthetic,Portfolio,Auto,2017-12,11,155658.81550375227
creciente,Loss Incurred,month,cumulative,Synthetic,Portfolio,Auto,2017-12,12,166912.46475406326
creciente,Loss Incurred,month,cumulative,Synthetic,Portfolio,Auto,2017-12,13,178419.84238527293
creciente,Loss Incurred,month,cumulative,Synthetic,Portfolio,Auto,2017-12,14,190078.06539559347
creciente,Loss Incurred,month,cumulative,Synthetic,Portfolio,Auto,2017-12,15,201778.68375475708
creciente,Loss Incurred,month,cumulative,Synthetic,Portfolio,Auto,2017-12,16,213411.66334251803
creciente,Loss Incurred,month,cumulative,Synthetic,Portfolio,Auto,2017-12,17,224869.49328497707
creciente,Loss Incurred,month,cumulative,Synthetic,Portfolio,Auto,2017-12,18,236051.09556587302
creciente,Loss Incurred,month,cumulative,Synthetic,Portfolio,Auto,2017-12,19,246865.24098243448
creciente,Loss Incurred,month,cumulative,Synthetic,Portfolio,Auto,2017-12,20,257233.23921887123
creciente,Loss Incurred,month,cumulative,Synthetic,Portfolio,Auto,2017-12,21,267090.75975827227
creciente,Loss Incurred,month,cumulative,Synthetic,Portfolio,Auto,2017-12,22,276388.738477772
creciente,Loss Incurred,month,cumulative,Synthetic,Portfolio,Auto,2017-12,23,285093.4161584137
creciente,Loss Incurred,month,cumulative,Synthetic,Portfolio,Auto,2017-12,24,293185.6274249797
creciente,Loss Incurred,month,cumulative,Synthetic,Portfolio,Auto,2017-12,25,300659.5049468665
creciente,Loss Incurred,month,cumulative,Synthetic,Portfolio,Auto,2017-12,26,307520.7829645535
creciente,Loss Incurred,month,cumulative,Synthetic,Portfolio,Auto,2017-12,27,313784.8798701531
creciente,Loss Incurred,month,cumulative,Synthetic,Portfolio,Auto,2017-12,28,319474.91795480845
creciente,Loss Incurred,month,cumulative,Synthetic,Portfolio,Auto,2017-12,29,324619.8066990813
creciente,Loss Incurred,month,cumulative,Synthetic,Portfolio,Auto,2017-12,30,329252.4806575038
creciente,Loss Incurred,month,cumulative,Synthetic,Portfolio,Auto,2017-12,31,333408.34910143586
creciente,Loss Incurred,month,cumulative,Synthetic,Portfolio,Auto,2017-12,32,337123.98536269227
creciente,Loss Incurred,month,cumulative,Synthetic,Portfolio,Auto,2017-12,33,340436.06082913466
creciente,Loss Incurred,month,cumulative,Synthetic,Portfolio,Auto,2017-12,34,343380.5120563313
creciente,Loss Incurred,month,cumulative,Synthetic,Portfolio,Auto,2017-12,35,345991.91889887204
creciente,Loss Incurred,month,cumulative,Synthetic,Portfolio,Auto,2017-12,36,348303.0659015081
creciente,Loss Incurred,month,cumulative,Synthetic,Portfolio,Auto,2017-12,37,350344.65724831657
creciente,Loss Incurred,month,cumulative,Synthetic,Portfolio,Auto,2017-12,38,352145.1562266606
creciente,Loss Incurred,month,cumulative,Synthetic,Portfolio,Auto,2017-12,39,353730.72246513073
creciente,Loss Incurred,month,cumulative,Synthetic,Portfolio,Auto,2017-12,40,355125.22339997947
creciente,Loss Incurred,month,cumulative,Synthetic,Portfolio,Auto,2017-12,41,356350.2999654471
creciente,Loss Incurred,month,cumulative,Synthetic,Portfolio,Auto,2017-12,42,357425.47002012527
creciente,Loss Incurred,month,cumulative,Synthetic,Portfolio,Auto,2017-12,43,358368.25628653873
creciente,Loss Incurred,month,cumulative,Synthetic,Portfolio,Auto,2017-12,44,359194.3284729065
creciente,Loss Incurred,month,cumulative,Synthetic,Portfolio,Auto,2017-12,45,359917.65171716927
creciente,Loss Incurred,month,cumulative,Synthetic,Portfolio,Auto,2017-12,46,360550.6355447206
creciente,Loss Incurred,month,cumulative,Synthetic,Portfolio,Auto,2017-12,47,361104.2791925065
creciente,Loss Incurred,month,cumulative,Synthetic,Portfolio,Auto,2017-12,48,361588.3104678033
creciente,Loss Incurred,month,cumulative,Synthetic,Portfolio,Auto,2017-12,49,362011.31633006997
creciente,Loss Incurred,month,cumulative,Synthetic,Portfolio,Auto,2017-12,50,362380.8641585149
creciente,Loss Incurred,month,cumulative,Synthetic,Portfolio,Auto,2017-12,51,362703.61324234074
creciente,Loss Incurred,month,cumulative,Synthetic,Portfolio,Auto,2017-12,52,362985.41644560907
creciente,Loss Incurred,month,cumulative,Synthetic,Portfolio,Auto,2017-12,53,363231.41228887753
creciente,Loss Incurred,month,cumulative,Synthetic,Portfolio,Auto,2017-12,54,363446.1078839492
creciente,Loss Incurred,month,cumulative,Synthetic,Portfolio,Auto,2017-12,55,363633.45327964623
creciente,Loss Incurred,month,cumulative,Synthetic,Portfolio,Auto,2017-12,56,363796.9078441564
creciente,Loss Incurred,month,cumulative,Synthetic,Portfolio,Auto,2017-12,57,363939.49933792127
creciente,Loss Incurred,month,cumulative,Synthetic,Portfolio,Auto,2017-12,58,364063.8763316584
creciente,Loss Incurred,month,cumulative,Synthetic,Portfolio,Auto,2017-12,59,364172.3546056417
creciente,Loss Incurred,month,cumulative,Synthetic,Portfolio,Auto,2017-12,60,364266.9581353961
creciente,Loss Incurred,month,cumulative,Synthetic,Portfolio,Auto,2017-12,61,364349.4552303853
creciente,Loss Incurred,month,cumulative,Synthetic,Portfolio,Auto,2017-12,62,364421.3903496254
creciente,Loss Incurred,month,cumulative,Synthetic,Portfolio,Auto,2017-12,63,364484.1120740337
creciente,Loss Incurred,month,cumulative,Synthetic,Portfolio,Auto,2017-12,64,364538.79767145996
creciente,Loss Incurred,month,cumulative,Synthetic,Portfolio,Auto,2017-12,65,364586.4746479803
creciente,Loss Incurred,month,cumulative,Synthetic,Portfolio,Auto,2017-12,66,364628.039638905
creciente,Loss Incurred,month,cumulative,Synthetic,Portfolio,Auto,2017-12,67,364664.2749555328
creciente,Loss Incurred,month,cumulative,Synthetic,Portfolio,Auto,2017-12,68,364695.86306917993
creciente,Loss Incurred,month,cumulative,Synthetic,Portfolio,Auto,2017-12,69,364723.399282511
creciente,Loss Incurred,month,cumulative,Synthetic,Portfolio,Auto,2017-12,70,364747.4028096307
creciente,Loss Incurred,month,cumulative,Synthetic,Portfolio,Auto,2017-12,71,364768.32646066183
creciente,Loss Incurred,month,cumulative,Synthetic,Portfolio,Auto,2017-12,72,364786.56510345737
creciente,Loss Incurred,month,cumulative,Synthetic,Portfolio,Auto,2017-12,73,364802.4630544942
creciente,Loss Incurred,month,cumulative,Synthetic,Portfolio,Auto,2017-12,74,364816.32053266466
creciente,Loss Incurred,month,cumulative,Synthetic,Portfolio,Auto,2017-12,75,364828.39929341903
creciente,Loss Incurred,month,cumulative,Synthetic,Portfolio,Auto,2017-12,76,364838.92754632176
creciente,Loss Incurred,month,cumulative,Synthetic,Portfolio,Auto,2017-12,77,364848.10424637585
creciente,Loss Incurred,month,cumulative,Synthetic,Portfolio,Auto,2017-12,78,364856.1028382666
creciente,Loss Incurred,month,cumulative,Synthetic,Portfolio,Auto,2017-12,79,364863.07452281506
creciente,Loss Incurred,month,cumulative,Synthetic,Portfolio,Auto,2017-12,80,364869.151106268
creciente,Loss Incurred,month,cumulative,Synthetic,Portfolio,Auto,2017-12,81,364874.4474854378
creciente,Loss Incurred,month,cumulative,Synthetic,Portfolio,Auto,2017-12,82,364879.06381503376
creciente,Loss Incurred,month,cumulative,Synthetic,Portfolio,Auto,2017-12,83,364883.08739767707
creciente,Loss Incurred,month,cumulative,Synthetic,Portfolio,Auto,2017-12,84,364886.59433196735
creciente,Loss Incurred,month,cumulative,Synthetic,Portfolio,Auto,2017-12,85,364889.6509494876
creciente,Loss Incurred,month,cumulative,Synthetic,Portfolio,Auto,2017-12,86,364892.3150677095
creciente,Loss Incurred,month,cumulative,Synthetic,Portfolio,Auto,2017-12,87,364894.6370823374
creciente,Loss Incurred,month,cumulative,Synthetic,Portfolio,Auto,2017-12,88,364896.6609196251
creciente,Loss Incurred,month,cumulative,Synthetic,Portfolio,Auto,2017-12,89,364898.4248665907
creciente,Loss Incurred,month,cumulative,Synthetic,Portfolio,Auto,2017-12,90,364899.962294759
creciente,Loss Incurred,month,cumulative,Synthetic,Portfolio,Auto,2017-12,91,364901.3022910723
creciente,Loss Incurred,month,cumulative,Synthetic,Portfolio,Auto,2017-12,92,364902.4702078628
creciente,Loss Incurred,month,cumulative,Synthetic,Portfolio,Auto,2017-12,93,364903.48814226023
creciente,Loss Incurred,month,cumulative,Synthetic,Portfolio,Auto,2017-12,94,364904.3753540823
creciente,Loss Incurred,month,cumulative,Synthetic,Portfolio,Auto,2017-12,95,364905.14863009483
creciente,Loss Incurred,month,cumulative,Synthetic,Portfolio,Auto,2017-12,96,364905.82260152133
creciente,Loss Incurred,month,cumulative,Synthetic,Portfolio,Auto,2018-01,0,66751.71508289177
creciente,Loss Incurred,month,cumulative,Synthetic,Portfolio,Auto,2018-01,1,72579.0111618203
creciente,Loss Incurred,month,cumulative,Synthetic,Portfolio,Auto,2018-01,2,78941.30591211983
creciente,Loss Incurred,month,cumulative,Synthetic,Portfolio,Auto,2018-01,3,85855.67511587364
creciente,Loss Incurred,month,cumulative,Synthetic,Portfolio,Auto,2018-01,4,93332.3695273097
creciente,Loss Incurred,month,cumulative,Synthetic,Portfolio,Auto,2018-01,5,101373.33186455471
creciente,Loss Incurred,month,cumulative,Synthetic,Portfolio,Auto,2018-01,6,109970.79391932742
creciente,Loss Incurred,month,cumulative,Synthetic,Portfolio,Auto,2018-01,7,119106.06362713587
creciente,Loss Incurred,month,cumulative,Synthetic,Portfolio,Auto,2018-01,8,128748.6228462417
creciente,Loss Incurred,month,cumulative,Synthetic,Portfolio,Auto,2018-01,9,138855.65647129645
creciente,Loss Incurred,month,cumulative,Synthetic,Portfolio,Auto,2018-01,10,149372.1191411186
creciente,Loss Incurred,month,cumulative,Synthetic,Portfolio,Auto,2018-01,11,160231.4155762796
creciente,Loss Incurred,month,cumulative,Synthetic,Portfolio,Auto,2018-01,12,171356.72535671602
creciente,Loss Incurred,month,cumulative,Synthetic,Portfolio,Auto,2018-01,13,182662.94654930665
creciente,Loss Incurred,month,cumulative,Synthetic,Portfolio,Auto,2018-01,14,194059.17168348056
creciente,Loss Incurred,month,cumulative,Synthetic,Portfolio,Auto,2018-01,15,205451.5527405672
creciente,Loss Incurred,month,cumulative,Synthetic,Portfolio,Auto,2018-01,16,216746.36800293895
creciente,Loss Incurred,month,cumulative,Synthetic,Portfolio,Auto,2018-01,17,227853.0801673481
creciente,Loss Incurred,month,cumulative,Synthetic,Portfolio,Auto,2018-01,18,238687.1761509147
creciente,Loss Incurred,month,cumulative,Synthetic,Portfolio,Auto,2018-01,19,249172.60432739946
creciente,Loss Incurred,month,cumulative,Synthetic,Portfolio,Auto,2018-01,20,259243.67012118365
creciente,Loss Incurred,month,cumulative,Synthetic,Portfolio,Auto,2018-01,21,268846.3083932682
creciente,Loss Incurred,month,cumulative,Synthetic,Portfolio,Auto,2018-01,22,277938.71190206317
creciente,Loss Incurred,month,cumulative,Synthetic,Portfolio,Auto,2018-01,23,286491.3508259356
creciente,Loss Incurred,month,cumulative,Synthetic,Portfolio,Auto,2018-01,24,294486.46243896673
creciente,Loss Incurred,month,cumulative,Synthetic,Portfolio,Auto,2018-01,25,301917.11895647226
creciente,Loss Incurred,month,cumulative,Synthetic,Portfolio,Auto,2018-01,26,308785.99468383327
creciente,Loss Incurred,month,cumulative,Synthetic,Portfolio,Auto,2018-01,27,315103.9526902063
creciente,Loss Incurred,month,cumulative,Synthetic,Portfolio,Auto,2018-01,28,320888.55959217384
creciente,Loss Incurred,month,cumulative,Synthetic,Portfolio,Auto,2018-01,29,326162.61856744345
creciente,Loss Incurred,month,cumulative,Synthetic,Portfolio,Auto,2018-01,30,330952.7891426779
creciente,Loss Incurred,month,cumulative,Synthetic,Portfolio,Auto,2018-01,31,335288.3406506734
creciente,Loss Incurred,month,cumulative,Synthetic,Portfolio,Auto,2018-01,32,339200.06666702975
creciente,Loss Incurred,month,cumulative,Synthetic,Portfolio,Auto,2018-01,33,342719.3714504305
creciente,Loss Incurred,month,cumulative,Synthetic,Portfolio,Auto,2018-01,34,345877.5268985801
creciente,Loss Incurred,month,cumulative,Synthetic,Portfolio,Auto,2018-01,35,348705.08971234795
creciente,Loss Incurred,month,cumulative,Synthetic,Portfolio,Auto,2018-01,36,351231.462904043
creciente,Loss Incurred,month,cumulative,Synthetic,Portfolio,Auto,2018-01,37,353484.58289081784
creciente,Loss Incurred,month,cumulative,Synthetic,Portfolio,Auto,2018-01,38,355490.712539247
creciente,Loss Incurred,month,cumulative,Synthetic,Portfolio,Auto,2018-01,39,357274.321074288
creciente,Loss Incurred,month,cumulative,Synthetic,Portfolio,Auto,2018-01,40,358858.0332265579
creciente,Loss Incurred,month,cumulative,Synthetic,Portfolio,Auto,2018-01,41,360262.6319634741
creciente,Loss Incurred,month,cumulative,Synthetic,Portfolio,Auto,2018-01,42,361507.1013334784
creciente,Loss Incurred,month,cumulative,Synthetic,Portfolio,Auto,2018-01,43,362608.69814079517
creciente,Loss Incurred,month,cumulative,Synthetic,Portfolio,Auto,2018-01,44,363583.0432279104
creciente,Loss Incurred,month,cumulative,Synthetic,Portfolio,Auto,2018-01,45,364444.22499816923
creciente,Loss Incurred,month,cumulative,Synthetic,Portfolio,Auto,2018-01,46,365204.90942675516
creciente,Loss Incurred,month,cumulative,Synthetic,Portfolio,Auto,2018-01,47,365876.4521781541
creciente,Loss Incurred,month,cumulative,Synthetic,Portfolio,Auto,2018-01,48,366469.00958311924
creciente,Loss Incurred,month,cumulative,Synthetic,Portfolio,Auto,2018-01,49,366991.6461494856
creciente,Loss Incurred,month,cumulative,Synthetic,Portfolio,Auto,2018-01,50,367452.4370150826
creciente,Loss Incurred,month,cumulative,Synthetic,Portfolio,Auto,2018-01,51,367858.56432490225
creciente,Loss Incurred,month,cumulative,Synthetic,Portfolio,Auto,2018-01,52,368216.4069549968
creciente,Loss Incurred,month,cumulative,Synthetic,Portfolio,Auto,2018-01,53,368531.6233364928
creciente,Loss Incurred,month,cumulative,Synthetic,Portfolio,Auto,2018-01,54,368809.22737588553
creciente,Loss Incurred,month,cumulative,Synthetic,Portfolio,Auto,2018-01,55,369053.65764067427
creciente,Loss Incurred,month,cumulative,Synthetic,Portfolio,Auto,2018-01,56,369268.84009770275
creciente,Loss Incurred,month,cumulative,Synthetic,Portfolio,Auto,2018-01,57,369458.2447678712
creciente,Loss Incurred,month,cumulative,Synthetic,Portfolio,Auto,2018-01,58,369624.93670538993
creciente,Loss Incurred,month,cumulative,Synthetic,Portfolio,Auto,2018-01,59,369771.6217306154
creciente,Loss Incurred,month,cumulative,Synthetic,Portfolio,Auto,2018-01,60,369900.68734917406
creciente,Loss Incurred,month,cumulative,Synthetic,Portfolio,Auto,2018-01,61,370014.23928157054
creciente,Loss Incurred,month,cumulative,Synthetic,Portfolio,Auto,2018-01,62,370114.13401065255
creciente,Loss Incurred,month,cumulative,Synthetic,Portfolio,Auto,2018-01,63,370202.0077321078
creciente,Loss Incurred,month,cumulative,Synthetic,Portfolio,Auto,2018-01,64,370279.3020677984
creciente,Loss Incurred,month,cumulative,Synthetic,Portfolio,Auto,2018-01,65,370347.28687482147
creciente,Loss Incurred,month,cumulative,Synthetic,Portfolio,Auto,2018-01,66,370407.0804558951
creciente,Loss Incurred,month,cumulative,Synthetic,Portfolio,Auto,2018-01,67,370459.66744982806
creciente,Loss Incurred,month,cumulative,Synthetic,Portfolio,Auto,2018-01,68,370505.9146550122
creciente,Loss Incurred,month,cumulative,Synthetic,Portfolio,Auto,2018-01,69,370546.58501442894
creciente,Loss Incurred,month,cumulative,Synthetic,Portfolio,Auto,2018-01,70,370582.349967814
creciente,Loss Incurred,month,cumulative,Synthetic,Portfolio,Auto,2018-01,71,370613.8003554739
creciente,Loss Incurred,month,cumulative,Synthetic,Portfolio,Auto,2018-01,72,370641.4560388283
creciente,Loss Incurred,month,cumulative,Synthetic,Portfolio,Auto,2018-01,73,370665.7743850383
creciente,Loss Incurred,month,cumulative,Synthetic,Portfolio,Auto,2018-01,74,370687.1577470032
creciente,Loss Incurred,month,cumulative,Synthetic,Portfolio,Auto,2018-01,75,370705.9600554922
creciente,Loss Incurred,month,cumulative,Synthetic,Portfolio,Auto,2018-01,76,370722.4926271052
creciente,Loss Incurred,month,cumulative,Synthetic,Portfolio,Auto,2018-01,77,370737.02928003774
creciente,Loss Incurred,month,cumulative,Synthetic,Portfolio,Auto,2018-01,78,370749.8108391343
creciente,Loss Incurred,month,cumulative,Synthetic,Portfolio,Auto,2018-01,79,370761.04910235765
creciente,Loss Incurred,month,cumulative,Synthetic,Portfolio,Auto,2018-01,80,370770.93033245637
creciente,Loss Incurred,month,cumulative,Synthetic,Portfolio,Auto,2018-01,81,370779.6183302013
creciente,Loss Incurred,month,cumulative,Synthetic,Portfolio,Auto,2018-01,82,370787.2571389747
creciente,Loss Incurred,month,cumulative,Synthetic,Portfolio,Auto,2018-01,83,370793.9734246516
creciente,Loss Incurred,month,cumulative,Synthetic,Portfolio,Auto,2018-01,84,370799.87856954586
creciente,Loss Incurred,month,cumulative,Synthetic,Portfolio,Auto,2018-01,85,370805.0705146057
creciente,Loss Incurred,month,cumulative,Synthetic,Portfolio,Auto,2018-01,86,370809.63537999796
creciente,Loss Incurred,month,cumulative,Synthetic,Portfolio,Auto,2018-01,87,370813.64889064286
creciente,Loss Incurred,month,cumulative,Synthetic,Portfolio,Auto,2018-01,88,370817.1776300958
creciente,Loss Incurred,month,cumulative,Synthetic,Portfolio,Auto,2018-01,89,370820.2801433876
creciente,Loss Incurred,month,cumulative,Synthetic,Portfolio,Auto,2018-01,90,370823.0079069707
creciente,Loss Incurred,month,cumulative,Synthetic,Portfolio,Auto,2018-01,91,370825.4061817506
creciente,Loss Incurred,month,cumulative,Synthetic,Portfolio,Auto,2018-01,92,370827.51476326695
creciente,Loss Incurred,month,cumulative,Synthetic,Portfolio,Auto,2018-01,93,370829.3686414047
creciente,Loss Incurred,month,cumulative,Synthetic,Portfolio,Auto,2018-01,94,370830.99858052854
creciente,Loss Incurred,month,cumulative,Synthetic,Portfolio,Auto,2018-01,95,370832.4316296264
creciente,Loss Incurred,month,cumulative,Synthetic,Portfolio,Auto,2018-02,0,69595.94106421628
creciente,Loss Incurred,month,cumulative,Synthetic,Portfolio,Auto,2018-02,1,75449.97324232056
creciente,Loss Incurred,month,cumulative,Synthetic,Portfolio,Auto,2018-02,2,81826.05476912955
creciente,Loss Incurred,month,cumulative,Synthetic,Portfolio,Auto,2018-02,3,88740.87653541689
creciente,Loss Incurred,month,cumulative,Synthetic,Portfolio,Auto,2018-02,4,96204.99837343351
creciente,Loss Incurred,month,cumulative,Synthetic,Portfolio,Auto,2018-02,5,104221.52508753458
creciente,Loss Incurred,month,cumulative,Synthetic,Portfolio,Auto,2018-02,6,112784.83986819044
creciente,Loss Incurred,month,cumulative,Synthetic,Portfolio,Auto,2018-02,7,121879.48508072065
creciente,Loss Incurred,month,cumulative,Synthetic,Portfolio,Auto,2018-02,8,131479.29048678407
creciente,Loss Incurred,month,cumulative,Synthetic,Portfolio,Auto,2018-02,9,141546.85088390013
creciente,Loss Incurred,month,cumulative,Synthetic,Portfolio,Auto,2018-02,10,152033.44631861823
creciente,Loss Incurred,month,cumulative,Synthetic,Portfolio,Auto,2018-02,11,162879.47685927615
creciente,Loss Incurred,month,cumulative,Synthetic,Portfolio,Auto,2018-02,12,174015.45050985843
creciente,Loss Incurred,month,cumulative,Synthetic,Portfolio,Auto,2018-02,13,185363.5194534036
creciente,Loss Incurred,month,cumulative,Synthetic,Portfolio,Auto,2018-02,14,196839.5108734198
creciente,Loss Incurred,month,cumulative,Synthetic,Portfolio,Auto,2018-02,15,208355.35028029603
creciente,Loss Incurred,month,cumulative,Synthetic,Portfolio,Auto,2018-02,16,219821.73446628187
creciente,Loss Incurred,month,cumulative,Synthetic,Portfolio,Auto,2018-02,17,231150.88423394045
creciente,Loss Incurred,month,cumulative,Synthetic,Portfolio,Auto,2018-02,18,242259.1982618134
creciente,Loss Incurred,month,cumulative,Synthetic,Portfolio,Auto,2018-02,19,253069.64034220675
creciente,Loss Incurred,month,cumulative,Synthetic,Portfolio,Auto,2018-02,20,263513.7209506324
creciente,Loss Incurred,month,cumulative,Synthetic,Portfolio,Auto,2018-02,21,273532.97604653833
creciente,Loss Incurred,month,cumulative,Synthetic,Portfolio,Auto,2018-02,22,283079.8947224731
creciente,Loss Incurred,month,cumulative,Synthetic,Portfolio,Auto,2018-02,23,292118.29593321704
creciente,Loss Incurred,month,cumulative,Synthetic,Portfolio,Auto,2018-02,24,300623.1970288172
creciente,Loss Incurred,month,cumulative,Synthetic,Portfolio,Auto,2018-02,25,308580.2489681711
creciente,Loss Incurred,month,cumulative,Synthetic,Portfolio,Auto,2018-02,26,315984.8328987278
creciente,Loss Incurred,month,cumulative,Synthetic,Portfolio,Auto,2018-02,27,322840.92035697366
creciente,Loss Incurred,month,cumulative,Synthetic,Portfolio,Auto,2018-02,28,329159.7964014204
creciente,Loss Incurred,month,cumulative,Synthetic,Portfolio,Auto,2018-02,29,334958.7342227932
creciente,Loss Incurred,month,cumulative,Synthetic,Portfolio,Auto,2018-02,30,340259.6941767467
creciente,Loss Incurred,month,cumulative,Synthetic,Portfolio,Auto,2018-02,31,345088.10252861615
creciente,Loss Incurred,month,cumulative,Synthetic,Portfolio,Auto,2018-02,32,349471.74772215314
creciente,Loss Incurred,month,cumulative,Synthetic,Portfolio,Auto,2018-02,33,353439.8162435155
creciente,Loss Incurred,month,cumulative,Synthetic,Portfolio,Auto,2018-02,34,357022.0770445376
creciente,Loss Incurred,month,cumulative,Synthetic,Portfolio,Auto,2018-02,35,360248.2133567836
creciente,Loss Incurred,month,cumulative,Synthetic,Portfolio,Auto,2018-02,36,363147.29350383225
creciente,Loss Incurred,month,cumulative,Synthetic,Portfolio,Auto,2018-02,37,365747.3676791229
creciente,Loss Incurred,month,cumulative,Synthetic,Portfolio,Auto,2018-02,38,368075.175145358
creciente,Loss Incurred,month,cumulative,Synthetic,Portfolio,Auto,2018-02,39,370155.94543861167
creciente,Loss Incurred,month,cumulative,Synthetic,Portfolio,Auto,2018-02,40,372013.2774637069
creciente,Loss Incurred,month,cumulative,Synthetic,Portfolio,Auto,2018-02,41,373669.0814480703
creciente,Loss Incurred,month,cumulative,Synthetic,Portfolio,Auto,2018-02,42,375143.5702577117
creciente,Loss Incurred,month,cumulative,Synthetic,Portfolio,Auto,2018-02,43,376455.28832766454
creciente,Loss Incurred,month,cumulative,Synthetic,Portfolio,Auto,2018-02,44,377621.16824656667
creciente,Loss Incurred,month,cumulative,Synthetic,Portfolio,Auto,2018-02,45,378656.60674583336
creciente,Loss Incurred,month,cumulative,Synthetic,Portfolio,Auto,2018-02,46,379575.55340849684
creciente,Loss Incurred,month,cumulative,Synthetic,Portfolio,Auto,2018-02,47,380390.60679563065
creciente,Loss Incurred,month,cumulative,Synthetic,Portfolio,Auto,2018-02,48,381113.1138775733
creciente,Loss Incurred,month,cumulative,Synthetic,Portfolio,Auto,2018-02,49,381753.2696568797
creciente,Loss Incurred,month,cumulative,Synthetic,Portfolio,Auto,2018-02,50,382320.21469366545
creciente,Loss Incurred,month,cumulative,Synthetic,Portfolio,Auto,2018-02,51,382822.12891044014
creciente,Loss Incurred,month,cumulative,Synthetic,Portfolio,Auto,2018-02,52,383266.32058338297
creciente,Loss Incurred,month,cumulative,Synthetic,Portfolio,Auto,2018-02,53,383659.30984098004
creciente,Loss Incurred,month,cumulative,Synthetic,Portfolio,Auto,2018-02,54,384006.9063084655
creciente,Loss Incurred,month,cumulative,Synthetic,Portfolio,Auto,2018-02,55,384314.280775111
creciente,Loss Incurred,month,cumulative,Synthetic,Portfolio,Auto,2018-02,56,384586.03093639313
creciente,Loss Incurred,month,cumulative,Synthetic,Portfolio,Auto,2018-02,57,384826.2413875279
creciente,Loss Incurred,month,cumulative,Synthetic,Portfolio,Auto,2018-02,58,385038.5381297203
creciente,Loss Incurred,month,cumulative,Synthetic,Portfolio,Auto,2018-02,59,385226.13790477335
creciente,Loss Incurred,month,cumulative,Synthetic,Portfolio,Auto,2018-02,60,385391.8927047588
creciente,Loss Incurred,month,cumulative,Synthetic,Portfolio,Auto,2018-02,61,385538.3298171556
creciente,Loss Incurred,month,cumulative,Synthetic,Portfolio,Auto,2018-02,62,385667.68776687246
creciente,Loss Incurred,month,cumulative,Synthetic,Portfolio,Auto,2018-02,63,385781.9485085505
creciente,Loss Incurred,month,cumulative,Synthetic,Portfolio,Auto,2018-02,64,385882.8662083161
creciente,Loss Incurred,month,cumulative,Synthetic,Portfolio,Auto,2018-02,65,385971.9929359002
creciente,Loss Incurred,month,cumulative,Synthetic,Portfolio,Auto,2018-02,66,386050.7015673806
creciente,Loss Incurred,month,cumulative,Synthetic,Portfolio,Auto,2018-02,67,386120.20617697877
creciente,Loss Incurred,month,cumulative,Synthetic,Portfolio,Auto,2018-02,68,386181.5801742113
creciente,Loss Incurred,month,cumulative,Synthetic,Portfolio,Auto,2018-02,69,386235.77242091595
creciente,Loss Incurred,month,cumulative,Synthetic,Portfolio,Auto,2018-02,70,386283.6215416638
creciente,Loss Incurred,month,cumulative,Synthetic,Portfolio,Auto,2018-02,71,386325.868621125
creciente,Loss Incurred,month,cumulative,Synthetic,Portfolio,Auto,2018-02,72,386363.1684632472
creciente,Loss Incurred,month,cumulative,Synthetic,Portfolio,Auto,2018-02,73,386396.09956972656
creciente,Loss Incurred,month,cumulative,Synthetic,Portfolio,Auto,2018-02,74,386425.17297923105
creciente,Loss Incurred,month,cumulative,Synthetic,Portfolio,Auto,2018-02,75,386450.8400941592
creciente,Loss Incurred,month,cumulative,Synthetic,Portfolio,Auto,2018-02,76,386473.4996083473
creciente,Loss Incurred,month,cumulative,Synthetic,Portfolio,Auto,2018-02,77,386493.50363700505
creciente,Loss Incurred,month,cumulative,Synthetic,Portfolio,Auto,2018-02,78,386511.16313919774
creciente,Loss Incurred,month,cumulative,Synthetic,Portfolio,Auto,2018-02,79,386526.75271331257
creciente,Loss Incurred,month,cumulative,Synthetic,Portfolio,Auto,2018-02,80,386540.51483707374
creciente,Loss Incurred,month,cumulative,Synthetic,Portfolio,Auto,2018-02,81,386552.66361570725
creciente,Loss Incurred,month,cumulative,Synthetic,Portfolio,Auto,2018-02,82,386563.3880947415
creciente,Loss Incurred,month,cumulative,Synthetic,Portfolio,Auto,2018-02,83,386572.8551875691
creciente,Loss Incurred,month,cumulative,Synthetic,Portfolio,Auto,2018-02,84,386581.21226221946
creciente,Loss Incurred,month,cumulative,Synthetic,Portfolio,Auto,2018-02,85,386588.5894267446
creciente,Loss Incurred,month,cumulative,Synthetic,Portfolio,Auto,2018-02,86,386595.10154812224
creciente,Loss Incurred,month,cumulative,Synthetic,Portfolio,Auto,2018-02,87,386600.8500355841
creciente,Loss Incurred,month,cumulative,Synthetic,Portfolio,Auto,2018-02,88,386605.9244157304
creciente,Loss Incurred,month,cumulative,Synthetic,Portfolio,Auto,2018-02,89,386610.4037236414
creciente,Loss Incurred,month,cumulative,Synthetic,Portfolio,Auto,2018-02,90,386614.3577314035
creciente,Loss Incurred,month,cumulative,Synthetic,Portfolio,Auto,2018-02,91,386617.84803299024
creciente,Loss Incurred,month,cumulative,Synthetic,Portfolio,Auto,2018-02,92,386620.9290022495
creciente,Loss Incurred,month,cumulative,Synthetic,Portfolio,Auto,2018-02,93,386623.64863879984
creciente,Loss Incurred,month,cumulative,Synthetic,Portfolio,Auto,2018-02,94,386626.0493149242
creciente,Loss Incurred,month,cumulative,Synthetic,Portfolio,Auto,2018-03,0,77369.66490684135
creciente,Loss Incurred,month,cumulative,Synthetic,Portfolio,Auto,2018-03,1,85078.34296124363
creciente,Loss Incurred,month,cumulative,Synthetic,Portfolio,Auto,2018-03,2,93426.82166044257
creciente,Loss Incurred,month,cumulative,Synthetic,Portfolio,Auto,2018-03,3,102423.17119779308
creciente,Loss Incurred,month,cumulative,Synthetic,Portfolio,Auto,2018-03,4,112065.65709677526
creciente,Loss Incurred,month,cumulative,Synthetic,Portfolio,Auto,2018-03,5,122341.27872298872
creciente,Loss Incurred,month,cumulative,Synthetic,Portfolio,Auto,2018-03,6,133224.55641817025
creciente,Loss Incurred,month,cumulative,Synthetic,Portfolio,Auto,2018-03,7,144676.69515101257
creciente,Loss Incurred,month,cumulative,Synthetic,Portfolio,Auto,2018-03,8,156645.24772059306
creciente,Loss Incurred,month,cumulative,Synthetic,Portfolio,Auto,2018-03,9,169064.38053489052
creciente,Loss Incurred,month,cumulative,Synthetic,Portfolio,Auto,2018-03,10,181855.80893174233
creciente,Loss Incurred,month,cumulative,Synthetic,Portfolio,Auto,2018-03,11,194930.4186369449
creciente,Loss Incurred,month,cumulative,Synthetic,Portfolio,Auto,2018-03,12,208190.529918436
creciente,Loss Incurred,month,cumulative,Synthetic,Portfolio,Auto,2018-03,13,221532.69854420275
creciente,Loss Incurred,month,cumulative,Synthetic,Portfolio,Auto,2018-03,14,234850.89156110742
creciente,Loss Incurred,month,cumulative,Synthetic,Portfolio,Auto,2018-03,15,248039.83485034978
creciente,Loss Incurred,month,cumulative,Synthetic,Portfolio,Auto,2018-03,16,260998.31011083437
creciente,Loss Incurred,month,cumulative,Synthetic,Portfolio,Auto,2018-03,17,273632.18463588424
creciente,Loss Incurred,month,cumulative,Synthetic,Portfolio,Auto,2018-03,18,285856.9870098819
creciente,Loss Incurred,month,cumulative,Synthetic,Portfolio,Auto,2018-03,19,297599.8906846961
creciente,Loss Incurred,month,cumulative,Synthetic,Portfolio,Auto,2018-03,20,308801.02747852507
creciente,Loss Incurred,month,cumulative,Synthetic,Portfolio,Auto,2018-03,21,319414.11542900477
creciente,Loss Incurred,month,cumulative,Synthetic,Portfolio,Auto,2018-03,22,329406.44186667545
creciente,Loss Incurred,month,cumulative,Synthetic,Portfolio,Auto,2018-03,23,338758.2868876321
creciente,Loss Incurred,month,cumulative,Synthetic,Portfolio,Auto,2018-03,24,347461.90126454335
creciente,Loss Incurred,month,cumulative,Synthetic,Portfolio,Auto,2018-03,25,355520.16576882853
creciente,Loss Incurred,month,cumulative,Synthetic,Portfolio,Auto,2018-03,26,362945.057720086
creciente,Loss Incurred,month,cumulative,Synthetic,Portfolio,Auto,2018-03,27,369756.038627668
creciente,Loss Incurred,month,cumulative,Synthetic,Portfolio,Auto,2018-03,28,375978.4579067643
creciente,Loss Incurred,month,cumulative,Synthetic,Portfolio,Auto,2018-03,29,381642.0455314514
creciente,Loss Incurred,month,cumulative,Synthetic,Portfolio,Auto,2018-03,30,386779.54417150264
creciente,Loss Incurred,month,cumulative,Synthetic,Portfolio,Auto,2018-03,31,391425.5110165175
creciente,Loss Incurred,month,cumulative,Synthetic,Portfolio,Auto,2018-03,32,395615.30240579654
creciente,Loss Incurred,month,cumulative,Synthetic,Portfolio,Auto,2018-03,33,399384.2410866239
creciente,Loss Incurred,month,cumulative,Synthetic,Portfolio,Auto,2018-03,34,402766.9563864414
creciente,Loss Incurred,month,cumulative,Synthetic,Portfolio,Auto,2018-03,35,405796.8814133897
creciente,Loss Incurred,month,cumulative,Synthetic,Portfolio,Auto,2018-03,36,408505.8880147542
creciente,Loss Incurred,month,cumulative,Synthetic,Portfolio,Auto,2018-03,37,410924.0389878437
creciente,Loss Incurred,month,cumulative,Synthetic,Portfolio,Auto,2018-03,38,413079.4373481312
creciente,Loss Incurred,month,cumulative,Synthetic,Portfolio,Auto,2018-03,39,414998.1537913867
creciente,Loss Incurred,month,cumulative,Synthetic,Portfolio,Auto,2018-03,40,416704.21541780443
creciente,Loss Incurred,month,cumulative,Synthetic,Portfolio,Auto,2018-03,41,418219.64099708403
creciente,Loss Incurred,month,cumulative,Synthetic,Portfolio,Auto,2018-03,42,419564.51031686104
creciente,Loss Incurred,month,cumulative,Synthetic,Portfolio,Auto,2018-03,43,420757.05732245557
creciente,Loss Incurred,month,cumulative,Synthetic,Portfolio,Auto,2018-03,44,421813.77873345226
creciente,Loss Incurred,month,cumulative,Synthetic,Portfolio,Auto,2018-03,45,422749.55156646355
creciente,Loss Incurred,month,cumulative,Synthetic,Portfolio,Auto,2018-03,46,423577.75448894873
creciente,Loss Incurred,month,cumulative,Synthetic,Portfolio,Auto,2018-03,47,424310.38918202603
creciente,Loss Incurred,month,cumulative,Synthetic,Portfolio,Auto,2018-03,48,424958.1989189135
creciente,Loss Incurred,month,cumulative,Synthetic,Portfolio,Auto,2018-03,49,425530.78239455255
creciente,Loss Incurred,month,cumulative,Synthetic,Portfolio,Auto,2018-03,50,426036.70149806066
creciente,Loss Incurred,month,cumulative,Synthetic,Portfolio,Auto,2018-03,51,426483.58222972305
creciente,Loss Incurred,month,cumulative,Synthetic,Portfolio,Auto,2018-03,52,426878.2083532628
creciente,Loss Incurred,month,cumulative,Synthetic,Portfolio,Auto,2018-03,53,427226.6076645748
creciente,Loss Incurred,month,cumulative,Synthetic,Portfolio,Auto,2018-03,54,427534.13096945384
creciente,Loss Incurred,month,cumulative,Synthetic,Portfolio,Auto,2018-03,55,427805.52401167195
creciente,Loss Incurred,month,cumulative,Synthetic,Portfolio,Auto,2018-03,56,428044.99269286776
creciente,Loss Incurred,month,cumulative,Synthetic,Portfolio,Auto,2018-03,57,428256.26198842266
creciente,Loss Incurred,month,cumulative,Synthetic,Portfolio,Auto,2018-03,58,428442.62899797014
creciente,Loss Incurred,month,cumulative,Synthetic,Portfolio,Auto,2018-03,59,428607.0105827303
creciente,Loss Incurred,month,cumulative,Synthetic,Portfolio,Auto,2018-03,60,428751.9860402326
creciente,Loss Incurred,month,cumulative,Synthetic,Portfolio,Auto,2018-03,61,428879.83525469305
creciente,Loss Incurred,month,cumulative,Synthetic,Portfolio,Auto,2018-03,62,428992.57274180267
creciente,Loss Incurred,month,cumulative,Synthetic,Portfolio,Auto,2018-03,63,429091.97798258485
creciente,Loss Incurred,month,cumulative,Synthetic,Portfolio,Auto,2018-03,64,429179.62241428456
creciente,Loss Incurred,month,cumulative,Synthetic,Portfolio,Auto,2018-03,65,429256.8934183842
creciente,Loss Incurred,month,cumulative,Synthetic,Portfolio,Auto,2018-03,66,429325.01561787986
creciente,Loss Incurred,month,cumulative,Synthetic,Portfolio,Auto,2018-03,67,429385.06976861815
creciente,Loss Incurred,month,cumulative,Synthetic,Portfolio,Auto,2018-03,68,429438.0095032856
creciente,Loss Incurred,month,cumulative,Synthetic,Portfolio,Auto,2018-03,69,429484.6761618952
creciente,Loss Incurred,month,cumulative,Synthetic,Portfolio,Auto,2018-03,70,429525.81191949884
creciente,Loss Incurred,month,cumulative,Synthetic,Portfolio,Auto,2018-03,71,429562.0714004615
creciente,Loss Incurred,month,cumulative,Synthetic,Portfolio,Auto,2018-03,72,429594.0319489923
creciente,Loss Incurred,month,cumulative,Synthetic,Portfolio,Auto,2018-03,73,429622.20270768285
creciente,Loss Incurred,month,cumulative,Synthetic,Portfolio,Auto,2018-03,74,429647.0326395129
creciente,Loss Incurred,month,cumulative,Synthetic,Portfolio,Auto,2018-03,75,429668.91761403956
creciente,Loss Incurred,month,cumulative,Synthetic,Portfolio,Auto,2018-03,76,429688.20666520303
creciente,Loss Incurred,month,cumulative,Synthetic,Portfolio,Auto,2018-03,77,429705.20751623565
creciente,Loss Incurred,month,cumulative,Synthetic,Portfolio,Auto,2018-03,78,429720.1914564647
creciente,Loss Incurred,month,cumulative,Synthetic,Portfolio,Auto,2018-03,79,429733.39764521946
creciente,Loss Incurred,month,cumulative,Synthetic,Portfolio,Auto,2018-03,80,429745.03690951364
creciente,Loss Incurred,month,cumulative,Synthetic,Portfolio,Auto,2018-03,81,429755.2950945524
creciente,Loss Incurred,month,cumulative,Synthetic,Portfolio,Auto,2018-03,82,429764.3360193404
creciente,Loss Incurred,month,cumulative,Synthetic,Portfolio,Auto,2018-03,83,429772.30408363556
creciente,Loss Incurred,month,cumulative,Synthetic,Portfolio,Auto,2018-03,84,429779.3265671516
creciente,Loss Incurred,month,cumulative,Synthetic,Portfolio,Auto,2018-03,85,429785.5156571571
creciente,Loss Incurred,month,cumulative,Synthetic,Portfolio,Auto,2018-03,86,429790.970236419
creciente,Loss Incurred,month,cumulative,Synthetic,Portfolio,Auto,2018-03,87,429795.7774597094
creciente,Loss Incurred,month,cumulative,Synthetic,Portfolio,Auto,2018-03,88,429800.0141437957
creciente,Loss Incurred,month,cumulative,Synthetic,Portfolio,Auto,2018-03,89,429803.7479929155
creciente,Loss Incurred,month,cumulative,Synthetic,Portfolio,Auto,2018-03,90,429807.0386791584
creciente,Loss Incurred,month,cumulative,Synthetic,Portfolio,Auto,2018-03,91,429809.9387948933
creciente,Loss Incurred,month,cumulative,Synthetic,Portfolio,Auto,2018-03,92,429812.49469236576
creciente,Loss Incurred,month,cumulative,Synthetic,Portfolio,Auto,2018-03,93,429814.7472238079
creciente,Loss Incurred,month,cumulative,Synthetic,Portfolio,Auto,2018-04,0,75908.27303415175
creciente,Loss Incurred,month,cumulative,Synthetic,Portfolio,Auto,2018-04,1,82587.6057246532
creciente,Loss Incurred,month,cumulative,Synthetic,Portfolio,Auto,2018-04,2,89814.07644284746
creciente,Loss Incurred,month,cumulative,Synthetic,Portfolio,Auto,2018-04,3,97599.48358057236
creciente,Loss Incurred,month,cumulative,Synthetic,Portfolio,Auto,2018-04,4,105948.90681333377
creciente,Loss Incurred,month,cumulative,Synthetic,Portfolio,Auto,2018-04,5,114859.54073262865
creciente,Loss Incurred,month,cumulative,Synthetic,Portfolio,Auto,2018-04,6,124319.6331130421
creciente,Loss Incurred,month,cumulative,Synthetic,Portfolio,Auto,2018-04,7,134307.6093531333
creciente,Loss Incurred,month,cumulative,Synthetic,Portfolio,Auto,2018-04,8,144791.46856414888
creciente,Loss Incurred,month,cumulative,Synthetic,Portfolio,Auto,2018-04,9,155728.53306280193
creciente,Loss Incurred,month,cumulative,Synthetic,Portfolio,Auto,2018-04,10,167065.6201374981
creciente,Loss Incurred,month,cumulative,Synthetic,Portfolio,Auto,2018-04,11,178739.6824157468
creciente,Loss Incurred,month,cumulative,Synthetic,Portfolio,Auto,2018-04,12,190678.9318932264
creciente,Loss Incurred,month,cumulative,Synthetic,Portfolio,Auto,2018-04,13,202804.42521153082
creciente,Loss Incurred,month,cumulative,Synthetic,Portfolio,Auto,2018-04,14,215032.04806079806
creciente,Loss Incurred,month,cumulative,Synthetic,Portfolio,Auto,2018-04,15,227274.7995538854
creciente,Loss Incurred,month,cumulative,Synthetic,Portfolio,Auto,2018-04,16,239445.24813741885
creciente,Loss Incurred,month,cumulative,Synthetic,Portfolio,Auto,2018-04,17,251458.01334229286
creciente,Loss Incurred,month,cumulative,Synthetic,Portfolio,Auto,2018-04,18,263232.12504442694
creciente,Loss Incurred,month,cumulative,Synthetic,Portfolio,Auto,2018-04,19,274693.1243098173
creciente,Loss Incurred,month,cumulative,Synthetic,Portfolio,Auto,2018-04,20,285774.79544523486
creciente,Loss Incurred,month,cumulative,Synthetic,Portfolio,Auto,2018-04,21,296420.45378328714
creciente,Loss Incurred,month,cumulative,Synthetic,Portfolio,Auto,2018-04,22,306583.75309836416
creciente,Loss Incurred,month,cumulative,Synthetic,Portfolio,Auto,2018-04,23,316229.0153062995
creciente,Loss Incurred,month,cumulative,Synthetic,Portfolio,Auto,2018-04,24,325331.1188747306
creciente,Loss Incurred,month,cumulative,Synthetic,Portfolio,Auto,2018-04,25,333875.00810931704
creciente,Loss Incurred,month,cumulative,Synthetic,Portfolio,Auto,2018-04,26,341854.90171067626
creciente,Loss Incurred,month,cumulative,Synthetic,Portfolio,Auto,2018-04,27,349273.2857509917
creciente,Loss Incurred,month,cumulative,Synthetic,Portfolio,Auto,2018-04,28,356139.77470937115
creciente,Loss Incurred,month,cumulative,Synthetic,Portfolio,Auto,2018-04,29,362469.91637029214
creciente,Loss Incurred,month,cumulative,Synthetic,Portfolio,Auto,2018-04,30,368284.00444088125
creciente,Loss Incurred,month,cumulative,Synthetic,Portfolio,Auto,2018-04,31,373605.9487899379
creciente,Loss Incurred,month,cumulative,Synthetic,Portfolio,Auto,2018-04,32,378462.2390144943
creciente,Loss Incurred,month,cumulative,Synthetic,Portfolio,Auto,2018-04,33,382881.02388899005
creciente,Loss Incurred,month,cumulative,Synthetic,Portfolio,Auto,2018-04,34,386891.31795573496
creciente,Loss Incurred,month,cumulative,Synthetic,Portfolio,Auto,2018-04,35,390522.33745640505
creciente,Loss Incurred,month,cumulative,Synthetic,Portfolio,Auto,2018-04,36,393802.961036474
creciente,Loss Incurred,month,cumulative,Synthetic,Portfolio,Auto,2018-04,37,396761.30600591545
creciente,Loss Incurred,month,cumulative,Synthetic,Portfolio,Auto,2018-04,38,399424.4081079887
creciente,Loss Incurred,month,cumulative,Synthetic,Portfolio,Auto,2018-04,39,401817.99137640715
creciente,Loss Incurred,month,cumulative,Synthetic,Portfolio,Auto,2018-04,40,403966.31439200684
creciente,Loss Incurred,month,cumulative,Synthetic,Portfolio,Auto,2018-04,41,405892.0797585386
creciente,Loss Incurred,month,cumulative,Synthetic,Portfolio,Auto,2018-04,42,407616.39462931437
creciente,Loss Incurred,month,cumulative,Synthetic,Portfolio,Auto,2018-04,43,409158.7714141662
creciente,Loss Incurred,month,cumulative,Synthetic,Portfolio,Auto,2018-04,44,410537.1592155985
creciente,Loss Incurred,month,cumulative,Synthetic,Portfolio,Auto,2018-04,45,411767.99796774366
creciente,Loss Incurred,month,cumulative,Synthetic,Portfolio,Auto,2018-04,46,412866.2886046938
creciente,Loss Incurred,month,cumulative,Synthetic,Portfolio,Auto,2018-04,47,413845.6738196
creciente,Loss Incurred,month,cumulative,Synthetic,Portfolio,Auto,2018-04,48,414718.5250690888
creciente,Loss Incurred,month,cumulative,Synthetic,Portfolio,Auto,2018-04,49,415496.03242171294
creciente,Loss Incurred,month,cumulative,Synthetic,Portfolio,Auto,2018-04,50,416188.2946477904
creciente,Loss Incurred,month,cumulative,Synthetic,Portfolio,Auto,2018-04,51,416804.40761119727
creciente,Loss Incurred,month,cumulative,Synthetic,Portfolio,Auto,2018-04,52,417352.54956524767
creciente,Loss Incurred,month,cumulative,Synthetic,Portfolio,Auto,2018-04,53,417840.06238994567
creciente,Loss Incurred,month,cumulative,Synthetic,Portfolio,Auto,2018-04,54,418273.52815198794
creciente,Loss Incurred,month,cumulative,Synthetic,Portfolio,Auto,2018-04,55,418658.84063645767
creciente,Loss Incurred,month,cumulative,Synthetic,Portfolio,Auto,2018-04,56,419001.27170339087
creciente,Loss Incurred,month,cumulative,Synthetic,Portfolio,Auto,2018-04,57,419305.5324750121
creciente,Loss Incurred,month,cumulative,Synthetic,Portfolio,Auto,2018-04,58,419575.8294705029
creciente,Loss Incurred,month,cumulative,Synthetic,Portfolio,Auto,2018-04,59,419815.91588322056
creciente,Loss Incurred,month,cumulative,Synthetic,Portfolio,Auto,2018-04,60,420029.13824747625
creciente,Loss Incurred,month,cumulative,Synthetic,Portfolio,Auto,2018-04,61,420218.47877416416
creciente,Loss Incurred,month,cumulative,Synthetic,Portfolio,Auto,2018-04,62,420386.5936514846
creciente,Loss Incurred,month,cumulative,Synthetic,Portfolio,Auto,2018-04,63,420535.8476125678
creciente,Loss Incurred,month,cumulative,Synthetic,Portfolio,Auto,2018-04,64,420668.3450690348
creciente,Loss Incurred,month,cumulative,Synthetic,Portfolio,Auto,2018-04,65,420785.95810083003
creciente,Loss Incurred,month,cumulative,Synthetic,Portfolio,Auto,2018-04,66,420890.3515799053
creciente,Loss Incurred,month,cumulative,Synthetic,Portfolio,Auto,2018-04,67,420983.00568996475
creciente,Loss Incurred,month,cumulative,Synthetic,Portfolio,Auto,2018-04,68,421065.2360875976
creciente,Loss Incurred,month,cumulative,Synthetic,Portfolio,Auto,2018-04,69,421138.2119325382
creciente,Loss Incurred,month,cumulative,Synthetic,Portfolio,Auto,2018-04,70,421202.97199711675
creciente,Loss Incurred,month,cumulative,Synthetic,Portfolio,Auto,2018-04,71,421260.43904762366
creciente,Loss Incurred,month,cumulative,Synthetic,Portfolio,Auto,2018-04,72,421311.4326735993
creciente,Loss Incurred,month,cumulative,Synthetic,Portfolio,Auto,2018-04,73,421356.68072520127
creciente,Loss Incurred,month,cumulative,Synthetic,Portfolio,Auto,2018-04,74,421396.82950387814
creciente,Loss Incurred,month,cumulative,Synthetic,Portfolio,Auto,2018-04,75,421432.4528376967
creciente,Loss Incurred,month,cumulative,Synthetic,Portfolio,Auto,2018-04,76,421464.060159816
creciente,Loss Incurred,month,cumulative,Synthetic,Portfolio,Auto,2018-04,77,421492.1036967934
creciente,Loss Incurred,month,cumulative,Synthetic,Portfolio,Auto,2018-04,78,421516.98486259684
creciente,Loss Incurred,month,cumulative,Synthetic,Portfolio,Auto,2018-04,79,421539.05994435167
creciente,Loss Incurred,month,cumulative,Synthetic,Portfolio,Auto,2018-04,80,421558.64515690703
creciente,Loss Incurred,month,cumulative,Synthetic,Portfolio,Auto,2018-04,81,421576.0211352134
creciente,Loss Incurred,month,cumulative,Synthetic,Portfolio,Auto,2018-04,82,421591.43692619255
creciente,Loss Incurred,month,cumulative,Synthetic,Portfolio,Auto,2018-04,83,421605.11353519687
creciente,Loss Incurred,month,cumulative,Synthetic,Portfolio,Auto,2018-04,84,421617.24707623105
creciente,Loss Incurred,month,cumulative,Synthetic,Portfolio,Auto,2018-04,85,421628.0115697951
creciente,Loss Incurred,month,cumulative,Synthetic,Portfolio,Auto,2018-04,86,421637.5614274415
creciente,Loss Incurred,month,cumulative,Synthetic,Portfolio,Auto,2018-04,87,421646.03365786775
creciente,Loss Incurred,month,cumulative,Synthetic,Portfolio,Auto,2018-04,88,421653.5498255568
creciente,Loss Incurred,month,cumulative,Synthetic,Portfolio,Auto,2018-04,89,421660.2177895617
creciente,Loss Incurred,month,cumulative,Synthetic,Portfolio,Auto,2018-04,90,421666.13324698736
creciente,Loss Incurred,month,cumulative,Synthetic,Portfolio,Auto,2018-04,91,421671.38110301056
creciente,Loss Incurred,month,cumulative,Synthetic,Portfolio,Auto,2018-04,92,421676.03668685356
creciente,Loss Incurred,month,cumulative,Synthetic,Portfolio,Auto,2018-05,0,74677.8581752434
creciente,Loss Incurred,month,cumulative,Synthetic,Portfolio,Auto,2018-05,1,80680.08878404641
creciente,Loss Incurred,month,cumulative,Synthetic,Portfolio,Auto,2018-05,2,87344.75092267431
creciente,Loss Incurred,month,cumulative,Synthetic,Portfolio,Auto,2018-05,3,94708.49889541468
creciente,Loss Incurred,month,cumulative,Synthetic,Portfolio,Auto,2018-05,4,102800.40172752565
creciente,Loss Incurred,month,cumulative,Synthetic,Portfolio,Auto,2018-05,5,111639.33404337183
creciente,Loss Incurred,month,cumulative,Synthetic,Portfolio,Auto,2018-05,6,121231.28350036318
creciente,Loss Incurred,month,cumulative,Synthetic,Portfolio,Auto,2018-05,7,131566.76255366372
creciente,Loss Incurred,month,cumulative,Synthetic,Portfolio,Auto,2018-05,8,142618.55957348176
creciente,Loss Incurred,month,cumulative,Synthetic,Portfolio,Auto,2018-05,9,154340.0945699766
creciente,Loss Incurred,month,cumulative,Synthetic,Portfolio,Auto,2018-05,10,166664.64638004304
creciente,Loss Incurred,month,cumulative,Synthetic,Portfolio,Auto,2018-05,11,179505.6814051859
creciente,Loss Incurred,month,cumulative,Synthetic,Portfolio,Auto,2018-05,12,192758.43439828698
creciente,Loss Incurred,month,cumulative,Synthetic,Portfolio,Auto,2018-05,13,206302.7732570199
creciente,Loss Incurred,month,cumulative,Synthetic,Portfolio,Auto,2018-05,14,220007.2359969218
creciente,Loss Incurred,month,cumulative,Synthetic,Portfolio,Auto,2018-05,15,233733.98135921816
creciente,Loss Incurred,month,cumulative,Synthetic,Portfolio,Auto,2018-05,16,247344.27150709642
creciente,Loss Incurred,month,cumulative,Synthetic,Portfolio,Auto,2018-05,17,260704.0305016301
creciente,Loss Incurred,month,cumulative,Synthetic,Portfolio,Auto,2018-05,18,273689.01142399205
creciente,Loss Incurred,month,cumulative,Synthetic,Portfolio,Auto,2018-05,19,286189.1604418531
creciente,Loss Incurred,month,cumulative,Synthetic,Portfolio,Auto,2018-05,20,298111.87605348043
creciente,Loss Incurred,month,cumulative,Synthetic,Portfolio,Auto,2018-05,21,309384.0038116582
creciente,Loss Incurred,month,cumulative,Synthetic,Portfolio,Auto,2018-05,22,319952.55430041224
creciente,Loss Incurred,month,cumulative,Synthetic,Portfolio,Auto,2018-05,23,329784.26071211416
creciente,Loss Incurred,month,cumulative,Synthetic,Portfolio,Auto,2018-05,24,338864.18531078496
creciente,Loss Incurred,month,cumulative,Synthetic,Portfolio,Auto,2018-05,25,347193.6343974253
creciente,Loss Incurred,month,cumulative,Synthetic,Portfolio,Auto,2018-05,26,354787.6511934592
creciente,Loss Incurred,month,cumulative,Synthetic,Portfolio,Auto,2018-05,27,361672.33374998224
creciente,Loss Incurred,month,cumulative,Synthetic,Portfolio,Auto,2018-05,28,367882.18193069805
creciente,Loss Incurred,month,cumulative,Synthetic,Portfolio,Auto,2018-05,29,373457.6249901112
creciente,Loss Incurred,month,cumulative,Synthetic,Portfolio,Auto,2018-05,30,378442.8284876085
creciente,Loss Incurred,month,cumulative,Synthetic,Portfolio,Auto,2018-05,31,382883.8325011727
creciente,Loss Incurred,month,cumulative,Synthetic,Portfolio,Auto,2018-05,32,386827.0356532315
creciente,Loss Incurred,month,cumulative,Synthetic,Portfolio,Auto,2018-05,33,390318.01227561984
creciente,Loss Incurred,month,cumulative,Synthetic,Portfolio,Auto,2018-05,34,393400.6324382567
creciente,Loss Incurred,month,cumulative,Synthetic,Portfolio,Auto,2018-05,35,396116.4449682883
creciente,Loss Incurred,month,cumulative,Synthetic,Portfolio,Auto,2018-05,36,398504.2800891119
creciente,Loss Incurred,month,cumulative,Synthetic,Portfolio,Auto,2018-05,37,400600.02906263334
creciente,Loss Incurred,month,cumulative,Synthetic,Portfolio,Auto,2018-05,38,402436.5616384302
creciente,Loss Incurred,month,cumulative,Synthetic,Portfolio,Auto,2018-05,39,404043.7469609024
creciente,Loss Incurred,month,cumulative,Synthetic,Portfolio,Auto,2018-05,40,405448.5489655608
creciente,Loss Incurred,month,cumulative,Synthetic,Portfolio,Auto,2018-05,41,406675.1726135341
creciente,Loss Incurred,month,cumulative,Synthetic,Portfolio,Auto,2018-05,42,407745.24221177585
creciente,Loss Incurred,month,cumulative,Synthetic,Portfolio,Auto,2018-05,43,408677.9973622631
creciente,Loss Incurred,month,cumulative,Synthetic,Portfolio,Auto,2018-05,44,409490.4957131003
creciente,Loss Incurred,month,cumulative,Synthetic,Portfolio,Auto,2018-05,45,410197.81465994916
creciente,Loss Incurred,month,cumulative,Synthetic,Portfolio,Auto,2018-05,46,410813.24652301706
creciente,Loss Incurred,month,cumulative,Synthetic,Portfolio,Auto,2018-05,47,411348.48357916245
creciente,Loss Incurred,month,cumulative,Synthetic,Portfolio,Auto,2018-05,48,411813.7907428437
creciente,Loss Incurred,month,cumulative,Synthetic,Portfolio,Auto,2018-05,49,412218.16474319476
creciente,Loss Incurred,month,cumulative,Synthetic,Portfolio,Auto,2018-05,50,412569.47940942686
creciente,Loss Incurred,month,cumulative,Synthetic,Portfolio,Auto,2018-05,51,412874.61721532233
creciente,Loss Incurred,month,cumulative,Synthetic,Portfolio,Auto,2018-05,52,413139.5875979449
creciente,Loss Incurred,month,cumulative,Synthetic,Portfolio,Auto,2018-05,53,413369.6327984695
creciente,Loss Incurred,month,cumulative,Synthetic,Portfolio,Auto,2018-05,54,413569.3221082642
creciente,Loss Incurred,month,cumulative,Synthetic,Portfolio,Auto,2018-05,55,413742.6354678276
creciente,Loss Incurred,month,cumulative,Synthetic,Portfolio,Auto,2018-05,56,413893.0373805465
creciente,Loss Incurred,month,cumulative,Synthetic,Portfolio,Auto,2018-05,57,414023.54208327
creciente,Loss Incurred,month,cumulative,Synthetic,Portfolio,Auto,2018-05,58,414136.7708731633
creciente,Loss Incurred,month,cumulative,Synthetic,Portfolio,Auto,2018-05,59,414235.00243396615
creciente,Loss Incurred,month,cumulative,Synthetic,Portfolio,Auto,2018-05,60,414320.21694090316
creciente,Loss Incurred,month,cumulative,Synthetic,Portfolio,Auto,2018-05,61,414394.1346566186
creciente,Loss Incurred,month,cumulative,Synthetic,Portfolio,Auto,2018-05,62,414458.2496636875
creciente,Loss Incurred,month,cumulative,Synthetic,Portfolio,Auto,2018-05,63,414513.8593146101
creciente,Loss Incurred,month,cumulative,Synthetic,Portfolio,Auto,2018-05,64,414562.08991900773
creciente,Loss Incurred,month,cumulative,Synthetic,Portfolio,Auto,2018-05,65,414603.9191307953
creciente,Loss Incurred,month,cumulative,Synthetic,Portfolio,Auto,2018-05,66,414640.1954457653
creciente,Loss Incurred,month,cumulative,Synthetic,Portfolio,Auto,2018-05,67,414671.6551724059
creciente,Loss Incurred,month,cumulative,Synthetic,Portfolio,Auto,2018-05,68,414698.93719577696
creciente,Loss Incurred,month,cumulative,Synthetic,Portfolio,Auto,2018-05,69,414722.5958157167
creciente,Loss Incurred,month,cumulative,Synthetic,Portfolio,Auto,2018-05,70,414743.11190623854
creciente,Loss Incurred,month,cumulative,Synthetic,Portfolio,Auto,2018-05,71,414760.9026124191
creciente,Loss Incurred,month,cumulative,Synthetic,Portfolio,Auto,2018-05,72,414776.32977401477
creciente,Loss Incurred,month,cumulative,Synthetic,Portfolio,Auto,2018-05,73,414789.7072411724
creciente,Loss Incurred,month,cumulative,Synthetic,Portfolio,Auto,2018-05,74,414801.30722657486
creciente,Loss Incurred,month,cumulative,Synthetic,Portfolio,Auto,2018-05,75,414811.365819904
creciente,Loss Incurred,month,cumulative,Synthetic,Portfolio,Auto,2018-05,76,414820.0877743137
creciente,Loss Incurred,month,cumulative,Synthetic,Portfolio,Auto,2018-05,77,414827.6506604338
creciente,Loss Incurred,month,cumulative,Synthetic,Portfolio,Auto,2018-05,78,414834.2084710416
creciente,Loss Incurred,month,cumulative,Synthetic,Portfolio,Auto,2018-05,79,414839.8947487142
creciente,Loss Incurred,month,cumulative,Synthetic,Portfolio,Auto,2018-05,80,414844.82529934053
creciente,Loss Incurred,month,cumulative,Synthetic,Portfolio,Auto,2018-05,81,414849.10054614424
creciente,Loss Incurred,month,cumulative,Synthetic,Portfolio,Auto,2018-05,82,414852.8075717027
creciente,Loss Incurred,month,cumulative,Synthetic,Portfolio,Auto,2018-05,83,414856.0218892103
creciente,Loss Incurred,month,cumulative,Synthetic,Portfolio,Auto,2018-05,84,414858.8089788078
creciente,Loss Incurred,month,cumulative,Synthetic,Portfolio,Auto,2018-05,85,414861.22562007775
creciente,Loss Incurred,month,cumulative,Synthetic,Portfolio,Auto,2018-05,86,414863.3210477055
creciente,Loss Incurred,month,cumulative,Synthetic,Portfolio,Auto,2018-05,87,414865.13795374095
creciente,Loss Incurred,month,cumulative,Synthetic,Portfolio,Auto,2018-05,88,414866.71335679595
creciente,Loss Incurred,month,cumulative,Synthetic,Portfolio,Auto,2018-05,89,414868.0793558258
creciente,Loss Incurred,month,cumulative,Synthetic,Portfolio,Auto,2018-05,90,414869.2637838044
creciente,Loss Incurred,month,cumulative,Synthetic,Portfolio,Auto,2018-05,91,414870.29077457957
creciente,Loss Incurred,month,cumulative,Synthetic,Portfolio,Auto,2018-06,0,72284.8516299389
creciente,Loss Incurred,month,cumulative,Synthetic,Portfolio,Auto,2018-06,1,78367.75194550048
creciente,Loss Incurred,month,cumulative,Synthetic,Portfolio,Auto,2018-06,2,85020.88808419579
creciente,Loss Incurred,month,cumulative,Synthetic,Portfolio,Auto,2018-06,3,92265.01096508944
creciente,Loss Incurred,month,cumulative,Synthetic,Portfolio,Auto,2018-06,4,100114.03292294727
creciente,Loss Incurred,month,cumulative,Synthetic,Portfolio,Auto,2018-06,5,108573.40752317579
creciente,Loss Incurred,month,cumulative,Synthetic,Portfolio,Auto,2018-06,6,117638.5589262925
creciente,Loss Incurred,month,cumulative,Synthetic,Portfolio,Auto,2018-06,7,127293.47465972799
creciente,Loss Incurred,month,cumulative,Synthetic,Portfolio,Auto,2018-06,8,137509.59084793512
creciente,Loss Incurred,month,cumulative,Synthetic,Portfolio,Auto,2018-06,9,148245.1034836275
creciente,Loss Incurred,month,cumulative,Synthetic,Portfolio,Auto,2018-06,10,159444.82928485321
creciente,Loss Incurred,month,cumulative,Synthetic,Portfolio,Auto,2018-06,11,171040.71256989936
creciente,Loss Incurred,month,cumulative,Synthetic,Portfolio,Auto,2018-06,12,182953.03031413755
creciente,Loss Incurred,month,cumulative,Synthetic,Portfolio,Auto,2018-06,13,195092.2892044834
creciente,Loss Incurred,month,cumulative,Synthetic,Portfolio,Auto,2018-06,14,207361.74242632365
creciente,Loss Incurred,month,cumulative,Synthetic,Portfolio,Auto,2018-06,15,219660.38901371107
creciente,Loss Incurred,month,cumulative,Synthetic,Portfolio,Auto,2018-06,16,231886.26480410423
creciente,Loss Incurred,month,cumulative,Synthetic,Portfolio,Auto,2018-06,17,243939.80027922758
creciente,Loss Incurred,month,cumulative,Synthetic,Portfolio,Auto,2018-06,18,255727.0127034205
creciente,Loss Incurred,month,cumulative,Synthetic,Portfolio,Auto,2018-06,19,267162.3193828446
creciente,Loss Incurred,month,cumulative,Synthetic,Portfolio,Auto,2018-06,20,278170.8021458574
creciente,Loss Incurred,month,cumulative,Synthetic,Portfolio,Auto,2018-06,21,288689.8128961094
creciente,Loss Incurred,month,cumulative,Synthetic,Portfolio,Auto,2018-06,22,298669.87669813214
creciente,Loss Incurred,month,cumulative,Synthetic,Portfolio,Auto,2018-06,23,308074.9125920682
creciente,Loss Incurred,month,cumulative,Synthetic,Portfolio,Auto,2018-06,24,316881.84524414694
creciente,Loss Incurred,month,cumulative,Synthetic,Portfolio,Auto,2018-06,25,325079.71764057
creciente,Loss Incurred,month,cumulative,Synthetic,Portfolio,Auto,2018-06,26,332668.4346585732
creciente,Loss Incurred,month,cumulative,Synthetic,Portfolio,Auto,2018-06,27,339657.2707325859
creciente,Loss Incurred,month,cumulative,Synthetic,Portfolio,Auto,2018-06,28,346063.2652117139
creciente,Loss Incurred,month,cumulative,Synthetic,Portfolio,Auto,2018-06,29,351909.61057069595
creciente,Loss Incurred,month,cumulative,Synthetic,Portfolio,Auto,2018-06,30,357224.1156157143
creciente,Loss Incurred,month,cumulative,Synthetic,Portfolio,Auto,2018-06,31,362037.8018276757
creciente,Loss Incurred,month,cumulative,Synthetic,Portfolio,Auto,2018-06,32,366383.6686663618
creciente,Loss Incurred,month,cumulative,Synthetic,Portfolio,Auto,2018-06,33,370295.64466134156
creciente,Loss Incurred,month,cumulative,Synthetic,Portfolio,Auto,2018-06,34,373807.7261861855
creciente,Loss Incurred,month,cumulative,Synthetic,Portfolio,Auto,2018-06,35,376953.29501520644
creciente,Loss Incurred,month,cumulative,Synthetic,Portfolio,Auto,2018-06,36,379764.5987119897
creciente,Loss Incurred,month,cumulative,Synthetic,Portfolio,Auto,2018-06,37,382272.3739712135
creciente,Loss Incurred,month,cumulative,Synthetic,Portfolio,Auto,2018-06,38,384505.5915240706
creciente,Loss Incurred,month,cumulative,Synthetic,Portfolio,Auto,2018-06,39,386491.3014442733
creciente,Loss Incurred,month,cumulative,Synthetic,Portfolio,Auto,2018-06,40,388254.5590657187
creciente,Loss Incurred,month,cumulative,Synthetic,Portfolio,Auto,2018-06,41,389818.41376823175
creciente,Loss Incurred,month,cumulative,Synthetic,Portfolio,Auto,2018-06,42,391203.94524500956
creciente,Loss Incurred,month,cumulative,Synthetic,Portfolio,Auto,2018-06,43,392430.3342803256
creciente,Loss Incurred,month,cumulative,Synthetic,Portfolio,Auto,2018-06,44,393514.95737204235
creciente,Loss Incurred,month,cumulative,Synthetic,Portfolio,Auto,2018-06,45,394473.4966318231
creciente,Loss Incurred,month,cumulative,Synthetic,Portfolio,Auto,2018-06,46,395320.05823782476
creciente,Loss Incurred,month,cumulative,Synthetic,Portfolio,Auto,2018-06,47,396067.2942858181
creciente,Loss Incurred,month,cumulative,Synthetic,Portfolio,Auto,2018-06,48,396726.52419318596
creciente,Loss Incurred,month,cumulative,Synthetic,Portfolio,Auto,2018-06,49,397307.85287735116
creciente,Loss Incurred,month,cumulative,Synthetic,Portfolio,Auto,2018-06,50,397820.2837837848
creciente,Loss Incurred,month,cumulative,Synthetic,Portfolio,Auto,2018-06,51,398271.8255089751
creciente,Loss Incurred,month,cumulative,Synthetic,Portfolio,Auto,2018-06,52,398669.5912801525
creciente,Loss Incurred,month,cumulative,Synthetic,Portfolio,Auto,2018-06,53,399019.8909434732
creciente,Loss Incurred,month,cumulative,Synthetic,Portfolio,Auto,2018-06,54,399328.3154000266
creciente,Loss Incurred,month,cumulative,Synthetic,Portfolio,Auto,2018-06,55,399599.8136353594
creciente,Loss Incurred,month,cumulative,Synthetic,Portfolio,Auto,2018-06,56,399838.7626308003
creciente,Loss Incurred,month,cumulative,Synthetic,Portfolio,Auto,2018-06,57,400049.0305382808
creciente,Loss Incurred,month,cumulative,Synthetic,Portfolio,Auto,2018-06,58,400234.0335563973
creciente,Loss Incurred,month,cumulative,Synthetic,Portfolio,Auto,2018-06,59,400396.78697363654
creciente,Loss Incurred,month,cumulative,Synthetic,Portfolio,Auto,2018-06,60,400539.95085247984
creciente,Loss Incurred,month,cumulative,Synthetic,Portfolio,Auto,2018-06,61,400665.8708213846
creciente,Loss Incurred,month,cumulative,Synthetic,Portfolio,Auto,2018-06,62,400776.6144249187
creciente,Loss Incurred,month,cumulative,Synthetic,Portfolio,Auto,2018-06,63,400874.0034590669
creciente,Loss Incurred,month,cumulative,Synthetic,Portfolio,Auto,2018-06,64,400959.64269149833
creciente,Loss Incurred,month,cumulative,Synthetic,Portfolio,Auto,2018-06,65,401034.9453373217
creciente,Loss Incurred,month,cumulative,Synthetic,Portfolio,Auto,2018-06,66,401101.1556309333
creciente,Loss Incurred,month,cumulative,Synthetic,Portfolio,Auto,2018-06,67,401159.3688049726
creciente,Loss Incurred,month,cumulative,Synthetic,Portfolio,Auto,2018-06,68,401210.5487588183
creciente,Loss Incurred,month,cumulative,Synthetic,Portfolio,Auto,2018-06,69,401255.5436719194
creciente,Loss Incurred,month,cumulative,Synthetic,Portfolio,Auto,2018-06,70,401295.09979183355
creciente,Loss Incurred,month,cumulative,Synthetic,Portfolio,Auto,2018-06,71,401329.8736032751
creciente,Loss Incurred,month,cumulative,Synthetic,Portfolio,Auto,2018-06,72,401360.44256280543
creciente,Loss Incurred,month,cumulative,Synthetic,Portfolio,Auto,2018-06,73,401387.3145640106
creciente,Loss Incurred,month,cumulative,Synthetic,Portfolio,Auto,2018-06,74,401410.93628004275
creciente,Loss Incurred,month,cumulative,Synthetic,Portfolio,Auto,2018-06,75,401431.70051416184
creciente,Loss Incurred,month,cumulative,Synthetic,Portfolio,Auto,2018-06,76,401449.9526742906
creciente,Loss Incurred,month,cumulative,Synthetic,Portfolio,Auto,2018-06,77,401465.9964744769
creciente,Loss Incurred,month,cumulative,Synthetic,Portfolio,Auto,2018-06,78,401480.0989544162
creciente,Loss Incurred,month,cumulative,Synthetic,Portfolio,Auto,2018-06,79,401492.49489770347
creciente,Loss Incurred,month,cumulative,Synthetic,Portfolio,Auto,2018-06,80,401503.3907201483
creciente,Loss Incurred,month,cumulative,Synthetic,Portfolio,Auto,2018-06,81,401512.96789118095
creciente,Loss Incurred,month,cumulative,Synthetic,Portfolio,Auto,2018-06,82,401521.3859440046
creciente,Loss Incurred,month,cumulative,Synthetic,Portfolio,Auto,2018-06,83,401528.7851236056
creciente,Loss Incurred,month,cumulative,Synthetic,Portfolio,Auto,2018-06,84,401535.28871594806
creciente,Loss Incurred,month,cumulative,Synthetic,Portfolio,Auto,2018-06,85,401541.0050965433
creciente,Loss Incurred,month,cumulative,Synthetic,Portfolio,Auto,2018-06,86,401546.02953206014
creciente,Loss Incurred,month,cumulative,Synthetic,Portfolio,Auto,2018-06,87,401550.4457646343
creciente,Loss Incurred,month,cumulative,Synthetic,Portfolio,Auto,2018-06,88,401554.32740499685
creciente,Loss Incurred,month,cumulative,Synthetic,Portfolio,Auto,2018-06,89,401557.7391574274
creciente,Loss Incurred,month,cumulative,Synthetic,Portfolio,Auto,2018-06,90,401560.73789677734
creciente,Loss Incurred,month,cumulative,Synthetic,Portfolio,Auto,2018-07,0,82529.0563710463
creciente,Loss Incurred,month,cumulative,Synthetic,Portfolio,Auto,2018-07,1,89184.30265028258
creciente,Loss Incurred,month,cumulative,Synthetic,Portfolio,Auto,2018-07,2,96557.31922745214
creciente,Loss Incurred,month,cumulative,Synthetic,Portfolio,Auto,2018-07,3,104685.96186075226
creciente,Loss Incurred,month,cumulative,Synthetic,Portfolio,Auto,2018-07,4,113599.84844010221
creciente,Loss Incurred,month,cumulative,Synthetic,Portfolio,Auto,2018-07,5,123317.66301306692
creciente,Loss Incurred,month,cumulative,Synthetic,Portfolio,Auto,2018-07,6,133844.39377595505
creciente,Loss Incurred,month,cumulative,Synthetic,Portfolio,Auto,2018-07,7,145168.6972380841
creciente,Loss Incurred,month,cumulative,Synthetic,Portfolio,Auto,2018-07,8,157260.62602347365
creciente,Loss Incurred,month,cumulative,Synthetic,Portfolio,Auto,2018-07,9,170069.98562948173
creciente,Loss Incurred,month,cumulative,Synthetic,Portfolio,Auto,2018-07,10,183525.58488424943
creciente,Loss Incurred,month,cumulative,Synthetic,Portfolio,Auto,2018-07,11,197535.60678278186
creciente,Loss Incurred,month,cumulative,Synthetic,Portfolio,Auto,2018-07,12,211989.24690189544
creciente,Loss Incurred,month,cumulative,Synthetic,Portfolio,Auto,2018-07,13,226759.64968401994
creciente,Loss Incurred,month,cumulative,Synthetic,Portfolio,Auto,2018-07,14,241708.03175681716
creciente,Loss Incurred,month,cumulative,Synthetic,Portfolio,Auto,2018-07,15,256688.73739395043
creciente,Loss Incurred,month,cumulative,Synthetic,Portfolio,Auto,2018-07,16,271554.8495957386
creciente,Loss Incurred,month,cumulative,Synthetic,Portfolio,Auto,2018-07,17,286163.9045811989
creciente,Loss Incurred,month,cumulative,Synthetic,Portfolio,Auto,2018-07,18,300383.2431480439
creciente,Loss Incurred,month,cumulative,Synthetic,Portfolio,Auto,2018-07,19,314094.5823549144
creciente,Loss Incurred,month,cumulative,Synthetic,Portfolio,Auto,2018-07,20,327197.4949985559
creciente,Loss Incurred,month,cumulative,Synthetic,Portfolio,Auto,2018-07,21,339611.6217409503
creciente,Loss Incurred,month,cumulative,Synthetic,Portfolio,Auto,2018-07,22,351277.5861354604
creciente,Loss Incurred,month,cumulative,Synthetic,Portfolio,Auto,2018-07,23,362156.71249741834
creciente,Loss Incurred,month,cumulative,Synthetic,Portfolio,Auto,2018-07,24,372229.7434974559
creciente,Loss Incurred,month,cumulative,Synthetic,Portfolio,Auto,2018-07,25,381494.81052035943
creciente,Loss Incurred,month,cumulative,Synthetic,Portfolio,Auto,2018-07,26,389964.92597072694
creciente,Loss Incurred,month,cumulative,Synthetic,Portfolio,Auto,2018-07,27,397665.2500164222
creciente,Loss Incurred,month,cumulative,Synthetic,Portfolio,Auto,2018-07,28,404630.34527116554
creciente,Loss Incurred,month,cumulative,Synthetic,Portfolio,Auto,2018-07,29,410901.58257959585
creciente,Loss Incurred,month,cumulative,Synthetic,Portfolio,Auto,2018-07,30,416524.808693456
creciente,Loss Incurred,month,cumulative,Synthetic,Portfolio,Auto,2018-07,31,421548.3388588759
creciente,Loss Incurred,month,cumulative,Synthetic,Portfolio,Auto,2018-07,32,426021.297996149
creciente,Loss Incurred,month,cumulative,Synthetic,Portfolio,Auto,2018-07,33,429992.30467213923
creciente,Loss Incurred,month,cumulative,Synthetic,Portfolio,Auto,2018-07,34,433508.47214960254
creciente,Loss Incurred,month,cumulative,Synthetic,Portfolio,Auto,2018-07,35,436614.68913184264
creciente,Loss Incurred,month,cumulative,Synthetic,Portfolio,Auto,2018-07,36,439353.13764204277
creciente,Loss Incurred,month,cumulative,Synthetic,Portfolio,Auto,2018-07,37,441763.0049786723
creciente,Loss Incurred,month,cumulative,Synthetic,Portfolio,Auto,2018-07,38,443880.34926401486
creciente,Loss Incurred,month,cumulative,Synthetic,Portfolio,Auto,2018-07,39,445738.08245301945
creciente,Loss Incurred,month,cumulative,Synthetic,Portfolio,Auto,2018-07,40,447366.0398251265
creciente,Loss Incurred,month,cumulative,Synthetic,Portfolio,Auto,2018-07,41,448791.1102731975
creciente,Loss Incurred,month,cumulative,Synthetic,Portfolio,Auto,2018-07,42,450037.4067079414
creciente,Loss Incurred,month,cumulative,Synthetic,Portfolio,Auto,2018-07,43,451126.46037698723
creciente,Loss Incurred,month,cumulative,Synthetic,Portfolio,Auto,2018-07,44,452077.42675115226
creciente,Loss Incurred,month,cumulative,Synthetic,Portfolio,Auto,2018-07,45,452907.2938402163
creciente,Loss Incurred,month,cumulative,Synthetic,Portfolio,Auto,2018-07,46,453631.08640344336
creciente,Loss Incurred,month,cumulative,Synthetic,Portfolio,Auto,2018-07,47,454262.0615813551
creciente,Loss Incurred,month,cumulative,Synthetic,Portfolio,Auto,2018-07,48,454811.8930716283
creciente,Loss Incurred,month,cumulative,Synthetic,Portfolio,Auto,2018-07,49,455290.842181209
creciente,Loss Incurred,month,cumulative,Synthetic,Portfolio,Auto,2018-07,50,455707.91498140985
creciente,Loss Incurred,month,cumulative,Synthetic,Portfolio,Auto,2018-07,51,456071.00543719
creciente,Loss Incurred,month,cumulative,Synthetic,Portfolio,Auto,2018-07,52,456387.0248309205
creciente,Loss Incurred,month,cumulative,Synthetic,Portfolio,Auto,2018-07,53,456662.01810030045
creciente,Loss Incurred,month,cumulative,Synthetic,Portfolio,Auto,2018-07,54,456901.26789669605
creciente,Loss Incurred,month,cumulative,Synthetic,Portfolio,Auto,2018-07,55,457109.3872735063
creciente,Loss Incurred,month,cumulative,Synthetic,Portfolio,Auto,2018-07,56,457290.4019572844
creciente,Loss Incurred,month,cumulative,Synthetic,Portfolio,Auto,2018-07,57,457447.823155091
creciente,Loss Incurred,month,cumulative,Synthetic,Portfolio,Auto,2018-07,58,457584.7118234486
creciente,Loss Incurred,month,cumulative,Synthetic,Portfolio,Auto,2018-07,59,457703.73527747014
creciente,Loss Incurred,month,cumulative,Synthetic,Portfolio,Auto,2018-07,60,457807.2169607178
creciente,Loss Incurred,month,cumulative,Synthetic,Portfolio,Auto,2018-07,61,457897.180132531
creciente,Loss Incurred,month,cumulative,Synthetic,Portfolio,Auto,2018-07,62,457975.38616380194
creciente,Loss Incurred,month,cumulative,Synthetic,Portfolio,Auto,2018-07,63,458043.3680671053
creciente,Loss Incurred,month,cumulative,Synthetic,Portfolio,Auto,2018-07,64,458102.45982446795
creciente,Loss Incurred,month,cumulative,Synthetic,Portfolio,Auto,2018-07,65,458153.82201703277
creciente,Loss Incurred,month,cumulative,Synthetic,Portfolio,Auto,2018-07,66,458198.46420600463
creciente,Loss Incurred,month,cumulative,Synthetic,Portfolio,Auto,2018-07,67,458237.26446390833
creciente,Loss Incurred,month,cumulative,Synthetic,Portfolio,Auto,2018-07,68,458270.9864093713
creciente,Loss Incurred,month,cumulative,Synthetic,Portfolio,Auto,2018-07,69,458300.2940572612
creciente,Loss Incurred,month,cumulative,Synthetic,Portfolio,Auto,2018-07,70,458325.7647588682
creciente,Loss Incurred,month,cumulative,Synthetic,Portfolio,Auto,2018-07,71,458347.9004736418
creciente,Loss Incurred,month,cumulative,Synthetic,Portfolio,Auto,2018-07,72,458367.137584483
creciente,Loss Incurred,month,cumulative,Synthetic,Portfolio,Auto,2018-07,73,458383.8554424228
creciente,Loss Incurred,month,cumulative,Synthetic,Portfolio,Auto,2018-07,74,458398.38380339125
creciente,Loss Incurred,month,cumulative,Synthetic,Portfolio,Auto,2018-07,75,458411.0092993889
creciente,Loss Incurred,month,cumulative,Synthetic,Portfolio,Auto,2018-07,76,458421.9810684168
creciente,Loss Incurred,month,cumulative,Synthetic,Portfolio,Auto,2018-07,77,458431.5156517637
creciente,Loss Incurred,month,cumulative,Synthetic,Portfolio,Auto,2018-07,78,458439.8012534107
creciente,Loss Incurred,month,cumulative,Synthetic,Portfolio,Auto,2018-07,79,458447.0014442036
creciente,Loss Incurred,month,cumulative,Synthetic,Portfolio,Auto,2018-07,80,458453.2583828424
creciente,Loss Incurred,month,cumulative,Synthetic,Portfolio,Auto,2018-07,81,458458.69561646355
creciente,Loss Incurred,month,cumulative,Synthetic,Portfolio,Auto,2018-07,82,458463.42051550234
creciente,Loss Incurred,month,cumulative,Synthetic,Portfolio,Auto,2018-07,83,458467.5263904496
creciente,Loss Incurred,month,cumulative,Synthetic,Portfolio,Auto,2018-07,84,458471.09433195693
creciente,Loss Incurred,month,cumulative,Synthetic,Portfolio,Auto,2018-07,85,458474.1948103654
creciente,Loss Incurred,month,cumulative,Synthetic,Portfolio,Auto,2018-07,86,458476.8890660505
creciente,Loss Incurred,month,cumulative,Synthetic,Portfolio,Auto,2018-07,87,458479.2303178937
creciente,Loss Incurred,month,cumulative,Synthetic,Portfolio,Auto,2018-07,88,458481.26481363695
creciente,Loss Incurred,month,cumulative,Synthetic,Portfolio,Auto,2018-07,89,458483.03274278296
creciente,Loss Incurred,month,cumulative,Synthetic,Portfolio,Auto,2018-08,0,61989.19518903034
creciente,Loss Incurred,month,cumulative,Synthetic,Portfolio,Auto,2018-08,1,66808.23054921118
creciente,Loss Incurred,month,cumulative,Synthetic,Portfolio,Auto,2018-08,2,72082.75888812041
creciente,Loss Incurred,month,cumulative,Synthetic,Portfolio,Auto,2018-08,3,77832.05316834847
creciente,Loss Incurred,month,cumulative,Synthetic,Portfolio,Auto,2018-08,4,84070.72077146328
creciente,Loss Incurred,month,cumulative,Synthetic,Portfolio,Auto,2018-08,5,90807.45899103308
creciente,Loss Incurred,month,cumulative,Synthetic,Portfolio,Auto,2018-08,6,98043.80369585277
creciente,Loss Incurred,month,cumulative,Synthetic,Portfolio,Auto,2018-08,7,105772.9468420818
creciente,Loss Incurred,month,cumulative,Synthetic,Portfolio,Auto,2018-08,8,113978.71295341113
creciente,Loss Incurred,month,cumulative,Synthetic,Portfolio,Auto,2018-08,9,122634.79340473156
creciente,Loss Incurred,month,cumulative,Synthetic,Portfolio,Auto,2018-08,10,131704.3373068829
creciente,Loss Incurred,month,cumulative,Synthetic,Portfolio,Auto,2018-08,11,141139.9864784639
creciente,Loss Incurred,month,cumulative,Synthetic,Portfolio,Auto,2018-08,12,150884.41810815386
creciente,Loss Incurred,month,cumulative,Synthetic,Portfolio,Auto,2018-08,13,160871.42284315565
creciente,Loss Incurred,month,cumulative,Synthetic,Portfolio,Auto,2018-08,14,171027.5010505787
creciente,Loss Incurred,month,cumulative,Synthetic,Portfolio,Auto,2018-08,15,181273.91096010813
creciente,Loss Incurred,month,cumulative,Synthetic,Portfolio,Auto,2018-08,16,191529.05593818877
creciente,Loss Incurred,month,cumulative,Synthetic,Portfolio,Auto,2018-08,17,201711.0612879544
creciente,Loss Incurred,month,cumulative,Synthetic,Portfolio,Auto,2018-08,18,211740.369688051
creciente,Loss Incurred,month,cumulative,Synthetic,Portfolio,Auto,2018-08,19,221542.1822652426
creciente,Loss Incurred,month,cumulative,Synthetic,Portfolio,Auto,2018-08,20,231048.5897025325
creciente,Loss Incurred,month,cumulative,Synthetic,Portfolio,Auto,2018-08,21,240200.27176687281
creciente,Loss Incurred,month,cumulative,Synthetic,Portfolio,Auto,2018-08,22,248947.68863201697
creciente,Loss Incurred,month,cumulative,Synthetic,Portfolio,Auto,2018-08,23,257251.73645065512
creciente,Loss Incurred,month,cumulative,Synthetic,Portfolio,Auto,2018-08,24,265083.88597051916
creciente,Loss Incurred,month,cumulative,Synthetic,Portfolio,Auto,2018-08,25,272425.8611150853
creciente,Loss Incurred,month,cumulative,Synthetic,Portfolio,Auto,2018-08,26,279268.94100252294
creciente,Loss Incurred,month,cumulative,Synthetic,Portfolio,Auto,2018-08,27,285612.9828066449
creciente,Loss Incurred,month,cumulative,Synthetic,Portfolio,Auto,2018-08,28,291465.26511749753
creciente,Loss Incurred,month,cumulative,Synthetic,Portfolio,Auto,2018-08,29,296839.2443573105
creciente,Loss Incurred,month,cumulative,Synthetic,Portfolio,Auto,2018-08,30,301753.303327198
creciente,Loss Incurred,month,cumulative,Synthetic,Portfolio,Auto,2018-08,31,306229.55410267966
creciente,Loss Incurred,month,cumulative,Synthetic,Portfolio,Auto,2018-08,32,310292.7398400053
creciente,Loss Incurred,month,cumulative,Synthetic,Portfolio,Auto,2018-08,33,313969.26352069725
creciente,Loss Incurred,month,cumulative,Synthetic,Portfolio,Auto,2018-08,34,317286.3574596212
creciente,Loss Incurred,month,cumulative,Synthetic,Portfolio,Auto,2018-08,35,320271.3961097838
creciente,Loss Incurred,month,cumulative,Synthetic,Portfolio,Auto,2018-08,36,322951.346401905
creciente,Loss Incurred,month,cumulative,Synthetic,Portfolio,Auto,2018-08,37,325352.34431555244
creciente,Loss Incurred,month,cumulative,Synthetic,Portfolio,Auto,2018-08,38,327499.383163849
creciente,Loss Incurred,month,cumulative,Synthetic,Portfolio,Auto,2018-08,39,329416.09768807783
creciente,Loss Incurred,month,cumulative,Synthetic,Portfolio,Auto,2018-08,40,331124.6280134135
creciente,Loss Incurred,month,cumulative,Synthetic,Portfolio,Auto,2018-08,41,332645.5483797904
creciente,Loss Incurred,month,cumulative,Synthetic,Portfolio,Auto,2018-08,42,333997.84697742976
creciente,Loss Incurred,month,cumulative,Synthetic,Portfolio,Auto,2018-08,43,335198.94491158234
creciente,Loss Incurred,month,cumulative,Synthetic,Portfolio,Auto,2018-08,44,336264.7440981936
creciente,Loss Incurred,month,cumulative,Synthetic,Portfolio,Auto,2018-08,45,337209.6956182827
creciente,Loss Incurred,month,cumulative,Synthetic,Portfolio,Auto,2018-08,46,338046.8816516505
creciente,Loss Incurred,month,cumulative,Synthetic,Portfolio,Auto,2018-08,47,338788.1055261395
creciente,Loss Incurred,month,cumulative,Synthetic,Portfolio,Auto,2018-08,48,339443.9856401827
creciente,Loss Incurred,month,cumulative,Synthetic,Portfolio,Auto,2018-08,49,340024.0500450117
creciente,Loss Incurred,month,cumulative,Synthetic,Portfolio,Auto,2018-08,50,340536.8293210206
creciente,Loss Incurred,month,cumulative,Synthetic,Portfolio,Auto,2018-08,51,340989.94606883725
creciente,Loss Incurred,month,cumulative,Synthetic,Portfolio,Auto,2018-08,52,341390.1998806713
creciente,Loss Incurred,month,cumulative,Synthetic,Portfolio,Auto,2018-08,53,341743.6470827768
creciente,Loss Incurred,month,cumulative,Synthetic,Portfolio,Auto,2018-08,54,342055.6748655039
creciente,Loss Incurred,month,cumulative,Synthetic,Portfolio,Auto,2018-08,55,342331.06966162263
creciente,Loss Incurred,month,cumulative,Synthetic,Portfolio,Auto,2018-08,56,342574.07981230103
creciente,Loss Incurred,month,cumulative,Synthetic,Portfolio,Auto,2018-08,57,342788.47268688167
creciente,Loss Incurred,month,cumulative,Synthetic,Portfolio,Auto,2018-08,58,342977.5865088062
creciente,Loss Incurred,month,cumulative,Synthetic,Portfolio,Auto,2018-08,59,343144.3771950121
creciente,Loss Incurred,month,cumulative,Synthetic,Portfolio,Auto,2018-08,60,343291.4605474529
creciente,Loss Incurred,month,cumulative,Synthetic,Portfolio,Auto,2018-08,61,343421.1501491276
creciente,Loss Incurred,month,cumulative,Synthetic,Portfolio,Auto,2018-08,62,343535.4913179408
creciente,Loss Incurred,month,cumulative,Synthetic,Portfolio,Auto,2018-08,63,343636.2914635746
creciente,Loss Incurred,month,cumulative,Synthetic,Portfolio,Auto,2018-08,64,343725.1471782495
creciente,Loss Incurred,month,cumulative,Synthetic,Portfolio,Auto,2018-08,65,343803.4683739473
creciente,Loss Incurred,month,cumulative,Synthetic,Portfolio,Auto,2018-08,66,343872.49975805375
creciente,Loss Incurred,month,cumulative,Synthetic,Portfolio,Auto,2018-08,67,343933.3399176338
creciente,Loss Incurred,month,cumulative,Synthetic,Portfolio,Auto,2018-08,68,343986.9582605996
creciente,Loss Incurred,month,cumulative,Synthetic,Portfolio,Auto,2018-08,69,344034.2100404662
creciente,Loss Incurred,month,cumulative,Synthetic,Portfolio,Auto,2018-08,70,344075.8496706577
creciente,Loss Incurred,month,cumulative,Synthetic,Portfolio,Auto,2018-08,71,344112.5425146906
creciente,Loss Incurred,month,cumulative,Synthetic,Portfolio,Auto,2018-08,72,344144.87532019976
creciente,Loss Incurred,month,cumulative,Synthetic,Portfolio,Auto,2018-08,73,344173.3654477526
creciente,Loss Incurred,month,cumulative,Synthetic,Portfolio,Auto,2018-08,74,344198.4690297474
creciente,Loss Incurred,month,cumulative,Synthetic,Portfolio,Auto,2018-08,75,344220.5881804024
creciente,Loss Incurred,month,cumulative,Synthetic,Portfolio,Auto,2018-08,76,344240.07736483926
creciente,Loss Incurred,month,cumulative,Synthetic,Portfolio,Auto,2018-08,77,344257.24902351294
creciente,Loss Incurred,month,cumulative,Synthetic,Portfolio,Auto,2018-08,78,344272.3785376321
creciente,Loss Incurred,month,cumulative,Synthetic,Portfolio,Auto,2018-08,79,344285.7086116871
creciente,Loss Incurred,month,cumulative,Synthetic,Portfolio,Auto,2018-08,80,344297.4531406592
creciente,Loss Incurred,month,cumulative,Synthetic,Portfolio,Auto,2018-08,81,344307.80062184157
creciente,Loss Incurred,month,cumulative,Synthetic,Portfolio,Auto,2018-08,82,344316.9171643854
creciente,Loss Incurred,month,cumulative,Synthetic,Portfolio,Auto,2018-08,83,344324.9491436014
creciente,Loss Incurred,month,cumulative,Synthetic,Portfolio,Auto,2018-08,84,344332.0255416423
creciente,Loss Incurred,month,cumulative,Synthetic,Portfolio,Auto,2018-08,85,344338.26001138036
creciente,Loss Incurred,month,cumulative,Synthetic,Portfolio,Auto,2018-08,86,344343.7526960294
creciente,Loss Incurred,month,cumulative,Synthetic,Portfolio,Auto,2018-08,87,344348.5918332736
creciente,Loss Incurred,month,cumulative,Synthetic,Portfolio,Auto,2018-08,88,344352.85516931076
creciente,Loss Incurred,month,cumulative,Synthetic,Portfolio,Auto,2018-09,0,60492.85841314775
creciente,Loss Incurred,month,cumulative,Synthetic,Portfolio,Auto,2018-09,1,64819.88602846277
creciente,Loss Incurred,month,cumulative,Synthetic,Portfolio,Auto,2018-09,2,69601.13068703373
creciente,Loss Incurred,month,cumulative,Synthetic,Portfolio,Auto,2018-09,3,74862.57026338845
creciente,Loss Incurred,month,cumulative,Synthetic,Portfolio,Auto,2018-09,4,80626.27056378288
creciente,Loss Incurred,month,cumulative,Synthetic,Portfolio,Auto,2018-09,5,86908.93823732689
creciente,Loss Incurred,month,cumulative,Synthetic,Portfolio,Auto,2018-09,6,93720.38311288712
creciente,Loss Incurred,month,cumulative,Synthetic,Portfolio,Auto,2018-09,7,101061.96865775775
creciente,Loss Incurred,month,cumulative,Synthetic,Portfolio,Auto,2018-09,8,108925.15413740579
creciente,Loss Incurred,month,cumulative,Synthetic,Portfolio,Auto,2018-09,9,117290.25272693334
creciente,Loss Incurred,month,cumulative,Synthetic,Portfolio,Auto,2018-09,10,126125.54158642974
creciente,Loss Incurred,month,cumulative,Synthetic,Portfolio,Auto,2018-09,11,135386.85796690115
creciente,Loss Incurred,month,cumulative,Synthetic,Portfolio,Auto,2018-09,12,145017.7959413234
creciente,Loss Incurred,month,cumulative,Synthetic,Portfolio,Auto,2018-09,13,154950.57977071268
creciente,Loss Incurred,month,cumulative,Synthetic,Portfolio,Auto,2018-09,14,165107.63396756328
creciente,Loss Incurred,month,cumulative,Synthetic,Portfolio,Auto,2018-09,15,175403.8024205896
creciente,Loss Incurred,month,cumulative,Synthetic,Portfolio,Auto,2018-09,16,185749.09855938837
creciente,Loss Incurred,month,cumulative,Synthetic,Portfolio,Auto,2018-09,17,196051.80650664456
creciente,Loss Incurred,month,cumulative,Synthetic,Portfolio,Auto,2018-09,18,206221.7102061757
creciente,Loss Incurred,month,cumulative,Synthetic,Portfolio,Auto,2018-09,19,216173.21148822203
creciente,Loss Incurred,month,cumulative,Synthetic,Portfolio,Auto,2018-09,20,225828.11195306835
creciente,Loss Incurred,month,cumulative,Synthetic,Portfolio,Auto,2018-09,21,235117.87480007348
creciente,Loss Incurred,month,cumulative,Synthetic,Portfolio,Auto,2018-09,22,243985.24373236395
creciente,Loss Incurred,month,cumulative,Synthetic,Portfolio,Auto,2018-09,23,252385.16623260133
creciente,Loss Incurred,month,cumulative,Synthetic,Portfolio,Auto,2018-09,24,260285.03673101263
creciente,Loss Incurred,month,cumulative,Synthetic,Portfolio,Auto,2018-09,25,267664.3322068798
creciente,Loss Incurred,month,cumulative,Synthetic,Portfolio,Auto,2018-09,26,274513.7526937378
creciente,Loss Incurred,month,cumulative,Synthetic,Portfolio,Auto,2018-09,27,280833.9999789121
creciente,Loss Incurred,month,cumulative,Synthetic,Portfolio,Auto,2018-09,28,286634.33087928506
creciente,Loss Incurred,month,cumulative,Synthetic,Portfolio,Auto,2018-09,29,291931.01053932274
creciente,Loss Incurred,month,cumulative,Synthetic,Portfolio,Auto,2018-09,30,296745.77100101556
creciente,Loss Incurred,month,cumulative,Synthetic,Portfolio,Auto,2018-09,31,301104.3555720123
creciente,Loss Incurred,month,cumulative,Synthetic,Portfolio,Auto,2018-09,32,305035.20422137494
creciente,Loss Incurred,month,cumulative,Synthetic,Portfolio,Auto,2018-09,33,308568.31217805063
creciente,Loss Incurred,month,cumulative,Synthetic,Portfolio,Auto,2018-09,34,311734.2747386761
creciente,Loss Incurred,month,cumulative,Synthetic,Portfolio,Auto,2018-09,35,314563.51665299013
creciente,Loss Incurred,month,cumulative,Synthetic,Portfolio,Auto,2018-09,36,317085.6942611736
creciente,Loss Incurred,month,cumulative,Synthetic,Portfolio,Auto,2018-09,37,319329.2522700899
creciente,Loss Incurred,month,cumulative,Synthetic,Portfolio,Auto,2018-09,38,321321.1139206354
creciente,Loss Incurred,month,cumulative,Synthetic,Portfolio,Auto,2018-09,39,323086.48251797573
creciente,Loss Incurred,month,cumulative,Synthetic,Portfolio,Auto,2018-09,40,324648.7331363363
creciente,Loss Incurred,month,cumulative,Synthetic,Portfolio,Auto,2018-09,41,326029.3751560261
creciente,Loss Incurred,month,cumulative,Synthetic,Portfolio,Auto,2018-09,42,327248.0686658507
creciente,Loss Incurred,month,cumulative,Synthetic,Portfolio,Auto,2018-09,43,328322.68032382894
creciente,Loss Incurred,month,cumulative,Synthetic,Portfolio,Auto,2018-09,44,329269.36678091856
creciente,Loss Incurred,month,cumulative,Synthetic,Portfolio,Auto,2018-09,45,330102.67609379283
creciente,Loss Incurred,month,cumulative,Synthetic,Portfolio,Auto,2018-09,46,330835.659608031
creciente,Loss Incurred,month,cumulative,Synthetic,Portfolio,Auto,2018-09,47,331479.98855369113
creciente,Loss Incurred,month,cumulative,Synthetic,Portfolio,Auto,2018-09,48,332046.0710632035
creciente,Loss Incurred,month,cumulative,Synthetic,Portfolio,Auto,2018-09,49,332543.16651734186
creciente,Loss Incurred,month,cumulative,Synthetic,Portfolio,Auto,2018-09,50,332979.4950789314
creciente,Loss Incurred,month,cumulative,Synthetic,Portfolio,Auto,2018-09,51,333362.34101980913
creciente,Loss Incurred,month,cumulative,Synthetic,Portfolio,Auto,2018-09,52,333698.14901816833
creciente,Loss Incurred,month,cumulative,Synthetic,Portfolio,Auto,2018-09,53,333992.6130322378
creciente,Loss Incurred,month,cumulative,Synthetic,Portfolio,Auto,2018-09,54,334250.7576702275
creciente,Loss Incurred,month,cumulative,Synthetic,Portfolio,Auto,2018-09,55,334477.01219967264
creciente,Loss Incurred,month,cumulative,Synthetic,Portfolio,Auto,2018-09,56,334675.277491892
creciente,Loss Incurred,month,cumulative,Synthetic,Portfolio,Auto,2018-09,57,334848.9862958286
creciente,Loss Incurred,month,cumulative,Synthetic,Portfolio,Auto,2018-09,58,335001.15729343734
creciente,Loss Incurred,month,cumulative,Synthetic,Portfolio,Auto,2018-09,59,335134.4434166592
creciente,Loss Incurred,month,cumulative,Synthetic,Portfolio,Auto,2018-09,60,335251.1749122477
creciente,Loss Incurred,month,cumulative,Synthetic,Portfolio,Auto,2018-09,61,335353.3976317157
creciente,Loss Incurred,month,cumulative,Synthetic,Portfolio,Auto,2018-09,62,335442.90700441645
creciente,Loss Incurred,month,cumulative,Synthetic,Portfolio,Auto,2018-09,63,335521.2781259562
creciente,Loss Incurred,month,cumulative,Synthetic,Portfolio,Auto,2018-09,64,335589.89236452815
creciente,Loss Incurred,month,cumulative,Synthetic,Portfolio,Auto,2018-09,65,335649.96085635974
creciente,Loss Incurred,month,cumulative,Synthetic,Portfolio,Auto,2018-09,66,335702.5452297213
creciente,Loss Incurred,month,cumulative,Synthetic,Portfolio,Auto,2018-09,67,335748.57586583786
creciente,Loss Incurred,month,cumulative,Synthetic,Portfolio,Auto,2018-09,68,335788.8679752564
creciente,Loss Incurred,month,cumulative,Synthetic,Portfolio,Auto,2018-09,69,335824.13574014476
creciente,Loss Incurred,month,cumulative,Synthetic,Portfolio,Auto,2018-09,70,335855.0047468983
creciente,Loss Incurred,month,cumulative,Synthetic,Portfolio,Auto,2018-09,71,335882.02290938835
creciente,Loss Incurred,month,cumulative,Synthetic,Portfolio,Auto,2018-09,72,335905.6700612321
creciente,Loss Incurred,month,cumulative,Synthetic,Portfolio,Auto,2018-09,73,335926.36637554044
creciente,Loss Incurred,month,cumulative,Synthetic,Portfolio,Auto,2018-09,74,335944.47975262237
creciente,Loss Incurred,month,cumulative,Synthetic,Portfolio,Auto,2018-09,75,335960.3322999687
creciente,Loss Incurred,month,cumulative,Synthetic,Portfolio,Auto,2018-09,76,335974.2060143768
creciente,Loss Incurred,month,cumulative,Synthetic,Portfolio,Auto,2018-09,77,335986.34776317864
creciente,Loss Incurred,month,cumulative,Synthetic,Portfolio,Auto,2018-09,78,335996.9736500498
creciente,Loss Incurred,month,cumulative,Synthetic,Portfolio,Auto,2018-09,79,336006.2728406869
creciente,Loss Incurred,month,cumulative,Synthetic,Portfolio,Auto,2018-09,80,336014.4109146025
creciente,Loss Incurred,month,cumulative,Synthetic,Portfolio,Auto,2018-09,81,336021.53280129924
creciente,Loss Incurred,month,cumulative,Synthetic,Portfolio,Auto,2018-09,82,336027.7653520251
creciente,Loss Incurred,month,cumulative,Synthetic,Portfolio,Auto,2018-09,83,336033.2195920806
creciente,Loss Incurred,month,cumulative,Synthetic,Portfolio,Auto,2018-09,84,336037.99269316124
creciente,Loss Incurred,month,cumulative,Synthetic,Portfolio,Auto,2018-09,85,336042.1697003853
creciente,Loss Incurred,month,cumulative,Synthetic,Portfolio,Auto,2018-09,86,336045.8250444024
creciente,Loss Incurred,month,cumulative,Synthetic,Portfolio,Auto,2018-09,87,336049.02386524057
creciente,Loss Incurred,month,cumulative,Synthetic,Portfolio,Auto,2018-10,0,59232.279447978566
creciente,Loss Incurred,month,cumulative,Synthetic,Portfolio,Auto,2018-10,1,65061.59723347506
creciente,Loss Incurred,month,cumulative,Synthetic,Portfolio,Auto,2018-10,2,71409.89116508357
creciente,Loss Incurred,month,cumulative,Synthetic,Portfolio,Auto,2018-10,3,78287.40417036483
creciente,Loss Incurred,month,cumulative,Synthetic,Portfolio,Auto,2018-10,4,85696.2854084917
creciente,Loss Incurred,month,cumulative,Synthetic,Portfolio,Auto,2018-10,5,93629.18037457095
creciente,Loss Incurred,month,cumulative,Synthetic,Portfolio,Auto,2018-10,6,102068.01288616633
creciente,Loss Incurred,month,cumulative,Synthetic,Portfolio,Auto,2018-10,7,110983.08495834755
creciente,Loss Incurred,month,cumulative,Synthetic,Portfolio,Auto,2018-10,8,120332.62041492965
creciente,Loss Incurred,month,cumulative,Synthetic,Portfolio,Auto,2018-10,9,130062.86240210889
creciente,Loss Incurred,month,cumulative,Synthetic,Portfolio,Auto,2018-10,10,140108.80203357252
creciente,Loss Incurred,month,cumulative,Synthetic,Portfolio,Auto,2018-10,11,150395.56629315208
creciente,Loss Incurred,month,cumulative,Synthetic,Portfolio,Auto,2018-10,12,160840.4325159545
creciente,Loss Incurred,month,cumulative,Synthetic,Portfolio,Auto,2018-10,13,171355.37188654087
creciente,Loss Incurred,month,cumulative,Synthetic,Portfolio,Auto,2018-10,14,181849.96509409806
creciente,Loss Incurred,month,cumulative,Synthetic,Portfolio,Auto,2018-10,15,192234.48937300174
creciente,Loss Incurred,month,cumulative,Synthetic,Portfolio,Auto,2018-10,16,202422.9553692052
creciente,Loss Incurred,month,cumulative,Synthetic,Portfolio,Auto,2018-10,17,212335.87839447497
creciente,Loss Incurred,month,cumulative,Synthetic,Portfolio,Auto,2018-10,18,221902.6005389647
creciente,Loss Incurred,month,cumulative,Synthetic,Portfolio,Auto,2018-10,19,231063.03206306836
creciente,Loss Incurred,month,cumulative,Synthetic,Portfolio,Auto,2018-10,20,239768.74354945088
creciente,Loss Incurred,month,cumulative,Synthetic,Portfolio,Auto,2018-10,21,247983.40445813225
creciente,Loss Incurred,month,cumulative,Synthetic,Portfolio,Auto,2018-10,22,255682.620049049
creciente,Loss Incurred,month,cumulative,Synthetic,Portfolio,Auto,2018-10,23,262853.26082760055
creciente,Loss Incurred,month,cumulative,Synthetic,Portfolio,Auto,2018-10,24,269492.40380570537
creciente,Loss Incurred,month,cumulative,Synthetic,Portfolio,Auto,2018-10,25,275606.0132342996
creciente,Loss Incurred,month,cumulative,Synthetic,Portfolio,Auto,2018-10,26,281207.48274312087
creciente,Loss Incurred,month,cumulative,Synthetic,Portfolio,Auto,2018-10,27,286316.1450456447
creciente,Loss Incurred,month,cumulative,Synthetic,Portfolio,Auto,2018-10,28,290955.833862122
creciente,Loss Incurred,month,cumulative,Synthetic,Portfolio,Auto,2018-10,29,295153.55934303056
creciente,Loss Incurred,month,cumulative,Synthetic,Portfolio,Auto,2018-10,30,298938.33598885353
creciente,Loss Incurred,month,cumulative,Synthetic,Portfolio,Auto,2018-10,31,302340.1827634645
creciente,Loss Incurred,month,cumulative,Synthetic,Portfolio,Auto,2018-10,32,305389.29973065015
creciente,Loss Incurred,month,cumulative,Synthetic,Portfolio,Auto,2018-10,33,308115.41429656703
creciente,Loss Incurred,month,cumulative,Synthetic,Portfolio,Auto,2018-10,34,310547.2826972225
creciente,Loss Incurred,month,cumulative,Synthetic,Portfolio,Auto,2018-10,35,312712.32812836254
creciente,Loss Incurred,month,cumulative,Synthetic,Portfolio,Auto,2018-10,36,314636.3951683138
creciente,Loss Incurred,month,cumulative,Synthetic,Portfolio,Auto,2018-10,37,316343.60019970057
creciente,Loss Incurred,month,cumulative,Synthetic,Portfolio,Auto,2018-10,38,317856.2587856697
creciente,Loss Incurred,month,cumulative,Synthetic,Portfolio,Auto,2018-10,39,319194.8729081744
creciente,Loss Incurred,month,cumulative,Synthetic,Portfolio,Auto,2018-10,40,320378.1632582463
creciente,Loss Incurred,month,cumulative,Synthetic,Portfolio,Auto,2018-10,41,321423.13411856315
creciente,Loss Incurred,month,cumulative,Synthetic,Portfolio,Auto,2018-10,42,322345.1606253954
creciente,Loss Incurred,month,cumulative,Synthetic,Portfolio,Auto,2018-10,43,323158.09023912903
creciente,Loss Incurred,month,cumulative,Synthetic,Portfolio,Auto,2018-10,44,323874.3520405034
creciente,Loss Incurred,month,cumulative,Synthetic,Portfolio,Auto,2018-10,45,324505.06898940855
creciente,Loss Incurred,month,cumulative,Synthetic,Portfolio,Auto,2018-10,46,325060.1695432338
creciente,Loss Incurred,month,cumulative,Synthetic,Portfolio,Auto,2018-10,47,325548.4960542532
creciente,Loss Incurred,month,cumulative,Synthetic,Portfolio,Auto,2018-10,48,325977.90817881626
creciente,Loss Incurred,month,cumulative,Synthetic,Portfolio,Auto,2018-10,49,326355.380165617
creciente,Loss Incurred,month,cumulative,Synthetic,Portfolio,Auto,2018-10,50,326687.09137570125
creciente,Loss Incurred,month,cumulative,Synthetic,Portfolio,Auto,2018-10,51,326978.50975033204
creciente,Loss Incurred,month,cumulative,Synthetic,Portfolio,Auto,2018-10,52,327234.46820839087
creciente,Loss Incurred,month,cumulative,Synthetic,Portfolio,Auto,2018-10,53,327459.2341431869
creciente,Loss Incurred,month,cumulative,Synthetic,Portfolio,Auto,2018-10,54,327656.57231656596
creciente,Loss Incurred,month,cumulative,Synthetic,Portfolio,Auto,2018-10,55,327829.80153017293
creciente,Loss Incurred,month,cumulative,Synthetic,Portfolio,Auto,2018-10,56,327981.845500992
creciente,Loss Incurred,month,cumulative,Synthetic,Portfolio,Auto,2018-10,57,328115.2783899583
creciente,Loss Incurred,month,cumulative,Synthetic,Portfolio,Auto,2018-10,58,328232.36543558585
creciente,Loss Incurred,month,cumulative,Synthetic,Portfolio,Auto,2018-10,59,328335.0991347339
creciente,Loss Incurred,month,cumulative,Synthetic,Portfolio,Auto,2018-10,60,328425.2313940416
creciente,Loss Incurred,month,cumulative,Synthetic,Portfolio,Auto,2018-10,61,328504.3020513875
creciente,Loss Incurred,month,cumulative,Synthetic,Portfolio,Auto,2018-10,62,328573.6641393584
creciente,Loss Incurred,month,cumulative,Synthetic,Portfolio,Auto,2018-10,63,328634.50623385276
creciente,Loss Incurred,month,cumulative,Synthetic,Portfolio,Auto,2018-10,64,328687.87220186193
creciente,Loss Incurred,month,cumulative,Synthetic,Portfolio,Auto,2018-10,65,328734.6786340032
creciente,Loss Incurred,month,cumulative,Synthetic,Portfolio,Auto,2018-10,66,328775.73022012657
creciente,Loss Incurred,month,cumulative,Synthetic,Portfolio,Auto,2018-10,67,328811.733300622
creciente,Loss Incurred,month,cumulative,Synthetic,Portfolio,Auto,2018-10,68,328843.3078021401
creciente,Loss Incurred,month,cumulative,Synthetic,Portfolio,Auto,2018-10,69,328870.9977443944
creciente,Loss Incurred,month,cumulative,Synthetic,Portfolio,Auto,2018-10,70,328895.2804845459
creciente,Loss Incurred,month,cumulative,Synthetic,Portfolio,Auto,2018-10,71,328916.57484734454
creciente,Loss Incurred,month,cumulative,Synthetic,Portfolio,Auto,2018-10,72,328935.24827263504
creciente,Loss Incurred,month,cumulative,Synthetic,Portfolio,Auto,2018-10,73,328951.6230969205
creciente,Loss Incurred,month,cumulative,Synthetic,Portfolio,Auto,2018-10,74,328965.98207230406
creciente,Loss Incurred,month,cumulative,Synthetic,Portfolio,Auto,2018-10,75,328978.5732141734
creciente,Loss Incurred,month,cumulative,Synthetic,Portfolio,Auto,2018-10,76,328989.61405832984
creciente,Loss Incurred,month,cumulative,Synthetic,Portfolio,Auto,2018-10,77,328999.2953987859
creciente,Loss Incurred,month,cumulative,Synthetic,Portfolio,Auto,2018-10,78,329007.78456902626
creciente,Loss Incurred,month,cumulative,Synthetic,Portfolio,Auto,2018-10,79,329015.2283220696
creciente,Loss Incurred,month,cumulative,Synthetic,Portfolio,Auto,2018-10,80,329021.755358056
creciente,Loss Incurred,month,cumulative,Synthetic,Portfolio,Auto,2018-10,81,329027.4785422475
creciente,Loss Incurred,month,cumulative,Synthetic,Portfolio,Auto,2018-10,82,329032.4968511637
creciente,Loss Incurred,month,cumulative,Synthetic,Portfolio,Auto,2018-10,83,329036.8970800303
creciente,Loss Incurred,month,cumulative,Synthetic,Portfolio,Auto,2018-10,84,329040.7553406971
creciente,Loss Incurred,month,cumulative,Synthetic,Portfolio,Auto,2018-10,85,329044.1383756527
creciente,Loss Incurred,month,cumulative,Synthetic,Portfolio,Auto,2018-10,86,329047.10471064365
creciente,Loss Incurred,month,cumulative,Synthetic,Portfolio,Auto,2018-11,0,70418.84450889722
creciente,Loss Incurred,month,cumulative,Synthetic,Portfolio,Auto,2018-11,1,75775.61691859626
creciente,Loss Incurred,month,cumulative,Synthetic,Portfolio,Auto,2018-11,2,81599.3543833071
creciente,Loss Incurred,month,cumulative,Synthetic,Portfolio,Auto,2018-11,3,87907.10399215414
creciente,Loss Incurred,month,cumulative,Synthetic,Portfolio,Auto,2018-11,4,94711.4486985232
creciente,Loss Incurred,month,cumulative,Synthetic,Portfolio,Auto,2018-11,5,102019.45733749545
creciente,Loss Incurred,month,cumulative,Synthetic,Portfolio,Auto,2018-11,6,109831.64084946536
creciente,Loss Incurred,month,cumulative,Synthetic,Portfolio,Auto,2018-11,7,118140.97297965667
creciente,Loss Incurred,month,cumulative,Synthetic,Portfolio,Auto,2018-11,8,126932.04334361567
creciente,Loss Incurred,month,cumulative,Synthetic,Portfolio,Auto,2018-11,9,136180.4163756988
creciente,Loss Incurred,month,cumulative,Synthetic,Portfolio,Auto,2018-11,10,145852.26944736965
creciente,Loss Incurred,month,cumulative,Synthetic,Portfolio,Auto,2018-11,11,155904.3758087523
creciente,Loss Incurred,month,cumulative,Synthetic,Portfolio,Auto,2018-11,12,166284.4821332782
creciente,Loss Incurred,month,cumulative,Synthetic,Portfolio,Auto,2018-11,13,176932.1065696765
creciente,Loss Incurred,month,cumulative,Synthetic,Portfolio,Auto,2018-11,14,187779.75287906194
creciente,Loss Incurred,month,cumulative,Synthetic,Portfolio,Auto,2018-11,15,198754.50232827303
creciente,Loss Incurred,month,cumulative,Synthetic,Portfolio,Auto,2018-11,16,209779.9114273117
creciente,Loss Incurred,month,cumulative,Synthetic,Portfolio,Auto,2018-11,17,220778.1147018156
creciente,Loss Incurred,month,cumulative,Synthetic,Portfolio,Auto,2018-11,18,231672.01154050135
creciente,Loss Incurred,month,cumulative,Synthetic,Portfolio,Auto,2018-11,19,242387.40772381524
creciente,Loss Incurred,month,cumulative,Synthetic,Portfolio,Auto,2018-11,20,252854.98679809782
creciente,Loss Incurred,month,cumulative,Synthetic,Portfolio,Auto,2018-11,21,263012.0033184446
creciente,Loss Incurred,month,cumulative,Synthetic,Portfolio,Auto,2018-11,22,272803.61663278774
creciente,Loss Incurred,month,cumulative,Synthetic,Portfolio,Auto,2018-11,23,282183.8165100668
creciente,Loss Incurred,month,cumulative,Synthetic,Portfolio,Auto,2018-11,24,291115.92617005407
creciente,Loss Incurred,month,cumulative,Synthetic,Portfolio,Auto,2018-11,25,299572.7000376084
creciente,Loss Incurred,month,cumulative,Synthetic,Portfolio,Auto,2018-11,26,307536.05959309
creciente,Loss Incurred,month,cumulative,Synthetic,Portfolio,Auto,2018-11,27,314996.52906194126
creciente,Loss Incurred,month,cumulative,Synthetic,Portfolio,Auto,2018-11,28,321952.4427617356
creciente,Loss Incurred,month,cumulative,Synthetic,Portfolio,Auto,2018-11,29,328408.9982516422
creciente,Loss Incurred,month,cumulative,Synthetic,Portfolio,Auto,2018-11,30,334377.2253812155
creciente,Loss Incurred,month,cumulative,Synthetic,Portfolio,Auto,2018-11,31,339872.9327196217
creciente,Loss Incurred,month,cumulative,Synthetic,Portfolio,Auto,2018-11,32,344915.68154370325
creciente,Loss Incurred,month,cumulative,Synthetic,Portfolio,Auto,2018-11,33,349527.8252591687
creciente,Loss Incurred,month,cumulative,Synthetic,Portfolio,Auto,2018-11,34,353733.6401546366
creciente,Loss Incurred,month,cumulative,Synthetic,Portfolio,Auto,2018-11,35,357558.56266158813
creciente,Loss Incurred,month,cumulative,Synthetic,Portfolio,Auto,2018-11,36,361028.53933901235
creciente,Loss Incurred,month,cumulative,Synthetic,Portfolio,Auto,2018-11,37,364169.4888162304
creciente,Loss Incurred,month,cumulative,Synthetic,Portfolio,Auto,2018-11,38,367006.8698655215
creciente,Loss Incurred,month,cumulative,Synthetic,Portfolio,Auto,2018-11,39,369565.3464362145
creciente,Loss Incurred,month,cumulative,Synthetic,Portfolio,Auto,2018-11,40,371868.5385801775
creciente,Loss Incurred,month,cumulative,Synthetic,Portfolio,Auto,2018-11,41,373938.8474258445
creciente,Loss Incurred,month,cumulative,Synthetic,Portfolio,Auto,2018-11,42,375797.3424174394
creciente,Loss Incurred,month,cumulative,Synthetic,Portfolio,Auto,2018-11,43,377463.6996666232
creciente,Loss Incurred,month,cumulative,Synthetic,Portfolio,Auto,2018-11,44,378956.18124977505
creciente,Loss Incurred,month,cumulative,Synthetic,Portfolio,Auto,2018-11,45,380291.64645743807
creciente,Loss Incurred,month,cumulative,Synthetic,Portfolio,Auto,2018-11,46,381485.58723908593
creciente,Loss Incurred,month,cumulative,Synthetic,Portfolio,Auto,2018-11,47,382552.18130012637
creciente,Loss Incurred,month,cumulative,Synthetic,Portfolio,Auto,2018-11,48,383504.35744342377
creciente,Loss Incurred,month,cumulative,Synthetic,Portfolio,Auto,2018-11,49,384353.8687726404
creciente,Loss Incurred,month,cumulative,Synthetic,Portfolio,Auto,2018-11,50,385111.370274698
creciente,Loss Incurred,month,cumulative,Synthetic,Portfolio,Auto,2018-11,51,385786.4980709744
creciente,Loss Incurred,month,cumulative,Synthetic,Portfolio,Auto,2018-11,52,386387.94827668683
creciente,Loss Incurred,month,cumulative,Synthetic,Portfolio,Auto,2018-11,53,386923.55394515966
creciente,Loss Incurred,month,cumulative,Synthetic,Portfolio,Auto,2018-11,54,387400.35901064595
creciente,Loss Incurred,month,cumulative,Synthetic,Portfolio,Auto,2018-11,55,387824.6884932097
creciente,Loss Incurred,month,cumulative,Synthetic,Portfolio,Auto,2018-11,56,388202.2145048108
creciente,Loss Incurred,month,cumulative,Synthetic,Portfolio,Auto,2018-11,57,388538.0178092552
creciente,Loss Incurred,month,cumulative,Synthetic,Portfolio,Auto,2018-11,58,388836.6448509719
creciente,Loss Incurred,month,cumulative,Synthetic,Portfolio,Auto,2018-11,59,389102.1602882154
creciente,Loss Incurred,month,cumulative,Synthetic,Portfolio,Auto,2018-11,60,389338.1951535014
creciente,Loss Incurred,month,cumulative,Synthetic,Portfolio,Auto,2018-11,61,389547.9908247699
creciente,Loss Incurred,month,cumulative,Synthetic,Portfolio,Auto,2018-11,62,389734.43903074163
creciente,Loss Incurred,month,cumulative,Synthetic,Portfolio,Auto,2018-11,63,389900.11813790305
creciente,Loss Incurred,month,cumulative,Synthetic,Portfolio,Auto,2018-11,64,390047.325978388
creciente,Loss Incurred,month,cumulative,Synthetic,Portfolio,Auto,2018-11,65,390178.1094808081
creciente,Loss Incurred,month,cumulative,Synthetic,Portfolio,Auto,2018-11,66,390294.29136226705
creciente,Loss Incurred,month,cumulative,Synthetic,Portfolio,Auto,2018-11,67,390397.494131331
creciente,Loss Incurred,month,cumulative,Synthetic,Portfolio,Auto,2018-11,68,390489.161640086
creciente,Loss Incurred,month,cumulative,Synthetic,Portfolio,Auto,2018-11,69,390570.57840978965
creciente,Loss Incurred,month,cumulative,Synthetic,Portfolio,Auto,2018-11,70,390642.88693985814
creciente,Loss Incurred,month,cumulative,Synthetic,Portfolio,Auto,2018-11,71,390707.10319470085
creciente,Loss Incurred,month,cumulative,Synthetic,Portfolio,Auto,2018-11,72,390764.13044769125
creciente,Loss Incurred,month,cumulative,Synthetic,Portfolio,Auto,2018-11,73,390814.7716466866
creciente,Loss Incurred,month,cumulative,Synthetic,Portfolio,Auto,2018-11,74,390859.74045122106
creciente,Loss Incurred,month,cumulative,Synthetic,Portfolio,Auto,2018-11,75,390899.6710779538
creciente,Loss Incurred,month,cumulative,Synthetic,Portfolio,Auto,2018-11,76,390935.1270782332
creciente,Loss Incurred,month,cumulative,Synthetic,Portfolio,Auto,2018-11,77,390966.6091598216
creciente,Loss Incurred,month,cumulative,Synthetic,Portfolio,Auto,2018-11,78,390994.56215387606
creciente,Loss Incurred,month,cumulative,Synthetic,Portfolio,Auto,2018-11,79,391019.3812182447
creciente,Loss Incurred,month,cumulative,Synthetic,Portfolio,Auto,2018-11,80,391041.4173589342
creciente,Loss Incurred,month,cumulative,Synthetic,Portfolio,Auto,2018-11,81,391060.98234323406
creciente,Loss Incurred,month,cumulative,Synthetic,Portfolio,Auto,2018-11,82,391078.35307037394
creciente,Loss Incurred,month,cumulative,Synthetic,Portfolio,Auto,2018-11,83,391093.77545870416
creciente,Loss Incurred,month,cumulative,Synthetic,Portfolio,Auto,2018-11,84,391107.4679021659
creciente,Loss Incurred,month,cumulative,Synthetic,Portfolio,Auto,2018-11,85,391119.624343216
creciente,Loss Incurred,month,cumulative,Synthetic,Portfolio,Auto,2018-12,0,77339.40434305105
creciente,Loss Incurred,month,cumulative,Synthetic,Portfolio,Auto,2018-12,1,83787.18022395403
creciente,Loss Incurred,month,cumulative,Synthetic,Portfolio,Auto,2018-12,2,90944.55856259717
creciente,Loss Incurred,month,cumulative,Synthetic,Portfolio,Auto,2018-12,3,98848.88265563342
creciente,Loss Incurred,month,cumulative,Synthetic,Portfolio,Auto,2018-12,4,107528.68471434893
creciente,Loss Incurred,month,cumulative,Synthetic,Portfolio,Auto,2018-12,5,117000.82389650421
creciente,Loss Incurred,month,cumulative,Synthetic,Portfolio,Auto,2018-12,6,127267.57969757928
creciente,Loss Incurred,month,cumulative,Synthetic,Portfolio,Auto,2018-12,7,138313.92161365616
creciente,Loss Incurred,month,cumulative,Synthetic,Portfolio,Auto,2018-12,8,150105.22464393187
creciente,Loss Incurred,month,cumulative,Synthetic,Portfolio,Auto,2018-12,9,162585.72638984237
creciente,Loss Incurred,month,cumulative,Synthetic,Portfolio,Auto,2018-12,10,175678.01238112556
creciente,Loss Incurred,month,cumulative,Synthetic,Portfolio,Auto,2018-12,11,189283.76212620438
creciente,Loss Incurred,month,cumulative,Synthetic,Portfolio,Auto,2018-12,12,203285.88660705244
creciente,Loss Incurred,month,cumulative,Synthetic,Portfolio,Auto,2018-12,13,217552.04607538664
creciente,Loss Incurred,month,cumulative,Synthetic,Portfolio,Auto,2018-12,14,231939.37370569434
creciente,Loss Incurred,month,cumulative,Synthetic,Portfolio,Auto,2018-12,15,246300.07319754234
creciente,Loss Incurred,month,cumulative,Synthetic,Portfolio,Auto,2018-12,16,260487.4368722767
creciente,Loss Incurred,month,cumulative,Synthetic,Portfolio,Auto,2018-12,17,274361.77030057
creciente,Loss Incurred,month,cumulative,Synthetic,Portfolio,Auto,2018-12,18,287795.7230566661
creciente,Loss Incurred,month,cumulative,Synthetic,Portfolio,Auto,2018-12,19,300678.6098747719
creciente,Loss Incurred,month,cumulative,Synthetic,Portfolio,Auto,2018-12,20,312919.44424617983
creciente,Loss Incurred,month,cumulative,Synthetic,Portfolio,Auto,2018-12,21,324448.56952582486
creciente,Loss Incurred,month,cumulative,Synthetic,Portfolio,Auto,2018-12,22,335217.93100394687
creciente,Loss Incurred,month,cumulative,Synthetic,Portfolio,Auto,2018-12,23,345200.16145286965
creciente,Loss Incurred,month,cumulative,Synthetic,Portfolio,Auto,2018-12,24,354386.7376199118
creciente,Loss Incurred,month,cumulative,Synthetic,Portfolio,Auto,2018-12,25,362785.5023588003
creciente,Loss Incurred,month,cumulative,Synthetic,Portfolio,Auto,2018-12,26,370417.8421765645
creciente,Loss Incurred,month,cumulative,Synthetic,Portfolio,Auto,2018-12,27,377315.77418892307
creciente,Loss Incurred,month,cumulative,Synthetic,Portfolio,Auto,2018-12,28,383519.1429263646
creciente,Loss Incurred,month,cumulative,Synthetic,Portfolio,Auto,2018-12,29,389073.06803646364
creciente,Loss Incurred,month,cumulative,Synthetic,Portfolio,Auto,2018-12,30,394025.72768708965
creciente,Loss Incurred,month,cumulative,Synthetic,Portfolio,Auto,2018-12,31,398426.5149481114
creciente,Loss Incurred,month,cumulative,Synthetic,Portfolio,Auto,2018-12,32,402324.56806823116
creciente,Loss Incurred,month,cumulative,Synthetic,Portfolio,Auto,2018-12,33,405767.65049454785
creciente,Loss Incurred,month,cumulative,Synthetic,Portfolio,Auto,2018-12,34,408801.34138090565
creciente,Loss Incurred,month,cumulative,Synthetic,Portfolio,Auto,2018-12,35,411468.49018182757
creciente,Loss Incurred,month,cumulative,Synthetic,Portfolio,Auto,2018-12,36,413808.8875769526
creciente,Loss Incurred,month,cumulative,Synthetic,Portfolio,Auto,2018-12,37,415859.1074589917
creciente,Loss Incurred,month,cumulative,Synthetic,Portfolio,Auto,2018-12,38,417652.47944845504
creciente,Loss Incurred,month,cumulative,Synthetic,Portfolio,Auto,2018-12,39,419219.15717346076
creciente,Loss Incurred,month,cumulative,Synthetic,Portfolio,Auto,2018-12,40,420586.2535450441
creciente,Loss Incurred,month,cumulative,Synthetic,Portfolio,Auto,2018-12,41,421778.0199447611
creciente,Loss Incurred,month,cumulative,Synthetic,Portfolio,Auto,2018-12,42,422816.0513308172
creciente,Loss Incurred,month,cumulative,Synthetic,Portfolio,Auto,2018-12,43,423719.5036337654
creciente,Loss Incurred,month,cumulative,Synthetic,Portfolio,Auto,2018-12,44,424505.3134327214
creciente,Loss Incurred,month,cumulative,Synthetic,Portfolio,Auto,2018-12,45,425188.4128221145
creciente,Loss Incurred,month,cumulative,Synthetic,Portfolio,Auto,2018-12,46,425781.9346752135
creciente,Loss Incurred,month,cumulative,Synthetic,Portfolio,Auto,2018-12,47,426297.40527531586
creciente,Loss Incurred,month,cumulative,Synthetic,Portfolio,Auto,2018-12,48,426744.92261038435
creciente,Loss Incurred,month,cumulative,Synthetic,Portfolio,Auto,2018-12,49,427133.3195971597
creciente,Loss Incurred,month,cumulative,Synthetic,Portfolio,Auto,2018-12,50,427470.3121911294
creciente,Loss Incurred,month,cumulative,Synthetic,Portfolio,Auto,2018-12,51,427762.6328125337
creciente,Loss Incurred,month,cumulative,Synthetic,Portfolio,Auto,2018-12,52,428016.1498279591
creciente,Loss Incurred,month,cumulative,Synthetic,Portfolio,Auto,2018-12,53,428235.9740139232
creciente,Loss Incurred,month,cumulative,Synthetic,Portfolio,Auto,2018-12,54,428426.553026314
creciente,Loss Incurred,month,cumulative,Synthetic,Portfolio,Auto,2018-12,55,428591.75493325497
creciente,Loss Incurred,month,cumulative,Synthetic,Portfolio,Auto,2018-12,56,428734.94185856567
creciente,Loss Incurred,month,cumulative,Synthetic,Portfolio,Auto,2018-12,57,428859.034743216
creciente,Loss Incurred,month,cumulative,Synthetic,Portfolio,Auto,2018-12,58,428966.5701739498
creciente,Loss Incurred,month,cumulative,Synthetic,Portfolio,Auto,2018-12,59,429059.7501595477
creciente,Loss Incurred,month,cumulative,Synthetic,Portfolio,Auto,2018-12,60,429140.4856616642
creciente,Loss Incurred,month,cumulative,Synthetic,Portfolio,Auto,2018-12,61,429210.4346127835
creciente,Loss Incurred,month,cumulative,Synthetic,Portfolio,Auto,2018-12,62,429271.03508122085
creciente,Loss Incurred,month,cumulative,Synthetic,Portfolio,Auto,2018-12,63,429323.5341740194
creciente,Loss Incurred,month,cumulative,Synthetic,Portfolio,Auto,2018-12,64,429369.0132040255
creciente,Loss Incurred,month,cumulative,Synthetic,Portfolio,Auto,2018-12,65,429408.40958794614
creciente,Loss Incurred,month,cumulative,Synthetic,Portfolio,Auto,2018-12,66,429442.5358879725
creciente,Loss Incurred,month,cumulative,Synthetic,Portfolio,Auto,2018-12,67,429472.0963605444
creciente,Loss Incurred,month,cumulative,Synthetic,Portfolio,Auto,2018-12,68,429497.7013318508
creciente,Loss Incurred,month,cumulative,Synthetic,Portfolio,Auto,2018-12,69,429519.87968039827
creciente,Loss Incurred,month,cumulative,Synthetic,Portfolio,Auto,2018-12,70,429539.08967210614
creciente,Loss Incurred,month,cumulative,Synthetic,Portfolio,Auto,2018-12,71,429555.72836251336
creciente,Loss Incurred,month,cumulative,Synthetic,Portfolio,Auto,2018-12,72,429570.139753455
creciente,Loss Incurred,month,cumulative,Synthetic,Portfolio,Auto,2018-12,73,429582.62186760345
creciente,Loss Incurred,month,cumulative,Synthetic,Portfolio,Auto,2018-12,74,429593.43288323865
creciente,Loss Incurred,month,cumulative,Synthetic,Portfolio,Auto,2018-12,75,429602.796453185
creciente,Loss Incurred,month,cumulative,Synthetic,Portfolio,Auto,2018-12,76,429610.90631573164
creciente,Loss Incurred,month,cumulative,Synthetic,Portfolio,Auto,2018-12,77,429617.9302912773
creciente,Loss Incurred,month,cumulative,Synthetic,Portfolio,Auto,2018-12,78,429624.01374615333
creciente,Loss Incurred,month,cumulative,Synthetic,Portfolio,Auto,2018-12,79,429629.28259437444
creciente,Loss Incurred,month,cumulative,Synthetic,Portfolio,Auto,2018-12,80,429633.8458987441
creciente,Loss Incurred,month,cumulative,Synthetic,Portfolio,Auto,2018-12,81,429637.798124629
creciente,Loss Incurred,month,cumulative,Synthetic,Portfolio,Auto,2018-12,82,429641.221092661
creciente,Loss Incurred,month,cumulative,Synthetic,Portfolio,Auto,2018-12,83,429644.18567049655
creciente,Loss Incurred,month,cumulative,Synthetic,Portfolio,Auto,2018-12,84,429646.7532384354
creciente,Loss Incurred,month,cumulative,Synthetic,Portfolio,Auto,2019-01,0,71337.20692218166
creciente,Loss Incurred,month,cumulative,Synthetic,Portfolio,Auto,2019-01,1,76666.57557151558
creciente,Loss Incurred,month,cumulative,Synthetic,Portfolio,Auto,2019-01,2,82509.22854574757
creciente,Loss Incurred,month,cumulative,Synthetic,Portfolio,Auto,2019-01,3,88889.00148149411
creciente,Loss Incurred,month,cumulative,Synthetic,Portfolio,Auto,2019-01,4,95824.8821949189
creciente,Loss Incurred,month,cumulative,Synthetic,Portfolio,Auto,2019-01,5,103329.59638522002
creciente,Loss Incurred,month,cumulative,Synthetic,Portfolio,Auto,2019-01,6,111408.1575772423
creciente,Loss Incurred,month,cumulative,Synthetic,Portfolio,Auto,2019-01,7,120056.46163896522
creciente,Loss Incurred,month,cumulative,Synthetic,Portfolio,Auto,2019-01,8,129260.0245436459
creciente,Loss Incurred,month,cumulative,Synthetic,Portfolio,Auto,2019-01,9,138992.97505101084
creciente,Loss Incurred,month,cumulative,Synthetic,Portfolio,Auto,2019-01,10,149217.4180988416
creciente,Loss Incurred,month,cumulative,Synthetic,Portfolio,Auto,2019-01,11,159883.27668017423
creciente,Loss Incurred,month,cumulative,Synthetic,Portfolio,Auto,2019-01,12,170928.69769922915
creciente,Loss Incurred,month,cumulative,Synthetic,Portfolio,Auto,2019-01,13,182281.0705510784
creciente,Loss Incurred,month,cumulative,Synthetic,Portfolio,Auto,2019-01,14,193858.6582948564
creciente,Loss Incurred,month,cumulative,Synthetic,Portfolio,Auto,2019-01,15,205572.7853045697
creciente,Loss Incurred,month,cumulative,Synthetic,Portfolio,Auto,2019-01,16,217330.46937163905
creciente,Loss Incurred,month,cumulative,Synthetic,Portfolio,Auto,2019-01,17,229037.3385906044
creciente,Loss Incurred,month,cumulative,Synthetic,Portfolio,Auto,2019-01,18,240600.6415683987
creciente,Loss Incurred,month,cumulative,Synthetic,Portfolio,Auto,2019-01,19,251932.14887681187
creciente,Loss Incurred,month,cumulative,Synthetic,Portfolio,Auto,2019-01,20,262950.7560354679
creciente,Loss Incurred,month,cumulative,Synthetic,Portfolio,Auto,2019-01,21,273584.6315534353
creciente,Loss Incurred,month,cumulative,Synthetic,Portfolio,Auto,2019-01,22,283772.80212607665
creciente,Loss Incurred,month,cumulative,Synthetic,Portfolio,Auto,2019-01,23,293466.1232873205
creciente,Loss Incurred,month,cumulative,Synthetic,Portfolio,Auto,2019-01,24,302627.6394885855
creciente,Loss Incurred,month,cumulative,Synthetic,Portfolio,Auto,2019-01,25,311232.38566129113
creciente,Loss Incurred,month,cumulative,Synthetic,Portfolio,Auto,2019-01,26,319266.71800095343
creciente,Loss Incurred,month,cumulative,Synthetic,Portfolio,Auto,2019-01,27,326727.2828564934
creciente,Loss Incurred,month,cumulative,Synthetic,Portfolio,Auto,2019-01,28,333619.7395935615
creciente,Loss Incurred,month,cumulative,Synthetic,Portfolio,Auto,2019-01,29,339957.3483743088
creciente,Loss Incurred,month,cumulative,Synthetic,Portfolio,Auto,2019-01,30,345759.5202545653
creciente,Loss Incurred,month,cumulative,Synthetic,Portfolio,Auto,2019-01,31,351050.4083964578
creciente,Loss Incurred,month,cumulative,Synthetic,Portfolio,Auto,2019-01,32,355857.5987381322
creciente,Loss Incurred,month,cumulative,Synthetic,Portfolio,Auto,2019-01,33,360210.9386586633
creciente,Loss Incurred,month,cumulative,Synthetic,Portfolio,Auto,2019-01,34,364141.52470471046
creciente,Loss Incurred,month,cumulative,Synthetic,Portfolio,Auto,2019-01,35,367680.85620568163
creciente,Loss Incurred,month,cumulative,Synthetic,Portfolio,Auto,2019-01,36,370860.1508642935
creciente,Loss Incurred,month,cumulative,Synthetic,Portfolio,Auto,2019-01,37,373709.810992085
creciente,Loss Incurred,month,cumulative,Synthetic,Portfolio,Auto,2019-01,38,376259.02452042676
creciente,Loss Incurred,month,cumulative,Synthetic,Portfolio,Auto,2019-01,39,378535.48269232584
creciente,Loss Incurred,month,cumulative,Synthetic,Portfolio,Auto,2019-01,40,380565.19584943453
creciente,Loss Incurred,month,cumulative,Synthetic,Portfolio,Auto,2019-01,41,382372.38944380695
creciente,Loss Incurred,month,cumulative,Synthetic,Portfolio,Auto,2019-01,42,383979.4638817144
creciente,Loss Incurred,month,cumulative,Synthetic,Portfolio,Auto,2019-01,43,385407.00369945413
creciente,Loss Incurred,month,cumulative,Synthetic,Portfolio,Auto,2019-01,44,386673.823622308
creciente,Loss Incurred,month,cumulative,Synthetic,Portfolio,Auto,2019-01,45,387797.04109086323
creciente,Loss Incurred,month,cumulative,Synthetic,Portfolio,Auto,2019-01,46,388792.1667413585
creciente,Loss Incurred,month,cumulative,Synthetic,Portfolio,Auto,2019-01,47,389673.20603508694
creciente,Loss Incurred,month,cumulative,Synthetic,Portfolio,Auto,2019-01,48,390452.7667181099
creciente,Loss Incurred,month,cumulative,Synthetic,Portfolio,Auto,2019-01,49,391142.1680525237
creciente,Loss Incurred,month,cumulative,Synthetic,Portfolio,Auto,2019-01,50,391751.54880545
creciente,Loss Incurred,month,cumulative,Synthetic,Portfolio,Auto,2019-01,51,392289.97183162306
creciente,Loss Incurred,month,cumulative,Synthetic,Portfolio,Auto,2019-01,52,392765.52376383235
creciente,Loss Incurred,month,cumulative,Synthetic,Portfolio,Auto,2019-01,53,393185.4088574362
creciente,Loss Incurred,month,cumulative,Synthetic,Portfolio,Auto,2019-01,54,393556.0364446638
creciente,Loss Incurred,month,cumulative,Synthetic,Portfolio,Auto,2019-01,55,393883.101763336
creciente,Loss Incurred,month,cumulative,Synthetic,Portfolio,Auto,2019-01,56,394171.66015231353
creciente,Loss Incurred,month,cumulative,Synthetic,Portfolio,Auto,2019-01,57,394426.1947690072
creciente,Loss Incurred,month,cumulative,Synthetic,Portfolio,Auto,2019-01,58,394650.6780966093
creciente,Loss Incurred,month,cumulative,Synthetic,Portfolio,Auto,2019-01,59,394848.6275818639
creciente,Loss Incurred,month,cumulative,Synthetic,Portfolio,Auto,2019-01,60,395023.15578754497
creciente,Loss Incurred,month,cumulative,Synthetic,Portfolio,Auto,2019-01,61,395177.0154648937
creciente,Loss Incurred,month,cumulative,Synthetic,Portfolio,Auto,2019-01,62,395312.63995603344
creciente,Loss Incurred,month,cumulative,Synthetic,Portfolio,Auto,2019-01,63,395432.17932950985
creciente,Loss Incurred,month,cumulative,Synthetic,Portfolio,Auto,2019-01,64,395537.5326372045
creciente,Loss Incurred,month,cumulative,Synthetic,Portfolio,Auto,2019-01,65,395630.3766607091
creciente,Loss Incurred,month,cumulative,Synthetic,Portfolio,Auto,2019-01,66,395712.1914919045
creciente,Loss Incurred,month,cumulative,Synthetic,Portfolio,Auto,2019-01,67,395784.28326751664
creciente,Loss Incurred,month,cumulative,Synthetic,Portfolio,Auto,2019-01,68,395847.80435192963
creciente,Loss Incurred,month,cumulative,Synthetic,Portfolio,Auto,2019-01,69,395903.7712373576
creciente,Loss Incurred,month,cumulative,Synthetic,Portfolio,Auto,2019-01,70,395953.08040612173
creciente,Loss Incurred,month,cumulative,Synthetic,Portfolio,Auto,2019-01,71,395996.5223766544
creciente,Loss Incurred,month,cumulative,Synthetic,Portfolio,Auto,2019-01,72,396034.79413314303
creciente,Loss Incurred,month,cumulative,Synthetic,Portfolio,Auto,2019-01,73,396068.51011857926
creciente,Loss Incurred,month,cumulative,Synthetic,Portfolio,Auto,2019-01,74,396098.21195241244
creciente,Loss Incurred,month,cumulative,Synthetic,Portfolio,Auto,2019-01,75,396124.37701702653
creciente,Loss Incurred,month,cumulative,Synthetic,Portfolio,Auto,2019-01,76,396147.426041808
creciente,Loss Incurred,month,cumulative,Synthetic,Portfolio,Auto,2019-01,77,396167.7297995705
creciente,Loss Incurred,month,cumulative,Synthetic,Portfolio,Auto,2019-01,78,396185.61501748214
creciente,Loss Incurred,month,cumulative,Synthetic,Portfolio,Auto,2019-01,79,396201.36959327565
creciente,Loss Incurred,month,cumulative,Synthetic,Portfolio,Auto,2019-01,80,396215.2471973432
creciente,Loss Incurred,month,cumulative,Synthetic,Portfolio,Auto,2019-01,81,396227.4713322004
creciente,Loss Incurred,month,cumulative,Synthetic,Portfolio,Auto,2019-01,82,396238.2389126675
creciente,Loss Incurred,month,cumulative,Synthetic,Portfolio,Auto,2019-01,83,396247.7234228669
creciente,Loss Incurred,month,cumulative,Synthetic,Portfolio,Auto,2019-02,0,68641.9562520756
creciente,Loss Incurred,month,cumulative,Synthetic,Portfolio,Auto,2019-02,1,75330.67761319391
creciente,Loss Incurred,month,cumulative,Synthetic,Portfolio,Auto,2019-02,2,82545.12982122142
creciente,Loss Incurred,month,cumulative,Synthetic,Portfolio,Auto,2019-02,3,90290.59903069353
creciente,Loss Incurred,month,cumulative,Synthetic,Portfolio,Auto,2019-02,4,98564.84083050088
creciente,Loss Incurred,month,cumulative,Synthetic,Portfolio,Auto,2019-02,5,107357.03875767405
creciente,Loss Incurred,month,cumulative,Synthetic,Portfolio,Auto,2019-02,6,116646.94229348181
creciente,Loss Incurred,month,cumulative,Synthetic,Portfolio,Auto,2019-02,7,126404.26945432664
creciente,Loss Incurred,month,cumulative,Synthetic,Portfolio,Auto,2019-02,8,136588.45564428365
creciente,Loss Incurred,month,cumulative,Synthetic,Portfolio,Auto,2019-02,9,147148.8176856962
creciente,Loss Incurred,month,cumulative,Synthetic,Portfolio,Auto,2019-02,10,158025.17935983045
creciente,Loss Incurred,month,cumulative,Synthetic,Portfolio,Auto,2019-02,11,169148.97330921493
creciente,Loss Incurred,month,cumulative,Synthetic,Portfolio,Auto,2019-02,12,180444.79636974726
creciente,Loss Incurred,month,cumulative,Synthetic,Portfolio,Auto,2019-02,13,191832.3554131513
creciente,Loss Incurred,month,cumulative,Synthetic,Portfolio,Auto,2019-02,14,203228.70366505304
creciente,Loss Incurred,month,cumulative,Synthetic,Portfolio,Auto,2019-02,15,214550.63842518695
creciente,Loss Incurred,month,cumulative,Synthetic,Portfolio,Auto,2019-02,16,225717.11449175363
creciente,Loss Incurred,month,cumulative,Synthetic,Portfolio,Auto,2019-02,17,236651.52595647544
creciente,Loss Incurred,month,cumulative,Synthetic,Portfolio,Auto,2019-02,18,247283.72264708253
creciente,Loss Incurred,month,cumulative,Synthetic,Portfolio,Auto,2019-02,19,257551.6542321856
creciente,Loss Incurred,month,cumulative,Synthetic,Portfolio,Auto,2019-02,20,267402.57083686715
creciente,Loss Incurred,month,cumulative,Synthetic,Portfolio,Auto,2019-02,21,276793.7488406361
creciente,Loss Incurred,month,cumulative,Synthetic,Portfolio,Auto,2019-02,22,285692.74916083144
creciente,Loss Incurred,month,cumulative,Synthetic,Portfolio,Auto,2019-02,23,294077.248402792
creciente,Loss Incurred,month,cumulative,Synthetic,Portfolio,Auto,2019-02,24,301934.5078481037
creciente,Loss Incurred,month,cumulative,Synthetic,Portfolio,Auto,2019-02,25,309260.56007331633
creciente,Loss Incurred,month,cumulative,Synthetic,Portfolio,Auto,2019-02,26,316059.19829252234
creciente,Loss Incurred,month,cumulative,Synthetic,Portfolio,Auto,2019-02,27,322340.85070371756
creciente,Loss Incurred,month,cumulative,Synthetic,Portfolio,Auto,2019-02,28,328121.4132697071
creciente,Loss Incurred,month,cumulative,Synthetic,Portfolio,Auto,2019-02,29,333421.10176207195
creciente,Loss Incurred,month,cumulative,Synthetic,Portfolio,Auto,2019-02,30,338263.3696575751
creciente,Loss Incurred,month,cumulative,Synthetic,Portfolio,Auto,2019-02,31,342673.924316687
creciente,Loss Incurred,month,cumulative,Synthetic,Portfolio,Auto,2019-02,32,346679.8610101573
creciente,Loss Incurred,month,cumulative,Synthetic,Portfolio,Auto,2019-02,33,350308.9235142516
creciente,Loss Incurred,month,cumulative,Synthetic,Portfolio,Auto,2019-02,34,353588.89147002116
creciente,Loss Incurred,month,cumulative,Synthetic,Portfolio,Auto,2019-02,35,356547.0884824335
creciente,Loss Incurred,month,cumulative,Synthetic,Portfolio,Auto,2019-02,36,359210.0007995961
creciente,Loss Incurred,month,cumulative,Synthetic,Portfolio,Auto,2019-02,37,361602.994026747
creciente,Loss Incurred,month,cumulative,Synthetic,Portfolio,Auto,2019-02,38,363750.1143214767
creciente,Loss Incurred,month,cumulative,Synthetic,Portfolio,Auto,2019-02,39,365673.96052482206
creciente,Loss Incurred,month,cumulative,Synthetic,Portfolio,Auto,2019-02,40,367395.6143880615
creciente,Loss Incurred,month,cumulative,Synthetic,Portfolio,Auto,2019-02,41,368934.61719347
creciente,Loss Incurred,month,cumulative,Synthetic,Portfolio,Auto,2019-02,42,370308.9824336476
creciente,Loss Incurred,month,cumulative,Synthetic,Portfolio,Auto,2019-02,43,371535.23565730674
creciente,Loss Incurred,month,cumulative,Synthetic,Portfolio,Auto,2019-02,44,372628.4740052693
creciente,Loss Incurred,month,cumulative,Synthetic,Portfolio,Auto,2019-02,45,373602.4392821462
creciente,Loss Incurred,month,cumulative,Synthetic,Portfolio,Auto,2019-02,46,374469.599598872
creciente,Loss Incurred,month,cumulative,Synthetic,Portfolio,Auto,2019-02,47,375241.2356620011
creciente,Loss Incurred,month,cumulative,Synthetic,Portfolio,Auto,2019-02,48,375927.52867497626
creciente,Loss Incurred,month,cumulative,Synthetic,Portfolio,Auto,2019-02,49,376537.6475613118
creciente,Loss Incurred,month,cumulative,Synthetic,Portfolio,Auto,2019-02,50,377079.83383215504
creciente,Loss Incurred,month,cumulative,Synthetic,Portfolio,Auto,2019-02,51,377561.48291606293
creciente,Loss Incurred,month,cumulative,Synthetic,Portfolio,Auto,2019-02,52,377989.221162971
creciente,Loss Incurred,month,cumulative,Synthetic,Portfolio,Auto,2019-02,53,378368.9780427382
creciente,Loss Incurred,month,cumulative,Synthetic,Portfolio,Auto,2019-02,54,378706.0532957117
creciente,Loss Incurred,month,cumulative,Synthetic,Portfolio,Auto,2019-02,55,379005.17897133745
creciente,Loss Incurred,month,cumulative,Synthetic,Portfolio,Auto,2019-02,56,379270.57642217336
creciente,Loss Incurred,month,cumulative,Synthetic,Portfolio,Auto,2019-02,57,379506.0084143027
creciente,Loss Incurred,month,cumulative,Synthetic,Portfolio,Auto,2019-02,58,379714.8265791466
creciente,Loss Incurred,month,cumulative,Synthetic,Portfolio,Auto,2019-02,59,379900.0144726617
creciente,Loss Incurred,month,cumulative,Synthetic,Portfolio,Auto,2019-02,60,380064.2265313012
creciente,Loss Incurred,month,cumulative,Synthetic,Portfolio,Auto,2019-02,61,380209.8232242891
creciente,Loss Incurred,month,cumulative,Synthetic,Portfolio,Auto,2019-02,62,380338.90270218236
creciente,Loss Incurred,month,cumulative,Synthetic,Portfolio,Auto,2019-02,63,380453.32923513075
creciente,Loss Incurred,month,cumulative,Synthetic,Portfolio,Auto,2019-02,64,380554.75872282573
creciente,Loss Incurred,month,cumulative,Synthetic,Portfolio,Auto,2019-02,65,380644.66154351487
creciente,Loss Incurred,month,cumulative,Synthetic,Portfolio,Auto,2019-02,66,380724.3429929061
creciente,Loss Incurred,month,cumulative,Synthetic,Portfolio,Auto,2019-02,67,380794.96154624457
creciente,Loss Incurred,month,cumulative,Synthetic,Portfolio,Auto,2019-02,68,380857.54515900003
creciente,Loss Incurred,month,cumulative,Synthetic,Portfolio,Auto,2019-02,69,380913.0058039703
creciente,Loss Incurred,month,cumulative,Synthetic,Portfolio,Auto,2019-02,70,380962.1524255336
creciente,Loss Incurred,month,cumulative,Synthetic,Portfolio,Auto,2019-02,71,381005.7024754993
creciente,Loss Incurred,month,cumulative,Synthetic,Portfolio,Auto,2019-02,72,381044.2921796723
creciente,Loss Incurred,month,cumulative,Synthetic,Portfolio,Auto,2019-02,73,381078.48566993553
creciente,Loss Incurred,month,cumulative,Synthetic,Portfolio,Auto,2019-02,74,381108.783103409
creciente,Loss Incurred,month,cumulative,Synthetic,Portfolio,Auto,2019-02,75,381135.6278780505
creciente,Loss Incurred,month,cumulative,Synthetic,Portfolio,Auto,2019-02,76,381159.41304291185
creciente,Loss Incurred,month,cumulative,Synthetic,Portfolio,Auto,2019-02,77,381180.48699109984
creciente,Loss Incurred,month,cumulative,Synthetic,Portfolio,Auto,2019-02,78,381199.15851426346
creciente,Loss Incurred,month,cumulative,Synthetic,Portfolio,Auto,2019-02,79,381215.7012890842
creciente,Loss Incurred,month,cumulative,Synthetic,Portfolio,Auto,2019-02,80,381230.35785871075
creciente,Loss Incurred,month,cumulative,Synthetic,Portfolio,Auto,2019-02,81,381243.3431652968
creciente,Loss Incurred,month,cumulative,Synthetic,Portfolio,Auto,2019-02,82,381254.8476837081
creciente,Loss Incurred,month,cumulative,Synthetic,Portfolio,Auto,2019-03,0,69959.44642476235
creciente,Loss Incurred,month,cumulative,Synthetic,Portfolio,Auto,2019-03,1,76163.76071322168
creciente,Loss Incurred,month,cumulative,Synthetic,Portfolio,Auto,2019-03,2,82975.80700762961
creciente,Loss Incurred,month,cumulative,Synthetic,Portfolio,Auto,2019-03,3,90417.90533595809
creciente,Loss Incurred,month,cumulative,Synthetic,Portfolio,Auto,2019-03,4,98504.16045908029
creciente,Loss Incurred,month,cumulative,Synthetic,Portfolio,Auto,2019-03,5,107238.48912689935
creciente,Loss Incurred,month,cumulative,Synthetic,Portfolio,Auto,2019-03,6,116612.73552743111
creciente,Loss Incurred,month,cumulative,Synthetic,Portfolio,Auto,2019-03,7,126605.03197995831
creciente,Loss Incurred,month,cumulative,Synthetic,Portfolio,Auto,2019-03,8,137178.58015476872
creciente,Loss Incurred,month,cumulative,Synthetic,Portfolio,Auto,2019-03,9,148281.02917975571
creciente,Loss Incurred,month,cumulative,Synthetic,Portfolio,Auto,2019-03,10,159844.6054071576
creciente,Loss Incurred,month,cumulative,Synthetic,Portfolio,Auto,2019-03,11,171787.10161126565
creciente,Loss Incurred,month,cumulative,Synthetic,Portfolio,Auto,2019-03,12,184013.76257658083
creciente,Loss Incurred,month,cumulative,Synthetic,Portfolio,Auto,2019-03,13,196420.01626471916
creciente,Loss Incurred,month,cumulative,Synthetic,Portfolio,Auto,2019-03,14,208894.90674112475
creciente,Loss Incurred,month,cumulative,Synthetic,Portfolio,Auto,2019-03,15,221325.0015378196
creciente,Loss Incurred,month,cumulative,Synthetic,Portfolio,Auto,2019-03,16,233598.48679432986
creciente,Loss Incurred,month,cumulative,Synthetic,Portfolio,Auto,2019-03,17,245609.13943752978
creciente,Loss Incurred,month,cumulative,Synthetic,Portfolio,Auto,2019-03,18,257259.88146743985
creciente,Loss Incurred,month,cumulative,Synthetic,Portfolio,Auto,2019-03,19,268465.67405920464
creciente,Loss Incurred,month,cumulative,Synthetic,Portfolio,Auto,2019-03,20,279155.5887530018
creciente,Loss Incurred,month,cumulative,Synthetic,Portfolio,Auto,2019-03,21,289273.9852837169
creciente,Loss Incurred,month,cumulative,Synthetic,Portfolio,Auto,2019-03,22,298780.815591185
creciente,Loss Incurred,month,cumulative,Synthetic,Portfolio,Auto,2019-03,23,307651.14868675556
creciente,Loss Incurred,month,cumulative,Synthetic,Portfolio,Auto,2019-03,24,315874.0633762944
creciente,Loss Incurred,month,cumulative,Synthetic,Portfolio,Auto,2019-03,25,323451.0826803646
creciente,Loss Incurred,month,cumulative,Synthetic,Portfolio,Auto,2019-03,26,330394.3270996482
creciente,Loss Incurred,month,cumulative,Synthetic,Portfolio,Auto,2019-03,27,336724.54872392863
creciente,Loss Incurred,month,cumulative,Synthetic,Portfolio,Auto,2019-03,28,342469.18103950797
creciente,Loss Incurred,month,cumulative,Synthetic,Portfolio,Auto,2019-03,29,347660.5065033568
creciente,Loss Incurred,month,cumulative,Synthetic,Portfolio,Auto,2019-03,30,352334.0107592119
creciente,Loss Incurred,month,cumulative,Synthetic,Portfolio,Auto,2019-03,31,356526.9624351898
creciente,Loss Incurred,month,cumulative,Synthetic,Portfolio,Auto,2019-03,32,360277.23285762244
creciente,Loss Incurred,month,cumulative,Synthetic,Portfolio,Auto,2019-03,33,363622.3514836936
creciente,Loss Incurred,month,cumulative,Synthetic,Portfolio,Auto,2019-03,34,366598.7801852551
creciente,Loss Incurred,month,cumulative,Synthetic,Portfolio,Auto,2019-03,35,369241.38192485814
creciente,Loss Incurred,month,cumulative,Synthetic,Portfolio,Auto,2019-03,36,371583.0558125905
creciente,Loss Incurred,month,cumulative,Synthetic,Portfolio,Auto,2019-03,37,373654.509946692
creciente,Loss Incurred,month,cumulative,Synthetic,Portfolio,Auto,2019-03,38,375484.1448550832
creciente,Loss Incurred,month,cumulative,Synthetic,Portfolio,Auto,2019-03,39,377098.02297330817
creciente,Loss Incurred,month,cumulative,Synthetic,Portfolio,Auto,2019-03,40,378519.90280990285
creciente,Loss Incurred,month,cumulative,Synthetic,Portfolio,Auto,2019-03,41,379771.3198314237
creciente,Loss Incurred,month,cumulative,Synthetic,Portfolio,Auto,2019-03,42,380871.6993626633
creciente,Loss Incurred,month,cumulative,Synthetic,Portfolio,Auto,2019-03,43,381838.4897747156
creciente,Loss Incurred,month,cumulative,Synthetic,Portfolio,Auto,2019-03,44,382687.3068406825
creciente,Loss Incurred,month,cumulative,Synthetic,Portfolio,Auto,2019-03,45,383432.082350085
creciente,Loss Incurred,month,cumulative,Synthetic,Portfolio,Auto,2019-03,46,384085.21189958166
creciente,Loss Incurred,month,cumulative,Synthetic,Portfolio,Auto,2019-03,47,384657.69825198525
creciente,Loss Incurred,month,cumulative,Synthetic,Portfolio,Auto,2019-03,48,385159.2878208308
creciente,Loss Incurred,month,cumulative,Synthetic,Portfolio,Auto,2019-03,49,385598.5987401137
creciente,Loss Incurred,month,cumulative,Synthetic,Portfolio,Auto,2019-03,50,385983.2396631497
creciente,Loss Incurred,month,cumulative,Synthetic,Portfolio,Auto,2019-03,51,386319.9189418364
creciente,Loss Incurred,month,cumulative,Synthetic,Portfolio,Auto,2019-03,52,386614.54420386074
creciente,Loss Incurred,month,cumulative,Synthetic,Portfolio,Auto,2019-03,53,386872.3126011703
creciente,Loss Incurred,month,cumulative,Synthetic,Portfolio,Auto,2019-03,54,387097.79217364575
creciente,Loss Incurred,month,cumulative,Synthetic,Portfolio,Auto,2019-03,55,387294.99487805035
creciente,Loss Incurred,month,cumulative,Synthetic,Portfolio,Auto,2019-03,56,387467.4418904643
creciente,Loss Incurred,month,cumulative,Synthetic,Portfolio,Auto,2019-03,57,387618.22181358817
creciente,Loss Incurred,month,cumulative,Synthetic,Portfolio,Auto,2019-03,58,387750.04241860576
creciente,Loss Incurred,month,cumulative,Synthetic,Portfolio,Auto,2019-03,59,387865.2765325273
creciente,Loss Incurred,month,cumulative,Synthetic,Portfolio,Auto,2019-03,60,387966.0026519249
creciente,Loss Incurred,month,cumulative,Synthetic,Portfolio,Auto,2019-03,61,388054.0408271269
creciente,Loss Incurred,month,cumulative,Synthetic,Portfolio,Auto,2019-03,62,388130.9843204447
creciente,Loss Incurred,month,cumulative,Synthetic,Portfolio,Auto,2019-03,63,388198.22750018374
creciente,Loss Incurred,month,cumulative,Synthetic,Portfolio,Auto,2019-03,64,388256.9903906425
creciente,Loss Incurred,month,cumulative,Synthetic,Portfolio,Auto,2019-03,65,388308.3402581413
creciente,Loss Incurred,month,cumulative,Synthetic,Portfolio,Auto,2019-03,66,388353.2105750387
creciente,Loss Incurred,month,cumulative,Synthetic,Portfolio,Auto,2019-03,67,388392.4176681115
creciente,Loss Incurred,month,cumulative,Synthetic,Portfolio,Auto,2019-03,68,388426.6753248259
creciente,Loss Incurred,month,cumulative,Synthetic,Portfolio,Auto,2019-03,69,388456.6076009422
creciente,Loss Incurred,month,cumulative,Synthetic,Portfolio,Auto,2019-03,70,388482.7600455808
creciente,Loss Incurred,month,cumulative,Synthetic,Portfolio,Auto,2019-03,71,388505.6095351986
creciente,Loss Incurred,month,cumulative,Synthetic,Portfolio,Auto,2019-03,72,388525.57288574276
creciente,Loss Incurred,month,cumulative,Synthetic,Portfolio,Auto,2019-03,73,388543.0143924098
creciente,Loss Incurred,month,cumulative,Synthetic,Portfolio,Auto,2019-03,74,388558.2524287248
creciente,Loss Incurred,month,cumulative,Synthetic,Portfolio,Auto,2019-03,75,388571.5652209191
creciente,Loss Incurred,month,cumulative,Synthetic,Portfolio,Auto,2019-03,76,388583.1958996108
creciente,Loss Incurred,month,cumulative,Synthetic,Portfolio,Auto,2019-03,77,388593.3569184344
creciente,Loss Incurred,month,cumulative,Synthetic,Portfolio,Auto,2019-03,78,388602.2339183305
creciente,Loss Incurred,month,cumulative,Synthetic,Portfolio,Auto,2019-03,79,388609.98910657526
creciente,Loss Incurred,month,cumulative,Synthetic,Portfolio,Auto,2019-03,80,388616.76421112416
creciente,Loss Incurred,month,cumulative,Synthetic,Portfolio,Auto,2019-03,81,388622.6830633743
creciente,Loss Incurred,month,cumulative,Synthetic,Portfolio,Auto,2019-04,0,80885.98333773848
creciente,Loss Incurred,month,cumulative,Synthetic,Portfolio,Auto,2019-04,1,88010.83768785534
creciente,Loss Incurred,month,cumulative,Synthetic,Portfolio,Auto,2019-04,2,95796.18072158175
creciente,Loss Incurred,month,cumulative,Synthetic,Portfolio,Auto,2019-04,3,104263.23699029491
creciente,Loss Incurred,month,cumulative,Synthetic,Portfolio,Auto,2019-04,4,113424.62504529914
creciente,Loss Incurred,month,cumulative,Synthetic,Portfolio,Auto,2019-04,5,123282.4755733278
creciente,Loss Incurred,month,cumulative,Synthetic,Portfolio,Auto,2019-04,6,133826.65502291682
creciente,Loss Incurred,month,cumulative,Synthetic,Portfolio,Auto,2019-04,7,145033.23726862526
creciente,Loss Incurred,month,cumulative,Synthetic,Portfolio,Auto,2019-04,8,156863.37970854953
creciente,Loss Incurred,month,cumulative,Synthetic,Portfolio,Auto,2019-04,9,169262.75933935284
creciente,Loss Incurred,month,cumulative,Synthetic,Portfolio,Auto,2019-04,10,182161.70459300277
creciente,Loss Incurred,month,cumulative,Synthetic,Portfolio,Auto,2019-04,11,195476.11804939416
creciente,Loss Incurred,month,cumulative,Synthetic,Portfolio,Auto,2019-04,12,209109.22492177566
creciente,Loss Incurred,month,cumulative,Synthetic,Portfolio,Auto,2019-04,13,222954.10781001498
creciente,Loss Incurred,month,cumulative,Synthetic,Portfolio,Auto,2019-04,14,236896.90874019213
creciente,Loss Incurred,month,cumulative,Synthetic,Portfolio,Auto,2019-04,15,250820.506504754
creciente,Loss Incurred,month,cumulative,Synthetic,Portfolio,Auto,2019-04,16,264608.4225627788
creciente,Loss Incurred,month,cumulative,Synthetic,Portfolio,Auto,2019-04,17,278148.68167332356
creciente,Loss Incurred,month,cumulative,Synthetic,Portfolio,Auto,2019-04,18,291337.3588371042
creciente,Loss Incurred,month,cumulative,Synthetic,Portfolio,Auto,2019-04,19,304081.58104339684
creciente,Loss Incurred,month,cumulative,Synthetic,Portfolio,Auto,2019-04,20,316301.8142423839
creciente,Loss Incurred,month,cumulative,Synthetic,Portfolio,Auto,2019-04,21,327933.3424195336
creciente,Loss Incurred,month,cumulative,Synthetic,Portfolio,Auto,2019-04,22,338926.92465600476
creciente,Loss Incurred,month,cumulative,Synthetic,Portfolio,Auto,2019-04,23,349248.6866606885
creciente,Loss Incurred,month,cumulative,Synthetic,Portfolio,Auto,2019-04,24,358879.35747783177
creciente,Loss Incurred,month,cumulative,Synthetic,Portfolio,Auto,2019-04,25,367812.99587562797
creciente,Loss Incurred,month,cumulative,Synthetic,Portfolio,Auto,2019-04,26,376055.36414632655
creciente,Loss Incurred,month,cumulative,Synthetic,Portfolio,Auto,2019-04,27,383622.1025608499
creciente,Loss Incurred,month,cumulative,Synthetic,Portfolio,Auto,2019-04,28,390536.8401709838
creciente,Loss Incurred,month,cumulative,Synthetic,Portfolio,Auto,2019-04,29,396829.3522407315
creciente,Loss Incurred,month,cumulative,Synthetic,Portfolio,Auto,2019-04,30,402533.8460960233
creciente,Loss Incurred,month,cumulative,Synthetic,Portfolio,Auto,2019-04,31,407687.4293791652
creciente,Loss Incurred,month,cumulative,Synthetic,Portfolio,Auto,2019-04,32,412328.7901198414
creciente,Loss Incurred,month,cumulative,Synthetic,Portfolio,Auto,2019-04,33,416497.09805163153
creciente,Loss Incurred,month,cumulative,Synthetic,Portfolio,Auto,2019-04,34,420231.12162176974
creciente,Loss Incurred,month,cumulative,Synthetic,Portfolio,Auto,2019-04,35,423568.54490227834
creciente,Loss Incurred,month,cumulative,Synthetic,Portfolio,Auto,2019-04,36,426545.46245632705
creciente,Loss Incurred,month,cumulative,Synthetic,Portfolio,Auto,2019-04,37,429196.02731498296
creciente,Loss Incurred,month,cumulative,Synthetic,Portfolio,Auto,2019-04,38,431552.22673170554
creciente,Loss Incurred,month,cumulative,Synthetic,Portfolio,Auto,2019-04,39,433643.761542632
creciente,Loss Incurred,month,cumulative,Synthetic,Portfolio,Auto,2019-04,40,435498.00713764277
creciente,Loss Incurred,month,cumulative,Synthetic,Portfolio,Auto,2019-04,41,437140.0367515328
creciente,Loss Incurred,month,cumulative,Synthetic,Portfolio,Auto,2019-04,42,438592.69066223764
creciente,Loss Incurred,month,cumulative,Synthetic,Portfolio,Auto,2019-04,43,439876.6776950723
creciente,Loss Incurred,month,cumulative,Synthetic,Portfolio,Auto,2019-04,44,441010.6980309951
creciente,Loss Incurred,month,cumulative,Synthetic,Portfolio,Auto,2019-04,45,442011.57862417895
creciente,Loss Incurred,month,cumulative,Synthetic,Portfolio,Auto,2019-04,46,442894.41451924795
creciente,Loss Incurred,month,cumulative,Synthetic,Portfolio,Auto,2019-04,47,443672.71102298936
creciente,Loss Incurred,month,cumulative,Synthetic,Portfolio,Auto,2019-04,48,444358.5230503572
creciente,Loss Incurred,month,cumulative,Synthetic,Portfolio,Auto,2019-04,49,444962.58906180615
creciente,Loss Incurred,month,cumulative,Synthetic,Portfolio,Auto,2019-04,50,445494.45787435333
creciente,Loss Incurred,month,cumulative,Synthetic,Portfolio,Auto,2019-04,51,445962.6072984847
creciente,Loss Incurred,month,cumulative,Synthetic,Portfolio,Auto,2019-04,52,446374.55406105064
creciente,Loss Incurred,month,cumulative,Synthetic,Portfolio,Auto,2019-04,53,446736.95485116506
creciente,Loss Incurred,month,cumulative,Synthetic,Portfolio,Auto,2019-04,54,447055.69859831757
creciente,Loss Incurred,month,cumulative,Synthetic,Portfolio,Auto,2019-04,55,447335.990281852
creciente,Loss Incurred,month,cumulative,Synthetic,Portfolio,Auto,2019-04,56,447582.4266972611
creciente,Loss Incurred,month,cumulative,Synthetic,Portfolio,Auto,2019-04,57,447799.06468257494
creciente,Loss Incurred,month,cumulative,Synthetic,Portfolio,Auto,2019-04,58,447989.4823496561
creciente,Loss Incurred,month,cumulative,Synthetic,Portfolio,Auto,2019-04,59,448156.8338801265
creciente,Loss Incurred,month,cumulative,Synthetic,Portfolio,Auto,2019-04,60,448303.89844149793
creciente,Loss Incurred,month,cumulative,Synthetic,Portfolio,Auto,2019-04,61,448433.1237617014
creciente,Loss Incurred,month,cumulative,Synthetic,Portfolio,Auto,2019-04,62,448546.66487407323
creciente,Loss Incurred,month,cumulative,Synthetic,Portfolio,Auto,2019-04,63,448646.41851330904
creciente,Loss Incurred,month,cumulative,Synthetic,Portfolio,Auto,2019-04,64,448734.0536084331
creciente,Loss Incurred,month,cumulative,Synthetic,Portfolio,Auto,2019-04,65,448811.03828325425
creciente,Loss Incurred,month,cumulative,Synthetic,Portfolio,Auto,2019-04,66,448878.66373937874
creciente,Loss Incurred,month,cumulative,Synthetic,Portfolio,Auto,2019-04,67,448938.0653625112
creciente,Loss Incurred,month,cumulative,Synthetic,Portfolio,Auto,2019-04,68,448990.24136008497
creciente,Loss Incurred,month,cumulative,Synthetic,Portfolio,Auto,2019-04,69,449036.0692075766
creciente,Loss Incurred,month,cumulative,Synthetic,Portfolio,Auto,2019-04,70,449076.32015237096
creciente,Loss Incurred,month,cumulative,Synthetic,Portfolio,Auto,2019-04,71,449111.67199783894
creciente,Loss Incurred,month,cumulative,Synthetic,Portfolio,Auto,2019-04,72,449142.72036633926
creciente,Loss Incurred,month,cumulative,Synthetic,Portfolio,Auto,2019-04,73,449169.9886181139
creciente,Loss Incurred,month,cumulative,Synthetic,Portfolio,Auto,2019-04,74,449193.9365833818
creciente,Loss Incurred,month,cumulative,Synthetic,Portfolio,Auto,2019-04,75,449214.9682472537
creciente,Loss Incurred,month,cumulative,Synthetic,Portfolio,Auto,2019-04,76,449233.43851120636
creciente,Loss Incurred,month,cumulative,Synthetic,Portfolio,Auto,2019-04,77,449249.6591406648
creciente,Loss Incurred,month,cumulative,Synthetic,Portfolio,Auto,2019-04,78,449263.9039955699
creciente,Loss Incurred,month,cumulative,Synthetic,Portfolio,Auto,2019-04,79,449276.4136295298
creciente,Loss Incurred,month,cumulative,Synthetic,Portfolio,Auto,2019-04,80,449287.3993331285
creciente,Loss Incurred,month,cumulative,Synthetic,Portfolio,Auto,2019-05,0,79936.75777195717
creciente,Loss Incurred,month,cumulative,Synthetic,Portfolio,Auto,2019-05,1,85764.19009025738
creciente,Loss Incurred,month,cumulative,Synthetic,Portfolio,Auto,2019-05,2,92194.5891562152
creciente,Loss Incurred,month,cumulative,Synthetic,Portfolio,Auto,2019-05,3,99260.93649718951
creciente,Loss Incurred,month,cumulative,Synthetic,Portfolio,Auto,2019-05,4,106990.77528129457
creciente,Loss Incurred,month,cumulative,Synthetic,Portfolio,Auto,2019-05,5,115404.31391742988
creciente,Loss Incurred,month,cumulative,Synthetic,Portfolio,Auto,2019-05,6,124512.43057997394
creciente,Loss Incurred,month,cumulative,Synthetic,Portfolio,Auto,2019-05,7,134314.6853652559
creciente,Loss Incurred,month,cumulative,Synthetic,Portfolio,Auto,2019-05,8,144797.47777900673
creciente,Loss Incurred,month,cumulative,Synthetic,Portfolio,Auto,2019-05,9,155932.51187947017
creciente,Loss Incurred,month,cumulative,Synthetic,Portfolio,Auto,2019-05,10,167675.74365360686
creciente,Loss Incurred,month,cumulative,Synthetic,Portfolio,Auto,2019-05,11,179966.9791671847
creciente,Loss Incurred,month,cumulative,Synthetic,Portfolio,Auto,2019-05,12,192730.2632768032
creciente,Loss Incurred,month,cumulative,Synthetic,Portfolio,Auto,2019-05,13,205875.1458491382
creciente,Loss Incurred,month,cumulative,Synthetic,Portfolio,Auto,2019-05,14,219298.83846615223
creciente,Loss Incurred,month,cumulative,Synthetic,Portfolio,Auto,2019-05,15,232889.1873032286
creciente,Loss Incurred,month,cumulative,Synthetic,Portfolio,Auto,2019-05,16,246528.2991636631
creciente,Loss Incurred,month,cumulative,Synthetic,Portfolio,Auto,2019-05,17,260096.5815461826
creciente,Loss Incurred,month,cumulative,Synthetic,Portfolio,Auto,2019-05,18,273476.9072575452
creciente,Loss Incurred,month,cumulative,Synthetic,Portfolio,Auto,2019-05,19,286558.5986289042
creciente,Loss Incurred,month,cumulative,Synthetic,Portfolio,Auto,2019-05,20,299240.94873315113
creciente,Loss Incurred,month,cumulative,Synthetic,Portfolio,Auto,2019-05,21,311436.0529766315
creciente,Loss Incurred,month,cumulative,Synthetic,Portfolio,Auto,2019-05,22,323070.8039368986
creciente,Loss Incurred,month,cumulative,Synthetic,Portfolio,Auto,2019-05,23,334087.9917904701
creciente,Loss Incurred,month,cumulative,Synthetic,Portfolio,Auto,2019-05,24,344446.5382963981
creciente,Loss Incurred,month,cumulative,Synthetic,Portfolio,Auto,2019-05,25,354120.9628051831
creciente,Loss Incurred,month,cumulative,Synthetic,Portfolio,Auto,2019-05,26,363100.2272294202
creciente,Loss Incurred,month,cumulative,Synthetic,Portfolio,Auto,2019-05,27,371386.13124704635
creciente,Loss Incurred,month,cumulative,Synthetic,Portfolio,Auto,2019-05,28,378991.4312611605
creciente,Loss Incurred,month,cumulative,Synthetic,Portfolio,Auto,2019-05,29,385937.841632569
creciente,Loss Incurred,month,cumulative,Synthetic,Portfolio,Auto,2019-05,30,392254.0504610094
creciente,Loss Incurred,month,cumulative,Synthetic,Portfolio,Auto,2019-05,31,397973.8506189389
creciente,Loss Incurred,month,cumulative,Synthetic,Portfolio,Auto,2019-05,32,403134.4547170881
creciente,Loss Incurred,month,cumulative,Synthetic,Portfolio,Auto,2019-05,33,407775.03364816646
creciente,Loss Incurred,month,cumulative,Synthetic,Portfolio,Auto,2019-05,34,411935.49430047243
creciente,Loss Incurred,month,cumulative,Synthetic,Portfolio,Auto,2019-05,35,415655.4937110137
creciente,Loss Incurred,month,cumulative,Synthetic,Portfolio,Auto,2019-05,36,418973.6741974515
creciente,Loss Incurred,month,cumulative,Synthetic,Portfolio,Auto,2019-05,37,421927.0961784776
creciente,Loss Incurred,month,cumulative,Synthetic,Portfolio,Auto,2019-05,38,424550.8415111336
creciente,Loss Incurred,month,cumulative,Synthetic,Portfolio,Auto,2019-05,39,426877.7592394872
creciente,Loss Incurred,month,cumulative,Synthetic,Portfolio,Auto,2019-05,40,428938.3267431601
creciente,Loss Incurred,month,cumulative,Synthetic,Portfolio,Auto,2019-05,41,430760.60162822716
creciente,Loss Incurred,month,cumulative,Synthetic,Portfolio,Auto,2019-05,42,432370.2427205967
creciente,Loss Incurred,month,cumulative,Synthetic,Portfolio,Auto,2019-05,43,433790.5817707881
creciente,Loss Incurred,month,cumulative,Synthetic,Portfolio,Auto,2019-05,44,435042.73066764494
creciente,Loss Incurred,month,cumulative,Synthetic,Portfolio,Auto,2019-05,45,436145.7119076516
creciente,Loss Incurred,month,cumulative,Synthetic,Portfolio,Auto,2019-05,46,437116.602680636
creciente,Loss Incurred,month,cumulative,Synthetic,Portfolio,Auto,2019-05,47,437970.68517500017
creciente,Loss Incurred,month,cumulative,Synthetic,Portfolio,Auto,2019-05,48,438721.5975781965
creciente,Loss Incurred,month,cumulative,Synthetic,Portfolio,Auto,2019-05,49,439381.48177627166
creciente,Loss Incurred,month,cumulative,Synthetic,Portfolio,Auto,2019-05,50,439961.12497760734
creciente,Loss Incurred,month,cumulative,Synthetic,Portfolio,Auto,2019-05,51,440470.093442974
creciente,Loss Incurred,month,cumulative,Synthetic,Portfolio,Auto,2019-05,52,440916.8572391841
creciente,Loss Incurred,month,cumulative,Synthetic,Portfolio,Auto,2019-05,53,441308.90548664285
creciente,Loss Incurred,month,cumulative,Synthetic,Portfolio,Auto,2019-05,54,441652.85197729885
creciente,Loss Incurred,month,cumulative,Synthetic,Portfolio,Auto,2019-05,55,441954.53132939176
creciente,Loss Incurred,month,cumulative,Synthetic,Portfolio,Auto,2019-05,56,442219.0860445916
creciente,Loss Incurred,month,cumulative,Synthetic,Portfolio,Auto,2019-05,57,442451.0449627475
creciente,Loss Incurred,month,cumulative,Synthetic,Portfolio,Auto,2019-05,58,442654.39368657785
creciente,Loss Incurred,month,cumulative,Synthetic,Portfolio,Auto,2019-05,59,442832.6375868642
creciente,Loss Incurred,month,cumulative,Synthetic,Portfolio,Auto,2019-05,60,442988.85800876265
creciente,Loss Incurred,month,cumulative,Synthetic,Portfolio,Auto,2019-05,61,443125.76229002245
creciente,Loss Incurred,month,cumulative,Synthetic,Portfolio,Auto,2019-05,62,443245.7281785617
creciente,Loss Incurred,month,cumulative,Synthetic,Portfolio,Auto,2019-05,63,443350.84320481564
creciente,Loss Incurred,month,cumulative,Synthetic,Portfolio,Auto,2019-05,64,443442.9395270999
creciente,Loss Incurred,month,cumulative,Synthetic,Portfolio,Auto,2019-05,65,443523.62472855515
creciente,Loss Incurred,month,cumulative,Synthetic,Portfolio,Auto,2019-05,66,443594.30900393636
creciente,Loss Incurred,month,cumulative,Synthetic,Portfolio,Auto,2019-05,67,443656.229134872
creciente,Loss Incurred,month,cumulative,Synthetic,Portfolio,Auto,2019-05,68,443710.46961415495
creciente,Loss Incurred,month,cumulative,Synthetic,Portfolio,Auto,2019-05,69,443757.9812436728
creciente,Loss Incurred,month,cumulative,Synthetic,Portfolio,Auto,2019-05,70,443799.5974970779
creciente,Loss Incurred,month,cumulative,Synthetic,Portfolio,Auto,2019-05,71,443836.048907397
creciente,Loss Incurred,month,cumulative,Synthetic,Portfolio,Auto,2019-05,72,443867.9757114961
creciente,Loss Incurred,month,cumulative,Synthetic,Portfolio,Auto,2019-05,73,443895.9389576299
creciente,Loss Incurred,month,cumulative,Synthetic,Portfolio,Auto,2019-05,74,443920.4302590784
creciente,Loss Incurred,month,cumulative,Synthetic,Portfolio,Auto,2019-05,75,443941.8803559837
creciente,Loss Incurred,month,cumulative,Synthetic,Portfolio,Auto,2019-05,76,443960.66662877635
creciente,Loss Incurred,month,cumulative,Synthetic,Portfolio,Auto,2019-05,77,443977.11968985747
creciente,Loss Incurred,month,cumulative,Synthetic,Portfolio,Auto,2019-05,78,443991.5291653007
creciente,Loss Incurred,month,cumulative,Synthetic,Portfolio,Auto,2019-05,79,444004.1487650972
creciente,Loss Incurred,month,cumulative,Synthetic,Portfolio,Auto,2019-06,0,75705.28043130776
creciente,Loss Incurred,month,cumulative,Synthetic,Portfolio,Auto,2019-06,1,81785.02786291325
creciente,Loss Incurred,month,cumulative,Synthetic,Portfolio,Auto,2019-06,2,88457.63480564617
creciente,Loss Incurred,month,cumulative,Synthetic,Portfolio,Auto,2019-06,3,95748.67949882716
creciente,Loss Incurred,month,cumulative,Synthetic,Portfolio,Auto,2019-06,4,103677.17996818144
creciente,Loss Incurred,month,cumulative,Synthetic,Portfolio,Auto,2019-06,5,112253.81490870118
creciente,Loss Incurred,month,cumulative,Synthetic,Portfolio,Auto,2019-06,6,121479.1443161165
creciente,Loss Incurred,month,cumulative,Synthetic,Portfolio,Auto,2019-06,7,131341.94742218134
creciente,Loss Incurred,month,cumulative,Synthetic,Portfolio,Auto,2019-06,8,141817.8171562237
creciente,Loss Incurred,month,cumulative,Synthetic,Portfolio,Auto,2019-06,9,152868.16206489765
creciente,Loss Incurred,month,cumulative,Synthetic,Portfolio,Auto,2019-06,10,164439.7634083964
creciente,Loss Incurred,month,cumulative,Synthetic,Portfolio,Auto,2019-06,11,176465.0131368867
creciente,Loss Incurred,month,cumulative,Synthetic,Portfolio,Auto,2019-06,12,188862.9161074502
creciente,Loss Incurred,month,cumulative,Synthetic,Portfolio,Auto,2019-06,13,201540.87914118278
creciente,Loss Incurred,month,cumulative,Synthetic,Portfolio,Auto,2019-06,14,214397.2362065393
creciente,Loss Incurred,month,cumulative,Synthetic,Portfolio,Auto,2019-06,15,227324.38255196266
creciente,Loss Incurred,month,cumulative,Synthetic,Portfolio,Auto,2019-06,16,240212.3224794047
creciente,Loss Incurred,month,cumulative,Synthetic,Portfolio,Auto,2019-06,17,252952.38692187474
creciente,Loss Incurred,month,cumulative,Synthetic,Portfolio,Auto,2019-06,18,265440.8565747543
creciente,Loss Incurred,month,cumulative,Synthetic,Portfolio,Auto,2019-06,19,277582.23771912005
creciente,Loss Incurred,month,cumulative,Synthetic,Portfolio,Auto,2019-06,20,289291.9790014622
creciente,Loss Incurred,month,cumulative,Synthetic,Portfolio,Auto,2019-06,21,300498.48100313055
creciente,Loss Incurred,month,cumulative,Synthetic,Portfolio,Auto,2019-06,22,311144.3257130787
creciente,Loss Incurred,month,cumulative,Synthetic,Portfolio,Auto,2019-06,23,321186.72832920676
creciente,Loss Incurred,month,cumulative,Synthetic,Portfolio,Auto,2019-06,24,330597.2789616802
creciente,Loss Incurred,month,cumulative,Synthetic,Portfolio,Auto,2019-06,25,339361.0898240975
creciente,Loss Incurred,month,cumulative,Synthetic,Portfolio,Auto,2019-06,26,347475.4913426921
creciente,Loss Incurred,month,cumulative,Synthetic,Portfolio,Auto,2019-06,27,354948.42892187973
creciente,Loss Incurred,month,cumulative,Synthetic,Portfolio,Auto,2019-06,28,361796.7042067716
creciente,Loss Incurred,month,cumulative,Synthetic,Portfolio,Auto,2019-06,29,368044.18535691325
creciente,Loss Incurred,month,cumulative,Synthetic,Portfolio,Auto,2019-06,30,373720.0851397529
creciente,Loss Incurred,month,cumulative,Synthetic,Portfolio,Auto,2019-06,31,378857.3780197922
creciente,Loss Incurred,month,cumulative,Synthetic,Portfolio,Auto,2019-06,32,383491.4012321902
creciente,Loss Incurred,month,cumulative,Synthetic,Portfolio,Auto,2019-06,33,387658.66224313463
creciente,Loss Incurred,month,cumulative,Synthetic,Portfolio,Auto,2019-06,34,391395.85706290527
creciente,Loss Incurred,month,cumulative,Synthetic,Portfolio,Auto,2019-06,35,394739.09077910124
creciente,Loss Incurred,month,cumulative,Synthetic,Portfolio,Auto,2019-06,36,397723.2830265806
creciente,Loss Incurred,month,cumulative,Synthetic,Portfolio,Auto,2019-06,37,400381.73619707685
creciente,Loss Incurred,month,cumulative,Synthetic,Portfolio,Auto,2019-06,38,402745.842187349
creciente,Loss Incurred,month,cumulative,Synthetic,Portfolio,Auto,2019-06,39,404844.90358217986
creciente,Loss Incurred,month,cumulative,Synthetic,Portfolio,Auto,2019-06,40,406706.0466593589
creciente,Loss Incurred,month,cumulative,Synthetic,Portfolio,Auto,2019-06,41,408354.2059146992
creciente,Loss Incurred,month,cumulative,Synthetic,Portfolio,Auto,2019-06,42,409812.1625027084
creciente,Loss Incurred,month,cumulative,Synthetic,Portfolio,Auto,2019-06,43,411100.621766262
creciente,Loss Incurred,month,cumulative,Synthetic,Portfolio,Auto,2019-06,44,412238.3176856362
creciente,Loss Incurred,month,cumulative,Synthetic,Portfolio,Auto,2019-06,45,413242.13449480437
creciente,Loss Incurred,month,cumulative,Synthetic,Portfolio,Auto,2019-06,46,414127.2378323572
creciente,Loss Incurred,month,cumulative,Synthetic,Portfolio,Auto,2019-06,47,414907.20959870017
creciente,Loss Incurred,month,cumulative,Synthetic,Portfolio,Auto,2019-06,48,415594.1821898622
creciente,Loss Incurred,month,cumulative,Synthetic,Portfolio,Auto,2019-06,49,416198.9689966197
creciente,Loss Incurred,month,cumulative,Synthetic,Portfolio,Auto,2019-06,50,416731.1890287169
creciente,Loss Incurred,month,cumulative,Synthetic,Portfolio,Auto,2019-06,51,417199.38428332366
creciente,Loss Incurred,month,cumulative,Synthetic,Portfolio,Auto,2019-06,52,417611.1290592446
creciente,Loss Incurred,month,cumulative,Synthetic,Portfolio,Auto,2019-06,53,417973.13085576636
creciente,Loss Incurred,month,cumulative,Synthetic,Portfolio,Auto,2019-06,54,418291.3228156943
creciente,Loss Incurred,month,cumulative,Synthetic,Portfolio,Auto,2019-06,55,418570.94790035265
creciente,Loss Incurred,month,cumulative,Synthetic,Portfolio,Auto,2019-06,56,418816.6351404767
creciente,Loss Incurred,month,cumulative,Synthetic,Portfolio,Auto,2019-06,57,419032.468407742
creciente,Loss Incurred,month,cumulative,Synthetic,Portfolio,Auto,2019-06,58,419222.0482107106
creciente,Loss Incurred,month,cumulative,Synthetic,Portfolio,Auto,2019-06,59,419388.54704703816
creciente,Loss Incurred,month,cumulative,Synthetic,Portfolio,Auto,2019-06,60,419534.7588493906
creciente,Loss Incurred,month,cumulative,Synthetic,Portfolio,Auto,2019-06,61,419663.14305226423
creciente,Loss Incurred,month,cumulative,Synthetic,Portfolio,Auto,2019-06,62,419775.863785893
creciente,Loss Incurred,month,cumulative,Synthetic,Portfolio,Auto,2019-06,63,419874.82467547077
creciente,Loss Incurred,month,cumulative,Synthetic,Portfolio,Auto,2019-06,64,419961.6996919148
creciente,Loss Incurred,month,cumulative,Synthetic,Portfolio,Auto,2019-06,65,420037.96046643634
creciente,Loss Incurred,month,cumulative,Synthetic,Portfolio,Auto,2019-06,66,420104.90044677793
creciente,Loss Incurred,month,cumulative,Synthetic,Portfolio,Auto,2019-06,67,420163.65623920655
creciente,Loss Incurred,month,cumulative,Synthetic,Portfolio,Auto,2019-06,68,420215.2264478943
creciente,Loss Incurred,month,cumulative,Synthetic,Portfolio,Auto,2019-06,69,420260.488292674
creciente,Loss Incurred,month,cumulative,Synthetic,Portfolio,Auto,2019-06,70,420300.2122575538
creciente,Loss Incurred,month,cumulative,Synthetic,Portfolio,Auto,2019-06,71,420335.07499597035
creciente,Loss Incurred,month,cumulative,Synthetic,Portfolio,Auto,2019-06,72,420365.6706945578
creciente,Loss Incurred,month,cumulative,Synthetic,Portfolio,Auto,2019-06,73,420392.52107518935
creciente,Loss Incurred,month,cumulative,Synthetic,Portfolio,Auto,2019-06,74,420416.0841951044
creciente,Loss Incurred,month,cumulative,Synthetic,Portfolio,Auto,2019-06,75,420436.76218696556
creciente,Loss Incurred,month,cumulative,Synthetic,Portfolio,Auto,2019-06,76,420454.9080645492
creciente,Loss Incurred,month,cumulative,Synthetic,Portfolio,Auto,2019-06,77,420470.8317053348
creciente,Loss Incurred,month,cumulative,Synthetic,Portfolio,Auto,2019-06,78,420484.80510835955
creciente,Loss Incurred,month,cumulative,Synthetic,Portfolio,Auto,2019-07,0,64549.65024720914
creciente,Loss Incurred,month,cumulative,Synthetic,Portfolio,Auto,2019-07,1,70446.79572406509
creciente,Loss Incurred,month,cumulative,Synthetic,Portfolio,Auto,2019-07,2,76778.63522283486
creciente,Loss Incurred,month,cumulative,Synthetic,Portfolio,Auto,2019-07,3,83549.6621447504
creciente,Loss Incurred,month,cumulative,Synthetic,Portfolio,Auto,2019-07,4,90758.9724978507
creciente,Loss Incurred,month,cumulative,Synthetic,Portfolio,Auto,2019-07,5,98399.54108508759
creciente,Loss Incurred,month,cumulative,Synthetic,Portfolio,Auto,2019-07,6,106457.60361321873
creciente,Loss Incurred,month,cumulative,Synthetic,Portfolio,Auto,2019-07,7,114912.19575606499
creciente,Loss Incurred,month,cumulative,Synthetic,Portfolio,Auto,2019-07,8,123734.89938480307
creciente,Loss Incurred,month,cumulative,Synthetic,Portfolio,Auto,2019-07,9,132889.84059940686
creciente,Loss Incurred,month,cumulative,Synthetic,Portfolio,Auto,2019-07,10,142333.97341096684
creciente,Loss Incurred,month,cumulative,Synthetic,Portfolio,Auto,2019-07,11,152017.6671188162
creciente,Loss Incurred,month,cumulative,Synthetic,Portfolio,Auto,2019-07,12,161885.59554156472
creciente,Loss Incurred,month,cumulative,Synthetic,Portfolio,Auto,2019-07,13,171877.90400033095
creciente,Loss Incurred,month,cumulative,Synthetic,Portfolio,Auto,2019-07,14,181931.60762751775
creciente,Loss Incurred,month,cumulative,Synthetic,Portfolio,Auto,2019-07,15,191982.15480204803
creciente,Loss Incurred,month,cumulative,Synthetic,Portfolio,Auto,2019-07,16,201965.0748019819
creciente,Loss Incurred,month,cumulative,Synthetic,Portfolio,Auto,2019-07,17,211817.62108329017
creciente,Loss Incurred,month,cumulative,Synthetic,Portfolio,Auto,2019-07,18,221480.32199543391
creciente,Loss Incurred,month,cumulative,Synthetic,Portfolio,Auto,2019-07,19,230898.35917457176
creciente,Loss Incurred,month,cumulative,Synthetic,Portfolio,Auto,2019-07,20,240022.70915684017
creciente,Loss Incurred,month,cumulative,Synthetic,Portfolio,Auto,2019-07,21,248811.0038907833
creciente,Loss Incurred,month,cumulative,Synthetic,Portfolio,Auto,2019-07,22,257228.08825977406
creciente,Loss Incurred,month,cumulative,Synthetic,Portfolio,Auto,2019-07,23,265246.27484830585
creciente,Loss Incurred,month,cumulative,Synthetic,Portfolio,Auto,2019-07,24,272845.31573670846
creciente,Loss Incurred,month,cumulative,Synthetic,Portfolio,Auto,2019-07,25,280012.1264541364
creciente,Loss Incurred,month,cumulative,Synthetic,Portfolio,Auto,2019-07,26,286740.3074934752
creciente,Loss Incurred,month,cumulative,Synthetic,Portfolio,Auto,2019-07,27,293029.5138784486
creciente,Loss Incurred,month,cumulative,Synthetic,Portfolio,Auto,2019-07,28,298884.72367261455
creciente,Loss Incurred,month,cumulative,Synthetic,Portfolio,Auto,2019-07,29,304315.4529462705
creciente,Loss Incurred,month,cumulative,Synthetic,Portfolio,Auto,2019-07,30,309334.95868312556
creciente,Loss Incurred,month,cumulative,Synthetic,Portfolio,Auto,2019-07,31,313959.46353598946
creciente,Loss Incurred,month,cumulative,Synthetic,Portfolio,Auto,2019-07,32,318207.4282228464
creciente,Loss Incurred,month,cumulative,Synthetic,Portfolio,Auto,2019-07,33,322098.8894753714
creciente,Loss Incurred,month,cumulative,Synthetic,Portfolio,Auto,2019-07,34,325654.87435750966
creciente,Loss Incurred,month,cumulative,Synthetic,Portfolio,Auto,2019-07,35,328896.89578230545
creciente,Loss Incurred,month,cumulative,Synthetic,Portfolio,Auto,2019-07,36,331846.52930049325
creciente,Loss Incurred,month,cumulative,Synthetic,Portfolio,Auto,2019-07,37,334525.06770077784
creciente,Loss Incurred,month,cumulative,Synthetic,Portfolio,Auto,2019-07,38,336953.247539681
creciente,Loss Incurred,month,cumulative,Synthetic,Portfolio,Auto,2019-07,39,339151.04024480283
creciente,Loss Incurred,month,cumulative,Synthetic,Portfolio,Auto,2019-07,40,341137.49972475553
creciente,Loss Incurred,month,cumulative,Synthetic,Portfolio,Auto,2019-07,41,342930.6582896633
creciente,Loss Incurred,month,cumulative,Synthetic,Portfolio,Auto,2019-07,42,344547.4629728079
creciente,Loss Incurred,month,cumulative,Synthetic,Portfolio,Auto,2019-07,43,346003.7449062997
creciente,Loss Incurred,month,cumulative,Synthetic,Portfolio,Auto,2019-07,44,347314.215128432
creciente,Loss Incurred,month,cumulative,Synthetic,Portfolio,Auto,2019-07,45,348492.4810009297
creciente,Loss Incurred,month,cumulative,Synthetic,Portfolio,Auto,2019-07,46,349551.078227539
creciente,Loss Incurred,month,cumulative,Synthetic,Portfolio,Auto,2019-07,47,350501.514248068
creciente,Loss Incurred,month,cumulative,Synthetic,Portfolio,Auto,2019-07,48,351354.3195066808
creciente,Loss Incurred,month,cumulative,Synthetic,Portfolio,Auto,2019-07,49,352119.1037447107
creciente,Loss Incurred,month,cumulative,Synthetic,Portfolio,Auto,2019-07,50,352804.6150401075
creciente,Loss Incurred,month,cumulative,Synthetic,Portfolio,Auto,2019-07,51,353418.7998076361
creciente,Loss Incurred,month,cumulative,Synthetic,Portfolio,Auto,2019-07,52,353968.86238992505
creciente,Loss Incurred,month,cumulative,Synthetic,Portfolio,Auto,2019-07,53,354461.323215672
creciente,Loss Incurred,month,cumulative,Synthetic,Portfolio,Auto,2019-07,54,354902.0747852123
creciente,Loss Incurred,month,cumulative,Synthetic,Portfolio,Auto,2019-07,55,355296.43497314764
creciente,Loss Incurred,month,cumulative,Synthetic,Portfolio,Auto,2019-07,56,355649.19732055813
creciente,Loss Incurred,month,cumulative,Synthetic,Portfolio,Auto,2019-07,57,355964.6781327458
creciente,Loss Incurred,month,cumulative,Synthetic,Portfolio,Auto,2019-07,58,356246.7603090714
creciente,Loss Incurred,month,cumulative,Synthetic,Portfolio,Auto,2019-07,59,356498.933915089
creciente,Loss Incurred,month,cumulative,Synthetic,Portfolio,Auto,2019-07,60,356724.333568888
creciente,Loss Incurred,month,cumulative,Synthetic,Portfolio,Auto,2019-07,61,356925.77275766805
creciente,Loss Incurred,month,cumulative,Synthetic,Portfolio,Auto,2019-07,62,357105.77523070015
creciente,Loss Incurred,month,cumulative,Synthetic,Portfolio,Auto,2019-07,63,357266.6036340108
creciente,Loss Incurred,month,cumulative,Synthetic,Portfolio,Auto,2019-07,64,357410.2855628371
creciente,Loss Incurred,month,cumulative,Synthetic,Portfolio,Auto,2019-07,65,357538.6372121619
creciente,Loss Incurred,month,cumulative,Synthetic,Portfolio,Auto,2019-07,66,357653.2848050958
creciente,Loss Incurred,month,cumulative,Synthetic,Portfolio,Auto,2019-07,67,357755.68397480506
creciente,Loss Incurred,month,cumulative,Synthetic,Portfolio,Auto,2019-07,68,357847.1372691517
creciente,Loss Incurred,month,cumulative,Synthetic,Portfolio,Auto,2019-07,69,357928.80993899365
creciente,Loss Incurred,month,cumulative,Synthetic,Portfolio,Auto,2019-07,70,358001.74416183744
creciente,Loss Incurred,month,cumulative,Synthetic,Portfolio,Auto,2019-07,71,358066.8718427055
creciente,Loss Incurred,month,cumulative,Synthetic,Portfolio,Auto,2019-07,72,358125.02612404263
creciente,Loss Incurred,month,cumulative,Synthetic,Portfolio,Auto,2019-07,73,358176.95172650187
creciente,Loss Incurred,month,cumulative,Synthetic,Portfolio,Auto,2019-07,74,358223.3142327222
creciente,Loss Incurred,month,cumulative,Synthetic,Portfolio,Auto,2019-07,75,358264.70841685036
creciente,Loss Incurred,month,cumulative,Synthetic,Portfolio,Auto,2019-07,76,358301.6657136867
creciente,Loss Incurred,month,cumulative,Synthetic,Portfolio,Auto,2019-07,77,358334.66091297223
creciente,Loss Incurred,month,cumulative,Synthetic,Portfolio,Auto,2019-08,0,68430.43847991663
creciente,Loss Incurred,month,cumulative,Synthetic,Portfolio,Auto,2019-08,1,75287.34227132887
creciente,Loss Incurred,month,cumulative,Synthetic,Portfolio,Auto,2019-08,2,82688.91537164825
creciente,Loss Incurred,month,cumulative,Synthetic,Portfolio,Auto,2019-08,3,90639.76904323493
creciente,Loss Incurred,month,cumulative,Synthetic,Portfolio,Auto,2019-08,4,99136.29402824119
creciente,Loss Incurred,month,cumulative,Synthetic,Portfolio,Auto,2019-08,5,108165.54959843158
creciente,Loss Incurred,month,cumulative,Synthetic,Portfolio,Auto,2019-08,6,117704.36589565131
creciente,Loss Incurred,month,cumulative,Synthetic,Portfolio,Auto,2019-08,7,127718.75544369589
creciente,Loss Incurred,month,cumulative,Synthetic,Portfolio,Auto,2019-08,8,138163.724016449
creciente,Loss Incurred,month,cumulative,Synthetic,Portfolio,Auto,2019-08,9,148983.55429190237
creciente,Loss Incurred,month,cumulative,Synthetic,Portfolio,Auto,2019-08,10,160112.60758257724
creciente,Loss Incurred,month,cumulative,Synthetic,Portfolio,Auto,2019-08,11,171476.6509239491
creciente,Loss Incurred,month,cumulative,Synthetic,Portfolio,Auto,2019-08,12,182994.67242905972
creciente,Loss Incurred,month,cumulative,Synthetic,Portfolio,Auto,2019-08,13,194581.10228928935
creciente,Loss Incurred,month,cumulative,Synthetic,Portfolio,Auto,2019-08,14,206148.3162766476
creciente,Loss Incurred,month,cumulative,Synthetic,Portfolio,Auto,2019-08,15,217609.26907863637
creciente,Loss Incurred,month,cumulative,Synthetic,Portfolio,Auto,2019-08,16,228880.0908922055
creciente,Loss Incurred,month,cumulative,Synthetic,Portfolio,Auto,2019-08,17,239882.48465896488
creciente,Loss Incurred,month,cumulative,Synthetic,Portfolio,Auto,2019-08,18,250545.78249826917
creciente,Loss Incurred,month,cumulative,Synthetic,Portfolio,Auto,2019-08,19,260808.55490981805
creciente,Loss Incurred,month,cumulative,Synthetic,Portfolio,Auto,2019-08,20,270619.7098074739
creciente,Loss Incurred,month,cumulative,Synthetic,Portfolio,Auto,2019-08,21,279939.06419322547
creciente,Loss Incurred,month,cumulative,Synthetic,Portfolio,Auto,2019-08,22,288737.41342128057
creciente,Loss Incurred,month,cumulative,Synthetic,Portfolio,Auto,2019-08,23,296996.15700704034
creciente,Loss Incurred,month,cumulative,Synthetic,Portfolio,Auto,2019-08,24,304706.5631630642
creciente,Loss Incurred,month,cumulative,Synthetic,Portfolio,Auto,2019-08,25,311868.76602535637
creciente,Loss Incurred,month,cumulative,Synthetic,Portfolio,Auto,2019-08,26,318490.59086469817
creciente,Loss Incurred,month,cumulative,Synthetic,Portfolio,Auto,2019-08,27,324586.2955806484
creciente,Loss Incurred,month,cumulative,Synthetic,Portfolio,Auto,2019-08,28,330175.3040964745
creciente,Loss Incurred,month,cumulative,Synthetic,Portfolio,Auto,2019-08,29,335280.991558995
creciente,Loss Incurred,month,cumulative,Synthetic,Portfolio,Auto,2019-08,30,339929.56477694376
creciente,Loss Incurred,month,cumulative,Synthetic,Portfolio,Auto,2019-08,31,344149.06581893616
creciente,Loss Incurred,month,cumulative,Synthetic,Portfolio,Auto,2019-08,32,347968.5132403458
creciente,Loss Incurred,month,cumulative,Synthetic,Portfolio,Auto,2019-08,33,351417.18456870515
creciente,Loss Incurred,month,cumulative,Synthetic,Portfolio,Auto,2019-08,34,354524.03556636506
creciente,Loss Incurred,month,cumulative,Synthetic,Portfolio,Auto,2019-08,35,357317.2462237344
creciente,Loss Incurred,month,cumulative,Synthetic,Portfolio,Auto,2019-08,36,359823.88005766156
creciente,Loss Incurred,month,cumulative,Synthetic,Portfolio,Auto,2019-08,37,362069.64166357485
creciente,Loss Incurred,month,cumulative,Synthetic,Portfolio,Auto,2019-08,38,364078.7171594111
creciente,Loss Incurred,month,cumulative,Synthetic,Portfolio,Auto,2019-08,39,365873.68276758166
creciente,Loss Incurred,month,cumulative,Synthetic,Portfolio,Auto,2019-08,40,367475.46797527326
creciente,Loss Incurred,month,cumulative,Synthetic,Portfolio,Auto,2019-08,41,368903.36123078037
creciente,Loss Incurred,month,cumulative,Synthetic,Portfolio,Auto,2019-08,42,370175.04777929635
creciente,Loss Incurred,month,cumulative,Synthetic,Portfolio,Auto,2019-08,43,371306.6708794249
creciente,Loss Incurred,month,cumulative,Synthetic,Portfolio,Auto,2019-08,44,372312.9091833823
creciente,Loss Incurred,month,cumulative,Synthetic,Portfolio,Auto,2019-08,45,373207.06445819815
creciente,Loss Incurred,month,cumulative,Synthetic,Portfolio,Auto,2019-08,46,374001.15504801116
creciente,Loss Incurred,month,cumulative,Synthetic,Portfolio,Auto,2019-08,47,374706.01152336097
creciente,Loss Incurred,month,cumulative,Synthetic,Portfolio,Auto,2019-08,48,375331.3718389657
creciente,Loss Incurred,month,cumulative,Synthetic,Portfolio,Auto,2019-08,49,375885.97404079174
creciente,Loss Incurred,month,cumulative,Synthetic,Portfolio,Auto,2019-08,50,376377.6451439185
creciente,Loss Incurred,month,cumulative,Synthetic,Portfolio,Auto,2019-08,51,376813.38526359934
creciente,Loss Incurred,month,cumulative,Synthetic,Portfolio,Auto,2019-08,52,377199.44644149556
creciente,Loss Incurred,month,cumulative,Synthetic,Portfolio,Auto,2019-08,53,377541.4058845089
creciente,Loss Incurred,month,cumulative,Synthetic,Portfolio,Auto,2019-08,54,377844.2335402823
creciente,Loss Incurred,month,cumulative,Synthetic,Portfolio,Auto,2019-08,55,378112.35408470075
creciente,Loss Incurred,month,cumulative,Synthetic,Portfolio,Auto,2019-08,56,378349.70350396476
creciente,Loss Incurred,month,cumulative,Synthetic,Portfolio,Auto,2019-08,57,378559.7805265638
creciente,Loss Incurred,month,cumulative,Synthetic,Portfolio,Auto,2019-08,58,378745.6932065961
creciente,Loss Incurred,month,cumulative,Synthetic,Portfolio,Auto,2019-08,59,378910.2009857413
creciente,Loss Incurred,month,cumulative,Synthetic,Portfolio,Auto,2019-08,60,379055.7525719084
creciente,Loss Incurred,month,cumulative,Synthetic,Portfolio,Auto,2019-08,61,379184.51997223025
creciente,Loss Incurred,month,cumulative,Synthetic,Portfolio,Auto,2019-08,62,379298.4290098327
creciente,Loss Incurred,month,cumulative,Synthetic,Portfolio,Auto,2019-08,63,379399.18664016837
creciente,Loss Incurred,month,cumulative,Synthetic,Portfolio,Auto,2019-08,64,379488.3053655449
creciente,Loss Incurred,month,cumulative,Synthetic,Portfolio,Auto,2019-08,65,379567.1250272529
creciente,Loss Incurred,month,cumulative,Synthetic,Portfolio,Auto,2019-08,66,379636.832234472
creciente,Loss Incurred,month,cumulative,Synthetic,Portfolio,Auto,2019-08,67,379698.4776686789
creciente,Loss Incurred,month,cumulative,Synthetic,Portfolio,Auto,2019-08,68,379752.9914821724
creciente,Loss Incurred,month,cumulative,Synthetic,Portfolio,Auto,2019-08,69,379801.19698993757
creciente,Loss Incurred,month,cumulative,Synthetic,Portfolio,Auto,2019-08,70,379843.8228356607
creciente,Loss Incurred,month,cumulative,Synthetic,Portfolio,Auto,2019-08,71,379881.5137954252
creciente,Loss Incurred,month,cumulative,Synthetic,Portfolio,Auto,2019-08,72,379914.84036655194
creciente,Loss Incurred,month,cumulative,Synthetic,Portfolio,Auto,2019-08,73,379944.3072742186
creciente,Loss Incurred,month,cumulative,Synthetic,Portfolio,Auto,2019-08,74,379970.3610149017
creciente,Loss Incurred,month,cumulative,Synthetic,Portfolio,Auto,2019-08,75,379993.3965432724
creciente,Loss Incurred,month,cumulative,Synthetic,Portfolio,Auto,2019-08,76,380013.7631979157
creciente,Loss Incurred,month,cumulative,Synthetic,Portfolio,Auto,2019-09,0,66714.22303750832
creciente,Loss Incurred,month,cumulative,Synthetic,Portfolio,Auto,2019-09,1,72833.20703058454
creciente,Loss Incurred,month,cumulative,Synthetic,Portfolio,Auto,2019-09,2,79462.63897153083
creciente,Loss Incurred,month,cumulative,Synthetic,Portfolio,Auto,2019-09,3,86612.68294722623
creciente,Loss Incurred,month,cumulative,Synthetic,Portfolio,Auto,2019-09,4,94286.69719499123
creciente,Loss Incurred,month,cumulative,Synthetic,Portfolio,Auto,2019-09,5,102480.07796388668
creciente,Loss Incurred,month,cumulative,Synthetic,Portfolio,Auto,2019-09,6,111179.22949199162
creciente,Loss Incurred,month,cumulative,Synthetic,Portfolio,Auto,2019-09,7,120360.7480050806
creciente,Loss Incurred,month,cumulative,Synthetic,Portfolio,Auto,2019-09,8,129990.9100099538
creciente,Loss Incurred,month,cumulative,Synthetic,Portfolio,Auto,2019-09,9,140025.54846422863
creciente,Loss Incurred,month,cumulative,Synthetic,Portfolio,Auto,2019-09,10,150410.3832002553
creciente,Loss Incurred,month,cumulative,Synthetic,Portfolio,Auto,2019-09,11,161081.84416759457
creciente,Loss Incurred,month,cumulative,Synthetic,Portfolio,Auto,2019-09,12,171968.38929722464
creciente,Loss Incurred,month,cumulative,Synthetic,Portfolio,Auto,2019-09,13,182992.27659456173
creciente,Loss Incurred,month,cumulative,Synthetic,Portfolio,Auto,2019-09,14,194071.70747829365
creciente,Loss Incurred,month,cumulative,Synthetic,Portfolio,Auto,2019-09,15,205123.22121099773
creciente,Loss Incurred,month,cumulative,Synthetic,Portfolio,Auto,2019-09,16,216064.19403803238
creciente,Loss Incurred,month,cumulative,Synthetic,Portfolio,Auto,2019-09,17,226815.28546897828
creciente,Loss Incurred,month,cumulative,Synthetic,Portfolio,Auto,2019-09,18,237302.67979830125
creciente,Loss Incurred,month,cumulative,Synthetic,Portfolio,Auto,2019-09,19,247459.9925554224
creciente,Loss Incurred,month,cumulative,Synthetic,Portfolio,Auto,2019-09,20,257229.74568009985
creciente,Loss Incurred,month,cumulative,Synthetic,Portfolio,Auto,2019-09,21,266564.3566650264
creciente,Loss Incurred,month,cumulative,Synthetic,Portfolio,Auto,2019-09,22,275426.6298503523
creciente,Loss Incurred,month,cumulative,Synthetic,Portfolio,Auto,2019-09,23,283789.77709471836
creciente,Loss Incurred,month,cumulative,Synthetic,Portfolio,Auto,2019-09,24,291637.0261061575
creciente,Loss Incurred,month,cumulative,Synthetic,Portfolio,Auto,2019-09,25,298960.8955098224
creciente,Loss Incurred,month,cumulative,Synthetic,Portfolio,Auto,2019-09,26,305762.2258037137
creciente,Loss Incurred,month,cumulative,Synthetic,Portfolio,Auto,2019-09,27,312049.0557683893
creciente,Loss Incurred,month,cumulative,Synthetic,Portfolio,Auto,2019-09,28,317835.42671018495
creciente,Loss Incurred,month,cumulative,Synthetic,Portfolio,Auto,2019-09,29,323140.1846281897
creciente,Loss Incurred,month,cumulative,Synthetic,Portfolio,Auto,2019-09,30,327985.8354643287
creciente,Loss Incurred,month,cumulative,Synthetic,Portfolio,Auto,2019-09,31,332397.49311720085
creciente,Loss Incurred,month,cumulative,Synthetic,Portfolio,Auto,2019-09,32,336401.9454306284
creciente,Loss Incurred,month,cumulative,Synthetic,Portfolio,Auto,2019-09,33,340026.8508942515
creciente,Loss Incurred,month,cumulative,Synthetic,Portfolio,Auto,2019-09,34,343300.06879490096
creciente,Loss Incurred,month,cumulative,Synthetic,Portfolio,Auto,2019-09,35,346249.11811645085
creciente,Loss Incurred,month,cumulative,Synthetic,Portfolio,Auto,2019-09,36,348900.7554140439
creciente,Loss Incurred,month,cumulative,Synthetic,Portfolio,Auto,2019-09,37,351280.6588416661
creciente,Loss Incurred,month,cumulative,Synthetic,Portfolio,Auto,2019-09,38,353413.20408135204
creciente,Loss Incurred,month,cumulative,Synthetic,Portfolio,Auto,2019-09,39,355321.31769955537
creciente,Loss Incurred,month,cumulative,Synthetic,Portfolio,Auto,2019-09,40,357026.3940734474
creciente,Loss Incurred,month,cumulative,Synthetic,Portfolio,Auto,2019-09,41,358548.2631793891
creciente,Loss Incurred,month,cumulative,Synthetic,Portfolio,Auto,2019-09,42,359905.1979757974
creciente,Loss Incurred,month,cumulative,Synthetic,Portfolio,Auto,2019-09,43,361113.9516640037
creciente,Loss Incurred,month,cumulative,Synthetic,Portfolio,Auto,2019-09,44,362189.816648788
creciente,Loss Incurred,month,cumulative,Synthetic,Portfolio,Auto,2019-09,45,363146.6984646237
creciente,Loss Incurred,month,cumulative,Synthetic,Portfolio,Auto,2019-09,46,363997.1992378759
creciente,Loss Incurred,month,cumulative,Synthetic,Portfolio,Auto,2019-09,47,364752.7063977021
creciente,Loss Incurred,month,cumulative,Synthetic,Portfolio,Auto,2019-09,48,365423.4833248227
creciente,Loss Incurred,month,cumulative,Synthetic,Portfolio,Auto,2019-09,49,366018.7594443862
creciente,Loss Incurred,month,cumulative,Synthetic,Portfolio,Auto,2019-09,50,366546.81794018147
creciente,Loss Incurred,month,cumulative,Synthetic,Portfolio,Auto,2019-09,51,367015.0798090173
creciente,Loss Incurred,month,cumulative,Synthetic,Portfolio,Auto,2019-09,52,367430.1834038824
creciente,Loss Incurred,month,cumulative,Synthetic,Portfolio,Auto,2019-09,53,367798.058949786
creciente,Loss Incurred,month,cumulative,Synthetic,Portfolio,Auto,2019-09,54,368123.9977729799
creciente,Loss Incurred,month,cumulative,Synthetic,Portfolio,Auto,2019-09,55,368412.7161769349
creciente,Loss Incurred,month,cumulative,Synthetic,Portfolio,Auto,2019-09,56,368668.41403943417
creciente,Loss Incurred,month,cumulative,Synthetic,Portfolio,Auto,2019-09,57,368894.82830509613
creciente,Loss Incurred,month,cumulative,Synthetic,Portfolio,Auto,2019-09,58,369095.2816154082
creciente,Loss Incurred,month,cumulative,Synthetic,Portfolio,Auto,2019-09,59,369272.7263612711
creciente,Loss Incurred,month,cumulative,Synthetic,Portfolio,Auto,2019-09,60,369429.7844670616
creciente,Loss Incurred,month,cumulative,Synthetic,Portfolio,Auto,2019-09,61,369568.7832250918
creciente,Loss Incurred,month,cumulative,Synthetic,Portfolio,Auto,2019-09,62,369691.78749887913
creciente,Loss Incurred,month,cumulative,Synthetic,Portfolio,Auto,2019-09,63,369800.62860580295
creciente,Loss Incurred,month,cumulative,Synthetic,Portfolio,Auto,2019-09,64,369896.9301768462
creciente,Loss Incurred,month,cumulative,Synthetic,Portfolio,Auto,2019-09,65,369982.13127494865
creciente,Loss Incurred,month,cumulative,Synthetic,Portfolio,Auto,2019-09,66,370057.5070354024
creciente,Loss Incurred,month,cumulative,Synthetic,Portfolio,Auto,2019-09,67,370124.18707268004
creciente,Loss Incurred,month,cumulative,Synthetic,Portfolio,Auto,2019-09,68,370183.171878842
creciente,Loss Incurred,month,cumulative,Synthetic,Portfolio,Auto,2019-09,69,370235.34741973964
creciente,Loss Incurred,month,cumulative,Synthetic,Portfolio,Auto,2019-09,70,370281.4981169895
creciente,Loss Incurred,month,cumulative,Synthetic,Portfolio,Auto,2019-09,71,370322.31838635344
creciente,Loss Incurred,month,cumulative,Synthetic,Portfolio,Auto,2019-09,72,370358.4228868958
creciente,Loss Incurred,month,cumulative,Synthetic,Portfolio,Auto,2019-09,73,370390.3556201551
creciente,Loss Incurred,month,cumulative,Synthetic,Portfolio,Auto,2019-09,74,370418.5980046045
creciente,Loss Incurred,month,cumulative,Synthetic,Portfolio,Auto,2019-09,75,370443.5760378604
creciente,Loss Incurred,month,cumulative,Synthetic,Portfolio,Auto,2019-10,0,68013.94697591953
creciente,Loss Incurred,month,cumulative,Synthetic,Portfolio,Auto,2019-10,1,74675.21300799417
creciente,Loss Incurred,month,cumulative,Synthetic,Portfolio,Auto,2019-10,2,81972.7647132544
creciente,Loss Incurred,month,cumulative,Synthetic,Portfolio,Auto,2019-10,3,89923.48746877292
creciente,Loss Incurred,month,cumulative,Synthetic,Portfolio,Auto,2019-10,4,98534.05347956475
creciente,Loss Incurred,month,cumulative,Synthetic,Portfolio,Auto,2019-10,5,107798.87409797669
creciente,Loss Incurred,month,cumulative,Synthetic,Portfolio,Auto,2019-10,6,117698.27803630014
creciente,Loss Incurred,month,cumulative,Synthetic,Portfolio,Auto,2019-10,7,128197.10563280492
creciente,Loss Incurred,month,cumulative,Synthetic,Portfolio,Auto,2019-10,8,139243.9150427084
creciente,Loss Incurred,month,cumulative,Synthetic,Portfolio,Auto,2019-10,9,150770.9772297795
creciente,Loss Incurred,month,cumulative,Synthetic,Portfolio,Auto,2019-10,10,162695.18900539965
creciente,Loss Incurred,month,cumulative,Synthetic,Portfolio,Auto,2019-10,11,174919.9579827232
creciente,Loss Incurred,month,cumulative,Synthetic,Portfolio,Auto,2019-10,12,187338.01712354578
creciente,Loss Incurred,month,cumulative,Synthetic,Portfolio,Auto,2019-10,13,199835.02237633686
creciente,Loss Incurred,month,cumulative,Synthetic,Portfolio,Auto,2019-10,14,212293.69147306023
creciente,Loss Incurred,month,cumulative,Synthetic,Portfolio,Auto,2019-10,15,224598.17239760372
creciente,Loss Incurred,month,cumulative,Synthetic,Portfolio,Auto,2019-10,16,236638.29969409198
creciente,Loss Incurred,month,cumulative,Synthetic,Portfolio,Auto,2019-10,17,248313.41166169266
creciente,Loss Incurred,month,cumulative,Synthetic,Portfolio,Auto,2019-10,18,259535.4586216356
creciente,Loss Incurred,month,cumulative,Synthetic,Portfolio,Auto,2019-10,19,270231.2207240564
creciente,Loss Incurred,month,cumulative,Synthetic,Portfolio,Auto,2019-10,20,280343.5569063873
creciente,Loss Incurred,month,cumulative,Synthetic,Portfolio,Auto,2019-10,21,289831.70729057584
creciente,Loss Incurred,month,cumulative,Synthetic,Portfolio,Auto,2019-10,22,298670.7550180154
creciente,Loss Incurred,month,cumulative,Synthetic,Portfolio,Auto,2019-10,23,306850.411178669
creciente,Loss Incurred,month,cumulative,Synthetic,Portfolio,Auto,2019-10,24,314373.3151906158
creciente,Loss Incurred,month,cumulative,Synthetic,Portfolio,Auto,2019-10,25,321253.0451872659
creciente,Loss Incurred,month,cumulative,Synthetic,Portfolio,Auto,2019-10,26,327512.0146853503
creciente,Loss Incurred,month,cumulative,Synthetic,Portfolio,Auto,2019-10,27,333179.4005411618
creciente,Loss Incurred,month,cumulative,Synthetic,Portfolio,Auto,2019-10,28,338289.210202951
creciente,Loss Incurred,month,cumulative,Synthetic,Portfolio,Auto,2019-10,29,342878.55939450377
creciente,Loss Incurred,month,cumulative,Synthetic,Portfolio,Auto,2019-10,30,346986.19861089677
creciente,Loss Incurred,month,cumulative,Synthetic,Portfolio,Auto,2019-10,31,350651.3003259097
creciente,Loss Incurred,month,cumulative,Synthetic,Portfolio,Auto,2019-10,32,353912.49925541034
creciente,Loss Incurred,month,cumulative,Synthetic,Portfolio,Auto,2019-10,33,356807.1650047221
creciente,Loss Incurred,month,cumulative,Synthetic,Portfolio,Auto,2019-10,34,359370.8789655719
creciente,Loss Incurred,month,cumulative,Synthetic,Portfolio,Auto,2019-10,35,361637.08419364184
creciente,Loss Incurred,month,cumulative,Synthetic,Portfolio,Auto,2019-10,36,363636.8769693499
creciente,Loss Incurred,month,cumulative,Synthetic,Portfolio,Auto,2019-10,37,365398.91074793146
creciente,Loss Incurred,month,cumulative,Synthetic,Portfolio,Auto,2019-10,38,366949.3863762193
creciente,Loss Incurred,month,cumulative,Synthetic,Portfolio,Auto,2019-10,39,368312.1061485383
creciente,Loss Incurred,month,cumulative,Synthetic,Portfolio,Auto,2019-10,40,369508.573046828
creciente,Loss Incurred,month,cumulative,Synthetic,Portfolio,Auto,2019-10,41,370558.12007693783
creciente,Loss Incurred,month,cumulative,Synthetic,Portfolio,Auto,2019-10,42,371478.0578142512
creciente,Loss Incurred,month,cumulative,Synthetic,Portfolio,Auto,2019-10,43,372283.8310359538
creciente,Loss Incurred,month,cumulative,Synthetic,Portfolio,Auto,2019-10,44,372989.17763185647
creciente,Loss Incurred,month,cumulative,Synthetic,Portfolio,Auto,2019-10,45,373606.284874428
creciente,Loss Incurred,month,cumulative,Synthetic,Portfolio,Auto,2019-10,46,374145.9396350865
creciente,Loss Incurred,month,cumulative,Synthetic,Portfolio,Auto,2019-10,47,374617.6703098478
creciente,Loss Incurred,month,cumulative,Synthetic,Portfolio,Auto,2019-10,48,375029.87911639
creciente,Loss Incurred,month,cumulative,Synthetic,Portfolio,Auto,2019-10,49,375389.9640966644
creciente,Loss Incurred,month,cumulative,Synthetic,Portfolio,Auto,2019-10,50,375704.4306492658
creciente,Loss Incurred,month,cumulative,Synthetic,Portfolio,Auto,2019-10,51,375978.99276252347
creciente,Loss Incurred,month,cumulative,Synthetic,Portfolio,Auto,2019-10,52,376218.6643551033
creciente,Loss Incurred,month,cumulative,Synthetic,Portfolio,Auto,2019-10,53,376427.84128233435
creciente,Loss Incurred,month,cumulative,Synthetic,Portfolio,Auto,2019-10,54,376610.37465482624
creciente,Loss Incurred,month,cumulative,Synthetic,Portfolio,Auto,2019-10,55,376769.63615809195
creciente,Loss Incurred,month,cumulative,Synthetic,Portfolio,Auto,2019-10,56,376908.57607097627
creciente,Loss Incurred,month,cumulative,Synthetic,Portfolio,Auto,2019-10,57,377029.7746668139
creciente,Loss Incurred,month,cumulative,Synthetic,Portfolio,Auto,2019-10,58,377135.4876520526
creciente,Loss Incurred,month,cumulative,Synthetic,Portfolio,Auto,2019-10,59,377227.6862582916
creciente,Loss Incurred,month,cumulative,Synthetic,Portfolio,Auto,2019-10,60,377308.0925594979
creciente,Loss Incurred,month,cumulative,Synthetic,Portfolio,Auto,2019-10,61,377378.2105396013
creciente,Loss Incurred,month,cumulative,Synthetic,Portfolio,Auto,2019-10,62,377439.35338885494
creciente,Loss Incurred,month,cumulative,Synthetic,Portfolio,Auto,2019-10,63,377492.6674617491
creciente,Loss Incurred,month,cumulative,Synthetic,Portfolio,Auto,2019-10,64,377539.1532858189
creciente,Loss Incurred,month,cumulative,Synthetic,Portfolio,Auto,2019-10,65,377579.68396997603
creciente,Loss Incurred,month,cumulative,Synthetic,Portfolio,Auto,2019-10,66,377615.02132332855
creciente,Loss Incurred,month,cumulative,Synthetic,Portfolio,Auto,2019-10,67,377645.8299609549
creciente,Loss Incurred,month,cumulative,Synthetic,Portfolio,Auto,2019-10,68,377672.68964173825
creciente,Loss Incurred,month,cumulative,Synthetic,Portfolio,Auto,2019-10,69,377696.10605506954
creciente,Loss Incurred,month,cumulative,Synthetic,Portfolio,Auto,2019-10,70,377716.52024779643
creciente,Loss Incurred,month,cumulative,Synthetic,Portfolio,Auto,2019-10,71,377734.31686007197
creciente,Loss Incurred,month,cumulative,Synthetic,Portfolio,Auto,2019-10,72,377749.83131850476
creciente,Loss Incurred,month,cumulative,Synthetic,Portfolio,Auto,2019-10,73,377763.35611703194
creciente,Loss Incurred,month,cumulative,Synthetic,Portfolio,Auto,2019-10,74,377775.14630000625
creciente,Loss Incurred,month,cumulative,Synthetic,Portfolio,Auto,2019-11,0,74814.0603990635
creciente,Loss Incurred,month,cumulative,Synthetic,Portfolio,Auto,2019-11,1,81632.09771279962
creciente,Loss Incurred,month,cumulative,Synthetic,Portfolio,Auto,2019-11,2,89073.63295720275
creciente,Loss Incurred,month,cumulative,Synthetic,Portfolio,Auto,2019-11,3,97156.34770600693
creciente,Loss Incurred,month,cumulative,Synthetic,Portfolio,Auto,2019-11,4,105889.32457027734
creciente,Loss Incurred,month,cumulative,Synthetic,Portfolio,Auto,2019-11,5,115271.29444799296
creciente,Loss Incurred,month,cumulative,Synthetic,Portfolio,Auto,2019-11,6,125289.02118548089
creciente,Loss Incurred,month,cumulative,Synthetic,Portfolio,Auto,2019-11,7,135915.96333841106
creciente,Loss Incurred,month,cumulative,Synthetic,Portfolio,Auto,2019-11,8,147111.36214259907
creciente,Loss Incurred,month,cumulative,Synthetic,Portfolio,Auto,2019-11,9,158819.89893736172
creciente,Loss Incurred,month,cumulative,Synthetic,Portfolio,Auto,2019-11,10,170972.04063196873
creciente,Loss Incurred,month,cumulative,Synthetic,Portfolio,Auto,2019-11,11,183485.14733972037
creciente,Loss Incurred,month,cumulative,Synthetic,Portfolio,Auto,2019-11,12,196265.3544547144
creciente,Loss Incurred,month,cumulative,Synthetic,Portfolio,Auto,2019-11,13,209210.16848160062
creciente,Loss Incurred,month,cumulative,Synthetic,Portfolio,Auto,2019-11,14,222211.64140582862
creciente,Loss Incurred,month,cumulative,Synthetic,Portfolio,Auto,2019-11,15,235159.92360770356
creciente,Loss Incurred,month,cumulative,Synthetic,Portfolio,Auto,2019-11,16,247946.9510274902
creciente,Loss Incurred,month,cumulative,Synthetic,Portfolio,Auto,2019-11,17,260470.00623863726
creciente,Loss Incurred,month,cumulative,Synthetic,Portfolio,Auto,2019-11,18,272634.90816588956
creciente,Loss Incurred,month,cumulative,Synthetic,Portfolio,Auto,2019-11,19,284358.6286839724
creciente,Loss Incurred,month,cumulative,Synthetic,Portfolio,Auto,2019-11,20,295571.1986231875
creciente,Loss Incurred,month,cumulative,Synthetic,Portfolio,Auto,2019-11,21,306216.840099461
creciente,Loss Incurred,month,cumulative,Synthetic,Portfolio,Auto,2019-11,22,316254.3352611688
creciente,Loss Incurred,month,cumulative,Synthetic,Portfolio,Auto,2019-11,23,325656.70386239124
creciente,Loss Incurred,month,cumulative,Synthetic,Portfolio,Auto,2019-11,24,334410.3071459985
creciente,Loss Incurred,month,cumulative,Synthetic,Portfolio,Auto,2019-11,25,342513.52079982415
creciente,Loss Incurred,month,cumulative,Synthetic,Portfolio,Auto,2019-11,26,349975.1261677366
creciente,Loss Incurred,month,cumulative,Synthetic,Portfolio,Auto,2019-11,27,356812.55988973414
creciente,Loss Incurred,month,cumulative,Synthetic,Portfolio,Auto,2019-11,28,363050.1424322465
creciente,Loss Incurred,month,cumulative,Synthetic,Portfolio,Auto,2019-11,29,368717.38044378045
creciente,Loss Incurred,month,cumulative,Synthetic,Portfolio,Auto,2019-11,30,373847.41078810964
creciente,Loss Incurred,month,cumulative,Synthetic,Portfolio,Auto,2019-11,31,378475.6286521681
creciente,Loss Incurred,month,cumulative,Synthetic,Portfolio,Auto,2019-11,32,382638.52030436235
creciente,Loss Incurred,month,cumulative,Synthetic,Portfolio,Auto,2019-11,33,386372.7038393147
creciente,Loss Incurred,month,cumulative,Synthetic,Portfolio,Auto,2019-11,34,389714.1687198005
creciente,Loss Incurred,month,cumulative,Synthetic,Portfolio,Auto,2019-11,35,392697.6967067546
creciente,Loss Incurred,month,cumulative,Synthetic,Portfolio,Auto,2019-11,36,395356.4421496178
creciente,Loss Incurred,month,cumulative,Synthetic,Portfolio,Auto,2019-11,37,397721.6477840988
creciente,Loss Incurred,month,cumulative,Synthetic,Portfolio,Auto,2019-11,38,399822.4723702739
creciente,Loss Incurred,month,cumulative,Synthetic,Portfolio,Auto,2019-11,39,401685.9080181098
creciente,Loss Incurred,month,cumulative,Synthetic,Portfolio,Auto,2019-11,40,403336.767338994
creciente,Loss Incurred,month,cumulative,Synthetic,Portfolio,Auto,2019-11,41,404797.7232150327
creciente,Loss Incurred,month,cumulative,Synthetic,Portfolio,Auto,2019-11,42,406089.3866993403
creciente,Loss Incurred,month,cumulative,Synthetic,Portfolio,Auto,2019-11,43,407230.4111584118
creciente,Loss Incurred,month,cumulative,Synthetic,Portfolio,Auto,2019-11,44,408237.61312884063
creciente,Loss Incurred,month,cumulative,Synthetic,Portfolio,Auto,2019-11,45,409126.1024296459
creciente,Loss Incurred,month,cumulative,Synthetic,Portfolio,Auto,2019-11,46,409909.4158325888
creciente,Loss Incurred,month,cumulative,Synthetic,Portfolio,Auto,2019-11,47,410599.6500559316
creciente,Loss Incurred,month,cumulative,Synthetic,Portfolio,Auto,2019-11,48,411207.5910369326
creciente,Loss Incurred,month,cumulative,Synthetic,Portfolio,Auto,2019-11,49,411742.8373872212
creciente,Loss Incurred,month,cumulative,Synthetic,Portfolio,Auto,2019-11,50,412213.9166776763
creciente,Loss Incurred,month,cumulative,Synthetic,Portfolio,Auto,2019-11,51,412628.3937693226
creciente,Loss Incurred,month,cumulative,Synthetic,Portfolio,Auto,2019-11,52,412992.9708351602
creciente,Loss Incurred,month,cumulative,Synthetic,Portfolio,Auto,2019-11,53,413313.57903228817
creciente,Loss Incurred,month,cumulative,Synthetic,Portfolio,Auto,2019-11,54,413595.46200777666
creciente,Loss Incurred,month,cumulative,Synthetic,Portfolio,Auto,2019-11,55,413843.2515753379
creciente,Loss Incurred,month,cumulative,Synthetic,Portfolio,Auto,2019-11,56,414061.03599923593
creciente,Loss Incurred,month,cumulative,Synthetic,Portfolio,Auto,2019-11,57,414252.4213803133
creciente,Loss Incurred,month,cumulative,Synthetic,Portfolio,Auto,2019-11,58,414420.5866670182
creciente,Loss Incurred,month,cumulative,Synthetic,Portfolio,Auto,2019-11,59,414568.3328202451
creciente,Loss Incurred,month,cumulative,Synthetic,Portfolio,Auto,2019-11,60,414698.1266510976
creciente,Loss Incurred,month,cumulative,Synthetic,Portfolio,Auto,2019-11,61,414812.13983034506
creciente,Loss Incurred,month,cumulative,Synthetic,Portfolio,Auto,2019-11,62,414912.28354113124
creciente,Loss Incurred,month,cumulative,Synthetic,Portfolio,Auto,2019-11,63,415000.2392152247
creciente,Loss Incurred,month,cumulative,Synthetic,Portfolio,Auto,2019-11,64,415077.4857598675
creciente,Loss Incurred,month,cumulative,Synthetic,Portfolio,Auto,2019-11,65,415145.3236485473
creciente,Loss Incurred,month,cumulative,Synthetic,Portfolio,Auto,2019-11,66,415204.89621586
creciente,Loss Incurred,month,cumulative,Synthetic,Portfolio,Auto,2019-11,67,415257.20846474817
creciente,Loss Incurred,month,cumulative,Synthetic,Portfolio,Auto,2019-11,68,415303.14366424014
creciente,Loss Incurred,month,cumulative,Synthetic,Portfolio,Auto,2019-11,69,415343.4779876668
creciente,Loss Incurred,month,cumulative,Synthetic,Portfolio,Auto,2019-11,70,415378.8934153033
creciente,Loss Incurred,month,cumulative,Synthetic,Portfolio,Auto,2019-11,71,415409.98910152004
creciente,Loss Incurred,month,cumulative,Synthetic,Portfolio,Auto,2019-11,72,415437.2913847942
creciente,Loss Incurred,month,cumulative,Synthetic,Portfolio,Auto,2019-11,73,415461.2625992346
creciente,Loss Incurred,month,cumulative,Synthetic,Portfolio,Auto,2019-12,0,73161.2500543085
creciente,Loss Incurred,month,cumulative,Synthetic,Portfolio,Auto,2019-12,1,78895.42462819096
creciente,Loss Incurred,month,cumulative,Synthetic,Portfolio,Auto,2019-12,2,85173.82028044392
creciente,Loss Incurred,month,cumulative,Synthetic,Portfolio,Auto,2019-12,3,92019.39211890858
creciente,Loss Incurred,month,cumulative,Synthetic,Portfolio,Auto,2019-12,4,99449.41791100561
creciente,Loss Incurred,month,cumulative,Synthetic,Portfolio,Auto,2019-12,5,107473.988087501
creciente,Loss Incurred,month,cumulative,Synthetic,Portfolio,Auto,2019-12,6,116094.4908143769
creciente,Loss Incurred,month,cumulative,Synthetic,Portfolio,Auto,2019-12,7,125302.18567217818
creciente,Loss Incurred,month,cumulative,Synthetic,Portfolio,Auto,2019-12,8,135076.97700929275
creciente,Loss Incurred,month,cumulative,Synthetic,Portfolio,Auto,2019-12,9,145386.50829356577
creciente,Loss Incurred,month,cumulative,Synthetic,Portfolio,Auto,2019-12,10,156185.69802104754
creciente,Loss Incurred,month,cumulative,Synthetic,Portfolio,Auto,2019-12,11,167416.82288219486
creciente,Loss Incurred,month,cumulative,Synthetic,Portfolio,Auto,2019-12,12,179010.2234463576
creciente,Loss Incurred,month,cumulative,Synthetic,Portfolio,Auto,2019-12,13,190885.6625147616
creciente,Loss Incurred,month,cumulative,Synthetic,Portfolio,Auto,2019-12,14,202954.31028269386
creciente,Loss Incurred,month,cumulative,Synthetic,Portfolio,Auto,2019-12,15,215121.27003716526
creciente,Loss Incurred,month,cumulative,Synthetic,Portfolio,Auto,2019-12,16,227288.50164209126
creciente,Loss Incurred,month,cumulative,Synthetic,Portfolio,Auto,2019-12,17,239357.9562165717
creciente,Loss Incurred,month,cumulative,Synthetic,Portfolio,Auto,2019-12,18,251234.71140546835
creciente,Loss Incurred,month,cumulative,Synthetic,Portfolio,Auto,2019-12,19,262829.8965734641
creciente,Loss Incurred,month,cumulative,Synthetic,Portfolio,Auto,2019-12,20,274063.2211359139
creciente,Loss Incurred,month,cumulative,Synthetic,Portfolio,Auto,2019-12,21,284864.962994405
creciente,Loss Incurred,month,cumulative,Synthetic,Portfolio,Auto,2019-12,22,295177.3304728524
creciente,Loss Incurred,month,cumulative,Synthetic,Portfolio,Auto,2019-12,23,304955.17156664096
creciente,Loss Incurred,month,cumulative,Synthetic,Portfolio,Auto,2019-12,24,314166.0603711753
creciente,Loss Incurred,month,cumulative,Synthetic,Portfolio,Auto,2019-12,25,322789.8357399717
creciente,Loss Incurred,month,cumulative,Synthetic,Portfolio,Auto,2019-12,26,330817.69774784637
creciente,Loss Incurred,month,cumulative,Synthetic,Portfolio,Auto,2019-12,27,338250.9824769533
creciente,Loss Incurred,month,cumulative,Synthetic,Portfolio,Auto,2019-12,28,345099.7364793804
creciente,Loss Incurred,month,cumulative,Synthetic,Portfolio,Auto,2019-12,29,351381.2020628106
creciente,Loss Incurred,month,cumulative,Synthetic,Portfolio,Auto,2019-12,30,357118.3070483241
creciente,Loss Incurred,month,cumulative,Synthetic,Portfolio,Auto,2019-12,31,362338.2315397028
creciente,Loss Incurred,month,cumulative,Synthetic,Portfolio,Auto,2019-12,32,367071.1026055308
creciente,Loss Incurred,month,cumulative,Synthetic,Portfolio,Auto,2019-12,33,371348.8478456535
creciente,Loss Incurred,month,cumulative,Synthetic,Portfolio,Auto,2019-12,34,375204.2219496369
creciente,Loss Incurred,month,cumulative,Synthetic,Portfolio,Auto,2019-12,35,378670.007150293
creciente,Loss Incurred,month,cumulative,Synthetic,Portfolio,Auto,2019-12,36,381778.3789470456
creciente,Loss Incurred,month,cumulative,Synthetic,Portfolio,Auto,2019-12,37,384560.42226294585
creciente,Loss Incurred,month,cumulative,Synthetic,Portfolio,Auto,2019-12,38,387045.7797471348
creciente,Loss Incurred,month,cumulative,Synthetic,Portfolio,Auto,2019-12,39,389262.41261867754
creciente,Loss Incurred,month,cumulative,Synthetic,Portfolio,Auto,2019-12,40,391236.4546712498
creciente,Loss Incurred,month,cumulative,Synthetic,Portfolio,Auto,2019-12,41,392992.1413020363
creciente,Loss Incurred,month,cumulative,Synthetic,Portfolio,Auto,2019-12,42,394551.7972729934
creciente,Loss Incurred,month,cumulative,Synthetic,Portfolio,Auto,2019-12,43,395935.86904049566
creciente,Loss Incurred,month,cumulative,Synthetic,Portfolio,Auto,2019-12,44,397162.9896744042
creciente,Loss Incurred,month,cumulative,Synthetic,Portfolio,Auto,2019-12,45,398250.06648036896
creciente,Loss Incurred,month,cumulative,Synthetic,Portfolio,Auto,2019-12,46,399212.38335018855
creciente,Loss Incurred,month,cumulative,Synthetic,Portfolio,Auto,2019-12,47,400063.71154900215
creciente,Loss Incurred,month,cumulative,Synthetic,Portfolio,Auto,2019-12,48,400816.42409052147
creciente,Loss Incurred,month,cumulative,Synthetic,Portfolio,Auto,2019-12,49,401481.61005819024
creciente,Loss Incurred,month,cumulative,Synthetic,Portfolio,Auto,2019-12,50,402069.18621891935
creciente,Loss Incurred,month,cumulative,Synthetic,Portfolio,Auto,2019-12,51,402588.00407106837
creciente,Loss Incurred,month,cumulative,Synthetic,Portfolio,Auto,2019-12,52,403045.95109607116
creciente,Loss Incurred,month,cumulative,Synthetic,Portfolio,Auto,2019-12,53,403450.04546976666
creciente,Loss Incurred,month,cumulative,Synthetic,Portfolio,Auto,2019-12,54,403806.5238595229
creciente,Loss Incurred,month,cumulative,Synthetic,Portfolio,Auto,2019-12,55,404120.92220848263
creciente,Loss Incurred,month,cumulative,Synthetic,Portfolio,Auto,2019-12,56,404398.14960766304
creciente,Loss Incurred,month,cumulative,Synthetic,Portfolio,Auto,2019-12,57,404642.5554962655
creciente,Loss Incurred,month,cumulative,Synthetic,Portfolio,Auto,2019-12,58,404857.9905237496
creciente,Loss Incurred,month,cumulative,Synthetic,Portfolio,Auto,2019-12,59,405047.861464896
creciente,Loss Incurred,month,cumulative,Synthetic,Portfolio,Auto,2019-12,60,405215.18061004457
creciente,Loss Incurred,month,cumulative,Synthetic,Portfolio,Auto,2019-12,61,405362.6100639313
creciente,Loss Incurred,month,cumulative,Synthetic,Portfolio,Auto,2019-12,62,405492.50138357835
creciente,Loss Incurred,month,cumulative,Synthetic,Portfolio,Auto,2019-12,63,405606.9309727951
creciente,Loss Incurred,month,cumulative,Synthetic,Portfolio,Auto,2019-12,64,405707.7316312976
creciente,Loss Incurred,month,cumulative,Synthetic,Portfolio,Auto,2019-12,65,405796.5206327432
creciente,Loss Incurred,month,cumulative,Synthetic,Portfolio,Auto,2019-12,66,405874.72467995965
creciente,Loss Incurred,month,cumulative,Synthetic,Portfolio,Auto,2019-12,67,405943.602058688
creciente,Loss Incurred,month,cumulative,Synthetic,Portfolio,Auto,2019-12,68,406004.26228421775
creciente,Loss Incurred,month,cumulative,Synthetic,Portfolio,Auto,2019-12,69,406057.6835090776
creciente,Loss Incurred,month,cumulative,Synthetic,Portfolio,Auto,2019-12,70,406104.72793488257
creciente,Loss Incurred,month,cumulative,Synthetic,Portfolio,Auto,2019-12,71,406146.1554478386
creciente,Loss Incurred,month,cumulative,Synthetic,Portfolio,Auto,2019-12,72,406182.63567542186
creciente,Loss Incurred,month,cumulative,Synthetic,Portfolio,Auto,2020-01,0,79974.20375398237
creciente,Loss Incurred,month,cumulative,Synthetic,Portfolio,Auto,2020-01,1,85800.19974344908
creciente,Loss Incurred,month,cumulative,Synthetic,Portfolio,Auto,2020-01,2,92239.30806371369
creciente,Loss Incurred,month,cumulative,Synthetic,Portfolio,Auto,2020-01,3,99326.12094679833
creciente,Loss Incurred,month,cumulative,Synthetic,Portfolio,Auto,2020-01,4,107089.70399169007
creciente,Loss Incurred,month,cumulative,Synthetic,Portfolio,Auto,2020-01,5,115551.59833344772
creciente,Loss Incurred,month,cumulative,Synthetic,Portfolio,Auto,2020-01,6,124723.70911071116
creciente,Loss Incurred,month,cumulative,Synthetic,Portfolio,Auto,2020-01,7,134606.1935789726
creciente,Loss Incurred,month,cumulative,Synthetic,Portfolio,Auto,2020-01,8,145185.496500636
creciente,Loss Incurred,month,cumulative,Synthetic,Portfolio,Auto,2020-01,9,156432.70801515138
creciente,Loss Incurred,month,cumulative,Synthetic,Portfolio,Auto,2020-01,10,168302.43333141055
creciente,Loss Incurred,month,cumulative,Synthetic,Portfolio,Auto,2020-01,11,180732.35760858026
creciente,Loss Incurred,month,cumulative,Synthetic,Portfolio,Auto,2020-01,12,193643.6582554894
creciente,Loss Incurred,month,cumulative,Synthetic,Portfolio,Auto,2020-01,13,206942.35897145266
creciente,Loss Incurred,month,cumulative,Synthetic,Portfolio,Auto,2020-01,14,220521.63848491418
creciente,Loss Incurred,month,cumulative,Synthetic,Portfolio,Auto,2020-01,15,234265.01092490353
creciente,Loss Incurred,month,cumulative,Synthetic,Portfolio,Auto,2020-01,16,248050.19754334792
creciente,Loss Incurred,month,cumulative,Synthetic,Portfolio,Auto,2020-01,17,261753.42685861388
creciente,Loss Incurred,month,cumulative,Synthetic,Portfolio,Auto,2020-01,18,275253.8468612085
creciente,Loss Incurred,month,cumulative,Synthetic,Portfolio,Auto,2020-01,19,288437.71868337644
creciente,Loss Incurred,month,cumulative,Synthetic,Portfolio,Auto,2020-01,20,301202.08880282356
creciente,Loss Incurred,month,cumulative,Synthetic,Portfolio,Auto,2020-01,21,313457.7011691476
creciente,Loss Incurred,month,cumulative,Synthetic,Portfolio,Auto,2020-01,22,325130.9997643015
creciente,Loss Incurred,month,cumulative,Synthetic,Portfolio,Auto,2020-01,23,336165.17061701335
creciente,Loss Incurred,month,cumulative,Synthetic,Portfolio,Auto,2020-01,24,346520.26483193855
creciente,Loss Incurred,month,cumulative,Synthetic,Portfolio,Auto,2020-01,25,356172.5186339067
creciente,Loss Incurred,month,cumulative,Synthetic,Portfolio,Auto,2020-01,26,365113.0357307651
creciente,Loss Incurred,month,cumulative,Synthetic,Portfolio,Auto,2020-01,27,373346.01987336454
creciente,Loss Incurred,month,cumulative,Synthetic,Portfolio,Auto,2020-01,28,380886.74425656296
creciente,Loss Incurred,month,cumulative,Synthetic,Portfolio,Auto,2020-01,29,387759.4251340999
creciente,Loss Incurred,month,cumulative,Synthetic,Portfolio,Auto,2020-01,30,393995.1365623071
creciente,Loss Incurred,month,cumulative,Synthetic,Portfolio,Auto,2020-01,31,399629.86801277235
creciente,Loss Incurred,month,cumulative,Synthetic,Portfolio,Auto,2020-01,32,404702.7918748571
creciente,Loss Incurred,month,cumulative,Synthetic,Portfolio,Auto,2020-01,33,409254.7771085843
creciente,Loss Incurred,month,cumulative,Synthetic,Portfolio,Auto,2020-01,34,413327.1603908497
creciente,Loss Incurred,month,cumulative,Synthetic,Portfolio,Auto,2020-01,35,416960.7675901543
creciente,Loss Incurred,month,cumulative,Synthetic,Portfolio,Auto,2020-01,36,420195.16595608584
creciente,Loss Incurred,month,cumulative,Synthetic,Portfolio,Auto,2020-01,37,423068.1201356153
creciente,Loss Incurred,month,cumulative,Synthetic,Portfolio,Auto,2020-01,38,425615.22192292794
creciente,Loss Incurred,month,cumulative,Synthetic,Portfolio,Auto,2020-01,39,427869.6634018445
creciente,Loss Incurred,month,cumulative,Synthetic,Portfolio,Auto,2020-01,40,429862.1248625577
creciente,Loss Incurred,month,cumulative,Synthetic,Portfolio,Auto,2020-01,41,431620.75176353834
creciente,Loss Incurred,month,cumulative,Synthetic,Portfolio,Auto,2020-01,42,433171.19845660694
creciente,Loss Incurred,month,cumulative,Synthetic,Portfolio,Auto,2020-01,43,434536.71996916865
creciente,Loss Incurred,month,cumulative,Synthetic,Portfolio,Auto,2020-01,44,435738.29656268435
creciente,Loss Incurred,month,cumulative,Synthetic,Portfolio,Auto,2020-01,45,436794.77889666863
creciente,Loss Incurred,month,cumulative,Synthetic,Portfolio,Auto,2020-01,46,437723.0443432112
creciente,Loss Incurred,month,cumulative,Synthetic,Portfolio,Auto,2020-01,47,438538.15729614085
creciente,Loss Incurred,month,cumulative,Synthetic,Portfolio,Auto,2020-01,48,439253.52821597585
creciente,Loss Incurred,month,cumulative,Synthetic,Portfolio,Auto,2020-01,49,439881.06768219254
creciente,Loss Incurred,month,cumulative,Synthetic,Portfolio,Auto,2020-01,50,440431.3329336119
creciente,Loss Incurred,month,cumulative,Synthetic,Portfolio,Auto,2020-01,51,440913.6653141888
creciente,Loss Incurred,month,cumulative,Synthetic,Portfolio,Auto,2020-01,52,441336.3177518629
creciente,Loss Incurred,month,cumulative,Synthetic,Portfolio,Auto,2020-01,53,441706.57192493946
creciente,Loss Incurred,month,cumulative,Synthetic,Portfolio,Auto,2020-01,54,442030.8451509353
creciente,Loss Incurred,month,cumulative,Synthetic,Portfolio,Auto,2020-01,55,442314.7872985925
creciente,Loss Incurred,month,cumulative,Synthetic,Portfolio,Auto,2020-01,56,442563.36820107815
creciente,Loss Incurred,month,cumulative,Synthetic,Portfolio,Auto,2020-01,57,442780.9561586197
creciente,Loss Incurred,month,cumulative,Synthetic,Portfolio,Auto,2020-01,58,442971.38817910344
creciente,Loss Incurred,month,cumulative,Synthetic,Portfolio,Auto,2020-01,59,443138.0326289714
creciente,Loss Incurred,month,cumulative,Synthetic,Portfolio,Auto,2020-01,60,443283.8449646185
creciente,Loss Incurred,month,cumulative,Synthetic,Portfolio,Auto,2020-01,61,443411.41719447396
creciente,Loss Incurred,month,cumulative,Synthetic,Portfolio,Auto,2020-01,62,443523.02169017727
creciente,Loss Incurred,month,cumulative,Synthetic,Portfolio,Auto,2020-01,63,443620.6499262837
creciente,Loss Incurred,month,cumulative,Synthetic,Portfolio,Auto,2020-01,64,443706.0466851184
creciente,Loss Incurred,month,cumulative,Synthetic,Portfolio,Auto,2020-01,65,443780.7402191586
creciente,Loss Incurred,month,cumulative,Synthetic,Portfolio,Auto,2020-01,66,443846.0688193465
creciente,Loss Incurred,month,cumulative,Synthetic,Portfolio,Auto,2020-01,67,443903.20419519546
creciente,Loss Incurred,month,cumulative,Synthetic,Portfolio,Auto,2020-01,68,443953.17203217343
creciente,Loss Incurred,month,cumulative,Synthetic,Portfolio,Auto,2020-01,69,443996.8700541025
creciente,Loss Incurred,month,cumulative,Synthetic,Portfolio,Auto,2020-01,70,444035.0838834114
creciente,Loss Incurred,month,cumulative,Synthetic,Portfolio,Auto,2020-01,71,444068.5009601098
creciente,Loss Incurred,month,cumulative,Synthetic,Portfolio,Auto,2020-02,0,77841.71808140422
creciente,Loss Incurred,month,cumulative,Synthetic,Portfolio,Auto,2020-02,1,85133.06455295556
creciente,Loss Incurred,month,cumulative,Synthetic,Portfolio,Auto,2020-02,2,93070.24916753123
creciente,Loss Incurred,month,cumulative,Synthetic,Portfolio,Auto,2020-02,3,101668.37163312557
creciente,Loss Incurred,month,cumulative,Synthetic,Portfolio,Auto,2020-02,4,110933.31925333448
creciente,Loss Incurred,month,cumulative,Synthetic,Portfolio,Auto,2020-02,5,120860.06294550633
creciente,Loss Incurred,month,cumulative,Synthetic,Portfolio,Auto,2020-02,6,131431.1308049157
creciente,Loss Incurred,month,cumulative,Synthetic,Portfolio,Auto,2020-02,7,142615.39869994848
creciente,Loss Incurred,month,cumulative,Synthetic,Portfolio,Auto,2020-02,8,154367.34224130175
creciente,Loss Incurred,month,cumulative,Synthetic,Portfolio,Auto,2020-02,9,166626.88364705455
creciente,Loss Incurred,month,cumulative,Synthetic,Portfolio,Auto,2020-02,10,179319.93783550395
creciente,Loss Incurred,month,cumulative,Synthetic,Portfolio,Auto,2020-02,11,192359.71442475723
creciente,Loss Incurred,month,cumulative,Synthetic,Portfolio,Auto,2020-02,12,205648.7694866031
creciente,Loss Incurred,month,cumulative,Synthetic,Portfolio,Auto,2020-02,13,219081.7296854193
creciente,Loss Incurred,month,cumulative,Synthetic,Portfolio,Auto,2020-02,14,232548.5413775792
creciente,Loss Incurred,month,cumulative,Synthetic,Portfolio,Auto,2020-02,15,245938.03902196666
creciente,Loss Incurred,month,cumulative,Synthetic,Portfolio,Auto,2020-02,16,259141.5904593807
creciente,Loss Incurred,month,cumulative,Synthetic,Portfolio,Auto,2020-02,17,272056.56761368155
creciente,Loss Incurred,month,cumulative,Synthetic,Portfolio,Auto,2020-02,18,284589.41153705947
creciente,Loss Incurred,month,cumulative,Synthetic,Portfolio,Auto,2020-02,19,296658.1068939516
creciente,Loss Incurred,month,cumulative,Synthetic,Portfolio,Auto,2020-02,20,308193.94509382674
creciente,Loss Incurred,month,cumulative,Synthetic,Portfolio,Auto,2020-02,21,319142.527047669
creciente,Loss Incurred,month,cumulative,Synthetic,Portfolio,Auto,2020-02,22,329464.02546671964
creciente,Loss Incurred,month,cumulative,Synthetic,Portfolio,Auto,2020-02,23,339132.7841274812
creciente,Loss Incurred,month,cumulative,Synthetic,Portfolio,Auto,2020-02,24,348136.37213780324
creciente,Loss Incurred,month,cumulative,Synthetic,Portfolio,Auto,2020-02,25,356474.2330533114
creciente,Loss Incurred,month,cumulative,Synthetic,Portfolio,Auto,2020-02,26,364156.0729411068
creciente,Loss Incurred,month,cumulative,Synthetic,Portfolio,Auto,2020-02,27,371200.1215832667
creciente,Loss Incurred,month,cumulative,Synthetic,Portfolio,Auto,2020-02,28,377631.3814383583
creciente,Loss Incurred,month,cumulative,Synthetic,Portfolio,Auto,2020-02,29,383479.9542863183
creciente,Loss Incurred,month,cumulative,Synthetic,Portfolio,Auto,2020-02,30,388779.5095835725
creciente,Loss Incurred,month,cumulative,Synthetic,Portfolio,Auto,2020-02,31,393565.9343543428
creciente,Loss Incurred,month,cumulative,Synthetic,Portfolio,Auto,2020-02,32,397876.183754172
creciente,Loss Incurred,month,cumulative,Synthetic,Portfolio,Auto,2020-02,33,401747.3351073245
creciente,Loss Incurred,month,cumulative,Synthetic,Portfolio,Auto,2020-02,34,405215.83634156396
creciente,Loss Incurred,month,cumulative,Synthetic,Portfolio,Auto,2020-02,35,408316.9319289393
creciente,Loss Incurred,month,cumulative,Synthetic,Portfolio,Auto,2020-02,36,411084.24502807827
creciente,Loss Incurred,month,cumulative,Synthetic,Portfolio,Auto,2020-02,37,413549.492755911
creciente,Loss Incurred,month,cumulative,Synthetic,Portfolio,Auto,2020-02,38,415742.31166206277
creciente,Loss Incurred,month,cumulative,Synthetic,Portfolio,Auto,2020-02,39,417690.1718963435
creciente,Loss Incurred,month,cumulative,Synthetic,Portfolio,Auto,2020-02,40,419418.3607293365
creciente,Loss Incurred,month,cumulative,Synthetic,Portfolio,Auto,2020-02,41,420950.01861403126
creciente,Loss Incurred,month,cumulative,Synthetic,Portfolio,Auto,2020-02,42,422306.21358261746
creciente,Loss Incurred,month,cumulative,Synthetic,Portfolio,Auto,2020-02,43,423506.0422719692
creciente,Loss Incurred,month,cumulative,Synthetic,Portfolio,Auto,2020-02,44,424566.7481533112
creciente,Loss Incurred,month,cumulative,Synthetic,Portfolio,Auto,2020-02,45,425503.84955020505
creciente,Loss Incurred,month,cumulative,Synthetic,Portfolio,Auto,2020-02,46,426331.2717465896
creciente,Loss Incurred,month,cumulative,Synthetic,Portfolio,Auto,2020-02,47,427061.47892029287
creciente,Loss Incurred,month,cumulative,Synthetic,Portfolio,Auto,2020-02,48,427705.60280911665
creciente,Loss Incurred,month,cumulative,Synthetic,Portfolio,Auto,2020-02,49,428273.56595585914
creciente,Loss Incurred,month,cumulative,Synthetic,Portfolio,Auto,2020-02,50,428774.19811774534
creciente,Loss Incurred,month,cumulative,Synthetic,Portfolio,Auto,2020-02,51,429215.3449965487
creciente,Loss Incurred,month,cumulative,Synthetic,Portfolio,Auto,2020-02,52,429603.968877803
creciente,Loss Incurred,month,cumulative,Synthetic,Portfolio,Auto,2020-02,53,429946.2410872785
creciente,Loss Incurred,month,cumulative,Synthetic,Portfolio,Auto,2020-02,54,430247.6264031368
creciente,Loss Incurred,month,cumulative,Synthetic,Portfolio,Auto,2020-02,55,430512.95972210943
creciente,Loss Incurred,month,cumulative,Synthetic,Portfolio,Auto,2020-02,56,430746.51538361295
creciente,Loss Incurred,month,cumulative,Synthetic,Portfolio,Auto,2020-02,57,430952.06961988215
creciente,Loss Incurred,month,cumulative,Synthetic,Portfolio,Auto,2020-02,58,431132.95663340384
creciente,Loss Incurred,month,cumulative,Synthetic,Portfolio,Auto,2020-02,59,431292.1188134244
creciente,Loss Incurred,month,cumulative,Synthetic,Portfolio,Auto,2020-02,60,431432.151597556
creciente,Loss Incurred,month,cumulative,Synthetic,Portfolio,Auto,2020-02,61,431555.3434675112
creciente,Loss Incurred,month,cumulative,Synthetic,Portfolio,Auto,2020-02,62,431663.7115435829
creciente,Loss Incurred,month,cumulative,Synthetic,Portfolio,Auto,2020-02,63,431759.03321352537
creciente,Loss Incurred,month,cumulative,Synthetic,Portfolio,Auto,2020-02,64,431842.87420012086
creciente,Loss Incurred,month,cumulative,Synthetic,Portfolio,Auto,2020-02,65,431916.61343947734
creciente,Loss Incurred,month,cumulative,Synthetic,Portfolio,Auto,2020-02,66,431981.46511011856
creciente,Loss Incurred,month,cumulative,Synthetic,Portfolio,Auto,2020-02,67,432038.4981219364
creciente,Loss Incurred,month,cumulative,Synthetic,Portfolio,Auto,2020-02,68,432088.6533446011
creciente,Loss Incurred,month,cumulative,Synthetic,Portfolio,Auto,2020-02,69,432132.75882735924
creciente,Loss Incurred,month,cumulative,Synthetic,Portfolio,Auto,2020-02,70,432171.54323646607
creciente,Loss Incurred,month,cumulative,Synthetic,Portfolio,Auto,2020-03,0,80985.95939283408
creciente,Loss Incurred,month,cumulative,Synthetic,Portfolio,Auto,2020-03,1,87856.04962442529
creciente,Loss Incurred,month,cumulative,Synthetic,Portfolio,Auto,2020-03,2,95361.59255758439
creciente,Loss Incurred,month,cumulative,Synthetic,Portfolio,Auto,2020-03,3,103524.58856753103
creciente,Loss Incurred,month,cumulative,Synthetic,Portfolio,Auto,2020-03,4,112359.33859464506
creciente,Loss Incurred,month,cumulative,Synthetic,Portfolio,Auto,2020-03,5,121870.6834919884
creciente,Loss Incurred,month,cumulative,Synthetic,Portfolio,Auto,2020-03,6,132052.31003838326
creciente,Loss Incurred,month,cumulative,Synthetic,Portfolio,Auto,2020-03,7,142885.24806755304
creciente,Loss Incurred,month,cumulative,Synthetic,Portfolio,Auto,2020-03,8,154336.69835113653
creciente,Loss Incurred,month,cumulative,Synthetic,Portfolio,Auto,2020-03,9,166359.33428960532
creciente,Loss Incurred,month,cumulative,Synthetic,Portfolio,Auto,2020-03,10,178891.20809417847
creciente,Loss Incurred,month,cumulative,Synthetic,Portfolio,Auto,2020-03,11,191856.36154681523
creciente,Loss Incurred,month,cumulative,Synthetic,Portfolio,Auto,2020-03,12,205166.1927916625
creciente,Loss Incurred,month,cumulative,Synthetic,Portfolio,Auto,2020-03,13,218721.5674696058
creciente,Loss Incurred,month,cumulative,Synthetic,Portfolio,Auto,2020-03,14,232415.5917877735
creciente,Loss Incurred,month,cumulative,Synthetic,Portfolio,Auto,2020-03,15,246136.89633803535
creciente,Loss Incurred,month,cumulative,Synthetic,Portfolio,Auto,2020-03,16,259773.2231076573
creciente,Loss Incurred,month,cumulative,Synthetic,Portfolio,Auto,2020-03,17,273215.073420231
creciente,Loss Incurred,month,cumulative,Synthetic,Portfolio,Auto,2020-03,18,286359.16746428184
creciente,Loss Incurred,month,cumulative,Synthetic,Portfolio,Auto,2020-03,19,299111.4878483823
creciente,Loss Incurred,month,cumulative,Synthetic,Portfolio,Auto,2020-03,20,311389.72648100374
creciente,Loss Incurred,month,cumulative,Synthetic,Portfolio,Auto,2020-03,21,323125.0181190718
creciente,Loss Incurred,month,cumulative,Synthetic,Portfolio,Auto,2020-03,22,334262.9150011956
creciente,Loss Incurred,month,cumulative,Synthetic,Portfolio,Auto,2020-03,23,344763.62485373486
creciente,Loss Incurred,month,cumulative,Synthetic,Portfolio,Auto,2020-03,24,354601.59088708716
creciente,Loss Incurred,month,cumulative,Synthetic,Portfolio,Auto,2020-03,25,363764.53196318896
creciente,Loss Incurred,month,cumulative,Synthetic,Portfolio,Auto,2020-03,26,372252.0821606605
creciente,Loss Incurred,month,cumulative,Synthetic,Portfolio,Auto,2020-03,27,380074.17277444404
creciente,Loss Incurred,month,cumulative,Synthetic,Portfolio,Auto,2020-03,28,387249.2897509513
creciente,Loss Incurred,month,cumulative,Synthetic,Portfolio,Auto,2020-03,29,393802.72008435585
creciente,Loss Incurred,month,cumulative,Synthetic,Portfolio,Auto,2020-03,30,399764.876243178
creciente,Loss Incurred,month,cumulative,Synthetic,Portfolio,Auto,2020-03,31,405169.76208592125
creciente,Loss Incurred,month,cumulative,Synthetic,Portfolio,Auto,2020-03,32,410053.61979899567
creciente,Loss Incurred,month,cumulative,Synthetic,Portfolio,Auto,2020-03,33,414453.77692416555
creciente,Loss Incurred,month,cumulative,Synthetic,Portfolio,Auto,2020-03,34,418407.696365014
creciente,Loss Incurred,month,cumulative,Synthetic,Portfolio,Auto,2020-03,35,421952.2204740008
creciente,Loss Incurred,month,cumulative,Synthetic,Portfolio,Auto,2020-03,36,425122.9925416127
creciente,Loss Incurred,month,cumulative,Synthetic,Portfolio,Auto,2020-03,37,427954.03459035023
creciente,Loss Incurred,month,cumulative,Synthetic,Portfolio,Auto,2020-03,38,430477.4585777839
creciente,Loss Incurred,month,cumulative,Synthetic,Portfolio,Auto,2020-03,39,432723.2882147978
creciente,Loss Incurred,month,cumulative,Synthetic,Portfolio,Auto,2020-03,40,434719.369975947
creciente,Loss Incurred,month,cumulative,Synthetic,Portfolio,Auto,2020-03,41,436491.354005413
creciente,Loss Incurred,month,cumulative,Synthetic,Portfolio,Auto,2020-03,42,438062.72811380395
creciente,Loss Incurred,month,cumulative,Synthetic,Portfolio,Auto,2020-03,43,439454.8906393029
creciente,Loss Incurred,month,cumulative,Synthetic,Portfolio,Auto,2020-03,44,440687.25042638567
creciente,Loss Incurred,month,cumulative,Synthetic,Portfolio,Auto,2020-03,45,441777.344444956
creciente,Loss Incurred,month,cumulative,Synthetic,Portfolio,Auto,2020-03,46,442740.9655751464
creciente,Loss Incurred,month,cumulative,Synthetic,Portfolio,Auto,2020-03,47,443592.29479908425
creciente,Loss Incurred,month,cumulative,Synthetic,Portfolio,Auto,2020-03,48,444344.03347644454
creciente,Loss Incurred,month,cumulative,Synthetic,Portfolio,Auto,2020-03,49,445007.5325564212
creciente,Loss Incurred,month,cumulative,Synthetic,Portfolio,Auto,2020-03,50,445592.916523471
creciente,Loss Incurred,month,cumulative,Synthetic,Portfolio,Auto,2020-03,51,446109.20061939827
creciente,Loss Incurred,month,cumulative,Synthetic,Portfolio,Auto,2020-03,52,446564.4004614088
creciente,Loss Incurred,month,cumulative,Synthetic,Portfolio,Auto,2020-03,53,446965.63361389627
creciente,Loss Incurred,month,cumulative,Synthetic,Portfolio,Auto,2020-03,54,447319.2129970915
creciente,Loss Incurred,month,cumulative,Synthetic,Portfolio,Auto,2020-03,55,447630.7322509585
creciente,Loss Incurred,month,cumulative,Synthetic,Portfolio,Auto,2020-03,56,447905.1433370623
creciente,Loss Incurred,month,cumulative,Synthetic,Portfolio,Auto,2020-03,57,448146.82677047665
creciente,Loss Incurred,month,cumulative,Synthetic,Portfolio,Auto,2020-03,58,448359.6549411614
creciente,Loss Incurred,month,cumulative,Synthetic,Portfolio,Auto,2020-03,59,448547.0490200801
creciente,Loss Incurred,month,cumulative,Synthetic,Portfolio,Auto,2020-03,60,448712.0299579768
creciente,Loss Incurred,month,cumulative,Synthetic,Portfolio,Auto,2020-03,61,448857.2640807068
creciente,Loss Incurred,month,cumulative,Synthetic,Portfolio,Auto,2020-03,62,448985.103769388
creciente,Loss Incurred,month,cumulative,Synthetic,Portfolio,Auto,2020-03,63,449097.6236902717
creciente,Loss Incurred,month,cumulative,Synthetic,Portfolio,Auto,2020-03,64,449196.6530110722
creciente,Loss Incurred,month,cumulative,Synthetic,Portfolio,Auto,2020-03,65,449283.8040096933
creciente,Loss Incurred,month,cumulative,Synthetic,Portfolio,Auto,2020-03,66,449360.49744947074
creciente,Loss Incurred,month,cumulative,Synthetic,Portfolio,Auto,2020-03,67,449427.98506332334
creciente,Loss Incurred,month,cumulative,Synthetic,Portfolio,Auto,2020-03,68,449487.3694583867
creciente,Loss Incurred,month,cumulative,Synthetic,Portfolio,Auto,2020-03,69,449539.6217232904
creciente,Loss Incurred,month,cumulative,Synthetic,Portfolio,Auto,2020-04,0,83605.56574247364
creciente,Loss Incurred,month,cumulative,Synthetic,Portfolio,Auto,2020-04,1,91710.54425533174
creciente,Loss Incurred,month,cumulative,Synthetic,Portfolio,Auto,2020-04,2,100542.72801789486
creciente,Loss Incurred,month,cumulative,Synthetic,Portfolio,Auto,2020-04,3,110117.89873724333
creciente,Loss Incurred,month,cumulative,Synthetic,Portfolio,Auto,2020-04,4,120440.74433250361
creciente,Loss Incurred,month,cumulative,Synthetic,Portfolio,Auto,2020-04,5,131502.85465519785
creciente,Loss Incurred,month,cumulative,Synthetic,Portfolio,Auto,2020-04,6,143280.9635443504
creciente,Loss Incurred,month,cumulative,Synthetic,Portfolio,Auto,2020-04,7,155735.61268296622
creciente,Loss Incurred,month,cumulative,Synthetic,Portfolio,Auto,2020-04,8,168810.41512456216
creciente,Loss Incurred,month,cumulative,Synthetic,Portfolio,Auto,2020-04,9,182432.0775557806
creciente,Loss Incurred,month,cumulative,Synthetic,Portfolio,Auto,2020-04,10,196511.2974829195
creciente,Loss Incurred,month,cumulative,Synthetic,Portfolio,Auto,2020-04,11,210944.58549572495
creciente,Loss Incurred,month,cumulative,Synthetic,Portfolio,Auto,2020-04,12,225616.97916739367
creciente,Loss Incurred,month,cumulative,Synthetic,Portfolio,Auto,2020-04,13,240405.52413829675
creciente,Loss Incurred,month,cumulative,Synthetic,Portfolio,Auto,2020-04,14,255183.3127905576
creciente,Loss Incurred,month,cumulative,Synthetic,Portfolio,Auto,2020-04,15,269823.80555196566
creciente,Loss Incurred,month,cumulative,Synthetic,Portfolio,Auto,2020-04,16,284205.1256997903
creciente,Loss Incurred,month,cumulative,Synthetic,Portfolio,Auto,2020-04,17,298214.0217671934
creciente,Loss Incurred,month,cumulative,Synthetic,Portfolio,Auto,2020-04,18,311749.23169450817
creciente,Loss Incurred,month,cumulative,Synthetic,Portfolio,Auto,2020-04,19,324724.05248125
creciente,Loss Incurred,month,cumulative,Synthetic,Portfolio,Auto,2020-04,20,337068.00622196106
creciente,Loss Incurred,month,cumulative,Synthetic,Portfolio,Auto,2020-04,21,348727.58404129685
creciente,Loss Incurred,month,cumulative,Synthetic,Portfolio,Auto,2020-04,22,359666.1306721684
creciente,Loss Incurred,month,cumulative,Synthetic,Portfolio,Auto,2020-04,23,369862.9948068453
creciente,Loss Incurred,month,cumulative,Synthetic,Portfolio,Auto,2020-04,24,379312.10911125434
creciente,Loss Incurred,month,cumulative,Synthetic,Portfolio,Auto,2020-04,25,388020.17873133323
creciente,Loss Incurred,month,cumulative,Synthetic,Portfolio,Auto,2020-04,26,396004.65161349083
creciente,Loss Incurred,month,cumulative,Synthetic,Portfolio,Auto,2020-04,27,403291.6234782365
creciente,Loss Incurred,month,cumulative,Synthetic,Portfolio,Auto,2020-04,28,409913.80091457063
creciente,Loss Incurred,month,cumulative,Synthetic,Portfolio,Auto,2020-04,29,415908.61336067854
creciente,Loss Incurred,month,cumulative,Synthetic,Portfolio,Auto,2020-04,30,421316.53304546274
creciente,Loss Incurred,month,cumulative,Synthetic,Portfolio,Auto,2020-04,31,426179.6341656055
creciente,Loss Incurred,month,cumulative,Synthetic,Portfolio,Auto,2020-04,32,430540.40016695793
creciente,Loss Incurred,month,cumulative,Synthetic,Portfolio,Auto,2020-04,33,434440.7713866461
creciente,Loss Incurred,month,cumulative,Synthetic,Portfolio,Auto,2020-04,34,437921.4141308361
creciente,Loss Incurred,month,cumulative,Synthetic,Portfolio,Auto,2020-04,35,441021.18571091676
creciente,Loss Incurred,month,cumulative,Synthetic,Portfolio,Auto,2020-04,36,443776.76705593703
creciente,Loss Incurred,month,cumulative,Synthetic,Portfolio,Auto,2020-04,37,446222.4342797134
creciente,Loss Incurred,month,cumulative,Synthetic,Portfolio,Auto,2020-04,38,448389.9421333676
creciente,Loss Incurred,month,cumulative,Synthetic,Portfolio,Auto,2020-04,39,450308.4949030538
creciente,Loss Incurred,month,cumulative,Synthetic,Portfolio,Auto,2020-04,40,452004.78347257606
creciente,Loss Incurred,month,cumulative,Synthetic,Portfolio,Auto,2020-04,41,453503.070572144
creciente,Loss Incurred,month,cumulative,Synthetic,Portfolio,Auto,2020-04,42,454825.30941984913
creciente,Loss Incurred,month,cumulative,Synthetic,Portfolio,Auto,2020-04,43,455991.2838768152
creciente,Loss Incurred,month,cumulative,Synthetic,Portfolio,Auto,2020-04,44,457018.7608016488
creciente,Loss Incurred,month,cumulative,Synthetic,Portfolio,Auto,2020-04,45,457923.64747884433
creciente,Loss Incurred,month,cumulative,Synthetic,Portfolio,Auto,2020-04,46,458720.14881747606
creciente,Loss Incurred,month,cumulative,Synthetic,Portfolio,Auto,2020-04,47,459420.9204994289
creciente,Loss Incurred,month,cumulative,Synthetic,Portfolio,Auto,2020-04,48,460037.215439533
creciente,Loss Incurred,month,cumulative,Synthetic,Portfolio,Auto,2020-04,49,460579.02184583806
creciente,Loss Incurred,month,cumulative,Synthetic,Portfolio,Auto,2020-04,50,461055.1918787794
creciente,Loss Incurred,month,cumulative,Synthetic,Portfolio,Auto,2020-04,51,461473.5604419547
creciente,Loss Incurred,month,cumulative,Synthetic,Portfolio,Auto,2020-04,52,461841.0540289881
creciente,Loss Incurred,month,cumulative,Synthetic,Portfolio,Auto,2020-04,53,462163.7898300986
creciente,Loss Incurred,month,cumulative,Synthetic,Portfolio,Auto,2020-04,54,462447.1654932989
creciente,Loss Incurred,month,cumulative,Synthetic,Portfolio,Auto,2020-04,55,462695.9400590442
creciente,Loss Incurred,month,cumulative,Synthetic,Portfolio,Auto,2020-04,56,462914.30666015303
creciente,Loss Incurred,month,cumulative,Synthetic,Portfolio,Auto,2020-04,57,463105.9576141089
creciente,Loss Incurred,month,cumulative,Synthetic,Portfolio,Auto,2020-04,58,463274.1425427862
creciente,Loss Incurred,month,cumulative,Synthetic,Portfolio,Auto,2020-04,59,463421.72014328185
creciente,Loss Incurred,month,cumulative,Synthetic,Portfolio,Auto,2020-04,60,463551.2042090544
creciente,Loss Incurred,month,cumulative,Synthetic,Portfolio,Auto,2020-04,61,463664.80446765624
creciente,Loss Incurred,month,cumulative,Synthetic,Portfolio,Auto,2020-04,62,463764.4627634502
creciente,Loss Incurred,month,cumulative,Synthetic,Portfolio,Auto,2020-04,63,463851.88507342874
creciente,Loss Incurred,month,cumulative,Synthetic,Portfolio,Auto,2020-04,64,463928.5698033929
creciente,Loss Incurred,month,cumulative,Synthetic,Portfolio,Auto,2020-04,65,463995.83277161495
creciente,Loss Incurred,month,cumulative,Synthetic,Portfolio,Auto,2020-04,66,464054.82924855023
creciente,Loss Incurred,month,cumulative,Synthetic,Portfolio,Auto,2020-04,67,464106.573384744
creciente,Loss Incurred,month,cumulative,Synthetic,Portfolio,Auto,2020-04,68,464151.9553251104
creciente,Loss Incurred,month,cumulative,Synthetic,Portfolio,Auto,2020-05,0,66433.0580697042
creciente,Loss Incurred,month,cumulative,Synthetic,Portfolio,Auto,2020-05,1,72021.24391973055
creciente,Loss Incurred,month,cumulative,Synthetic,Portfolio,Auto,2020-05,2,78143.41047623575
creciente,Loss Incurred,month,cumulative,Synthetic,Portfolio,Auto,2020-05,3,84819.94056551126
creciente,Loss Incurred,month,cumulative,Synthetic,Portfolio,Auto,2020-05,4,92064.77106581701
creciente,Loss Incurred,month,cumulative,Synthetic,Portfolio,Auto,2020-05,5,99883.80928097227
creciente,Loss Incurred,month,cumulative,Synthetic,Portfolio,Auto,2020-05,6,108273.38958515515
creciente,Loss Incurred,month,cumulative,Synthetic,Portfolio,Auto,2020-05,7,117218.88297256894
creciente,Loss Incurred,month,cumulative,Synthetic,Portfolio,Auto,2020-05,8,126693.58818685611
creciente,Loss Incurred,month,cumulative,Synthetic,Portfolio,Auto,2020-05,9,136658.0384729709
creciente,Loss Incurred,month,cumulative,Synthetic,Portfolio,Auto,2020-05,10,147059.84856838553
creciente,Loss Incurred,month,cumulative,Synthetic,Portfolio,Auto,2020-05,11,157834.19963277565
creciente,Loss Incurred,month,cumulative,Synthetic,Portfolio,Auto,2020-05,12,168905.0152230781
creciente,Loss Incurred,month,cumulative,Synthetic,Portfolio,Auto,2020-05,13,180186.8222822648
creciente,Loss Incurred,month,cumulative,Synthetic,Portfolio,Auto,2020-05,14,191587.22400635728
creciente,Loss Incurred,month,cumulative,Synthetic,Portfolio,Auto,2020-05,15,203009.84566578208
creciente,Loss Incurred,month,cumulative,Synthetic,Portfolio,Auto,2020-05,16,214357.5603265432
creciente,Loss Incurred,month,cumulative,Synthetic,Portfolio,Auto,2020-05,17,225535.7681559037
creciente,Loss Incurred,month,cumulative,Synthetic,Portfolio,Auto,2020-05,18,236455.49653094972
creciente,Loss Incurred,month,cumulative,Synthetic,Portfolio,Auto,2020-05,19,247036.1096697215
creciente,Loss Incurred,month,cumulative,Synthetic,Portfolio,Auto,2020-05,20,257207.46209905783
creciente,Loss Incurred,month,cumulative,Synthetic,Portfolio,Auto,2020-05,21,266911.3920091803
creciente,Loss Incurred,month,cumulative,Synthetic,Portfolio,Auto,2020-05,22,276102.5183104247
creciente,Loss Incurred,month,cumulative,Synthetic,Portfolio,Auto,2020-05,23,284748.36898926087
creciente,Loss Incurred,month,cumulative,Synthetic,Portfolio,Auto,2020-05,24,292828.92019498185
creciente,Loss Incurred,month,cumulative,Synthetic,Portfolio,Auto,2020-05,25,300335.6606379371
creciente,Loss Incurred,month,cumulative,Synthetic,Portfolio,Auto,2020-05,26,307270.3130833009
creciente,Loss Incurred,month,cumulative,Synthetic,Portfolio,Auto,2020-05,27,313643.3456573049
creciente,Loss Incurred,month,cumulative,Synthetic,Portfolio,Auto,2020-05,28,319472.3939570037
creciente,Loss Incurred,month,cumulative,Synthetic,Portfolio,Auto,2020-05,29,324780.69500552426
creciente,Loss Incurred,month,cumulative,Synthetic,Portfolio,Auto,2020-05,30,329595.6102395588
creciente,Loss Incurred,month,cumulative,Synthetic,Portfolio,Auto,2020-05,31,333947.29052554606
creciente,Loss Incurred,month,cumulative,Synthetic,Portfolio,Auto,2020-05,32,337867.5142085836
creciente,Loss Incurred,month,cumulative,Synthetic,Portfolio,Auto,2020-05,33,341388.71088135487
creciente,Loss Incurred,month,cumulative,Synthetic,Portfolio,Auto,2020-05,34,344543.16950034525
creciente,Loss Incurred,month,cumulative,Synthetic,Portfolio,Auto,2020-05,35,347362.4195969205
creciente,Loss Incurred,month,cumulative,Synthetic,Portfolio,Auto,2020-05,36,349876.7681436739
creciente,Loss Incurred,month,cumulative,Synthetic,Portfolio,Auto,2020-05,37,352114.9714525779
creciente,Loss Incurred,month,cumulative,Synthetic,Portfolio,Auto,2020-05,38,354104.0205649429
creciente,Loss Incurred,month,cumulative,Synthetic,Portfolio,Auto,2020-05,39,355869.01926061895
creciente,Loss Incurred,month,cumulative,Synthetic,Portfolio,Auto,2020-05,40,357433.13548696577
creciente,Loss Incurred,month,cumulative,Synthetic,Portfolio,Auto,2020-05,41,358817.6092321829
creciente,Loss Incurred,month,cumulative,Synthetic,Portfolio,Auto,2020-05,42,360041.8023081653
creciente,Loss Incurred,month,cumulative,Synthetic,Portfolio,Auto,2020-05,43,361123.2779355476
creciente,Loss Incurred,month,cumulative,Synthetic,Portfolio,Auto,2020-05,44,362077.90029314754
creciente,Loss Incurred,month,cumulative,Synthetic,Portfolio,Auto,2020-05,45,362919.9462249756
creciente,Loss Incurred,month,cumulative,Synthetic,Portfolio,Auto,2020-05,46,363662.2230555863
creciente,Loss Incurred,month,cumulative,Synthetic,Portfolio,Auto,2020-05,47,364316.1879449011
creciente,Loss Incurred,month,cumulative,Synthetic,Portfolio,Auto,2020-05,48,364892.0654319549
creciente,Loss Incurred,month,cumulative,Synthetic,Portfolio,Auto,2020-05,49,365398.9607992169
creciente,Loss Incurred,month,cumulative,Synthetic,Portfolio,Auto,2020-05,50,365844.9676657778
creciente,Loss Incurred,month,cumulative,Synthetic,Portfolio,Auto,2020-05,51,366237.2688201916
creciente,Loss Incurred,month,cumulative,Synthetic,Portfolio,Auto,2020-05,52,366582.2297619464
creciente,Loss Incurred,month,cumulative,Synthetic,Portfolio,Auto,2020-05,53,366885.48476138496
creciente,Loss Incurred,month,cumulative,Synthetic,Portfolio,Auto,2020-05,54,367152.01549494744
creciente,Loss Incurred,month,cumulative,Synthetic,Portfolio,Auto,2020-05,55,367386.22248584824
creciente,Loss Incurred,month,cumulative,Synthetic,Portfolio,Auto,2020-05,56,367591.9896963562
creciente,Loss Incurred,month,cumulative,Synthetic,Portfolio,Auto,2020-05,57,367772.742690303
creciente,Loss Incurred,month,cumulative,Synthetic,Portfolio,Auto,2020-05,58,367931.50082420633
creciente,Loss Incurred,month,cumulative,Synthetic,Portfolio,Auto,2020-05,59,368070.92394114414
creciente,Loss Incurred,month,cumulative,Synthetic,Portfolio,Auto,2020-05,60,368193.35404001834
creciente,Loss Incurred,month,cumulative,Synthetic,Portfolio,Auto,2020-05,61,368300.8523793611
creciente,Loss Incurred,month,cumulative,Synthetic,Portfolio,Auto,2020-05,62,368395.2324533533
creciente,Loss Incurred,month,cumulative,Synthetic,Portfolio,Auto,2020-05,63,368478.08925127634
creciente,Loss Incurred,month,cumulative,Synthetic,Portfolio,Auto,2020-05,64,368550.8251824143
creciente,Loss Incurred,month,cumulative,Synthetic,Portfolio,Auto,2020-05,65,368614.67301811685
creciente,Loss Incurred,month,cumulative,Synthetic,Portfolio,Auto,2020-05,66,368670.71617246064
creciente,Loss Incurred,month,cumulative,Synthetic,Portfolio,Auto,2020-05,67,368719.90661352244
creciente,Loss Incurred,month,cumulative,Synthetic,Portfolio,Auto,2020-06,0,71920.78926073114
creciente,Loss Incurred,month,cumulative,Synthetic,Portfolio,Auto,2020-06,1,76341.08177237272
creciente,Loss Incurred,month,cumulative,Synthetic,Portfolio,Auto,2020-06,2,81329.94065351589
creciente,Loss Incurred,month,cumulative,Synthetic,Portfolio,Auto,2020-06,3,86936.93786579554
creciente,Loss Incurred,month,cumulative,Synthetic,Portfolio,Auto,2020-06,4,93209.04204350965
creciente,Loss Incurred,month,cumulative,Synthetic,Portfolio,Auto,2020-06,5,100188.27838130362
creciente,Loss Incurred,month,cumulative,Synthetic,Portfolio,Auto,2020-06,6,107908.98471823099
creciente,Loss Incurred,month,cumulative,Synthetic,Portfolio,Auto,2020-06,7,116394.75148604231
creciente,Loss Incurred,month,cumulative,Synthetic,Portfolio,Auto,2020-06,8,125655.2020099303
creciente,Loss Incurred,month,cumulative,Synthetic,Portfolio,Auto,2020-06,9,135682.84429815126
creciente,Loss Incurred,month,cumulative,Synthetic,Portfolio,Auto,2020-06,10,146450.2943924385
creciente,Loss Incurred,month,cumulative,Synthetic,Portfolio,Auto,2020-06,11,157908.21868725942
creciente,Loss Incurred,month,cumulative,Synthetic,Portfolio,Auto,2020-06,12,169984.35048569998
creciente,Loss Incurred,month,cumulative,Synthetic,Portfolio,Auto,2020-06,13,182583.88891487755
creciente,Loss Incurred,month,cumulative,Synthetic,Portfolio,Auto,2020-06,14,195591.47864518085
creciente,Loss Incurred,month,cumulative,Synthetic,Portfolio,Auto,2020-06,15,208874.80239138575
creciente,Loss Incurred,month,cumulative,Synthetic,Portfolio,Auto,2020-06,16,222289.6164851344
creciente,Loss Incurred,month,cumulative,Synthetic,Portfolio,Auto,2020-06,17,235685.8580158877
creciente,Loss Incurred,month,cumulative,Synthetic,Portfolio,Auto,2020-06,18,248914.29118400312
creciente,Loss Incurred,month,cumulative,Synthetic,Portfolio,Auto,2020-06,19,261833.0763718163
creciente,Loss Incurred,month,cumulative,Synthetic,Portfolio,Auto,2020-06,20,274313.65762283804
creciente,Loss Incurred,month,cumulative,Synthetic,Portfolio,Auto,2020-06,21,286245.46985131444
creciente,Loss Incurred,month,cumulative,Synthetic,Portfolio,Auto,2020-06,22,297539.1417678609
creciente,Loss Incurred,month,cumulative,Synthetic,Portfolio,Auto,2020-06,23,308128.07602789794
creciente,Loss Incurred,month,cumulative,Synthetic,Portfolio,Auto,2020-06,24,317968.48395010177
creciente,Loss Incurred,month,cumulative,Synthetic,Portfolio,Auto,2020-06,25,327038.10601908475
creciente,Loss Incurred,month,cumulative,Synthetic,Portfolio,Auto,2020-06,26,335333.9436114513
creciente,Loss Incurred,month,cumulative,Synthetic,Portfolio,Auto,2020-06,27,342869.3598740237
creciente,Loss Incurred,month,cumulative,Synthetic,Portfolio,Auto,2020-06,28,349670.88847808493
creciente,Loss Incurred,month,cumulative,Synthetic,Portfolio,Auto,2020-06,29,355775.03467556817
creciente,Loss Incurred,month,cumulative,Synthetic,Portfolio,Auto,2020-06,30,361225.28140909714
creciente,Loss Incurred,month,cumulative,Synthetic,Portfolio,Auto,2020-06,31,366069.43913475965
creciente,Loss Incurred,month,cumulative,Synthetic,Portfolio,Auto,2020-06,32,370357.41183326417
creciente,Loss Incurred,month,cumulative,Synthetic,Portfolio,Auto,2020-06,33,374139.3989372533
creciente,Loss Incurred,month,cumulative,Synthetic,Portfolio,Auto,2020-06,34,377464.51518427784
creciente,Loss Incurred,month,cumulative,Synthetic,Portfolio,Auto,2020-06,35,380379.7866582388
creciente,Loss Incurred,month,cumulative,Synthetic,Portfolio,Auto,2020-06,36,382929.4690291153
creciente,Loss Incurred,month,cumulative,Synthetic,Portfolio,Auto,2020-06,37,385154.63029671897
creciente,Loss Incurred,month,cumulative,Synthetic,Portfolio,Auto,2020-06,38,387092.9423914021
creciente,Loss Incurred,month,cumulative,Synthetic,Portfolio,Auto,2020-06,39,388778.63145015686
creciente,Loss Incurred,month,cumulative,Synthetic,Portfolio,Auto,2020-06,40,390242.54370590387
creciente,Loss Incurred,month,cumulative,Synthetic,Portfolio,Auto,2020-06,41,391512.2914788118
creciente,Loss Incurred,month,cumulative,Synthetic,Portfolio,Auto,2020-06,42,392612.4509715891
creciente,Loss Incurred,month,cumulative,Synthetic,Portfolio,Auto,2020-06,43,393564.7900198186
creciente,Loss Incurred,month,cumulative,Synthetic,Portfolio,Auto,2020-06,44,394388.50944846787
creciente,Loss Incurred,month,cumulative,Synthetic,Portfolio,Auto,2020-06,45,395100.4862075591
creciente,Loss Incurred,month,cumulative,Synthetic,Portfolio,Auto,2020-06,46,395715.5100661933
creciente,Loss Incurred,month,cumulative,Synthetic,Portfolio,Auto,2020-06,47,396246.50844379386
creciente,Loss Incurred,month,cumulative,Synthetic,Portfolio,Auto,2020-06,48,396704.7560765449
creciente,Loss Incurred,month,cumulative,Synthetic,Portfolio,Auto,2020-06,49,397100.0677804527
creciente,Loss Incurred,month,cumulative,Synthetic,Portfolio,Auto,2020-06,50,397440.9736942128
creciente,Loss Incurred,month,cumulative,Synthetic,Portfolio,Auto,2020-06,51,397734.8771637294
creciente,Loss Incurred,month,cumulative,Synthetic,Portfolio,Auto,2020-06,52,397988.1959478966
creciente,Loss Incurred,month,cumulative,Synthetic,Portfolio,Auto,2020-06,53,398206.48774859594
creciente,Loss Incurred,month,cumulative,Synthetic,Portfolio,Auto,2020-06,54,398394.56124940683
creciente,Loss Incurred,month,cumulative,Synthetic,Portfolio,Auto,2020-06,55,398556.57392803516
creciente,Loss Incurred,month,cumulative,Synthetic,Portfolio,Auto,2020-06,56,398696.11791798717
creciente,Loss Incurred,month,cumulative,Synthetic,Portfolio,Auto,2020-06,57,398816.2951588073
creciente,Loss Incurred,month,cumulative,Synthetic,Portfolio,Auto,2020-06,58,398919.7830083779
creciente,Loss Incurred,month,cumulative,Synthetic,Portfolio,Auto,2020-06,59,399008.8914077308
creciente,Loss Incurred,month,cumulative,Synthetic,Portfolio,Auto,2020-06,60,399085.6125973137
creciente,Loss Incurred,month,cumulative,Synthetic,Portfolio,Auto,2020-06,61,399151.66428976564
creciente,Loss Incurred,month,cumulative,Synthetic,Portfolio,Auto,2020-06,62,399208.5271120373
creciente,Loss Incurred,month,cumulative,Synthetic,Portfolio,Auto,2020-06,63,399257.4770417549
creciente,Loss Incurred,month,cumulative,Synthetic,Portfolio,Auto,2020-06,64,399299.61348060495
creciente,Loss Incurred,month,cumulative,Synthetic,Portfolio,Auto,2020-06,65,399335.88353203255
creciente,Loss Incurred,month,cumulative,Synthetic,Portfolio,Auto,2020-06,66,399367.10298197344
creciente,Loss Incurred,month,cumulative,Synthetic,Portfolio,Auto,2020-07,0,68166.1702405782
creciente,Loss Incurred,month,cumulative,Synthetic,Portfolio,Auto,2020-07,1,74385.13000783109
creciente,Loss Incurred,month,cumulative,Synthetic,Portfolio,Auto,2020-07,2,81125.72268999496
creciente,Loss Incurred,month,cumulative,Synthetic,Portfolio,Auto,2020-07,3,88398.79042998658
creciente,Loss Incurred,month,cumulative,Synthetic,Portfolio,Auto,2020-07,4,96208.26607123396
creciente,Loss Incurred,month,cumulative,Synthetic,Portfolio,Auto,2020-07,5,104549.97839857887
creciente,Loss Incurred,month,cumulative,Synthetic,Portfolio,Auto,2020-07,6,113410.58178947968
creciente,Loss Incurred,month,cumulative,Synthetic,Portfolio,Auto,2020-07,7,122766.70057314198
creciente,Loss Incurred,month,cumulative,Synthetic,Portfolio,Auto,2020-07,8,132584.38135319058
creciente,Loss Incurred,month,cumulative,Synthetic,Portfolio,Auto,2020-07,9,142818.94025492686
creciente,Loss Incurred,month,cumulative,Synthetic,Portfolio,Auto,2020-07,10,153415.27493657958
creciente,Loss Incurred,month,cumulative,Synthetic,Portfolio,Auto,2020-07,11,164308.68305865736
creciente,Loss Incurred,month,cumulative,Synthetic,Portfolio,Auto,2020-07,12,175426.19134792424
creciente,Loss Incurred,month,cumulative,Synthetic,Portfolio,Auto,2020-07,13,186688.3559626585
creciente,Loss Incurred,month,cumulative,Synthetic,Portfolio,Auto,2020-07,14,198011.45072060448
creciente,Loss Incurred,month,cumulative,Synthetic,Portfolio,Auto,2020-07,15,209309.92090076784
creciente,Loss Incurred,month,cumulative,Synthetic,Portfolio,Auto,2020-07,16,220498.9525449622
creciente,Loss Incurred,month,cumulative,Synthetic,Portfolio,Auto,2020-07,17,231496.99481909483
creciente,Loss Incurred,month,cumulative,Synthetic,Portfolio,Auto,2020-07,18,242228.078039901
creciente,Loss Incurred,month,cumulative,Synthetic,Portfolio,Auto,2020-07,19,252623.7916134059
creciente,Loss Incurred,month,cumulative,Synthetic,Portfolio,Auto,2020-07,20,262624.82092519227
creciente,Loss Incurred,month,cumulative,Synthetic,Portfolio,Auto,2020-07,21,272181.98486407
creciente,Loss Incurred,month,cumulative,Synthetic,Portfolio,Auto,2020-07,22,281256.7600965885
creciente,Loss Incurred,month,cumulative,Synthetic,Portfolio,Auto,2020-07,23,289821.3188033315
creciente,Loss Incurred,month,cumulative,Synthetic,Portfolio,Auto,2020-07,24,297858.13904618117
creciente,Loss Incurred,month,cumulative,Synthetic,Portfolio,Auto,2020-07,25,305359.2688187777
creciente,Loss Incurred,month,cumulative,Synthetic,Portfolio,Auto,2020-07,26,312325.3356062723
creciente,Loss Incurred,month,cumulative,Synthetic,Portfolio,Auto,2020-07,27,318764.3939993015
creciente,Loss Incurred,month,cumulative,Synthetic,Portfolio,Auto,2020-07,28,324690.6966807736
creciente,Loss Incurred,month,cumulative,Synthetic,Portfolio,Auto,2020-07,29,330123.46151703707
creciente,Loss Incurred,month,cumulative,Synthetic,Portfolio,Auto,2020-07,30,335085.69209591066
creciente,Loss Incurred,month,cumulative,Synthetic,Portfolio,Auto,2020-07,31,339603.0930472879
creciente,Loss Incurred,month,cumulative,Synthetic,Portfolio,Auto,2020-07,32,343703.10648703994
creciente,Loss Incurred,month,cumulative,Synthetic,Portfolio,Auto,2020-07,33,347414.0829789614
creciente,Loss Incurred,month,cumulative,Synthetic,Portfolio,Auto,2020-07,34,350764.5900198297
creciente,Loss Incurred,month,cumulative,Synthetic,Portfolio,Auto,2020-07,35,353782.85331215
creciente,Loss Incurred,month,cumulative,Synthetic,Portfolio,Auto,2020-07,36,356496.3208067584
creciente,Loss Incurred,month,cumulative,Synthetic,Portfolio,Auto,2020-07,37,358931.33631809393
creciente,Loss Incurred,month,cumulative,Synthetic,Portfolio,Auto,2020-07,38,361112.90801533824
creciente,Loss Incurred,month,cumulative,Synthetic,Portfolio,Auto,2020-07,39,363064.55684907717
creciente,Loss Incurred,month,cumulative,Synthetic,Portfolio,Auto,2020-07,40,364808.23060339584
creciente,Loss Incurred,month,cumulative,Synthetic,Portfolio,Auto,2020-07,41,366364.27044754
creciente,Loss Incurred,month,cumulative,Synthetic,Portfolio,Auto,2020-07,42,367751.41834814154
creciente,Loss Incurred,month,cumulative,Synthetic,Portfolio,Auto,2020-07,43,368986.85530629323
creciente,Loss Incurred,month,cumulative,Synthetic,Portfolio,Auto,2020-07,44,370086.2619738647
creciente,Loss Incurred,month,cumulative,Synthetic,Portfolio,Auto,2020-07,45,371063.8946967616
creciente,Loss Incurred,month,cumulative,Synthetic,Portfolio,Auto,2020-07,46,371932.67138112866
creciente,Loss Incurred,month,cumulative,Synthetic,Portfolio,Auto,2020-07,47,372704.2627593878
creciente,Loss Incurred,month,cumulative,Synthetic,Portfolio,Auto,2020-07,48,373389.18564195203
creciente,Loss Incurred,month,cumulative,Synthetic,Portfolio,Auto,2020-07,49,373996.8955844463
creciente,Loss Incurred,month,cumulative,Synthetic,Portfolio,Auto,2020-07,50,374535.87709313526
creciente,Loss Incurred,month,cumulative,Synthetic,Portfolio,Auto,2020-07,51,375013.73005020816
creciente,Loss Incurred,month,cumulative,Synthetic,Portfolio,Auto,2020-07,52,375437.25148393476
creciente,Loss Incurred,month,cumulative,Synthetic,Portfolio,Auto,2020-07,53,375812.5121543799
creciente,Loss Incurred,month,cumulative,Synthetic,Portfolio,Auto,2020-07,54,376144.9276899618
creciente,Loss Incurred,month,cumulative,Synthetic,Portfolio,Auto,2020-07,55,376439.32420849975
creciente,Loss Incurred,month,cumulative,Synthetic,Portfolio,Auto,2020-07,56,376699.9985014294
creciente,Loss Incurred,month,cumulative,Synthetic,Portfolio,Auto,2020-07,57,376930.7729625558
creciente,Loss Incurred,month,cumulative,Synthetic,Portfolio,Auto,2020-07,58,377135.04551223625
creciente,Loss Incurred,month,cumulative,Synthetic,Portfolio,Auto,2020-07,59,377315.8348118082
creciente,Loss Incurred,month,cumulative,Synthetic,Portfolio,Auto,2020-07,60,377475.8210875301
creciente,Loss Incurred,month,cumulative,Synthetic,Portfolio,Auto,2020-07,61,377617.3828932216
creciente,Loss Incurred,month,cumulative,Synthetic,Portfolio,Auto,2020-07,62,377742.6301400863
creciente,Loss Incurred,month,cumulative,Synthetic,Portfolio,Auto,2020-07,63,377853.43371393584
creciente,Loss Incurred,month,cumulative,Synthetic,Portfolio,Auto,2020-07,64,377951.45198660146
creciente,Loss Incurred,month,cumulative,Synthetic,Portfolio,Auto,2020-07,65,378038.15451152966
creciente,Loss Incurred,month,cumulative,Synthetic,Portfolio,Auto,2020-08,0,64956.24020284258
creciente,Loss Incurred,month,cumulative,Synthetic,Portfolio,Auto,2020-08,1,71138.19995447087
creciente,Loss Incurred,month,cumulative,Synthetic,Portfolio,Auto,2020-08,2,77794.56045542279
creciente,Loss Incurred,month,cumulative,Synthetic,Portfolio,Auto,2020-08,3,84930.1315528534
creciente,Loss Incurred,month,cumulative,Synthetic,Portfolio,Auto,2020-08,4,92543.27602826533
creciente,Loss Incurred,month,cumulative,Synthetic,Portfolio,Auto,2020-08,5,100625.02841462292
creciente,Loss Incurred,month,cumulative,Synthetic,Portfolio,Auto,2020-08,6,109158.35696364428
creciente,Loss Incurred,month,cumulative,Synthetic,Portfolio,Auto,2020-08,7,118117.63697910526
creciente,Loss Incurred,month,cumulative,Synthetic,Portfolio,Auto,2020-08,8,127468.40161124336
creciente,Loss Incurred,month,cumulative,Synthetic,Portfolio,Auto,2020-08,9,137167.42705054628
creciente,Loss Incurred,month,cumulative,Synthetic,Portfolio,Auto,2020-08,10,147163.1923650813
creciente,Loss Incurred,month,cumulative,Synthetic,Portfolio,Auto,2020-08,11,157396.73053605895
creciente,Loss Incurred,month,cumulative,Synthetic,Portfolio,Auto,2020-08,12,167802.85830792962
creciente,Loss Incurred,month,cumulative,Synthetic,Portfolio,Auto,2020-08,13,178311.7411686358
creciente,Loss Incurred,month,cumulative,Synthetic,Portfolio,Auto,2020-08,14,188850.71980940978
creciente,Loss Incurred,month,cumulative,Synthetic,Portfolio,Auto,2020-08,15,199346.29972023977
creciente,Loss Incurred,month,cumulative,Synthetic,Portfolio,Auto,2020-08,16,209726.18963480974
creciente,Loss Incurred,month,cumulative,Synthetic,Portfolio,Auto,2020-08,17,219921.26968848094
creciente,Loss Incurred,month,cumulative,Synthetic,Portfolio,Auto,2020-08,18,229867.37712066213
creciente,Loss Incurred,month,cumulative,Synthetic,Portfolio,Auto,2020-08,19,239506.81509779504
creciente,Loss Incurred,month,cumulative,Synthetic,Portfolio,Auto,2020-08,20,248789.5161643804
creciente,Loss Incurred,month,cumulative,Synthetic,Portfolio,Auto,2020-08,21,257673.8223321048
creciente,Loss Incurred,month,cumulative,Synthetic,Portfolio,Auto,2020-08,22,266126.87494642334
creciente,Loss Incurred,month,cumulative,Synthetic,Portfolio,Auto,2020-08,23,274124.63563993707
creciente,Loss Incurred,month,cumulative,Synthetic,Portfolio,Auto,2020-08,24,281651.5821961396
creciente,Loss Incurred,month,cumulative,Synthetic,Portfolio,Auto,2020-08,25,288700.13848036726
creciente,Loss Incurred,month,cumulative,Synthetic,Portfolio,Auto,2020-08,26,295269.9054117348
creciente,Loss Incurred,month,cumulative,Synthetic,Portfolio,Auto,2020-08,27,301366.76091113116
creciente,Loss Incurred,month,cumulative,Synthetic,Portfolio,Auto,2020-08,28,307001.89220406156
creciente,Loss Incurred,month,cumulative,Synthetic,Portfolio,Auto,2020-08,29,312190.81544809375
creciente,Loss Incurred,month,cumulative,Synthetic,Portfolio,Auto,2020-08,30,316952.427075634
creciente,Loss Incurred,month,cumulative,Synthetic,Portfolio,Auto,2020-08,31,321308.11997064133
creciente,Loss Incurred,month,cumulative,Synthetic,Portfolio,Auto,2020-08,32,325280.986777371
creciente,Loss Incurred,month,cumulative,Synthetic,Portfolio,Auto,2020-08,33,328895.1230435952
creciente,Loss Incurred,month,cumulative,Synthetic,Portfolio,Auto,2020-08,34,332175.0349566006
creciente,Loss Incurred,month,cumulative,Synthetic,Portfolio,Auto,2020-08,35,335145.15028022445
creciente,Loss Incurred,month,cumulative,Synthetic,Portfolio,Auto,2020-08,36,337829.4266814293
creciente,Loss Incurred,month,cumulative,Synthetic,Portfolio,Auto,2020-08,37,340251.04875086824
creciente,Loss Incurred,month,cumulative,Synthetic,Portfolio,Auto,2020-08,38,342432.203412429
creciente,Loss Incurred,month,cumulative,Synthetic,Portfolio,Auto,2020-08,39,344393.92280248465
creciente,Loss Incurred,month,cumulative,Synthetic,Portfolio,Auto,2020-08,40,346155.9838154225
creciente,Loss Incurred,month,cumulative,Synthetic,Portfolio,Auto,2020-08,41,347736.8541259388
creciente,Loss Incurred,month,cumulative,Synthetic,Portfolio,Auto,2020-08,42,349153.675419959
creciente,Loss Incurred,month,cumulative,Synthetic,Portfolio,Auto,2020-08,43,350422.27564677806
creciente,Loss Incurred,month,cumulative,Synthetic,Portfolio,Auto,2020-08,44,351557.2032361167
creciente,Loss Incurred,month,cumulative,Synthetic,Portfolio,Auto,2020-08,45,352571.777329757
creciente,Loss Incurred,month,cumulative,Synthetic,Portfolio,Auto,2020-08,46,353478.14910975273
creciente,Loss Incurred,month,cumulative,Synthetic,Portfolio,Auto,2020-08,47,354287.37023619434
creciente,Loss Incurred,month,cumulative,Synthetic,Portfolio,Auto,2020-08,48,355009.4652245707
creciente,Loss Incurred,month,cumulative,Synthetic,Portfolio,Auto,2020-08,49,355653.50529397
creciente,Loss Incurred,month,cumulative,Synthetic,Portfolio,Auto,2020-08,50,356227.68180758384
creciente,Loss Incurred,month,cumulative,Synthetic,Portfolio,Auto,2020-08,51,356739.3779152861
creciente,Loss Incurred,month,cumulative,Synthetic,Portfolio,Auto,2020-08,52,357195.23740558367
creciente,Loss Incurred,month,cumulative,Synthetic,Portfolio,Auto,2020-08,53,357601.23009286117
creciente,Loss Incurred,month,cumulative,Synthetic,Portfolio,Auto,2020-08,54,357962.7133172116
creciente,Loss Incurred,month,cumulative,Synthetic,Portfolio,Auto,2020-08,55,358284.4893291676
creciente,Loss Incurred,month,cumulative,Synthetic,Portfolio,Auto,2020-08,56,358570.8584801517
creciente,Loss Incurred,month,cumulative,Synthetic,Portfolio,Auto,2020-08,57,358825.6682500781
creciente,Loss Incurred,month,cumulative,Synthetic,Portfolio,Auto,2020-08,58,359052.3582236941
creciente,Loss Incurred,month,cumulative,Synthetic,Portfolio,Auto,2020-08,59,359254.0011832194
creciente,Loss Incurred,month,cumulative,Synthetic,Portfolio,Auto,2020-08,60,359433.3405218634
creciente,Loss Incurred,month,cumulative,Synthetic,Portfolio,Auto,2020-08,61,359592.824205167
creciente,Loss Incurred,month,cumulative,Synthetic,Portfolio,Auto,2020-08,62,359734.6355183456
creciente,Loss Incurred,month,cumulative,Synthetic,Portfolio,Auto,2020-08,63,359860.72084069275
creciente,Loss Incurred,month,cumulative,Synthetic,Portfolio,Auto,2020-08,64,359972.8146849083
creciente,Loss Incurred,month,cumulative,Synthetic,Portfolio,Auto,2020-09,0,66435.75318135406
creciente,Loss Incurred,month,cumulative,Synthetic,Portfolio,Auto,2020-09,1,71397.5818768241
creciente,Loss Incurred,month,cumulative,Synthetic,Portfolio,Auto,2020-09,2,76867.28364218284
creciente,Loss Incurred,month,cumulative,Synthetic,Portfolio,Auto,2020-09,3,82871.39035678004
creciente,Loss Incurred,month,cumulative,Synthetic,Portfolio,Auto,2020-09,4,89431.5884958197
creciente,Loss Incurred,month,cumulative,Synthetic,Portfolio,Auto,2020-09,5,96563.12393048021
creciente,Loss Incurred,month,cumulative,Synthetic,Portfolio,Auto,2020-09,6,104273.14167588101
creciente,Loss Incurred,month,cumulative,Synthetic,Portfolio,Auto,2020-09,7,112559.05453248267
creciente,Loss Incurred,month,cumulative,Synthetic,Portfolio,Auto,2020-09,8,121407.05939856768
creciente,Loss Incurred,month,cumulative,Synthetic,Portfolio,Auto,2020-09,9,130790.93859022984
creciente,Loss Incurred,month,cumulative,Synthetic,Portfolio,Auto,2020-09,10,140671.29078097548
creciente,Loss Incurred,month,cumulative,Synthetic,Portfolio,Auto,2020-09,11,150995.32745146754
creciente,Loss Incurred,month,cumulative,Synthetic,Portfolio,Auto,2020-09,12,161697.3428042808
creciente,Loss Incurred,month,cumulative,Synthetic,Portfolio,Auto,2020-09,13,172699.9174986046
creciente,Loss Incurred,month,cumulative,Synthetic,Portfolio,Auto,2020-09,14,183915.85256684036
creciente,Loss Incurred,month,cumulative,Synthetic,Portfolio,Auto,2020-09,15,195250.75669949473
creciente,Loss Incurred,month,cumulative,Synthetic,Portfolio,Auto,2020-09,16,206606.1380595567
creciente,Loss Incurred,month,cumulative,Synthetic,Portfolio,Auto,2020-09,17,217882.79251227409
creciente,Loss Incurred,month,cumulative,Synthetic,Portfolio,Auto,2020-09,18,228984.24398102707
creciente,Loss Incurred,month,cumulative,Synthetic,Portfolio,Auto,2020-09,19,239819.98618020152
creciente,Loss Incurred,month,cumulative,Synthetic,Portfolio,Auto,2020-09,20,250308.29943464327
creciente,Loss Incurred,month,cumulative,Synthetic,Portfolio,Auto,2020-09,21,260378.46715156443
creciente,Loss Incurred,month,cumulative,Synthetic,Portfolio,Auto,2020-09,22,269972.2846806311
creciente,Loss Incurred,month,cumulative,Synthetic,Portfolio,Auto,2020-09,23,279044.82737528655
creciente,Loss Incurred,month,cumulative,Synthetic,Portfolio,Auto,2020-09,24,287564.5135236814
creciente,Loss Incurred,month,cumulative,Synthetic,Portfolio,Auto,2020-09,25,295512.5527927718
creciente,Loss Incurred,month,cumulative,Synthetic,Portfolio,Auto,2020-09,26,302881.9070028312
creciente,Loss Incurred,month,cumulative,Synthetic,Portfolio,Auto,2020-09,27,309675.90642254514
creciente,Loss Incurred,month,cumulative,Synthetic,Portfolio,Auto,2020-09,28,315906.6635703475
creciente,Loss Incurred,month,cumulative,Synthetic,Portfolio,Auto,2020-09,29,321593.41198007204
creciente,Loss Incurred,month,cumulative,Synthetic,Portfolio,Auto,2020-09,30,326760.87455554795
creciente,Loss Incurred,month,cumulative,Synthetic,Portfolio,Auto,2020-09,31,331437.7397423056
creciente,Loss Incurred,month,cumulative,Synthetic,Portfolio,Auto,2020-09,32,335655.29759601917
creciente,Loss Incurred,month,cumulative,Synthetic,Portfolio,Auto,2020-09,33,339446.2645333735
creciente,Loss Incurred,month,cumulative,Synthetic,Portfolio,Auto,2020-09,34,342843.80654221197
creciente,Loss Incurred,month,cumulative,Synthetic,Portfolio,Auto,2020-09,35,345880.75636871136
creciente,Loss Incurred,month,cumulative,Synthetic,Portfolio,Auto,2020-09,36,348589.0104718553
creciente,Loss Incurred,month,cumulative,Synthetic,Portfolio,Auto,2020-09,37,350999.08571620233
creciente,Loss Incurred,month,cumulative,Synthetic,Portfolio,Auto,2020-09,38,353139.8130612113
creciente,Loss Incurred,month,cumulative,Synthetic,Portfolio,Auto,2020-09,39,355038.1450806073
creciente,Loss Incurred,month,cumulative,Synthetic,Portfolio,Auto,2020-09,40,356719.0552712242
creciente,Loss Incurred,month,cumulative,Synthetic,Portfolio,Auto,2020-09,41,358205.5091794033
creciente,Loss Incurred,month,cumulative,Synthetic,Portfolio,Auto,2020-09,42,359518.48991783033
creciente,Loss Incurred,month,cumulative,Synthetic,Portfolio,Auto,2020-09,43,360677.0633323245
creciente,Loss Incurred,month,cumulative,Synthetic,Portfolio,Auto,2020-09,44,361698.470684161
creciente,Loss Incurred,month,cumulative,Synthetic,Portfolio,Auto,2020-09,45,362598.239104701
creciente,Loss Incurred,month,cumulative,Synthetic,Portfolio,Auto,2020-09,46,363390.3021862624
creciente,Loss Incurred,month,cumulative,Synthetic,Portfolio,Auto,2020-09,47,364087.12487239426
creciente,Loss Incurred,month,cumulative,Synthetic,Portfolio,Auto,2020-09,48,364699.8283075968
creciente,Loss Incurred,month,cumulative,Synthetic,Portfolio,Auto,2020-09,49,365238.31152408634
creciente,Loss Incurred,month,cumulative,Synthetic,Portfolio,Auto,2020-09,50,365711.3678134587
creciente,Loss Incurred,month,cumulative,Synthetic,Portfolio,Auto,2020-09,51,366126.79438922065
creciente,Loss Incurred,month,cumulative,Synthetic,Portfolio,Auto,2020-09,52,366491.4945268873
creciente,Loss Incurred,month,cumulative,Synthetic,Portfolio,Auto,2020-09,53,366811.57180380396
creciente,Loss Incurred,month,cumulative,Synthetic,Portfolio,Auto,2020-09,54,367092.41637953155
creciente,Loss Incurred,month,cumulative,Synthetic,Portfolio,Auto,2020-09,55,367338.7834840042
creciente,Loss Incurred,month,cumulative,Synthetic,Portfolio,Auto,2020-09,56,367554.86443519976
creciente,Loss Incurred,month,cumulative,Synthetic,Portfolio,Auto,2020-09,57,367744.35060761694
creciente,Loss Incurred,month,cumulative,Synthetic,Portfolio,Auto,2020-09,58,367910.49083099666
creciente,Loss Incurred,month,cumulative,Synthetic,Portfolio,Auto,2020-09,59,368056.14272629877
creciente,Loss Incurred,month,cumulative,Synthetic,Portfolio,Auto,2020-09,60,368183.81849141605
creciente,Loss Incurred,month,cumulative,Synthetic,Portfolio,Auto,2020-09,61,368295.72563908016
creciente,Loss Incurred,month,cumulative,Synthetic,Portfolio,Auto,2020-09,62,368393.8031688885
creciente,Loss Incurred,month,cumulative,Synthetic,Portfolio,Auto,2020-09,63,368479.7536281742
creciente,Loss Incurred,month,cumulative,Synthetic,Portfolio,Auto,2020-10,0,80024.91776051925
creciente,Loss Incurred,month,cumulative,Synthetic,Portfolio,Auto,2020-10,1,87583.50937065427
creciente,Loss Incurred,month,cumulative,Synthetic,Portfolio,Auto,2020-10,2,95771.73555887646
creciente,Loss Incurred,month,cumulative,Synthetic,Portfolio,Auto,2020-10,3,104600.58017630097
creciente,Loss Incurred,month,cumulative,Synthetic,Portfolio,Auto,2020-10,4,114072.19887682823
creciente,Loss Incurred,month,cumulative,Synthetic,Portfolio,Auto,2020-10,5,124178.48409175109
creciente,Loss Incurred,month,cumulative,Synthetic,Portfolio,Auto,2020-10,6,134899.8148367677
creciente,Loss Incurred,month,cumulative,Synthetic,Portfolio,Auto,2020-10,7,146204.10609168446
creciente,Loss Incurred,month,cumulative,Synthetic,Portfolio,Auto,2020-10,8,158046.2730854332
creciente,Loss Incurred,month,cumulative,Synthetic,Portfolio,Auto,2020-10,9,170368.2139532383
creciente,Loss Incurred,month,cumulative,Synthetic,Portfolio,Auto,2020-10,10,183099.3883554714
creciente,Loss Incurred,month,cumulative,Synthetic,Portfolio,Auto,2020-10,11,196158.03017742257
creciente,Loss Incurred,month,cumulative,Synthetic,Portfolio,Auto,2020-10,12,209452.9822117387
creciente,Loss Incurred,month,cumulative,Synthetic,Portfolio,Auto,2020-10,13,222886.0850245281
creciente,Loss Incurred,month,cumulative,Synthetic,Portfolio,Auto,2020-10,14,236354.99810365489
creciente,Loss Incurred,month,cumulative,Synthetic,Portfolio,Auto,2020-10,15,249756.28662366638
creciente,Loss Incurred,month,cumulative,Synthetic,Portfolio,Auto,2020-10,16,262988.5786378567
creciente,Loss Incurred,month,cumulative,Synthetic,Portfolio,Auto,2020-10,17,275955.5898212769
creciente,Loss Incurred,month,cumulative,Synthetic,Portfolio,Auto,2020-10,18,288568.8273021204
creciente,Loss Incurred,month,cumulative,Synthetic,Portfolio,Auto,2020-10,19,300749.818272665
creciente,Loss Incurred,month,cumulative,Synthetic,Portfolio,Auto,2020-10,20,312431.75751968735
creciente,Loss Incurred,month,cumulative,Synthetic,Portfolio,Auto,2020-10,21,323560.52343180013
creciente,Loss Incurred,month,cumulative,Synthetic,Portfolio,Auto,2020-10,22,334095.06674026983
creciente,Loss Incurred,month,cumulative,Synthetic,Portfolio,Auto,2020-10,23,344007.2236091077
creciente,Loss Incurred,month,cumulative,Synthetic,Portfolio,Auto,2020-10,24,353281.04015568946
creciente,Loss Incurred,month,cumulative,Synthetic,Portfolio,Auto,2020-10,25,361911.71698154183
creciente,Loss Incurred,month,cumulative,Synthetic,Portfolio,Auto,2020-10,26,369904.2900785297
creciente,Loss Incurred,month,cumulative,Synthetic,Portfolio,Auto,2020-10,27,377272.16057242925
creciente,Loss Incurred,month,cumulative,Synthetic,Portfolio,Auto,2020-10,28,384035.5732249729
creciente,Loss Incurred,month,cumulative,Synthetic,Portfolio,Auto,2020-10,29,390220.1257914284
creciente,Loss Incurred,month,cumulative,Synthetic,Portfolio,Auto,2020-10,30,395855.3713143757
creciente,Loss Incurred,month,cumulative,Synthetic,Portfolio,Auto,2020-10,31,400973.5557013985
creciente,Loss Incurred,month,cumulative,Synthetic,Portfolio,Auto,2020-10,32,405608.51520408446
creciente,Loss Incurred,month,cumulative,Synthetic,Portfolio,Auto,2020-10,33,409794.7436710328
creciente,Loss Incurred,month,cumulative,Synthetic,Portfolio,Auto,2020-10,34,413566.6280563735
creciente,Loss Incurred,month,cumulative,Synthetic,Portfolio,Auto,2020-10,35,416957.8425449975
creciente,Loss Incurred,month,cumulative,Synthetic,Portfolio,Auto,2020-10,36,420000.88643869094
creciente,Loss Incurred,month,cumulative,Synthetic,Portfolio,Auto,2020-10,37,422726.7481222457
creciente,Loss Incurred,month,cumulative,Synthetic,Portfolio,Auto,2020-10,38,425164.6764457859
creciente,Loss Incurred,month,cumulative,Synthetic,Portfolio,Auto,2020-10,39,427342.0412009949
creciente,Loss Incurred,month,cumulative,Synthetic,Portfolio,Auto,2020-10,40,429284.2655872803
creciente,Loss Incurred,month,cumulative,Synthetic,Portfolio,Auto,2020-10,41,431014.8152983118
creciente,Loss Incurred,month,cumulative,Synthetic,Portfolio,Auto,2020-10,42,432555.2308358866
creciente,Loss Incurred,month,cumulative,Synthetic,Portfolio,Auto,2020-10,43,433925.19168106274
creciente,Loss Incurred,month,cumulative,Synthetic,Portfolio,Auto,2020-10,44,435142.6028915773
creciente,Loss Incurred,month,cumulative,Synthetic,Portfolio,Auto,2020-10,45,436223.6964706382
creciente,Loss Incurred,month,cumulative,Synthetic,Portfolio,Auto,2020-10,46,437183.1414243827
creciente,Loss Incurred,month,cumulative,Synthetic,Portfolio,Auto,2020-10,47,438034.1577796378
creciente,Loss Incurred,month,cumulative,Synthetic,Portfolio,Auto,2020-10,48,438788.6309740443
creciente,Loss Incurred,month,cumulative,Synthetic,Portfolio,Auto,2020-10,49,439457.2239719627
creciente,Loss Incurred,month,cumulative,Synthetic,Portfolio,Auto,2020-10,50,440049.48522264307
creciente,Loss Incurred,month,cumulative,Synthetic,Portfolio,Auto,2020-10,51,440573.95118507853
creciente,Loss Incurred,month,cumulative,Synthetic,Portfolio,Auto,2020-10,52,441038.2426199987
creciente,Loss Incurred,month,cumulative,Synthetic,Portfolio,Auto,2020-10,53,441449.15421551943
creciente,Loss Incurred,month,cumulative,Synthetic,Portfolio,Auto,2020-10,54,441812.7373888367
creciente,Loss Incurred,month,cumulative,Synthetic,Portfolio,Auto,2020-10,55,442134.3763093835
creciente,Loss Incurred,month,cumulative,Synthetic,Portfolio,Auto,2020-10,56,442418.85733390844
creciente,Loss Incurred,month,cumulative,Synthetic,Portfolio,Auto,2020-10,57,442670.4321434275
creciente,Loss Incurred,month,cumulative,Synthetic,Portfolio,Auto,2020-10,58,442892.8749362491
creciente,Loss Incurred,month,cumulative,Synthetic,Portfolio,Auto,2020-10,59,443089.5340686499
creciente,Loss Incurred,month,cumulative,Synthetic,Portfolio,Auto,2020-10,60,443263.37855201575
creciente,Loss Incurred,month,cumulative,Synthetic,Portfolio,Auto,2020-10,61,443417.0398177257
creciente,Loss Incurred,month,cumulative,Synthetic,Portfolio,Auto,2020-10,62,443552.849152946
creciente,Loss Incurred,month,cumulative,Synthetic,Portfolio,Auto,2020-11,0,65123.1342689049
creciente,Loss Incurred,month,cumulative,Synthetic,Portfolio,Auto,2020-11,1,71145.1971779232
creciente,Loss Incurred,month,cumulative,Synthetic,Portfolio,Auto,2020-11,2,77602.91046478621
creciente,Loss Incurred,month,cumulative,Synthetic,Portfolio,Auto,2020-11,3,84499.73272579767
creciente,Loss Incurred,month,cumulative,Synthetic,Portfolio,Auto,2020-11,4,91833.65797082815
creciente,Loss Incurred,month,cumulative,Synthetic,Portfolio,Auto,2020-11,5,99596.5230797206
creciente,Loss Incurred,month,cumulative,Synthetic,Portfolio,Auto,2020-11,6,107773.42742319315
creciente,Loss Incurred,month,cumulative,Synthetic,Portfolio,Auto,2020-11,7,116342.31410076415
creciente,Loss Incurred,month,cumulative,Synthetic,Portfolio,Auto,2020-11,8,125273.7606914131
creciente,Loss Incurred,month,cumulative,Synthetic,Portfolio,Auto,2020-11,9,134531.02121064533
creciente,Loss Incurred,month,cumulative,Synthetic,Portfolio,Auto,2020-11,10,144070.34978756562
creciente,Loss Incurred,month,cumulative,Synthetic,Portfolio,Auto,2020-11,11,153841.62070574242
creciente,Loss Incurred,month,cumulative,Synthetic,Portfolio,Auto,2020-11,12,163789.23990252134
creciente,Loss Incurred,month,cumulative,Synthetic,Portfolio,Auto,2020-11,13,173853.3215065055
creciente,Loss Incurred,month,cumulative,Synthetic,Portfolio,Auto,2020-11,14,183971.08176401455
creciente,Loss Incurred,month,cumulative,Synthetic,Portfolio,Auto,2020-11,15,194078.3842504539
creciente,Loss Incurred,month,cumulative,Synthetic,Portfolio,Auto,2020-11,16,204111.35691268317
creciente,Loss Incurred,month,cumulative,Synthetic,Portfolio,Auto,2020-11,17,214007.9950122962
creciente,Loss Incurred,month,cumulative,Synthetic,Portfolio,Auto,2020-11,18,223709.6653176914
creciente,Loss Incurred,month,cumulative,Synthetic,Portfolio,Auto,2020-11,19,233162.43575005702
creciente,Loss Incurred,month,cumulative,Synthetic,Portfolio,Auto,2020-11,20,242318.1699281838
creciente,Loss Incurred,month,cumulative,Synthetic,Portfolio,Auto,2020-11,21,251135.34568630008
creciente,Loss Incurred,month,cumulative,Synthetic,Portfolio,Auto,2020-11,22,259579.5782300853
creciente,Loss Incurred,month,cumulative,Synthetic,Portfolio,Auto,2020-11,23,267623.8496974003
creciente,Loss Incurred,month,cumulative,Synthetic,Portfolio,Auto,2020-11,24,275248.4653982899
creciente,Loss Incurred,month,cumulative,Synthetic,Portfolio,Auto,2020-11,25,282440.7714278805
creciente,Loss Incurred,month,cumulative,Synthetic,Portfolio,Auto,2020-11,26,289194.6779049027
creciente,Loss Incurred,month,cumulative,Synthetic,Portfolio,Auto,2020-11,27,295510.03671726276
creciente,Loss Incurred,month,cumulative,Synthetic,Portfolio,Auto,2020-11,28,301391.9228533993
creciente,Loss Incurred,month,cumulative,Synthetic,Portfolio,Auto,2020-11,29,306849.8650424622
creciente,Loss Incurred,month,cumulative,Synthetic,Portfolio,Auto,2020-11,30,311897.06557429227
creciente,Loss Incurred,month,cumulative,Synthetic,Portfolio,Auto,2020-11,31,316549.64188165707
creciente,Loss Incurred,month,cumulative,Synthetic,Portfolio,Auto,2020-11,32,320825.9146779307
creciente,Loss Incurred,month,cumulative,Synthetic,Portfolio,Auto,2020-11,33,324745.75989114464
creciente,Loss Incurred,month,cumulative,Synthetic,Portfolio,Auto,2020-11,34,328330.0348344435
creciente,Loss Incurred,month,cumulative,Synthetic,Portfolio,Auto,2020-11,35,331600.0833053176
creciente,Loss Incurred,month,cumulative,Synthetic,Portfolio,Auto,2020-11,36,334577.31973459997
creciente,Loss Incurred,month,cumulative,Synthetic,Portfolio,Auto,2020-11,37,337282.8890990549
creciente,Loss Incurred,month,cumulative,Synthetic,Portfolio,Auto,2020-11,38,339737.396965822
creciente,Loss Incurred,month,cumulative,Synthetic,Portfolio,Auto,2020-11,39,341960.7025989761
creciente,Loss Incurred,month,cumulative,Synthetic,Portfolio,Auto,2020-11,40,343971.7673535874
creciente,Loss Incurred,month,cumulative,Synthetic,Portfolio,Auto,2020-11,41,345788.5504380771
creciente,Loss Incurred,month,cumulative,Synthetic,Portfolio,Auto,2020-11,42,347427.9443842156
creciente,Loss Incurred,month,cumulative,Synthetic,Portfolio,Auto,2020-11,43,348905.7430916405
creciente,Loss Incurred,month,cumulative,Synthetic,Portfolio,Auto,2020-11,44,350236.63600180036
creciente,Loss Incurred,month,cumulative,Synthetic,Portfolio,Auto,2020-11,45,351434.22272119275
creciente,Loss Incurred,month,cumulative,Synthetic,Portfolio,Auto,2020-11,46,352511.04319452605
creciente,Loss Incurred,month,cumulative,Synthetic,Portfolio,Auto,2020-11,47,353478.61928276246
creciente,Loss Incurred,month,cumulative,Synthetic,Portfolio,Auto,2020-11,48,354347.5043018627
creciente,Loss Incurred,month,cumulative,Synthetic,Portfolio,Auto,2020-11,49,355127.33771011914
creciente,Loss Incurred,month,cumulative,Synthetic,Portfolio,Auto,2020-11,50,355826.90268848697
creciente,Loss Incurred,month,cumulative,Synthetic,Portfolio,Auto,2020-11,51,356454.1848385936
creciente,Loss Incurred,month,cumulative,Synthetic,Portfolio,Auto,2020-11,52,357016.4306304068
creciente,Loss Incurred,month,cumulative,Synthetic,Portfolio,Auto,2020-11,53,357520.20457156166
creciente,Loss Incurred,month,cumulative,Synthetic,Portfolio,Auto,2020-11,54,357971.44435007527
creciente,Loss Incurred,month,cumulative,Synthetic,Portfolio,Auto,2020-11,55,358375.5134290589
creciente,Loss Incurred,month,cumulative,Synthetic,Portfolio,Auto,2020-11,56,358737.2507534423
creciente,Loss Incurred,month,cumulative,Synthetic,Portfolio,Auto,2020-11,57,359061.0173716104
creciente,Loss Incurred,month,cumulative,Synthetic,Portfolio,Auto,2020-11,58,359350.73988555226
creciente,Loss Incurred,month,cumulative,Synthetic,Portfolio,Auto,2020-11,59,359609.9507272777
creciente,Loss Incurred,month,cumulative,Synthetic,Portfolio,Auto,2020-11,60,359841.8253217579
creciente,Loss Incurred,month,cumulative,Synthetic,Portfolio,Auto,2020-11,61,360049.21624171385
creciente,Loss Incurred,month,cumulative,Synthetic,Portfolio,Auto,2020-12,0,81624.88596533115
creciente,Loss Incurred,month,cumulative,Synthetic,Portfolio,Auto,2020-12,1,89289.91609485782
creciente,Loss Incurred,month,cumulative,Synthetic,Portfolio,Auto,2020-12,2,97573.9546087363
creciente,Loss Incurred,month,cumulative,Synthetic,Portfolio,Auto,2020-12,3,106486.50314542284
creciente,Loss Incurred,month,cumulative,Synthetic,Portfolio,Auto,2020-12,4,116028.61009457505
creciente,Loss Incurred,month,cumulative,Synthetic,Portfolio,Auto,2020-12,5,126191.56609508909
creciente,Loss Incurred,month,cumulative,Synthetic,Portfolio,Auto,2020-12,6,136955.77551977566
creciente,Loss Incurred,month,cumulative,Synthetic,Portfolio,Auto,2020-12,7,148289.9053551911
creciente,Loss Incurred,month,cumulative,Synthetic,Portfolio,Auto,2020-12,8,160150.41266369147
creciente,Loss Incurred,month,cumulative,Synthetic,Portfolio,Auto,2020-12,9,172481.54095946415
creciente,Loss Incurred,month,cumulative,Synthetic,Portfolio,Auto,2020-12,10,185215.85312936746
creciente,Loss Incurred,month,cumulative,Synthetic,Portfolio,Auto,2020-12,11,198275.3343875643
creciente,Loss Incurred,month,cumulative,Synthetic,Portfolio,Auto,2020-12,12,211573.05554371694
creciente,Loss Incurred,month,cumulative,Synthetic,Portfolio,Auto,2020-12,13,225015.33891907104
creciente,Loss Incurred,month,cumulative,Synthetic,Portfolio,Auto,2020-12,14,238504.3223813192
creciente,Loss Incurred,month,cumulative,Synthetic,Portfolio,Auto,2020-12,15,251940.77758610583
creciente,Loss Incurred,month,cumulative,Synthetic,Portfolio,Auto,2020-12,16,265227.0124092894
creciente,Loss Incurred,month,cumulative,Synthetic,Portfolio,Auto,2020-12,17,278269.6787527645
creciente,Loss Incurred,month,cumulative,Synthetic,Portfolio,Auto,2020-12,18,290982.3167935866
creciente,Loss Incurred,month,cumulative,Synthetic,Portfolio,Auto,2020-12,19,303287.49376557977
creciente,Loss Incurred,month,cumulative,Synthetic,Portfolio,Auto,2020-12,20,315118.435358487
creciente,Loss Incurred,month,cumulative,Synthetic,Portfolio,Auto,2020-12,21,326420.0949237684
creciente,Loss Incurred,month,cumulative,Synthetic,Portfolio,Auto,2020-12,22,337149.65349293256
creciente,Loss Incurred,month,cumulative,Synthetic,Portfolio,Auto,2020-12,23,347276.48639178573
creciente,Loss Incurred,month,cumulative,Synthetic,Portfolio,Auto,2020-12,24,356781.6657479168
creciente,Loss Incurred,month,cumulative,Synthetic,Portfolio,Auto,2020-12,25,365657.09018537356
creciente,Loss Incurred,month,cumulative,Synthetic,Portfolio,Auto,2020-12,26,373904.3431828822
creciente,Loss Incurred,month,cumulative,Synthetic,Portfolio,Auto,2020-12,27,381533.38123082486
creciente,Loss Incurred,month,cumulative,Synthetic,Portfolio,Auto,2020-12,28,388561.14437266963
creciente,Loss Incurred,month,cumulative,Synthetic,Portfolio,Auto,2020-12,29,395010.1677048274
creciente,Loss Incurred,month,cumulative,Synthetic,Portfolio,Auto,2020-12,30,400907.255611575
creciente,Loss Incurred,month,cumulative,Synthetic,Portfolio,Auto,2020-12,31,406282.263193452
creciente,Loss Incurred,month,cumulative,Synthetic,Portfolio,Auto,2020-12,32,411167.0131881889
creciente,Loss Incurred,month,cumulative,Synthetic,Portfolio,Auto,2020-12,33,415594.36274732265
creciente,Loss Incurred,month,cumulative,Synthetic,Portfolio,Auto,2020-12,34,419597.4232364527
creciente,Loss Incurred,month,cumulative,Synthetic,Portfolio,Auto,2020-12,35,423208.92786237865
creciente,Loss Incurred,month,cumulative,Synthetic,Portfolio,Auto,2020-12,36,426460.73619260406
creciente,Loss Incurred,month,cumulative,Synthetic,Portfolio,Auto,2020-12,37,429383.46114793327
creciente,Loss Incurred,month,cumulative,Synthetic,Portfolio,Auto,2020-12,38,432006.202371336
creciente,Loss Incurred,month,cumulative,Synthetic,Portfolio,Auto,2020-12,39,434356.3695582751
creciente,Loss Incurred,month,cumulative,Synthetic,Portfolio,Auto,2020-12,40,436459.5799696094
creciente,Loss Incurred,month,cumulative,Synthetic,Portfolio,Auto,2020-12,41,438339.61559652863
creciente,Loss Incurred,month,cumulative,Synthetic,Portfolio,Auto,2020-12,42,440018.4270375908
creciente,Loss Incurred,month,cumulative,Synthetic,Portfolio,Auto,2020-12,43,441516.172878838
creciente,Loss Incurred,month,cumulative,Synthetic,Portfolio,Auto,2020-12,44,442851.2850970855
creciente,Loss Incurred,month,cumulative,Synthetic,Portfolio,Auto,2020-12,45,444040.55264074274
creciente,Loss Incurred,month,cumulative,Synthetic,Portfolio,Auto,2020-12,46,445099.216826949
creciente,Loss Incurred,month,cumulative,Synthetic,Portfolio,Auto,2020-12,47,446041.07350154
creciente,Loss Incurred,month,cumulative,Synthetic,Portfolio,Auto,2020-12,48,446878.57803217066
creciente,Loss Incurred,month,cumulative,Synthetic,Portfolio,Auto,2020-12,49,447622.9501505463
creciente,Loss Incurred,month,cumulative,Synthetic,Portfolio,Auto,2020-12,50,448284.2764407258
creciente,Loss Incurred,month,cumulative,Synthetic,Portfolio,Auto,2020-12,51,448871.6089045257
creciente,Loss Incurred,month,cumulative,Synthetic,Portfolio,Auto,2020-12,52,449393.058541407
creciente,Loss Incurred,month,cumulative,Synthetic,Portfolio,Auto,2020-12,53,449855.88327791856
creciente,Loss Incurred,month,cumulative,Synthetic,Portfolio,Auto,2020-12,54,450266.56988870766
creciente,Loss Incurred,month,cumulative,Synthetic,Portfolio,Auto,2020-12,55,450630.90978340124
creciente,Loss Incurred,month,cumulative,Synthetic,Portfolio,Auto,2020-12,56,450954.0687054785
creciente,Loss Incurred,month,cumulative,Synthetic,Portfolio,Auto,2020-12,57,451240.6505126987
creciente,Loss Incurred,month,cumulative,Synthetic,Portfolio,Auto,2020-12,58,451494.7552939454
creciente,Loss Incurred,month,cumulative,Synthetic,Portfolio,Auto,2020-12,59,451720.0321329539
creciente,Loss Incurred,month,cumulative,Synthetic,Portfolio,Auto,2020-12,60,451919.7268622202
creciente,Loss Incurred,month,cumulative,Synthetic,Portfolio,Auto,2021-01,0,65400.23136386811
creciente,Loss Incurred,month,cumulative,Synthetic,Portfolio,Auto,2021-01,1,71253.76339954443
creciente,Loss Incurred,month,cumulative,Synthetic,Portfolio,Auto,2021-01,2,77602.22651900077
creciente,Loss Incurred,month,cumulative,Synthetic,Portfolio,Auto,2021-01,3,84456.96640203764
creciente,Loss Incurred,month,cumulative,Synthetic,Portfolio,Auto,2021-01,4,91822.96667474903
creciente,Loss Incurred,month,cumulative,Synthetic,Portfolio,Auto,2021-01,5,99697.70254863931
creciente,Loss Incurred,month,cumulative,Synthetic,Portfolio,Auto,2021-01,6,108070.09806111455
creciente,Loss Incurred,month,cumulative,Synthetic,Portfolio,Auto,2021-01,7,116919.67110623408
creciente,Loss Incurred,month,cumulative,Synthetic,Portfolio,Auto,2021-01,8,126215.95457383781
creciente,Loss Incurred,month,cumulative,Synthetic,Portfolio,Auto,2021-01,9,135918.27767840418
creciente,Loss Incurred,month,cumulative,Synthetic,Portfolio,Auto,2021-01,10,145975.9772955349
creciente,Loss Incurred,month,cumulative,Synthetic,Portfolio,Auto,2021-01,11,156329.0843771578
creciente,Loss Incurred,month,cumulative,Synthetic,Portfolio,Auto,2021-01,12,166909.4964738344
creciente,Loss Incurred,month,cumulative,Synthetic,Portfolio,Auto,2021-01,13,177642.60706265955
creciente,Loss Incurred,month,cumulative,Synthetic,Portfolio,Auto,2021-01,14,188449.32037909701
creciente,Loss Incurred,month,cumulative,Synthetic,Portfolio,Auto,2021-01,15,199248.3423632856
creciente,Loss Incurred,month,cumulative,Synthetic,Portfolio,Auto,2021-01,16,209958.60972010906
creciente,Loss Incurred,month,cumulative,Synthetic,Portfolio,Auto,2021-01,17,220501.70439228963
creciente,Loss Incurred,month,cumulative,Synthetic,Portfolio,Auto,2021-01,18,230804.1023101627
creciente,Loss Incurred,month,cumulative,Synthetic,Portfolio,Auto,2021-01,19,240799.12285790697
creciente,Loss Incurred,month,cumulative,Synthetic,Portfolio,Auto,2021-01,20,250428.47628212214
creciente,Loss Incurred,month,cumulative,Synthetic,Portfolio,Auto,2021-01,21,259643.3455354527
creciente,Loss Incurred,month,cumulative,Synthetic,Portfolio,Auto,2021-01,22,268404.98114288616
creciente,Loss Incurred,month,cumulative,Synthetic,Portfolio,Auto,2021-01,23,276684.8271336917
creciente,Loss Incurred,month,cumulative,Synthetic,Portfolio,Auto,2021-01,24,284464.22854743147
creciente,Loss Incurred,month,cumulative,Synthetic,Portfolio,Auto,2021-01,25,291733.7938294721
creciente,Loss Incurred,month,cumulative,Synthetic,Portfolio,Auto,2021-01,26,298492.49772606336
creciente,Loss Incurred,month,cumulative,Synthetic,Portfolio,Auto,2021-01,27,304746.61279399437
creciente,Loss Incurred,month,cumulative,Synthetic,Portfolio,Auto,2021-01,28,310508.5521823779
creciente,Loss Incurred,month,cumulative,Synthetic,Portfolio,Auto,2021-01,29,315795.6953083215
creciente,Loss Incurred,month,cumulative,Synthetic,Portfolio,Auto,2021-01,30,320629.2538817984
creciente,Loss Incurred,month,cumulative,Synthetic,Portfolio,Auto,2021-01,31,325033.2205892097
creciente,Loss Incurred,month,cumulative,Synthetic,Portfolio,Auto,2021-01,32,329033.4282729176
creciente,Loss Incurred,month,cumulative,Synthetic,Portfolio,Auto,2021-01,33,332656.73473945895
creciente,Loss Incurred,month,cumulative,Synthetic,Portfolio,Auto,2021-01,34,335930.3379696508
creciente,Loss Incurred,month,cumulative,Synthetic,Portfolio,Auto,2021-01,35,338881.2186512159
creciente,Loss Incurred,month,cumulative,Synthetic,Portfolio,Auto,2021-01,36,341535.70147719147
creciente,Loss Incurred,month,cumulative,Synthetic,Portfolio,Auto,2021-01,37,343919.1232421554
creciente,Loss Incurred,month,cumulative,Synthetic,Portfolio,Auto,2021-01,38,346055.59403237264
creciente,Loss Incurred,month,cumulative,Synthetic,Portfolio,Auto,2021-01,39,347967.83734211704
creciente,Loss Incurred,month,cumulative,Synthetic,Portfolio,Auto,2021-01,40,349677.0953855181
creciente,Loss Incurred,month,cumulative,Synthetic,Portfolio,Auto,2021-01,41,351203.08689585706
creciente,Loss Incurred,month,cumulative,Synthetic,Portfolio,Auto,2021-01,42,352564.00606086623
creciente,Loss Incurred,month,cumulative,Synthetic,Portfolio,Auto,2021-01,43,353776.55274445494
creciente,Loss Incurred,month,cumulative,Synthetic,Portfolio,Auto,2021-01,44,354855.98565880227
creciente,Loss Incurred,month,cumulative,Synthetic,Portfolio,Auto,2021-01,45,355816.1915880532
creciente,Loss Incurred,month,cumulative,Synthetic,Portfolio,Auto,2021-01,46,356669.76507354144
creciente,Loss Incurred,month,cumulative,Synthetic,Portfolio,Auto,2021-01,47,357428.0941244755
creciente,Loss Incurred,month,cumulative,Synthetic,Portfolio,Auto,2021-01,48,358101.44850967056
creciente,Loss Incurred,month,cumulative,Synthetic,Portfolio,Auto,2021-01,49,358699.0680196701
creciente,Loss Incurred,month,cumulative,Synthetic,Portfolio,Auto,2021-01,50,359229.2487762573
creciente,Loss Incurred,month,cumulative,Synthetic,Portfolio,Auto,2021-01,51,359699.4262236025
creciente,Loss Incurred,month,cumulative,Synthetic,Portfolio,Auto,2021-01,52,360116.2538792845
creciente,Loss Incurred,month,cumulative,Synthetic,Portfolio,Auto,2021-01,53,360485.6772712062
creciente,Loss Incurred,month,cumulative,Synthetic,Portfolio,Auto,2021-01,54,360813.00275401195
creciente,Loss Incurred,month,cumulative,Synthetic,Portfolio,Auto,2021-01,55,361102.9611003963
creciente,Loss Incurred,month,cumulative,Synthetic,Portfolio,Auto,2021-01,56,361359.76591131836
creciente,Loss Incurred,month,cumulative,Synthetic,Portfolio,Auto,2021-01,57,361587.1669953608
creciente,Loss Incurred,month,cumulative,Synthetic,Portfolio,Auto,2021-01,58,361788.4989403864
creciente,Loss Incurred,month,cumulative,Synthetic,Portfolio,Auto,2021-01,59,361966.7251477162
creciente,Loss Incurred,month,cumulative,Synthetic,Portfolio,Auto,2021-02,0,77434.39793584969
creciente,Loss Incurred,month,cumulative,Synthetic,Portfolio,Auto,2021-02,1,85466.01323545547
creciente,Loss Incurred,month,cumulative,Synthetic,Portfolio,Auto,2021-02,2,94059.86396264636
creciente,Loss Incurred,month,cumulative,Synthetic,Portfolio,Auto,2021-02,3,103213.30699737878
creciente,Loss Incurred,month,cumulative,Synthetic,Portfolio,Auto,2021-02,4,112915.36308125635
creciente,Loss Incurred,month,cumulative,Synthetic,Portfolio,Auto,2021-02,5,123145.91634282218
creciente,Loss Incurred,month,cumulative,Synthetic,Portfolio,Auto,2021-02,6,133875.14746741304
creciente,Loss Incurred,month,cumulative,Synthetic,Portfolio,Auto,2021-02,7,145063.27036663026
creciente,Loss Incurred,month,cumulative,Synthetic,Portfolio,Auto,2021-02,8,156660.63233251363
creciente,Loss Incurred,month,cumulative,Synthetic,Portfolio,Auto,2021-02,9,168608.2200957214
creciente,Loss Incurred,month,cumulative,Synthetic,Portfolio,Auto,2021-02,10,180838.58951430913
creciente,Loss Incurred,month,cumulative,Synthetic,Portfolio,Auto,2021-02,11,193277.20655272607
creciente,Loss Incurred,month,cumulative,Synthetic,Portfolio,Auto,2021-02,12,205844.1546436215
creciente,Loss Incurred,month,cumulative,Synthetic,Portfolio,Auto,2021-02,13,218456.1321399204
creciente,Loss Incurred,month,cumulative,Synthetic,Portfolio,Auto,2021-02,14,231028.63731042683
creciente,Loss Incurred,month,cumulative,Synthetic,Portfolio,Auto,2021-02,15,243478.2207515803
creciente,Loss Incurred,month,cumulative,Synthetic,Portfolio,Auto,2021-02,16,255724.67865741558
creciente,Loss Incurred,month,cumulative,Synthetic,Portfolio,Auto,2021-02,17,267693.0660341937
creciente,Loss Incurred,month,cumulative,Synthetic,Portfolio,Auto,2021-02,18,279315.42585319374
creciente,Loss Incurred,month,cumulative,Synthetic,Portfolio,Auto,2021-02,19,290532.15591834974
creciente,Loss Incurred,month,cumulative,Synthetic,Portfolio,Auto,2021-02,20,301292.9663931967
creciente,Loss Incurred,month,cumulative,Synthetic,Portfolio,Auto,2021-02,21,311557.41354025993
creciente,Loss Incurred,month,cumulative,Synthetic,Portfolio,Auto,2021-02,22,321295.02555729816
creciente,Loss Incurred,month,cumulative,Synthetic,Portfolio,Auto,2021-02,23,330485.061508819
creciente,Loss Incurred,month,cumulative,Synthetic,Portfolio,Auto,2021-02,24,339115.9624168546
creciente,Loss Incurred,month,cumulative,Synthetic,Portfolio,Auto,2021-02,25,347184.56394788565
creciente,Loss Incurred,month,cumulative,Synthetic,Portfolio,Auto,2021-02,26,354695.1432163223
creciente,Loss Incurred,month,cumulative,Synthetic,Portfolio,Auto,2021-02,27,361658.36918787076
creciente,Loss Incurred,month,cumulative,Synthetic,Portfolio,Auto,2021-02,28,368090.21860554855
creciente,Loss Incurred,month,cumulative,Synthetic,Portfolio,Auto,2021-02,29,374010.9089858133
creciente,Loss Incurred,month,cumulative,Synthetic,Portfolio,Auto,2021-02,30,379443.8886160506
creciente,Loss Incurred,month,cumulative,Synthetic,Portfolio,Auto,2021-02,31,384414.9119107413
creciente,Loss Incurred,month,cumulative,Synthetic,Portfolio,Auto,2021-02,32,388951.21787681454
creciente,Loss Incurred,month,cumulative,Synthetic,Portfolio,Auto,2021-02,33,393080.8203675006
creciente,Loss Incurred,month,cumulative,Synthetic,Portfolio,Auto,2021-02,34,396831.91152844945
creciente,Loss Incurred,month,cumulative,Synthetic,Portfolio,Auto,2021-02,35,400232.3743822594
creciente,Loss Incurred,month,cumulative,Synthetic,Portfolio,Auto,2021-02,36,403309.3967176363
creciente,Loss Incurred,month,cumulative,Synthetic,Portfolio,Auto,2021-02,37,406089.1761124158
creciente,Loss Incurred,month,cumulative,Synthetic,Portfolio,Auto,2021-02,38,408596.70475059975
creciente,Loss Incurred,month,cumulative,Synthetic,Portfolio,Auto,2021-02,39,410855.6224162881
creciente,Loss Incurred,month,cumulative,Synthetic,Portfolio,Auto,2021-02,40,412888.1264094883
creciente,Loss Incurred,month,cumulative,Synthetic,Portfolio,Auto,2021-02,41,414714.92791492224
creciente,Loss Incurred,month,cumulative,Synthetic,Portfolio,Auto,2021-02,42,416355.2453914659
creciente,Loss Incurred,month,cumulative,Synthetic,Portfolio,Auto,2021-02,43,417826.82670393056
creciente,Loss Incurred,month,cumulative,Synthetic,Portfolio,Auto,2021-02,44,419145.9928941979
creciente,Loss Incurred,month,cumulative,Synthetic,Portfolio,Auto,2021-02,45,420327.6976195478
creciente,Loss Incurred,month,cumulative,Synthetic,Portfolio,Auto,2021-02,46,421385.5973311397
creciente,Loss Incurred,month,cumulative,Synthetic,Portfolio,Auto,2021-02,47,422332.1282023183
creciente,Loss Incurred,month,cumulative,Synthetic,Portfolio,Auto,2021-02,48,423178.58663554623
creciente,Loss Incurred,month,cumulative,Synthetic,Portfolio,Auto,2021-02,49,423935.2108784212
creciente,Loss Incurred,month,cumulative,Synthetic,Portfolio,Auto,2021-02,50,424611.26186951954
creciente,Loss Incurred,month,cumulative,Synthetic,Portfolio,Auto,2021-02,51,425215.1019233847
creciente,Loss Incurred,month,cumulative,Synthetic,Portfolio,Auto,2021-02,52,425754.2702622154
creciente,Loss Incurred,month,cumulative,Synthetic,Portfolio,Auto,2021-02,53,426235.5547215923
creciente,Loss Incurred,month,cumulative,Synthetic,Portfolio,Auto,2021-02,54,426665.05921047943
creciente,Loss Incurred,month,cumulative,Synthetic,Portfolio,Auto,2021-02,55,427048.26670250343
creciente,Loss Incurred,month,cumulative,Synthetic,Portfolio,Auto,2021-02,56,427390.0976858502
creciente,Loss Incurred,month,cumulative,Synthetic,Portfolio,Auto,2021-02,57,427694.96411152266
creciente,Loss Incurred,month,cumulative,Synthetic,Portfolio,Auto,2021-02,58,427966.8189615111
creciente,Loss Incurred,month,cumulative,Synthetic,Portfolio,Auto,2021-03,0,82817.48126196978
creciente,Loss Incurred,month,cumulative,Synthetic,Portfolio,Auto,2021-03,1,90637.87493596408
creciente,Loss Incurred,month,cumulative,Synthetic,Portfolio,Auto,2021-03,2,99301.16689155779
creciente,Loss Incurred,month,cumulative,Synthetic,Portfolio,Auto,2021-03,3,108842.18866234628
creciente,Loss Incurred,month,cumulative,Synthetic,Portfolio,Auto,2021-03,4,119282.36099668479
creciente,Loss Incurred,month,cumulative,Synthetic,Portfolio,Auto,2021-03,5,130626.15749150097
creciente,Loss Incurred,month,cumulative,Synthetic,Portfolio,Auto,2021-03,6,142857.7541284126
creciente,Loss Incurred,month,cumulative,Synthetic,Portfolio,Auto,2021-03,7,155938.2017406534
creciente,Loss Incurred,month,cumulative,Synthetic,Portfolio,Auto,2021-03,8,169803.4954954458
creciente,Loss Incurred,month,cumulative,Synthetic,Portfolio,Auto,2021-03,9,184363.90690693053
creciente,Loss Incurred,month,cumulative,Synthetic,Portfolio,Auto,2021-03,10,199504.87618860527
creciente,Loss Incurred,month,cumulative,Synthetic,Portfolio,Auto,2021-03,11,215089.63189252283
creciente,Loss Incurred,month,cumulative,Synthetic,Portfolio,Auto,2021-03,12,230963.5207450901
creciente,Loss Incurred,month,cumulative,Synthetic,Portfolio,Auto,2021-03,13,246959.81867307686
creciente,Loss Incurred,month,cumulative,Synthetic,Portfolio,Auto,2021-03,14,262906.59132548963
creciente,Loss Incurred,month,cumulative,Synthetic,Portfolio,Auto,2021-03,15,278634.01952594233
creciente,Loss Incurred,month,cumulative,Synthetic,Portfolio,Auto,2021-03,16,293981.53512690985
creciente,Loss Incurred,month,cumulative,Synthetic,Portfolio,Auto,2021-03,17,308804.14142828644
creciente,Loss Incurred,month,cumulative,Synthetic,Portfolio,Auto,2021-03,18,322977.4131677541
creciente,Loss Incurred,month,cumulative,Synthetic,Portfolio,Auto,2021-03,19,336400.85738162516
creciente,Loss Incurred,month,cumulative,Synthetic,Portfolio,Auto,2021-03,20,348999.5293992016
creciente,Loss Incurred,month,cumulative,Synthetic,Portfolio,Auto,2021-03,21,360723.99803935504
creciente,Loss Incurred,month,cumulative,Synthetic,Portfolio,Auto,2021-03,22,371548.90967472596
creciente,Loss Incurred,month,cumulative,Synthetic,Portfolio,Auto,2021-03,23,381470.49562950083
creciente,Loss Incurred,month,cumulative,Synthetic,Portfolio,Auto,2021-03,24,390503.3998635746
creciente,Loss Incurred,month,cumulative,Synthetic,Portfolio,Auto,2021-03,25,398677.1842075941
creciente,Loss Incurred,month,cumulative,Synthetic,Portfolio,Auto,2021-03,26,406032.8130104448
creciente,Loss Incurred,month,cumulative,Synthetic,Portfolio,Auto,2021-03,27,412619.3455334915
creciente,Loss Incurred,month,cumulative,Synthetic,Portfolio,Auto,2021-03,28,418490.9877655498
creciente,Loss Incurred,month,cumulative,Synthetic,Portfolio,Auto,2021-03,29,423704.58607876825
creciente,Loss Incurred,month,cumulative,Synthetic,Portfolio,Auto,2021-03,30,428317.58914102725
creciente,Loss Incurred,month,cumulative,Synthetic,Portfolio,Auto,2021-03,31,432386.4636669789
creciente,Loss Incurred,month,cumulative,Synthetic,Portfolio,Auto,2021-03,32,435965.5231313822
creciente,Loss Incurred,month,cumulative,Synthetic,Portfolio,Auto,2021-03,33,439106.1141655854
creciente,Loss Incurred,month,cumulative,Synthetic,Portfolio,Auto,2021-03,34,441856.1001191068
creciente,Loss Incurred,month,cumulative,Synthetic,Portfolio,Auto,2021-03,35,444259.58236431907
creciente,Loss Incurred,month,cumulative,Synthetic,Portfolio,Auto,2021-03,36,446356.80493484024
creciente,Loss Incurred,month,cumulative,Synthetic,Portfolio,Auto,2021-03,37,448184.1951424071
creciente,Loss Incurred,month,cumulative,Synthetic,Portfolio,Auto,2021-03,38,449774.5005775486
creciente,Loss Incurred,month,cumulative,Synthetic,Portfolio,Auto,2021-03,39,451156.9904953925
creciente,Loss Incurred,month,cumulative,Synthetic,Portfolio,Auto,2021-03,40,452357.6965110924
creciente,Loss Incurred,month,cumulative,Synthetic,Portfolio,Auto,2021-03,41,453399.67353295605
creciente,Loss Incurred,month,cumulative,Synthetic,Portfolio,Auto,2021-03,42,454303.266873872
creciente,Loss Incurred,month,cumulative,Synthetic,Portfolio,Auto,2021-03,43,455086.37553923967
creciente,Loss Incurred,month,cumulative,Synthetic,Portfolio,Auto,2021-03,44,455764.70488740335
creciente,Loss Incurred,month,cumulative,Synthetic,Portfolio,Auto,2021-03,45,456352.0043173304
creciente,Loss Incurred,month,cumulative,Synthetic,Portfolio,Auto,2021-03,46,456860.287483523
creciente,Loss Incurred,month,cumulative,Synthetic,Portfolio,Auto,2021-03,47,457300.03388812125
creciente,Loss Incurred,month,cumulative,Synthetic,Portfolio,Auto,2021-03,48,457680.37165952625
creciente,Loss Incurred,month,cumulative,Synthetic,Portfolio,Auto,2021-03,49,458009.24198462925
creciente,Loss Incurred,month,cumulative,Synthetic,Portfolio,Auto,2021-03,50,458293.5460911278
creciente,Loss Incurred,month,cumulative,Synthetic,Portfolio,Auto,2021-03,51,458539.27593628794
creciente,Loss Incurred,month,cumulative,Synthetic,Portfolio,Auto,2021-03,52,458751.6298952175
creciente,Loss Incurred,month,cumulative,Synthetic,Portfolio,Auto,2021-03,53,458935.1147910318
creciente,Loss Incurred,month,cumulative,Synthetic,Portfolio,Auto,2021-03,54,459093.63559846644
creciente,Loss Incurred,month,cumulative,Synthetic,Portfolio,Auto,2021-03,55,459230.57410188427
creciente,Loss Incurred,month,cumulative,Synthetic,Portfolio,Auto,2021-03,56,459348.85771322926
creciente,Loss Incurred,month,cumulative,Synthetic,Portfolio,Auto,2021-03,57,459451.0195661421
creciente,Loss Incurred,month,cumulative,Synthetic,Portfolio,Auto,2021-04,0,86194.25294657152
creciente,Loss Incurred,month,cumulative,Synthetic,Portfolio,Auto,2021-04,1,92560.81581797954
creciente,Loss Incurred,month,cumulative,Synthetic,Portfolio,Auto,2021-04,2,99504.2798773344
creciente,Loss Incurred,month,cumulative,Synthetic,Portfolio,Auto,2021-04,3,107048.64290887058
creciente,Loss Incurred,month,cumulative,Synthetic,Portfolio,Auto,2021-04,4,115212.65926839574
creciente,Loss Incurred,month,cumulative,Synthetic,Portfolio,Auto,2021-04,5,124008.46033705307
creciente,Loss Incurred,month,cumulative,Synthetic,Portfolio,Auto,2021-04,6,133440.15505278468
creciente,Loss Incurred,month,cumulative,Synthetic,Portfolio,Auto,2021-04,7,143502.48439680936
creciente,Loss Incurred,month,cumulative,Synthetic,Portfolio,Auto,2021-04,8,154179.61869729796
creciente,Loss Incurred,month,cumulative,Synthetic,Portfolio,Auto,2021-04,9,165444.19694712397
creciente,Loss Incurred,month,cumulative,Synthetic,Portfolio,Auto,2021-04,10,177256.710270468
creciente,Loss Incurred,month,cumulative,Synthetic,Portfolio,Auto,2021-04,11,189565.324739543
creciente,Loss Incurred,month,cumulative,Synthetic,Portfolio,Auto,2021-04,12,202306.22030465686
creciente,Loss Incurred,month,cumulative,Synthetic,Portfolio,Auto,2021-04,13,215404.49244641635
creciente,Loss Incurred,month,cumulative,Synthetic,Portfolio,Auto,2021-04,14,228775.62293502924
creciente,Loss Incurred,month,cumulative,Synthetic,Portfolio,Auto,2021-04,15,242327.47942441137
creciente,Loss Incurred,month,cumulative,Synthetic,Portfolio,Auto,2021-04,16,255962.7558435051
creciente,Loss Incurred,month,cumulative,Synthetic,Portfolio,Auto,2021-04,17,269581.7229354374
creciente,Loss Incurred,month,cumulative,Synthetic,Portfolio,Auto,2021-04,18,283085.12693994894
creciente,Loss Incurred,month,cumulative,Synthetic,Portfolio,Auto,2021-04,19,296377.0590627402
creciente,Loss Incurred,month,cumulative,Synthetic,Portfolio,Auto,2021-04,20,309367.62142130197
creciente,Loss Incurred,month,cumulative,Synthetic,Portfolio,Auto,2021-04,21,321975.2361218878
creciente,Loss Incurred,month,cumulative,Synthetic,Portfolio,Auto,2021-04,22,334128.4797600744
creciente,Loss Incurred,month,cumulative,Synthetic,Portfolio,Auto,2021-04,23,345767.37063305185
creciente,Loss Incurred,month,cumulative,Synthetic,Portfolio,Auto,2021-04,24,356844.08401809656
creciente,Loss Incurred,month,cumulative,Synthetic,Portfolio,Auto,2021-04,25,367323.11594488256
creciente,Loss Incurred,month,cumulative,Synthetic,Portfolio,Auto,2021-04,26,377180.9531333832
creciente,Loss Incurred,month,cumulative,Synthetic,Portfolio,Auto,2021-04,27,386405.333186439
creciente,Loss Incurred,month,cumulative,Synthetic,Portfolio,Auto,2021-04,28,394994.1937083817
creciente,Loss Incurred,month,cumulative,Synthetic,Portfolio,Auto,2021-04,29,402954.4125022114
creciente,Loss Incurred,month,cumulative,Synthetic,Portfolio,Auto,2021-04,30,410300.4353513376
creciente,Loss Incurred,month,cumulative,Synthetic,Portfolio,Auto,2021-04,31,417052.8757396588
creciente,Loss Incurred,month,cumulative,Synthetic,Portfolio,Auto,2021-04,32,423237.1549355165
creciente,Loss Incurred,month,cumulative,Synthetic,Portfolio,Auto,2021-04,33,428882.23359545186
creciente,Loss Incurred,month,cumulative,Synthetic,Portfolio,Auto,2021-04,34,434019.46933746914
creciente,Loss Incurred,month,cumulative,Synthetic,Portfolio,Auto,2021-04,35,438681.61988457775
creciente,Loss Incurred,month,cumulative,Synthetic,Portfolio,Auto,2021-04,36,442901.9991050216
creciente,Loss Incurred,month,cumulative,Synthetic,Portfolio,Auto,2021-04,37,446713.7838192796
creciente,Loss Incurred,month,cumulative,Synthetic,Portfolio,Auto,2021-04,38,450149.462505785
creciente,Loss Incurred,month,cumulative,Synthetic,Portfolio,Auto,2021-04,39,453240.4127020751
creciente,Loss Incurred,month,cumulative,Synthetic,Portfolio,Auto,2021-04,40,456016.5915430571
creciente,Loss Incurred,month,cumulative,Synthetic,Portfolio,Auto,2021-04,41,458506.32305373
creciente,Loss Incurred,month,cumulative,Synthetic,Portfolio,Auto,2021-04,42,460736.1660970176
creciente,Loss Incurred,month,cumulative,Synthetic,Portfolio,Auto,2021-04,43,462730.8479019177
creciente,Loss Incurred,month,cumulative,Synthetic,Portfolio,Auto,2021-04,44,464513.2495655625
creciente,Loss Incurred,month,cumulative,Synthetic,Portfolio,Auto,2021-04,45,466104.4316072647
creciente,Loss Incurred,month,cumulative,Synthetic,Portfolio,Auto,2021-04,46,467523.68938853004
creciente,Loss Incurred,month,cumulative,Synthetic,Portfolio,Auto,2021-04,47,468788.6298888388
creciente,Loss Incurred,month,cumulative,Synthetic,Portfolio,Auto,2021-04,48,469915.26287342206
creciente,Loss Incurred,month,cumulative,Synthetic,Portfolio,Auto,2021-04,49,470918.10086882644
creciente,Loss Incurred,month,cumulative,Synthetic,Portfolio,Auto,2021-04,50,471810.2635601262
creciente,Loss Incurred,month,cumulative,Synthetic,Portfolio,Auto,2021-04,51,472603.58324103785
creciente,Loss Incurred,month,cumulative,Synthetic,Portfolio,Auto,2021-04,52,473308.7087955047
creciente,Loss Incurred,month,cumulative,Synthetic,Portfolio,Auto,2021-04,53,473935.20638265257
creciente,Loss Incurred,month,cumulative,Synthetic,Portfolio,Auto,2021-04,54,474491.6555550037
creciente,Loss Incurred,month,cumulative,Synthetic,Portfolio,Auto,2021-04,55,474985.73998159653
creciente,Loss Incurred,month,cumulative,Synthetic,Portfolio,Auto,2021-04,56,475424.33229152544
creciente,Loss Incurred,month,cumulative,Synthetic,Portfolio,Auto,2021-05,0,85458.68433928328
creciente,Loss Incurred,month,cumulative,Synthetic,Portfolio,Auto,2021-05,1,93220.34268585203
creciente,Loss Incurred,month,cumulative,Synthetic,Portfolio,Auto,2021-05,2,101885.6348801393
creciente,Loss Incurred,month,cumulative,Synthetic,Portfolio,Auto,2021-05,3,111501.99760296455
creciente,Loss Incurred,month,cumulative,Synthetic,Portfolio,Auto,2021-05,4,122103.14465262405
creciente,Loss Incurred,month,cumulative,Synthetic,Portfolio,Auto,2021-05,5,133704.6635589381
creciente,Loss Incurred,month,cumulative,Synthetic,Portfolio,Auto,2021-05,6,146299.6566475459
creciente,Loss Incurred,month,cumulative,Synthetic,Portfolio,Auto,2021-05,7,159854.8427408099
creciente,Loss Incurred,month,cumulative,Synthetic,Portfolio,Auto,2021-05,8,174307.61018057747
creciente,Loss Incurred,month,cumulative,Synthetic,Portfolio,Auto,2021-05,9,189564.53080330393
creciente,Loss Incurred,month,cumulative,Synthetic,Portfolio,Auto,2021-05,10,205501.78359706426
creciente,Loss Incurred,month,cumulative,Synthetic,Portfolio,Auto,2021-05,11,221967.7832176877
creciente,Loss Incurred,month,cumulative,Synthetic,Portfolio,Auto,2021-05,12,238788.06950724925
creciente,Loss Incurred,month,cumulative,Synthetic,Portfolio,Auto,2021-05,13,255772.22118279574
creciente,Loss Incurred,month,cumulative,Synthetic,Portfolio,Auto,2021-05,14,272722.26268172683
creciente,Loss Incurred,month,cumulative,Synthetic,Portfolio,Auto,2021-05,15,289441.79989645287
creciente,Loss Incurred,month,cumulative,Synthetic,Portfolio,Auto,2021-05,16,305745.0021615801
creciente,Loss Incurred,month,cumulative,Synthetic,Portfolio,Auto,2021-05,17,321464.5730597464
creciente,Loss Incurred,month,cumulative,Synthetic,Portfolio,Auto,2021-05,18,336458.0152114357
creciente,Loss Incurred,month,cumulative,Synthetic,Portfolio,Auto,2021-05,19,350611.7552617394
creciente,Loss Incurred,month,cumulative,Synthetic,Portfolio,Auto,2021-05,20,363842.99590511183
creciente,Loss Incurred,month,cumulative,Synthetic,Portfolio,Auto,2021-05,21,376099.4412948447
creciente,Loss Incurred,month,cumulative,Synthetic,Portfolio,Auto,2021-05,22,387357.2541918578
creciente,Loss Incurred,month,cumulative,Synthetic,Portfolio,Auto,2021-05,23,397617.7246184582
creciente,Loss Incurred,month,cumulative,Synthetic,Portfolio,Auto,2021-05,24,406903.1610679453
creciente,Loss Incurred,month,cumulative,Synthetic,Portfolio,Auto,2021-05,25,415252.4742702711
creciente,Loss Incurred,month,cumulative,Synthetic,Portfolio,Auto,2021-05,26,422716.8362612276
creciente,Loss Incurred,month,cumulative,Synthetic,Portfolio,Auto,2021-05,27,429355.6903371071
creciente,Loss Incurred,month,cumulative,Synthetic,Portfolio,Auto,2021-05,28,435233.28145559644
creciente,Loss Incurred,month,cumulative,Synthetic,Portfolio,Auto,2021-05,29,440415.7853884036
creciente,Loss Incurred,month,cumulative,Synthetic,Portfolio,Auto,2021-05,30,444969.0449011903
creciente,Loss Incurred,month,cumulative,Synthetic,Portfolio,Auto,2021-05,31,448956.8733806961
creciente,Loss Incurred,month,cumulative,Synthetic,Portfolio,Auto,2021-05,32,452439.8581378559
creciente,Loss Incurred,month,cumulative,Synthetic,Portfolio,Auto,2021-05,33,455474.58294369536
creciente,Loss Incurred,month,cumulative,Synthetic,Portfolio,Auto,2021-05,34,458113.1877361793
creciente,Loss Incurred,month,cumulative,Synthetic,Portfolio,Auto,2021-05,35,460403.18886796624
creciente,Loss Incurred,month,cumulative,Synthetic,Portfolio,Auto,2021-05,36,462387.4925596152
creciente,Loss Incurred,month,cumulative,Synthetic,Portfolio,Auto,2021-05,37,464104.54507293575
creciente,Loss Incurred,month,cumulative,Synthetic,Portfolio,Auto,2021-05,38,465588.57400258875
creciente,Loss Incurred,month,cumulative,Synthetic,Portfolio,Auto,2021-05,39,466869.88510141266
creciente,Loss Incurred,month,cumulative,Synthetic,Portfolio,Auto,2021-05,40,467975.18775919784
creciente,Loss Incurred,month,cumulative,Synthetic,Portfolio,Auto,2021-05,41,468927.9295013079
creciente,Loss Incurred,month,cumulative,Synthetic,Portfolio,Auto,2021-05,42,469748.6257034718
creciente,Loss Incurred,month,cumulative,Synthetic,Portfolio,Auto,2021-05,43,470455.1752735256
creciente,Loss Incurred,month,cumulative,Synthetic,Portfolio,Auto,2021-05,44,471063.15651460655
creciente,Loss Incurred,month,cumulative,Synthetic,Portfolio,Auto,2021-05,45,471586.09995002055
creciente,Loss Incurred,month,cumulative,Synthetic,Portfolio,Auto,2021-05,46,472035.7367382455
creciente,Loss Incurred,month,cumulative,Synthetic,Portfolio,Auto,2021-05,47,472422.2225958644
creciente,Loss Incurred,month,cumulative,Synthetic,Portfolio,Auto,2021-05,48,472754.33800984814
creciente,Loss Incurred,month,cumulative,Synthetic,Portfolio,Auto,2021-05,49,473039.6660668943
creciente,Loss Incurred,month,cumulative,Synthetic,Portfolio,Auto,2021-05,50,473284.7495422986
creciente,Loss Incurred,month,cumulative,Synthetic,Portfolio,Auto,2021-05,51,473495.2290406806
creciente,Loss Incurred,month,cumulative,Synthetic,Portfolio,Auto,2021-05,52,473675.96401645296
creciente,Loss Incurred,month,cumulative,Synthetic,Portfolio,Auto,2021-05,53,473831.1384610719
creciente,Loss Incurred,month,cumulative,Synthetic,Portfolio,Auto,2021-05,54,473964.35295464617
creciente,Loss Incurred,month,cumulative,Synthetic,Portfolio,Auto,2021-05,55,474078.7046614794
creciente,Loss Incurred,month,cumulative,Synthetic,Portfolio,Auto,2021-06,0,83251.58847064353
creciente,Loss Incurred,month,cumulative,Synthetic,Portfolio,Auto,2021-06,1,90270.26249564179
creciente,Loss Incurred,month,cumulative,Synthetic,Portfolio,Auto,2021-06,2,97931.34068655425
creciente,Loss Incurred,month,cumulative,Synthetic,Portfolio,Auto,2021-06,3,106256.7349258988
creciente,Loss Incurred,month,cumulative,Synthetic,Portfolio,Auto,2021-06,4,115260.69851892439
creciente,Loss Incurred,month,cumulative,Synthetic,Portfolio,Auto,2021-06,5,124948.09514655004
creciente,Loss Incurred,month,cumulative,Synthetic,Portfolio,Auto,2021-06,6,135312.73300912636
creciente,Loss Incurred,month,cumulative,Synthetic,Portfolio,Auto,2021-06,7,146335.88431433385
creciente,Loss Incurred,month,cumulative,Synthetic,Portfolio,Auto,2021-06,8,157985.12487199935
creciente,Loss Incurred,month,cumulative,Synthetic,Portfolio,Auto,2021-06,9,170213.63204891904
creciente,Loss Incurred,month,cumulative,Synthetic,Portfolio,Auto,2021-06,10,182960.0679128445
creciente,Loss Incurred,month,cumulative,Synthetic,Portfolio,Auto,2021-06,11,196149.14571100322
creciente,Loss Incurred,month,cumulative,Synthetic,Portfolio,Auto,2021-06,12,209692.9319610472
creciente,Loss Incurred,month,cumulative,Synthetic,Portfolio,Auto,2021-06,13,223492.87655858527
creciente,Loss Incurred,month,cumulative,Synthetic,Portfolio,Auto,2021-06,14,237442.49579017438
creciente,Loss Incurred,month,cumulative,Synthetic,Portfolio,Auto,2021-06,15,251430.56683048714
creciente,Loss Incurred,month,cumulative,Synthetic,Portfolio,Auto,2021-06,16,265344.63704563153
creciente,Loss Incurred,month,cumulative,Synthetic,Portfolio,Auto,2021-06,17,279074.6160991432
creciente,Loss Incurred,month,cumulative,Synthetic,Portfolio,Auto,2021-06,18,292516.209407488
creciente,Loss Incurred,month,cumulative,Synthetic,Portfolio,Auto,2021-06,19,305573.96954053355
creciente,Loss Incurred,month,cumulative,Synthetic,Portfolio,Auto,2021-06,20,318163.7846219798
creciente,Loss Incurred,month,cumulative,Synthetic,Portfolio,Auto,2021-06,21,330214.6825929123
creciente,Loss Incurred,month,cumulative,Synthetic,Portfolio,Auto,2021-06,22,341669.8979486469
creciente,Loss Incurred,month,cumulative,Synthetic,Portfolio,Auto,2021-06,23,352487.21351545485
creciente,Loss Incurred,month,cumulative,Synthetic,Portfolio,Auto,2021-06,24,362638.645812853
creciente,Loss Incurred,month,cumulative,Synthetic,Portfolio,Auto,2021-06,25,372109.5831575155
creciente,Loss Incurred,month,cumulative,Synthetic,Portfolio,Auto,2021-06,26,380897.5087547584
creciente,Loss Incurred,month,cumulative,Synthetic,Portfolio,Auto,2021-06,27,389010.4473780391
creciente,Loss Incurred,month,cumulative,Synthetic,Portfolio,Auto,2021-06,28,396465.2667715133
creciente,Loss Incurred,month,cumulative,Synthetic,Portfolio,Auto,2021-06,29,403285.94766980584
creciente,Loss Incurred,month,cumulative,Synthetic,Portfolio,Auto,2021-06,30,409501.91355732625
creciente,Loss Incurred,month,cumulative,Synthetic,Portfolio,Auto,2021-06,31,415146.48674345657
creciente,Loss Incurred,month,cumulative,Synthetic,Portfolio,Auto,2021-06,32,420255.51388944685
creciente,Loss Incurred,month,cumulative,Synthetic,Portfolio,Auto,2021-06,33,424866.1836720217
creciente,Loss Incurred,month,cumulative,Synthetic,Portfolio,Auto,2021-06,34,429016.04277393006
creciente,Loss Incurred,month,cumulative,Synthetic,Portfolio,Auto,2021-06,35,432742.20408973243
creciente,Loss Incurred,month,cumulative,Synthetic,Portfolio,Auto,2021-06,36,436080.73265800986
creciente,Loss Incurred,month,cumulative,Synthetic,Portfolio,Auto,2021-06,37,439066.18981696444
creciente,Loss Incurred,month,cumulative,Synthetic,Portfolio,Auto,2021-06,38,441731.3137429414
creciente,Loss Incurred,month,cumulative,Synthetic,Portfolio,Auto,2021-06,39,444106.8141802439
creciente,Loss Incurred,month,cumulative,Synthetic,Portfolio,Auto,2021-06,40,446221.26018435106
creciente,Loss Incurred,month,cumulative,Synthetic,Portfolio,Auto,2021-06,41,448101.0415630724
creciente,Loss Incurred,month,cumulative,Synthetic,Portfolio,Auto,2021-06,42,449770.38701005024
creciente,Loss Incurred,month,cumulative,Synthetic,Portfolio,Auto,2021-06,43,451251.4243894584
creciente,Loss Incurred,month,cumulative,Synthetic,Portfolio,Auto,2021-06,44,452564.2710498089
creciente,Loss Incurred,month,cumulative,Synthetic,Portfolio,Auto,2021-06,45,453727.14429307875
creciente,Loss Incurred,month,cumulative,Synthetic,Portfolio,Auto,2021-06,46,454756.48413388274
creciente,Loss Incurred,month,cumulative,Synthetic,Portfolio,Auto,2021-06,47,455667.08222338866
creciente,Loss Incurred,month,cumulative,Synthetic,Portfolio,Auto,2021-06,48,456472.2122824978
creciente,Loss Incurred,month,cumulative,Synthetic,Portfolio,Auto,2021-06,49,457183.75860386406
creciente,Loss Incurred,month,cumulative,Synthetic,Portfolio,Auto,2021-06,50,457812.3401673989
creciente,Loss Incurred,month,cumulative,Synthetic,Portfolio,Auto,2021-06,51,458367.4286981027
creciente,Loss Incurred,month,cumulative,Synthetic,Portfolio,Auto,2021-06,52,458857.4596081654
creciente,Loss Incurred,month,cumulative,Synthetic,Portfolio,Auto,2021-06,53,459289.9352357433
creciente,Loss Incurred,month,cumulative,Synthetic,Portfolio,Auto,2021-06,54,459671.52014646324
creciente,Loss Incurred,month,cumulative,Synthetic,Portfolio,Auto,2021-07,0,71458.23566459774
creciente,Loss Incurred,month,cumulative,Synthetic,Portfolio,Auto,2021-07,1,78037.35571159945
creciente,Loss Incurred,month,cumulative,Synthetic,Portfolio,Auto,2021-07,2,85310.90716186407
creciente,Loss Incurred,month,cumulative,Synthetic,Portfolio,Auto,2021-07,3,93307.4909853947
creciente,Loss Incurred,month,cumulative,Synthetic,Portfolio,Auto,2021-07,4,102045.28594210283
creciente,Loss Incurred,month,cumulative,Synthetic,Portfolio,Auto,2021-07,5,111529.31308785413
creciente,Loss Incurred,month,cumulative,Synthetic,Portfolio,Auto,2021-07,6,121748.8212428821
creciente,Loss Incurred,month,cumulative,Synthetic,Portfolio,Auto,2021-07,7,132675.03900233892
creciente,Loss Incurred,month,cumulative,Synthetic,Portfolio,Auto,2021-07,8,144259.56857771508
creciente,Loss Incurred,month,cumulative,Synthetic,Portfolio,Auto,2021-07,9,156433.69550644915
creciente,Loss Incurred,month,cumulative,Synthetic,Portfolio,Auto,2021-07,10,169108.8460797005
creciente,Loss Incurred,month,cumulative,Synthetic,Portfolio,Auto,2021-07,11,182178.3371713305
creciente,Loss Incurred,month,cumulative,Synthetic,Portfolio,Auto,2021-07,12,195520.4360975819
creciente,Loss Incurred,month,cumulative,Synthetic,Portfolio,Auto,2021-07,13,209002.59678099872
creciente,Loss Incurred,month,cumulative,Synthetic,Portfolio,Auto,2021-07,14,222486.58724665627
creciente,Loss Incurred,month,cumulative,Synthetic,Portfolio,Auto,2021-07,15,235834.10065404026
creciente,Loss Incurred,month,cumulative,Synthetic,Portfolio,Auto,2021-07,16,248912.37276250287
creciente,Loss Incurred,month,cumulative,Synthetic,Portfolio,Auto,2021-07,17,261599.3277940383
creciente,Loss Incurred,month,cumulative,Synthetic,Portfolio,Auto,2021-07,18,273787.84229745594
creciente,Loss Incurred,month,cumulative,Synthetic,Portfolio,Auto,2021-07,19,285388.838326248
creciente,Loss Incurred,month,cumulative,Synthetic,Portfolio,Auto,2021-07,20,296333.06810552726
creciente,Loss Incurred,month,cumulative,Synthetic,Portfolio,Auto,2021-07,21,306571.60405923787
creciente,Loss Incurred,month,cumulative,Synthetic,Portfolio,Auto,2021-07,22,316075.17600587214
creciente,Loss Incurred,month,cumulative,Synthetic,Portfolio,Auto,2021-07,23,324832.5856567296
creciente,Loss Incurred,month,cumulative,Synthetic,Portfolio,Auto,2021-07,24,332848.47190275695
creciente,Loss Incurred,month,cumulative,Synthetic,Portfolio,Auto,2021-07,25,340140.70259368885
creciente,Loss Incurred,month,cumulative,Synthetic,Portfolio,Auto,2021-07,26,346737.63946379727
creciente,Loss Incurred,month,cumulative,Synthetic,Portfolio,Auto,2021-07,27,352675.4747832606
creciente,Loss Incurred,month,cumulative,Synthetic,Portfolio,Auto,2021-07,28,357995.782795748
creciente,Loss Incurred,month,cumulative,Synthetic,Portfolio,Auto,2021-07,29,362743.3750941889
creciente,Loss Incurred,month,cumulative,Synthetic,Portfolio,Auto,2021-07,30,366964.50262139074
creciente,Loss Incurred,month,cumulative,Synthetic,Portfolio,Auto,2021-07,31,370705.4107693677
creciente,Loss Incurred,month,cumulative,Synthetic,Portfolio,Auto,2021-07,32,374011.2285584521
creciente,Loss Incurred,month,cumulative,Synthetic,Portfolio,Auto,2021-07,33,376925.157056685
creciente,Loss Incurred,month,cumulative,Synthetic,Portfolio,Auto,2021-07,34,379487.91423322784
creciente,Loss Incurred,month,cumulative,Synthetic,Portfolio,Auto,2021-07,35,381737.391295382
creciente,Loss Incurred,month,cumulative,Synthetic,Portfolio,Auto,2021-07,36,383708.4773460818
creciente,Loss Incurred,month,cumulative,Synthetic,Portfolio,Auto,2021-07,37,385433.01334616035
creciente,Loss Incurred,month,cumulative,Synthetic,Portfolio,Auto,2021-07,38,386939.84167776705
creciente,Loss Incurred,month,cumulative,Synthetic,Portfolio,Auto,2021-07,39,388254.92324290925
creciente,Loss Incurred,month,cumulative,Synthetic,Portfolio,Auto,2021-07,40,389401.4994543802
creciente,Loss Incurred,month,cumulative,Synthetic,Portfolio,Auto,2021-07,41,390400.2813760545
creciente,Loss Incurred,month,cumulative,Synthetic,Portfolio,Auto,2021-07,42,391269.6525014264
creciente,Loss Incurred,month,cumulative,Synthetic,Portfolio,Auto,2021-07,43,392025.87518889894
creciente,Loss Incurred,month,cumulative,Synthetic,Portfolio,Auto,2021-07,44,392683.29363242554
creciente,Loss Incurred,month,cumulative,Synthetic,Portfolio,Auto,2021-07,45,393254.52850577596
creciente,Loss Incurred,month,cumulative,Synthetic,Portfolio,Auto,2021-07,46,393750.6601625513
creciente,Loss Incurred,month,cumulative,Synthetic,Portfolio,Auto,2021-07,47,394181.39858898724
creciente,Loss Incurred,month,cumulative,Synthetic,Portfolio,Auto,2021-07,48,394555.23927406326
creciente,Loss Incurred,month,cumulative,Synthetic,Portfolio,Auto,2021-07,49,394879.6048537163
creciente,Loss Incurred,month,cumulative,Synthetic,Portfolio,Auto,2021-07,50,395160.97286454827
creciente,Loss Incurred,month,cumulative,Synthetic,Portfolio,Auto,2021-07,51,395404.99025823025
creciente,Loss Incurred,month,cumulative,Synthetic,Portfolio,Auto,2021-07,52,395616.5755219011
creciente,Loss Incurred,month,cumulative,Synthetic,Portfolio,Auto,2021-07,53,395800.0093547937
creciente,Loss Incurred,month,cumulative,Synthetic,Portfolio,Auto,2021-08,0,68467.99577223987
creciente,Loss Incurred,month,cumulative,Synthetic,Portfolio,Auto,2021-08,1,73951.62672371084
creciente,Loss Incurred,month,cumulative,Synthetic,Portfolio,Auto,2021-08,2,79954.76734284562
creciente,Loss Incurred,month,cumulative,Synthetic,Portfolio,Auto,2021-08,3,86498.53249905519
creciente,Loss Incurred,month,cumulative,Synthetic,Portfolio,Auto,2021-08,4,93598.37262322329
creciente,Loss Incurred,month,cumulative,Synthetic,Portfolio,Auto,2021-08,5,101262.61416000889
creciente,Loss Incurred,month,cumulative,Synthetic,Portfolio,Auto,2021-08,6,109491.00883609657
creciente,Loss Incurred,month,cumulative,Synthetic,Portfolio,Auto,2021-08,7,118273.38589869178
creciente,Loss Incurred,month,cumulative,Synthetic,Portfolio,Auto,2021-08,8,127588.51765949234
creciente,Loss Incurred,month,cumulative,Synthetic,Portfolio,Auto,2021-08,9,137403.31706827795
creciente,Loss Incurred,month,cumulative,Synthetic,Portfolio,Auto,2021-08,10,147672.4829899918
creciente,Loss Incurred,month,cumulative,Synthetic,Portfolio,Auto,2021-08,11,158338.69155646203
creciente,Loss Incurred,month,cumulative,Synthetic,Portfolio,Auto,2021-08,12,169333.39932644067
creciente,Loss Incurred,month,cumulative,Synthetic,Portfolio,Auto,2021-08,13,180578.27743408724
creciente,Loss Incurred,month,cumulative,Synthetic,Portfolio,Auto,2021-08,14,191987.23972028375
creciente,Loss Incurred,month,cumulative,Synthetic,Portfolio,Auto,2021-08,15,203468.96889303045
creciente,Loss Incurred,month,cumulative,Synthetic,Portfolio,Auto,2021-08,16,214929.79149707596
creciente,Loss Incurred,month,cumulative,Synthetic,Portfolio,Auto,2021-08,17,226276.71330673867
creciente,Loss Incurred,month,cumulative,Synthetic,Portfolio,Auto,2021-08,18,237420.40826362485
creciente,Loss Incurred,month,cumulative,Synthetic,Portfolio,Auto,2021-08,19,248277.9594660194
creciente,Loss Incurred,month,cumulative,Synthetic,Portfolio,Auto,2021-08,20,258775.17904004827
creciente,Loss Incurred,month,cumulative,Synthetic,Portfolio,Auto,2021-08,21,268848.3801307164
creciente,Loss Incurred,month,cumulative,Synthetic,Portfolio,Auto,2021-08,22,278445.53113047895
creciente,Loss Incurred,month,cumulative,Synthetic,Portfolio,Auto,2021-08,23,287526.7809618682
creciente,Loss Incurred,month,cumulative,Synthetic,Portfolio,Auto,2021-08,24,296064.39683677634
creciente,Loss Incurred,month,cumulative,Synthetic,Portfolio,Auto,2021-08,25,304042.1966282507
creciente,Loss Incurred,month,cumulative,Synthetic,Portfolio,Auto,2021-08,26,311454.58381121367
creciente,Loss Incurred,month,cumulative,Synthetic,Portfolio,Auto,2021-08,27,318305.3036270725
creciente,Loss Incurred,month,cumulative,Synthetic,Portfolio,Auto,2021-08,28,324606.0366657263
creciente,Loss Incurred,month,cumulative,Synthetic,Portfolio,Auto,2021-08,29,330374.9337307287
creciente,Loss Incurred,month,cumulative,Synthetic,Portfolio,Auto,2021-08,30,335635.1774097039
creciente,Loss Incurred,month,cumulative,Synthetic,Portfolio,Auto,2021-08,31,340413.63471794146
creciente,Loss Incurred,month,cumulative,Synthetic,Portfolio,Auto,2021-08,32,344739.64433735673
creciente,Loss Incurred,month,cumulative,Synthetic,Portfolio,Auto,2021-08,33,348643.96328539366
creciente,Loss Incurred,month,cumulative,Synthetic,Portfolio,Auto,2021-08,34,352157.8824184525
creciente,Loss Incurred,month,cumulative,Synthetic,Portfolio,Auto,2021-08,35,355312.5083948072
creciente,Loss Incurred,month,cumulative,Synthetic,Portfolio,Auto,2021-08,36,358138.2014748702
creciente,Loss Incurred,month,cumulative,Synthetic,Portfolio,Auto,2021-08,37,360664.1533891466
creciente,Loss Incurred,month,cumulative,Synthetic,Portfolio,Auto,2021-08,38,362918.0868725186
creciente,Loss Incurred,month,cumulative,Synthetic,Portfolio,Auto,2021-08,39,364926.0577332978
creciente,Loss Incurred,month,cumulative,Synthetic,Portfolio,Auto,2021-08,40,366712.34092876513
creciente,Loss Incurred,month,cumulative,Synthetic,Portfolio,Auto,2021-08,41,368299.3835747323
creciente,Loss Incurred,month,cumulative,Synthetic,Portfolio,Auto,2021-08,42,369707.80974532664
creciente,Loss Incurred,month,cumulative,Synthetic,Portfolio,Auto,2021-08,43,370956.4640395483
creciente,Loss Incurred,month,cumulative,Synthetic,Portfolio,Auto,2021-08,44,372062.4830083003
creciente,Loss Incurred,month,cumulative,Synthetic,Portfolio,Auto,2021-08,45,373041.3855248365
creciente,Loss Incurred,month,cumulative,Synthetic,Portfolio,Auto,2021-08,46,373907.17497185007
creciente,Loss Incurred,month,cumulative,Synthetic,Portfolio,Auto,2021-08,47,374672.4476775054
creciente,Loss Incurred,month,cumulative,Synthetic,Portfolio,Auto,2021-08,48,375348.5033547766
creciente,Loss Incurred,month,cumulative,Synthetic,Portfolio,Auto,2021-08,49,375945.45439445943
creciente,Loss Incurred,month,cumulative,Synthetic,Portfolio,Auto,2021-08,50,376472.3317527345
creciente,Loss Incurred,month,cumulative,Synthetic,Portfolio,Auto,2021-08,51,376937.18588429067
creciente,Loss Incurred,month,cumulative,Synthetic,Portfolio,Auto,2021-08,52,377347.18172804173
creciente,Loss Incurred,month,cumulative,Synthetic,Portfolio,Auto,2021-09,0,77057.13628369616
creciente,Loss Incurred,month,cumulative,Synthetic,Portfolio,Auto,2021-09,1,83918.84493787696
creciente,Loss Incurred,month,cumulative,Synthetic,Portfolio,Auto,2021-09,2,91439.11348018113
creciente,Loss Incurred,month,cumulative,Synthetic,Portfolio,Auto,2021-09,3,99640.6719686673
creciente,Loss Incurred,month,cumulative,Synthetic,Portfolio,Auto,2021-09,4,108537.35692083724
creciente,Loss Incurred,month,cumulative,Synthetic,Portfolio,Auto,2021-09,5,118132.06611649996
creciente,Loss Incurred,month,cumulative,Synthetic,Portfolio,Auto,2021-09,6,128414.8204488584
creciente,Loss Incurred,month,cumulative,Synthetic,Portfolio,Auto,2021-09,7,139361.09452319934
creciente,Loss Incurred,month,cumulative,Synthetic,Portfolio,Auto,2021-09,8,150930.59455890092
creciente,Loss Incurred,month,cumulative,Synthetic,Portfolio,Auto,2021-09,9,163066.66147185952
creciente,Loss Incurred,month,cumulative,Synthetic,Portfolio,Auto,2021-09,10,175696.45357475054
creciente,Loss Incurred,month,cumulative,Synthetic,Portfolio,Auto,2021-09,11,188732.01470445306
creciente,Loss Incurred,month,cumulative,Synthetic,Portfolio,Auto,2021-09,12,202072.26163667848
creciente,Loss Incurred,month,cumulative,Synthetic,Portfolio,Auto,2021-09,13,215605.8363260399
creciente,Loss Incurred,month,cumulative,Synthetic,Portfolio,Auto,2021-09,14,229214.67542810435
creciente,Loss Incurred,month,cumulative,Synthetic,Portfolio,Auto,2021-09,15,242778.0661684397
creciente,Loss Incurred,month,cumulative,Synthetic,Portfolio,Auto,2021-09,16,256176.89824227948
creciente,Loss Incurred,month,cumulative,Synthetic,Portfolio,Auto,2021-09,17,269297.79688919656
creciente,Loss Incurred,month,cumulative,Synthetic,Portfolio,Auto,2021-09,18,282036.8372021341
creciente,Loss Incurred,month,cumulative,Synthetic,Portfolio,Auto,2021-09,19,294302.59128707025
creciente,Loss Incurred,month,cumulative,Synthetic,Portfolio,Auto,2021-09,20,306018.33858905116
creciente,Loss Incurred,month,cumulative,Synthetic,Portfolio,Auto,2021-09,21,317123.36177980044
creciente,Loss Incurred,month,cumulative,Synthetic,Portfolio,Auto,2021-09,22,327573.3413362791
creciente,Loss Incurred,month,cumulative,Synthetic,Portfolio,Auto,2021-09,23,337339.9387900547
creciente,Loss Incurred,month,cumulative,Synthetic,Portfolio,Auto,2021-09,24,346409.71339705685
creciente,Loss Incurred,month,cumulative,Synthetic,Portfolio,Auto,2021-09,25,354782.54657410766
creciente,Loss Incurred,month,cumulative,Synthetic,Portfolio,Auto,2021-09,26,362469.7543577502
creciente,Loss Incurred,month,cumulative,Synthetic,Portfolio,Auto,2021-09,27,369492.0550518123
creciente,Loss Incurred,month,cumulative,Synthetic,Portfolio,Auto,2021-09,28,375877.5333758134
creciente,Loss Incurred,month,cumulative,Synthetic,Portfolio,Auto,2021-09,29,381659.7101028741
creciente,Loss Incurred,month,cumulative,Synthetic,Portfolio,Auto,2021-09,30,386875.79271244886
creciente,Loss Incurred,month,cumulative,Synthetic,Portfolio,Auto,2021-09,31,391565.1518288318
creciente,Loss Incurred,month,cumulative,Synthetic,Portfolio,Auto,2021-09,32,395768.04246283346
creciente,Loss Incurred,month,cumulative,Synthetic,Portfolio,Auto,2021-09,33,399524.5692684235
creciente,Loss Incurred,month,cumulative,Synthetic,Portfolio,Auto,2021-09,34,402873.88112062914
creciente,Loss Incurred,month,cumulative,Synthetic,Portfolio,Auto,2021-09,35,405853.5716421889
creciente,Loss Incurred,month,cumulative,Synthetic,Portfolio,Auto,2021-09,36,408499.25787288055
creciente,Loss Incurred,month,cumulative,Synthetic,Portfolio,Auto,2021-09,37,410844.3080319331
creciente,Loss Incurred,month,cumulative,Synthetic,Portfolio,Auto,2021-09,38,412919.69029130985
creciente,Loss Incurred,month,cumulative,Synthetic,Portfolio,Auto,2021-09,39,414753.9168311396
creciente,Loss Incurred,month,cumulative,Synthetic,Portfolio,Auto,2021-09,40,416373.06054443464
creciente,Loss Incurred,month,cumulative,Synthetic,Portfolio,Auto,2021-09,41,417800.8251277895
creciente,Loss Incurred,month,cumulative,Synthetic,Portfolio,Auto,2021-09,42,419058.6526206491
creciente,Loss Incurred,month,cumulative,Synthetic,Portfolio,Auto,2021-09,43,420165.8555416817
creciente,Loss Incurred,month,cumulative,Synthetic,Portfolio,Auto,2021-09,44,421139.76351106097
creciente,Loss Incurred,month,cumulative,Synthetic,Portfolio,Auto,2021-09,45,421995.8766001968
creciente,Loss Incurred,month,cumulative,Synthetic,Portfolio,Auto,2021-09,46,422748.0196158115
creciente,Loss Incurred,month,cumulative,Synthetic,Portfolio,Auto,2021-09,47,423408.49312891153
creciente,Loss Incurred,month,cumulative,Synthetic,Portfolio,Auto,2021-09,48,423988.2183403139
creciente,Loss Incurred,month,cumulative,Synthetic,Portfolio,Auto,2021-09,49,424496.873877559
creciente,Loss Incurred,month,cumulative,Synthetic,Portfolio,Auto,2021-09,50,424943.0233879762
creciente,Loss Incurred,month,cumulative,Synthetic,Portfolio,Auto,2021-09,51,425334.2333712017
creciente,Loss Incurred,month,cumulative,Synthetic,Portfolio,Auto,2021-10,0,70015.2793438624
creciente,Loss Incurred,month,cumulative,Synthetic,Portfolio,Auto,2021-10,1,77060.51564054453
creciente,Loss Incurred,month,cumulative,Synthetic,Portfolio,Auto,2021-10,2,84706.09750827728
creciente,Loss Incurred,month,cumulative,Synthetic,Portfolio,Auto,2021-10,3,92960.41838784919
creciente,Loss Incurred,month,cumulative,Synthetic,Portfolio,Auto,2021-10,4,101822.37857851069
creciente,Loss Incurred,month,cumulative,Synthetic,Portfolio,Auto,2021-10,5,111279.91660067822
creciente,Loss Incurred,month,cumulative,Synthetic,Portfolio,Auto,2021-10,6,121308.78800446304
creciente,Loss Incurred,month,cumulative,Synthetic,Portfolio,Auto,2021-10,7,131871.72434165084
creciente,Loss Incurred,month,cumulative,Synthetic,Portfolio,Auto,2021-10,8,142918.10020991505
creciente,Loss Incurred,month,cumulative,Synthetic,Portfolio,Auto,2021-10,9,154384.21513361434
creciente,Loss Incurred,month,cumulative,Synthetic,Portfolio,Auto,2021-10,10,166194.2585857227
creciente,Loss Incurred,month,cumulative,Synthetic,Portfolio,Auto,2021-10,11,178261.97263674272
creciente,Loss Incurred,month,cumulative,Synthetic,Portfolio,Auto,2021-10,12,190492.9627827403
creciente,Loss Incurred,month,cumulative,Synthetic,Portfolio,Auto,2021-10,13,202787.54156895218
creciente,Loss Incurred,month,cumulative,Synthetic,Portfolio,Auto,2021-10,14,215043.9314067294
creciente,Loss Incurred,month,cumulative,Synthetic,Portfolio,Auto,2021-10,15,227161.6118974854
creciente,Loss Incurred,month,cumulative,Synthetic,Portfolio,Auto,2021-10,16,239044.5800583967
creciente,Loss Incurred,month,cumulative,Synthetic,Portfolio,Auto,2021-10,17,250604.30206825084
creciente,Loss Incurred,month,cumulative,Synthetic,Portfolio,Auto,2021-10,18,261762.17071341476
creciente,Loss Incurred,month,cumulative,Synthetic,Portfolio,Auto,2021-10,19,272451.33747003897
creciente,Loss Incurred,month,cumulative,Synthetic,Portfolio,Auto,2021-10,20,282617.8530993087
creciente,Loss Incurred,month,cumulative,Synthetic,Portfolio,Auto,2021-10,21,292221.11591872794
creciente,Loss Incurred,month,cumulative,Synthetic,Portfolio,Auto,2021-10,22,301233.6838798313
creciente,Loss Incurred,month,cumulative,Synthetic,Portfolio,Auto,2021-10,23,309640.54919666064
creciente,Loss Incurred,month,cumulative,Synthetic,Portfolio,Auto,2021-10,24,317437.99975721765
creciente,Loss Incurred,month,cumulative,Synthetic,Portfolio,Auto,2021-10,25,324632.2002230574
creciente,Loss Incurred,month,cumulative,Synthetic,Portfolio,Auto,2021-10,26,331237.6202156605
creciente,Loss Incurred,month,cumulative,Synthetic,Portfolio,Auto,2021-10,27,337275.4212434536
creciente,Loss Incurred,month,cumulative,Synthetic,Portfolio,Auto,2021-10,28,342771.89230684715
creciente,Loss Incurred,month,cumulative,Synthetic,Portfolio,Auto,2021-10,29,347757.000274729
creciente,Loss Incurred,month,cumulative,Synthetic,Portfolio,Auto,2021-10,30,352263.0981387258
creciente,Loss Incurred,month,cumulative,Synthetic,Portfolio,Auto,2021-10,31,356323.81409667607
creciente,Loss Incurred,month,cumulative,Synthetic,Portfolio,Auto,2021-10,32,359973.1281258947
creciente,Loss Incurred,month,cumulative,Synthetic,Portfolio,Auto,2021-10,33,363244.63055569836
creciente,Loss Incurred,month,cumulative,Synthetic,Portfolio,Auto,2021-10,34,366170.94888793945
creciente,Loss Incurred,month,cumulative,Synthetic,Portfolio,Auto,2021-10,35,368783.3241881001
creciente,Loss Incurred,month,cumulative,Synthetic,Portfolio,Auto,2021-10,36,371111.3160919809
creciente,Loss Incurred,month,cumulative,Synthetic,Portfolio,Auto,2021-10,37,373182.61515274685
creciente,Loss Incurred,month,cumulative,Synthetic,Portfolio,Auto,2021-10,38,375022.94226895954
creciente,Loss Incurred,month,cumulative,Synthetic,Portfolio,Auto,2021-10,39,376656.0167723181
creciente,Loss Incurred,month,cumulative,Synthetic,Portfolio,Auto,2021-10,40,378103.57701702043
creciente,Loss Incurred,month,cumulative,Synthetic,Portfolio,Auto,2021-10,41,379385.43971324334
creciente,Loss Incurred,month,cumulative,Synthetic,Portfolio,Auto,2021-10,42,380519.58659085876
creciente,Loss Incurred,month,cumulative,Synthetic,Portfolio,Auto,2021-10,43,381522.2691460866
creciente,Loss Incurred,month,cumulative,Synthetic,Portfolio,Auto,2021-10,44,382408.12414885784
creciente,Loss Incurred,month,cumulative,Synthetic,Portfolio,Auto,2021-10,45,383190.29424720065
creciente,Loss Incurred,month,cumulative,Synthetic,Portfolio,Auto,2021-10,46,383880.5493980334
creciente,Loss Incurred,month,cumulative,Synthetic,Portfolio,Auto,2021-10,47,384489.4059985406
creciente,Loss Incurred,month,cumulative,Synthetic,Portfolio,Auto,2021-10,48,385026.2415146298
creciente,Loss Incurred,month,cumulative,Synthetic,Portfolio,Auto,2021-10,49,385499.40313231316
creciente,Loss Incurred,month,cumulative,Synthetic,Portfolio,Auto,2021-10,50,385916.30952392484
creciente,Loss Incurred,month,cumulative,Synthetic,Portfolio,Auto,2021-11,0,64734.50263811294
creciente,Loss Incurred,month,cumulative,Synthetic,Portfolio,Auto,2021-11,1,70537.89333465399
creciente,Loss Incurred,month,cumulative,Synthetic,Portfolio,Auto,2021-11,2,76863.08130437178
creciente,Loss Incurred,month,cumulative,Synthetic,Portfolio,Auto,2021-11,3,83724.72909367243
creciente,Loss Incurred,month,cumulative,Synthetic,Portfolio,Auto,2021-11,4,91130.57156873053
creciente,Loss Incurred,month,cumulative,Synthetic,Portfolio,Auto,2021-11,5,99080.01771243695
creciente,Loss Incurred,month,cumulative,Synthetic,Portfolio,Auto,2021-11,6,107562.8557524607
creciente,Loss Incurred,month,cumulative,Synthetic,Portfolio,Auto,2021-11,7,116558.16869286461
creciente,Loss Incurred,month,cumulative,Synthetic,Portfolio,Auto,2021-11,8,126033.5750569868
creciente,Loss Incurred,month,cumulative,Synthetic,Portfolio,Auto,2021-11,9,135944.9061952464
creciente,Loss Incurred,month,cumulative,Synthetic,Portfolio,Auto,2021-11,10,146236.41419716133
creciente,Loss Incurred,month,cumulative,Synthetic,Portfolio,Auto,2021-11,11,156841.57231031722
creciente,Loss Incurred,month,cumulative,Synthetic,Portfolio,Auto,2021-11,12,167684.4842923837
creciente,Loss Incurred,month,cumulative,Synthetic,Portfolio,Auto,2021-11,13,178681.8645626484
creciente,Loss Incurred,month,cumulative,Synthetic,Portfolio,Auto,2021-11,14,189745.4941097427
creciente,Loss Incurred,month,cumulative,Synthetic,Portfolio,Auto,2021-11,15,200785.00605354033
creciente,Loss Incurred,month,cumulative,Synthetic,Portfolio,Auto,2021-11,16,211710.81765373488
creciente,Loss Incurred,month,cumulative,Synthetic,Portfolio,Auto,2021-11,17,222437.00865066648
creciente,Loss Incurred,month,cumulative,Synthetic,Portfolio,Auto,2021-11,18,232883.95204914382
creciente,Loss Incurred,month,cumulative,Synthetic,Portfolio,Auto,2021-11,19,242980.53172706524
creciente,Loss Incurred,month,cumulative,Synthetic,Portfolio,Auto,2021-11,20,252665.8267254243
creciente,Loss Incurred,month,cumulative,Synthetic,Portfolio,Auto,2021-11,21,261890.19730802084
creciente,Loss Incurred,month,cumulative,Synthetic,Portfolio,Auto,2021-11,22,270615.76449550834
creciente,Loss Incurred,month,cumulative,Synthetic,Portfolio,Auto,2021-11,23,278816.3251946451
creciente,Loss Incurred,month,cumulative,Synthetic,Portfolio,Auto,2021-11,24,286476.783765061
creciente,Loss Incurred,month,cumulative,Synthetic,Portfolio,Auto,2021-11,25,293592.20512074773
creciente,Loss Incurred,month,cumulative,Synthetic,Portfolio,Auto,2021-11,26,300166.6041450285
creciente,Loss Incurred,month,cumulative,Synthetic,Portfolio,Auto,2021-11,27,306211.58328444953
creciente,Loss Incurred,month,cumulative,Synthetic,Portfolio,Auto,2021-11,28,311744.9179043494
creciente,Loss Incurred,month,cumulative,Synthetic,Portfolio,Auto,2021-11,29,316789.1709668138
creciente,Loss Incurred,month,cumulative,Synthetic,Portfolio,Auto,2021-11,30,321370.3981965155
creciente,Loss Incurred,month,cumulative,Synthetic,Portfolio,Auto,2021-11,31,325516.98481933156
creciente,Loss Incurred,month,cumulative,Synthetic,Portfolio,Auto,2021-11,32,329258.6370361651
creciente,Loss Incurred,month,cumulative,Synthetic,Portfolio,Auto,2021-11,33,332625.5366554863
creciente,Loss Incurred,month,cumulative,Synthetic,Portfolio,Auto,2021-11,34,335647.6561031383
creciente,Loss Incurred,month,cumulative,Synthetic,Portfolio,Auto,2021-11,35,338354.22322300175
creciente,Loss Incurred,month,cumulative,Synthetic,Portfolio,Auto,2021-11,36,340773.3204474626
creciente,Loss Incurred,month,cumulative,Synthetic,Portfolio,Auto,2021-11,37,342931.60048355366
creciente,Loss Incurred,month,cumulative,Synthetic,Portfolio,Auto,2021-11,38,344854.10003577796
creciente,Loss Incurred,month,cumulative,Synthetic,Portfolio,Auto,2021-11,39,346564.1337242146
creciente,Loss Incurred,month,cumulative,Synthetic,Portfolio,Auto,2021-11,40,348083.2517963706
creciente,Loss Incurred,month,cumulative,Synthetic,Portfolio,Auto,2021-11,41,349431.2471113567
creciente,Loss Incurred,month,cumulative,Synthetic,Portfolio,Auto,2021-11,42,350626.19892821985
creciente,Loss Incurred,month,cumulative,Synthetic,Portfolio,Auto,2021-11,43,351684.54307224334
creciente,Loss Incurred,month,cumulative,Synthetic,Portfolio,Auto,2021-11,44,352621.1599663407
creciente,Loss Incurred,month,cumulative,Synthetic,Portfolio,Auto,2021-11,45,353449.47373302
creciente,Loss Incurred,month,cumulative,Synthetic,Portfolio,Auto,2021-11,46,354181.55706630566
creciente,Loss Incurred,month,cumulative,Synthetic,Portfolio,Auto,2021-11,47,354828.2378379858
creciente,Loss Incurred,month,cumulative,Synthetic,Portfolio,Auto,2021-11,48,355399.2044498931
creciente,Loss Incurred,month,cumulative,Synthetic,Portfolio,Auto,2021-11,49,355903.1077938848
creciente,Loss Incurred,month,cumulative,Synthetic,Portfolio,Auto,2021-12,0,68509.85706538269
creciente,Loss Incurred,month,cumulative,Synthetic,Portfolio,Auto,2021-12,1,74768.86636292604
creciente,Loss Incurred,month,cumulative,Synthetic,Portfolio,Auto,2021-12,2,81610.30317089545
creciente,Loss Incurred,month,cumulative,Synthetic,Portfolio,Auto,2021-12,3,89051.48806262537
creciente,Loss Incurred,month,cumulative,Synthetic,Portfolio,Auto,2021-12,4,97101.60555134449
creciente,Loss Incurred,month,cumulative,Synthetic,Portfolio,Auto,2021-12,5,105759.99652631796
creciente,Loss Incurred,month,cumulative,Synthetic,Portfolio,Auto,2021-12,6,115014.57858185217
creciente,Loss Incurred,month,cumulative,Synthetic,Portfolio,Auto,2021-12,7,124840.53251604133
creciente,Loss Incurred,month,cumulative,Synthetic,Portfolio,Auto,2021-12,8,135199.40333513924
creciente,Loss Incurred,month,cumulative,Synthetic,Portfolio,Auto,2021-12,9,146038.75873255645
creciente,Loss Incurred,month,cumulative,Synthetic,Portfolio,Auto,2021-12,10,157292.5235560169
creciente,Loss Incurred,month,cumulative,Synthetic,Portfolio,Auto,2021-12,11,168882.064114088
creciente,Loss Incurred,month,cumulative,Synthetic,Portfolio,Auto,2021-12,12,180718.0337872844
creciente,Loss Incurred,month,cumulative,Synthetic,Portfolio,Auto,2021-12,13,192702.91778760217
creciente,Loss Incurred,month,cumulative,Synthetic,Portfolio,Auto,2021-12,14,204734.1399607425
creciente,Loss Incurred,month,cumulative,Synthetic,Portfolio,Auto,2021-12,15,216707.52991903873
creciente,Loss Incurred,month,cumulative,Synthetic,Portfolio,Auto,2021-12,16,228520.9055372136
creciente,Loss Incurred,month,cumulative,Synthetic,Portfolio,Auto,2021-12,17,240077.51170907126
creciente,Loss Incurred,month,cumulative,Synthetic,Portfolio,Auto,2021-12,18,251289.07385303374
creciente,Loss Incurred,month,cumulative,Synthetic,Portfolio,Auto,2021-12,19,262078.27073445637
creciente,Loss Incurred,month,cumulative,Synthetic,Portfolio,Auto,2021-12,20,272380.49750010454
creciente,Loss Incurred,month,cumulative,Synthetic,Portfolio,Auto,2021-12,21,282144.86518392985
creciente,Loss Incurred,month,cumulative,Synthetic,Portfolio,Auto,2021-12,22,291334.455757148
creciente,Loss Incurred,month,cumulative,Synthetic,Portfolio,Auto,2021-12,23,299925.91246778227
creciente,Loss Incurred,month,cumulative,Synthetic,Portfolio,Auto,2021-12,24,307908.4876911839
creciente,Loss Incurred,month,cumulative,Synthetic,Portfolio,Auto,2021-12,25,315282.6927442274
creciente,Loss Incurred,month,cumulative,Synthetic,Portfolio,Auto,2021-12,26,322058.6975615547
creciente,Loss Incurred,month,cumulative,Synthetic,Portfolio,Auto,2021-12,27,328254.61665785476
creciente,Loss Incurred,month,cumulative,Synthetic,Portfolio,Auto,2021-12,28,333894.79638870904
creciente,Loss Incurred,month,cumulative,Synthetic,Portfolio,Auto,2021-12,29,339008.19214557257
creciente,Loss Incurred,month,cumulative,Synthetic,Portfolio,Auto,2021-12,30,343626.8969619359
creciente,Loss Incurred,month,cumulative,Synthetic,Portfolio,Auto,2021-12,31,347784.85808276065
creciente,Loss Incurred,month,cumulative,Synthetic,Portfolio,Auto,2021-12,32,351516.7971539999
creciente,Loss Incurred,month,cumulative,Synthetic,Portfolio,Auto,2021-12,33,354857.333568349
creciente,Loss Incurred,month,cumulative,Synthetic,Portfolio,Auto,2021-12,34,357840.2991226257
creciente,Loss Incurred,month,cumulative,Synthetic,Portfolio,Auto,2021-12,35,360498.22497342224
creciente,Loss Incurred,month,cumulative,Synthetic,Portfolio,Auto,2021-12,36,362861.97814652935
creciente,Loss Incurred,month,cumulative,Synthetic,Portfolio,Auto,2021-12,37,364960.5237248568
creciente,Loss Incurred,month,cumulative,Synthetic,Portfolio,Auto,2021-12,38,366820.78952736245
creciente,Loss Incurred,month,cumulative,Synthetic,Portfolio,Auto,2021-12,39,368467.61193473265
creciente,Loss Incurred,month,cumulative,Synthetic,Portfolio,Auto,2021-12,40,369923.7439945365
creciente,Loss Incurred,month,cumulative,Synthetic,Portfolio,Auto,2021-12,41,371209.90966584254
creciente,Loss Incurred,month,cumulative,Synthetic,Portfolio,Auto,2021-12,42,372344.8907780458
creciente,Loss Incurred,month,cumulative,Synthetic,Portfolio,Auto,2021-12,43,373345.63581559545
creciente,Loss Incurred,month,cumulative,Synthetic,Portfolio,Auto,2021-12,44,374227.381907792
creciente,Loss Incurred,month,cumulative,Synthetic,Portfolio,Auto,2021-12,45,375003.7833617923
creciente,Loss Incurred,month,cumulative,Synthetic,Portfolio,Auto,2021-12,46,375687.04172345874
creciente,Loss Incurred,month,cumulative,Synthetic,Portfolio,Auto,2021-12,47,376288.03370252287
creciente,Loss Incurred,month,cumulative,Synthetic,Portfolio,Auto,2021-12,48,376816.43438542105
creciente,Loss Incurred,month,cumulative,Synthetic,Portfolio,Auto,2022-01,0,73102.86396325304
creciente,Loss Incurred,month,cumulative,Synthetic,Portfolio,Auto,2022-01,1,78649.57507417863
creciente,Loss Incurred,month,cumulative,Synthetic,Portfolio,Auto,2022-01,2,84768.10016168059
creciente,Loss Incurred,month,cumulative,Synthetic,Portfolio,Auto,2022-01,3,91488.17737532283
creciente,Loss Incurred,month,cumulative,Synthetic,Portfolio,Auto,2022-01,4,98833.88003114941
creciente,Loss Incurred,month,cumulative,Synthetic,Portfolio,Auto,2022-01,5,106821.76722318461
creciente,Loss Incurred,month,cumulative,Synthetic,Portfolio,Auto,2022-01,6,115458.96642000483
creciente,Loss Incurred,month,cumulative,Synthetic,Portfolio,Auto,2022-01,7,124741.30112775198
creciente,Loss Incurred,month,cumulative,Synthetic,Portfolio,Auto,2022-01,8,134651.60570481585
creciente,Loss Incurred,month,cumulative,Synthetic,Portfolio,Auto,2022-01,9,145158.39034817065
creciente,Loss Incurred,month,cumulative,Synthetic,Portfolio,Auto,2022-01,10,156215.02606686603
creciente,Loss Incurred,month,cumulative,Synthetic,Portfolio,Auto,2022-01,11,167759.60654630512
creciente,Loss Incurred,month,cumulative,Synthetic,Portfolio,Auto,2022-01,12,179715.60762635738
creciente,Loss Incurred,month,cumulative,Synthetic,Portfolio,Auto,2022-01,13,191993.4056532941
creciente,Loss Incurred,month,cumulative,Synthetic,Portfolio,Auto,2022-01,14,204492.63783771102
creciente,Loss Incurred,month,cumulative,Synthetic,Portfolio,Auto,2022-01,15,217105.30031382246
creciente,Loss Incurred,month,cumulative,Synthetic,Portfolio,Auto,2022-01,16,229719.3957401895
creciente,Loss Incurred,month,cumulative,Synthetic,Portfolio,Auto,2022-01,17,242222.87598271234
creciente,Loss Incurred,month,cumulative,Synthetic,Portfolio,Auto,2022-01,18,254507.58858495374
creciente,Loss Incurred,month,cumulative,Synthetic,Portfolio,Auto,2022-01,19,266472.9352527088
creciente,Loss Incurred,month,cumulative,Synthetic,Portfolio,Auto,2022-01,20,278028.9865498888
creciente,Loss Incurred,month,cumulative,Synthetic,Portfolio,Auto,2022-01,21,289098.86268459447
creciente,Loss Incurred,month,cumulative,Synthetic,Portfolio,Auto,2022-01,22,299620.2738443597
creciente,Loss Incurred,month,cumulative,Synthetic,Portfolio,Auto,2022-01,23,309546.2010556086
creciente,Loss Incurred,month,cumulative,Synthetic,Portfolio,Auto,2022-01,24,318844.7770415395
creciente,Loss Incurred,month,cumulative,Synthetic,Portfolio,Auto,2022-01,25,327498.4865684774
creciente,Loss Incurred,month,cumulative,Synthetic,Portfolio,Auto,2022-01,26,335502.84256123874
creciente,Loss Incurred,month,cumulative,Synthetic,Portfolio,Auto,2022-01,27,342864.707739511
creciente,Loss Incurred,month,cumulative,Synthetic,Portfolio,Auto,2022-01,28,349600.4251690701
creciente,Loss Incurred,month,cumulative,Synthetic,Portfolio,Auto,2022-01,29,355733.9004706083
creciente,Loss Incurred,month,cumulative,Synthetic,Portfolio,Auto,2022-01,30,361294.7495584984
creciente,Loss Incurred,month,cumulative,Synthetic,Portfolio,Auto,2022-01,31,366316.59414952225
creciente,Loss Incurred,month,cumulative,Synthetic,Portfolio,Auto,2022-01,32,370835.55706481246
creciente,Loss Incurred,month,cumulative,Synthetic,Portfolio,Auto,2022-01,33,374888.9832349689
creciente,Loss Incurred,month,cumulative,Synthetic,Portfolio,Auto,2022-01,34,378514.3916270348
creciente,Loss Incurred,month,cumulative,Synthetic,Portfolio,Auto,2022-01,35,381748.6482922078
creciente,Loss Incurred,month,cumulative,Synthetic,Portfolio,Auto,2022-01,36,384627.3409196733
creciente,Loss Incurred,month,cumulative,Synthetic,Portfolio,Auto,2022-01,37,387184.3298192261
creciente,Loss Incurred,month,cumulative,Synthetic,Portfolio,Auto,2022-01,38,389451.4481494722
creciente,Loss Incurred,month,cumulative,Synthetic,Portfolio,Auto,2022-01,39,391458.32449642447
creciente,Loss Incurred,month,cumulative,Synthetic,Portfolio,Auto,2022-01,40,393232.3027534097
creciente,Loss Incurred,month,cumulative,Synthetic,Portfolio,Auto,2022-01,41,394798.436988894
creciente,Loss Incurred,month,cumulative,Synthetic,Portfolio,Auto,2022-01,42,396179.542116041
creciente,Loss Incurred,month,cumulative,Synthetic,Portfolio,Auto,2022-01,43,397396.28435078927
creciente,Loss Incurred,month,cumulative,Synthetic,Portfolio,Auto,2022-01,44,398467.29844294454
creciente,Loss Incurred,month,cumulative,Synthetic,Portfolio,Auto,2022-01,45,399409.3213615466
creciente,Loss Incurred,month,cumulative,Synthetic,Portfolio,Auto,2022-01,46,400237.33445442753
creciente,Loss Incurred,month,cumulative,Synthetic,Portfolio,Auto,2022-01,47,400964.70807139715
creciente,Loss Incurred,month,cumulative,Synthetic,Portfolio,Auto,2022-02,0,87150.42747921577
creciente,Loss Incurred,month,cumulative,Synthetic,Portfolio,Auto,2022-02,1,94365.46786508578
creciente,Loss Incurred,month,cumulative,Synthetic,Portfolio,Auto,2022-02,2,102278.89574907618
creciente,Loss Incurred,month,cumulative,Synthetic,Portfolio,Auto,2022-02,3,110918.96138470432
creciente,Loss Incurred,month,cumulative,Synthetic,Portfolio,Auto,2022-02,4,120305.7098605945
creciente,Loss Incurred,month,cumulative,Synthetic,Portfolio,Auto,2022-02,5,130448.87262027945
creciente,Loss Incurred,month,cumulative,Synthetic,Portfolio,Auto,2022-02,6,141345.79033120698
creciente,Loss Incurred,month,cumulative,Synthetic,Portfolio,Auto,2022-02,7,152979.5139650661
creciente,Loss Incurred,month,cumulative,Synthetic,Portfolio,Auto,2022-02,8,165317.25437656112
creciente,Loss Incurred,month,cumulative,Synthetic,Portfolio,Auto,2022-02,9,178309.3606171448
creciente,Loss Incurred,month,cumulative,Synthetic,Portfolio,Auto,2022-02,10,191888.99792252897
creciente,Loss Incurred,month,cumulative,Synthetic,Portfolio,Auto,2022-02,11,205972.66369672745
creciente,Loss Incurred,month,cumulative,Synthetic,Portfolio,Auto,2022-02,12,220461.62302781627
creciente,Loss Incurred,month,cumulative,Synthetic,Portfolio,Auto,2022-02,13,235244.267860338
creciente,Loss Incurred,month,cumulative,Synthetic,Portfolio,Auto,2022-02,14,250199.31422057445
creciente,Loss Incurred,month,cumulative,Synthetic,Portfolio,Auto,2022-02,15,265199.6620570592
creciente,Loss Incurred,month,cumulative,Synthetic,Portfolio,Auto,2022-02,16,280116.6663508472
creciente,Loss Incurred,month,cumulative,Synthetic,Portfolio,Auto,2022-02,17,294824.5190760676
creciente,Loss Incurred,month,cumulative,Synthetic,Portfolio,Auto,2022-02,18,309204.42812152416
creciente,Loss Incurred,month,cumulative,Synthetic,Portfolio,Auto,2022-02,19,323148.3038786211
creciente,Loss Incurred,month,cumulative,Synthetic,Portfolio,Auto,2022-02,20,336561.722384557
creciente,Loss Incurred,month,cumulative,Synthetic,Portfolio,Auto,2022-02,21,349366.0154041454
creciente,Loss Incurred,month,cumulative,Synthetic,Portfolio,Auto,2022-02,22,361499.4290691616
creciente,Loss Incurred,month,cumulative,Synthetic,Portfolio,Auto,2022-02,23,372917.3798979939
creciente,Loss Incurred,month,cumulative,Synthetic,Portfolio,Auto,2022-02,24,383591.9089707281
creciente,Loss Incurred,month,cumulative,Synthetic,Portfolio,Auto,2022-02,25,393510.4848115393
creciente,Loss Incurred,month,cumulative,Synthetic,Portfolio,Auto,2022-02,26,402674.33097104746
creciente,Loss Incurred,month,cumulative,Synthetic,Portfolio,Auto,2022-02,27,411096.4573615387
creciente,Loss Incurred,month,cumulative,Synthetic,Portfolio,Auto,2022-02,28,418799.55981387105
creciente,Loss Incurred,month,cumulative,Synthetic,Portfolio,Auto,2022-02,29,425813.9260867679
creciente,Loss Incurred,month,cumulative,Synthetic,Portfolio,Auto,2022-02,30,432175.45458952815
creciente,Loss Incurred,month,cumulative,Synthetic,Portfolio,Auto,2022-02,31,437923.85933341994
creciente,Loss Incurred,month,cumulative,Synthetic,Portfolio,Auto,2022-02,32,443101.10465971194
creciente,Loss Incurred,month,cumulative,Synthetic,Portfolio,Auto,2022-02,33,447750.0882092916
creciente,Loss Incurred,month,cumulative,Synthetic,Portfolio,Auto,2022-02,34,451913.57126226503
creciente,Loss Incurred,month,cumulative,Synthetic,Portfolio,Auto,2022-02,35,455633.34192788525
creciente,Loss Incurred,month,cumulative,Synthetic,Portfolio,Auto,2022-02,36,458949.58806667087
creciente,Loss Incurred,month,cumulative,Synthetic,Portfolio,Auto,2022-02,37,461900.4523491425
creciente,Loss Incurred,month,cumulative,Synthetic,Portfolio,Auto,2022-02,38,464521.7404977146
creciente,Loss Incurred,month,cumulative,Synthetic,Portfolio,Auto,2022-02,39,466846.7545851027
creciente,Loss Incurred,month,cumulative,Synthetic,Portfolio,Auto,2022-02,40,468906.22548067966
creciente,Loss Incurred,month,cumulative,Synthetic,Portfolio,Auto,2022-02,41,470728.3215205021
creciente,Loss Incurred,month,cumulative,Synthetic,Portfolio,Auto,2022-02,42,472338.7137668463
creciente,Loss Incurred,month,cumulative,Synthetic,Portfolio,Auto,2022-02,43,473760.6815027508
creciente,Loss Incurred,month,cumulative,Synthetic,Portfolio,Auto,2022-02,44,475015.24467643513
creciente,Loss Incurred,month,cumulative,Synthetic,Portfolio,Auto,2022-02,45,476121.31275814585
creciente,Loss Incurred,month,cumulative,Synthetic,Portfolio,Auto,2022-02,46,477095.8418496982
creciente,Loss Incurred,month,cumulative,Synthetic,Portfolio,Auto,2022-03,0,85593.25065545177
creciente,Loss Incurred,month,cumulative,Synthetic,Portfolio,Auto,2022-03,1,92985.84973075957
creciente,Loss Incurred,month,cumulative,Synthetic,Portfolio,Auto,2022-03,2,101073.94499175706
creciente,Loss Incurred,month,cumulative,Synthetic,Portfolio,Auto,2022-03,3,109881.80618390616
creciente,Loss Incurred,month,cumulative,Synthetic,Portfolio,Auto,2022-03,4,119424.91827399106
creciente,Loss Incurred,month,cumulative,Synthetic,Portfolio,Auto,2022-03,5,129707.955696831
creciente,Loss Incurred,month,cumulative,Synthetic,Portfolio,Auto,2022-03,6,140722.8419427794
creciente,Loss Incurred,month,cumulative,Synthetic,Portfolio,Auto,2022-03,7,152447.04409458672
creciente,Loss Incurred,month,cumulative,Synthetic,Portfolio,Auto,2022-03,8,164842.26945190658
creciente,Loss Incurred,month,cumulative,Synthetic,Portfolio,Auto,2022-03,9,177853.73397896485
creciente,Loss Incurred,month,cumulative,Synthetic,Portfolio,Auto,2022-03,10,191410.15507465776
creciente,Loss Incurred,month,cumulative,Synthetic,Portfolio,Auto,2022-03,11,205424.58134085758
creciente,Loss Incurred,month,cumulative,Synthetic,Portfolio,Auto,2022-03,12,219796.11033552705
creciente,Loss Incurred,month,cumulative,Synthetic,Portfolio,Auto,2022-03,13,234412.46677987353
creciente,Loss Incurred,month,cumulative,Synthetic,Portfolio,Auto,2022-03,14,249153.32762183092
creciente,Loss Incurred,month,cumulative,Synthetic,Portfolio,Auto,2022-03,15,263894.19902972924
creciente,Loss Incurred,month,cumulative,Synthetic,Portfolio,Auto,2022-03,16,278510.5868157137
creciente,Loss Incurred,month,cumulative,Synthetic,Portfolio,Auto,2022-03,17,292882.1668844336
creciente,Loss Incurred,month,cumulative,Synthetic,Portfolio,Auto,2022-03,18,306896.6622994879
creciente,Loss Incurred,month,cumulative,Synthetic,Portfolio,Auto,2022-03,19,320453.168458621
creciente,Loss Incurred,month,cumulative,Synthetic,Portfolio,Auto,2022-03,20,333464.7314389505
creciente,Loss Incurred,month,cumulative,Synthetic,Portfolio,Auto,2022-03,21,345860.06590001535
creciente,Loss Incurred,month,cumulative,Synthetic,Portfolio,Auto,2022-03,22,357584.3849996719
creciente,Loss Incurred,month,cumulative,Synthetic,Portfolio,Auto,2022-03,23,368599.39329740126
creciente,Loss Incurred,month,cumulative,Synthetic,Portfolio,Auto,2022-03,24,378882.5553121629
creciente,Loss Incurred,month,cumulative,Synthetic,Portfolio,Auto,2022-03,25,388425.7922292762
creciente,Loss Incurred,month,cumulative,Synthetic,Portfolio,Auto,2022-03,26,397233.7764907334
creciente,Loss Incurred,month,cumulative,Synthetic,Portfolio,Auto,2022-03,27,405321.9914090751
creciente,Loss Incurred,month,cumulative,Synthetic,Portfolio,Auto,2022-03,28,412714.70541730855
creciente,Loss Incurred,month,cumulative,Synthetic,Portfolio,Auto,2022-03,29,419442.98377512535
creciente,Loss Incurred,month,cumulative,Synthetic,Portfolio,Auto,2022-03,30,425542.8298164534
creciente,Loss Incurred,month,cumulative,Synthetic,Portfolio,Auto,2022-03,31,431053.5174167023
creciente,Loss Incurred,month,cumulative,Synthetic,Portfolio,Auto,2022-03,32,436016.1492124099
creciente,Loss Incurred,month,cumulative,Synthetic,Portfolio,Auto,2022-03,33,440472.4528472799
creciente,Loss Incurred,month,cumulative,Synthetic,Portfolio,Auto,2022-03,34,444463.81069516356
creciente,Loss Incurred,month,cumulative,Synthetic,Portfolio,Auto,2022-03,35,448030.5069020975
creciente,Loss Incurred,month,cumulative,Synthetic,Portfolio,Auto,2022-03,36,451211.1685118319
creciente,Loss Incurred,month,cumulative,Synthetic,Portfolio,Auto,2022-03,37,454042.37399628235
creciente,Loss Incurred,month,cumulative,Synthetic,Portfolio,Auto,2022-03,38,456558.40177752165
creciente,Loss Incurred,month,cumulative,Synthetic,Portfolio,Auto,2022-03,39,458791.0924573667
creciente,Loss Incurred,month,cumulative,Synthetic,Portfolio,Auto,2022-03,40,460769.8007601235
creciente,Loss Incurred,month,cumulative,Synthetic,Portfolio,Auto,2022-03,41,462521.41609631805
creciente,Loss Incurred,month,cumulative,Synthetic,Portfolio,Auto,2022-03,42,464070.43377215706
creciente,Loss Incurred,month,cumulative,Synthetic,Portfolio,Auto,2022-03,43,465439.06193106296
creciente,Loss Incurred,month,cumulative,Synthetic,Portfolio,Auto,2022-03,44,466647.3521524007
creciente,Loss Incurred,month,cumulative,Synthetic,Portfolio,Auto,2022-03,45,467713.34415776056
creciente,Loss Incurred,month,cumulative,Synthetic,Portfolio,Auto,2022-04,0,90200.03423053087
creciente,Loss Incurred,month,cumulative,Synthetic,Portfolio,Auto,2022-04,1,97906.06995225056
creciente,Loss Incurred,month,cumulative,Synthetic,Portfolio,Auto,2022-04,2,106289.75862698446
creciente,Loss Incurred,month,cumulative,Synthetic,Portfolio,Auto,2022-04,3,115371.20662397156
creciente,Loss Incurred,month,cumulative,Synthetic,Portfolio,Auto,2022-04,4,125162.37329340163
creciente,Loss Incurred,month,cumulative,Synthetic,Portfolio,Auto,2022-04,5,135665.3910546731
creciente,Loss Incurred,month,cumulative,Synthetic,Portfolio,Auto,2022-04,6,146870.9772058682
creciente,Loss Incurred,month,cumulative,Synthetic,Portfolio,Auto,2022-04,7,158757.05385434587
creciente,Loss Incurred,month,cumulative,Synthetic,Portfolio,Auto,2022-04,8,171287.70351809802
creciente,Loss Incurred,month,cumulative,Synthetic,Portfolio,Auto,2022-04,9,184412.58829452595
creciente,Loss Incurred,month,cumulative,Synthetic,Portfolio,Auto,2022-04,10,198066.9469313943
creciente,Loss Incurred,month,cumulative,Synthetic,Portfolio,Auto,2022-04,11,212172.25498352776
creciente,Loss Incurred,month,cumulative,Synthetic,Portfolio,Auto,2022-04,12,226637.58902890628
creciente,Loss Incurred,month,cumulative,Synthetic,Portfolio,Auto,2022-04,13,241361.67988700274
creciente,Loss Incurred,month,cumulative,Synthetic,Portfolio,Auto,2022-04,14,256235.57784895453
creciente,Loss Incurred,month,cumulative,Synthetic,Portfolio,Auto,2022-04,15,271145.7930063532
creciente,Loss Incurred,month,cumulative,Synthetic,Portfolio,Auto,2022-04,16,285977.72445604036
creciente,Loss Incurred,month,cumulative,Synthetic,Portfolio,Auto,2022-04,17,300619.16108437156
creciente,Loss Incurred,month,cumulative,Synthetic,Portfolio,Auto,2022-04,18,314963.6288131423
creciente,Loss Incurred,month,cumulative,Synthetic,Portfolio,Auto,2022-04,19,328913.3759074218
creciente,Loss Incurred,month,cumulative,Synthetic,Portfolio,Auto,2022-04,20,342381.826464069
creciente,Loss Incurred,month,cumulative,Synthetic,Portfolio,Auto,2022-04,21,355295.38637929084
creciente,Loss Incurred,month,cumulative,Synthetic,Portfolio,Auto,2022-04,22,367594.54775098886
creciente,Loss Incurred,month,cumulative,Synthetic,Portfolio,Auto,2022-04,23,379234.29827474453
creciente,Loss Incurred,month,cumulative,Synthetic,Portfolio,Auto,2022-04,24,390183.8944381063
creciente,Loss Incurred,month,cumulative,Synthetic,Portfolio,Auto,2022-04,25,400426.09622813447
creciente,Loss Incurred,month,cumulative,Synthetic,Portfolio,Auto,2022-04,26,409955.9844266918
creciente,Loss Incurred,month,cumulative,Synthetic,Portfolio,Auto,2022-04,27,418779.48973601055
creciente,Loss Incurred,month,cumulative,Synthetic,Portfolio,Auto,2022-04,28,426911.758255907
creciente,Loss Incurred,month,cumulative,Synthetic,Portfolio,Auto,2022-04,29,434375.4636399451
creciente,Loss Incurred,month,cumulative,Synthetic,Portfolio,Auto,2022-04,30,441199.1563196214
creciente,Loss Incurred,month,cumulative,Synthetic,Portfolio,Auto,2022-04,31,447415.71792084386
creciente,Loss Incurred,month,cumulative,Synthetic,Portfolio,Auto,2022-04,32,453060.967130014
creciente,Loss Incurred,month,cumulative,Synthetic,Portfolio,Auto,2022-04,33,458172.44367868087
creciente,Loss Incurred,month,cumulative,Synthetic,Portfolio,Auto,2022-04,34,462788.38087129465
creciente,Loss Incurred,month,cumulative,Synthetic,Portfolio,Auto,2022-04,35,466946.8645672729
creciente,Loss Incurred,month,cumulative,Synthetic,Portfolio,Auto,2022-04,36,470685.1676395288
creciente,Loss Incurred,month,cumulative,Synthetic,Portfolio,Auto,2022-04,37,474039.2432494434
creciente,Loss Incurred,month,cumulative,Synthetic,Portfolio,Auto,2022-04,38,477043.3572308818
creciente,Loss Incurred,month,cumulative,Synthetic,Portfolio,Auto,2022-04,39,479729.8388523217
creciente,Loss Incurred,month,cumulative,Synthetic,Portfolio,Auto,2022-04,40,482128.92965304345
creciente,Loss Incurred,month,cumulative,Synthetic,Portfolio,Auto,2022-04,41,484268.7114327875
creciente,Loss Incurred,month,cumulative,Synthetic,Portfolio,Auto,2022-04,42,486175.0964171018
creciente,Loss Incurred,month,cumulative,Synthetic,Portfolio,Auto,2022-04,43,487871.86482196825
creciente,Loss Incurred,month,cumulative,Synthetic,Portfolio,Auto,2022-04,44,489380.7372869712
creciente,Loss Incurred,month,cumulative,Synthetic,Portfolio,Auto,2022-05,0,78979.24626420054
creciente,Loss Incurred,month,cumulative,Synthetic,Portfolio,Auto,2022-05,1,84409.8543992735
creciente,Loss Incurred,month,cumulative,Synthetic,Portfolio,Auto,2022-05,2,90393.5253626957
creciente,Loss Incurred,month,cumulative,Synthetic,Portfolio,Auto,2022-05,3,96961.42076365837
creciente,Loss Incurred,month,cumulative,Synthetic,Portfolio,Auto,2022-05,4,104140.39227970091
creciente,Loss Incurred,month,cumulative,Synthetic,Portfolio,Auto,2022-05,5,111951.39038985141
creciente,Loss Incurred,month,cumulative,Synthetic,Portfolio,Auto,2022-05,6,120407.76523190428
creciente,Loss Incurred,month,cumulative,Synthetic,Portfolio,Auto,2022-05,7,129513.53733769004
creciente,Loss Incurred,month,cumulative,Synthetic,Portfolio,Auto,2022-05,8,139261.74151198138
creciente,Loss Incurred,month,cumulative,Synthetic,Portfolio,Auto,2022-05,9,149632.96934041515
creciente,Loss Incurred,month,cumulative,Synthetic,Portfolio,Auto,2022-05,10,160594.25039287988
creciente,Loss Incurred,month,cumulative,Synthetic,Portfolio,Auto,2022-05,11,172098.4145046555
creciente,Loss Incurred,month,cumulative,Synthetic,Portfolio,Auto,2022-05,12,184084.06355489054
creciente,Loss Incurred,month,cumulative,Synthetic,Portfolio,Auto,2022-05,13,196476.24862554477
creciente,Loss Incurred,month,cumulative,Synthetic,Portfolio,Auto,2022-05,14,209187.89780588864
creciente,Loss Incurred,month,cumulative,Synthetic,Portfolio,Auto,2022-05,15,222121.97517911857
creciente,Loss Incurred,month,cumulative,Synthetic,Portfolio,Auto,2022-05,16,235174.28011249003
creciente,Loss Incurred,month,cumulative,Synthetic,Portfolio,Auto,2022-05,17,248236.72780468923
creciente,Loss Incurred,month,cumulative,Synthetic,Portfolio,Auto,2022-05,18,261200.89777793572
creciente,Loss Incurred,month,cumulative,Synthetic,Portfolio,Auto,2022-05,19,273961.6057547309
creciente,Loss Incurred,month,cumulative,Synthetic,Portfolio,Auto,2022-05,20,286420.25159846863
creciente,Loss Incurred,month,cumulative,Synthetic,Portfolio,Auto,2022-05,21,298487.7222135046
creciente,Loss Incurred,month,cumulative,Synthetic,Portfolio,Auto,2022-05,22,310086.6788847602
creciente,Loss Incurred,month,cumulative,Synthetic,Portfolio,Auto,2022-05,23,321153.12490755564
creciente,Loss Incurred,month,cumulative,Synthetic,Portfolio,Auto,2022-05,24,331637.22097160795
creciente,Loss Incurred,month,cumulative,Synthetic,Portfolio,Auto,2022-05,25,341503.3823941112
creciente,Loss Incurred,month,cumulative,Synthetic,Portfolio,Auto,2022-05,26,350729.7459542168
creciente,Loss Incurred,month,cumulative,Synthetic,Portfolio,Auto,2022-05,27,359307.13012256887
creciente,Loss Incurred,month,cumulative,Synthetic,Portfolio,Auto,2022-05,28,367237.62979945925
creciente,Loss Incurred,month,cumulative,Synthetic,Portfolio,Auto,2022-05,29,374532.9871242392
creciente,Loss Incurred,month,cumulative,Synthetic,Portfolio,Auto,2022-05,30,381212.86727677245
creciente,Loss Incurred,month,cumulative,Synthetic,Portfolio,Auto,2022-05,31,387303.1470476868
creciente,Loss Incurred,month,cumulative,Synthetic,Portfolio,Auto,2022-05,32,392834.2987600255
creciente,Loss Incurred,month,cumulative,Synthetic,Portfolio,Auto,2022-05,33,397839.92656660813
creciente,Loss Incurred,month,cumulative,Synthetic,Portfolio,Auto,2022-05,34,402355.48885141895
creciente,Loss Incurred,month,cumulative,Synthetic,Portfolio,Auto,2022-05,35,406417.2209769176
creciente,Loss Incurred,month,cumulative,Synthetic,Portfolio,Auto,2022-05,36,410061.25756850373
creciente,Loss Incurred,month,cumulative,Synthetic,Portfolio,Auto,2022-05,37,413322.9428575666
creciente,Loss Incurred,month,cumulative,Synthetic,Portfolio,Auto,2022-05,38,416236.3108292302
creciente,Loss Incurred,month,cumulative,Synthetic,Portfolio,Auto,2022-05,39,418833.71333667234
creciente,Loss Incurred,month,cumulative,Synthetic,Portfolio,Auto,2022-05,40,421145.5731903596
creciente,Loss Incurred,month,cumulative,Synthetic,Portfolio,Auto,2022-05,41,423200.2397945958
creciente,Loss Incurred,month,cumulative,Synthetic,Portfolio,Auto,2022-05,42,425023.92657622986
creciente,Loss Incurred,month,cumulative,Synthetic,Portfolio,Auto,2022-05,43,426640.71174745675
creciente,Loss Incurred,month,cumulative,Synthetic,Portfolio,Auto,2022-06,0,80913.96704779088
creciente,Loss Incurred,month,cumulative,Synthetic,Portfolio,Auto,2022-06,1,87239.35753434023
creciente,Loss Incurred,month,cumulative,Synthetic,Portfolio,Auto,2022-06,2,94269.82130999555
creciente,Loss Incurred,month,cumulative,Synthetic,Portfolio,Auto,2022-06,3,102046.34518314274
creciente,Loss Incurred,month,cumulative,Synthetic,Portfolio,Auto,2022-06,4,110602.33401521553
creciente,Loss Incurred,month,cumulative,Synthetic,Portfolio,Auto,2022-06,5,119960.84015804177
creciente,Loss Incurred,month,cumulative,Synthetic,Portfolio,Auto,2022-06,6,130131.66580229651
creciente,Loss Incurred,month,cumulative,Synthetic,Portfolio,Auto,2022-06,7,141108.52790444
creciente,Loss Incurred,month,cumulative,Synthetic,Portfolio,Auto,2022-06,8,152866.52865894942
creciente,Loss Incurred,month,cumulative,Synthetic,Portfolio,Auto,2022-06,9,165360.21221274446
creciente,Loss Incurred,month,cumulative,Synthetic,Portfolio,Auto,2022-06,10,178522.49795861536
creciente,Loss Incurred,month,cumulative,Synthetic,Portfolio,Auto,2022-06,11,192264.75106581318
creciente,Loss Incurred,month,cumulative,Synthetic,Portfolio,Auto,2022-06,12,206478.1755202856
creciente,Loss Incurred,month,cumulative,Synthetic,Portfolio,Auto,2022-06,13,221036.59579641782
creciente,Loss Incurred,month,cumulative,Synthetic,Portfolio,Auto,2022-06,14,235800.54274055877
creciente,Loss Incurred,month,cumulative,Synthetic,Portfolio,Auto,2022-06,15,250622.39953352537
creciente,Loss Incurred,month,cumulative,Synthetic,Portfolio,Auto,2022-06,16,265352.22289347794
creciente,Loss Incurred,month,cumulative,Synthetic,Portfolio,Auto,2022-06,17,279843.76054807194
creciente,Loss Incurred,month,cumulative,Synthetic,Portfolio,Auto,2022-06,18,293960.158029285
creciente,Loss Incurred,month,cumulative,Synthetic,Portfolio,Auto,2022-06,19,307578.8920018293
creciente,Loss Incurred,month,cumulative,Synthetic,Portfolio,Auto,2022-06,20,320595.57422533835
creciente,Loss Incurred,month,cumulative,Synthetic,Portfolio,Auto,2022-06,21,332926.41786636075
creciente,Loss Incurred,month,cumulative,Synthetic,Portfolio,Auto,2022-06,22,344509.3178530914
creciente,Loss Incurred,month,cumulative,Synthetic,Portfolio,Auto,2022-06,23,355303.6419813181
creciente,Loss Incurred,month,cumulative,Synthetic,Portfolio,Auto,2022-06,24,365288.9393393192
creciente,Loss Incurred,month,cumulative,Synthetic,Portfolio,Auto,2022-06,25,374462.83739229554
creciente,Loss Incurred,month,cumulative,Synthetic,Portfolio,Auto,2022-06,26,382838.4189714003
creciente,Loss Incurred,month,cumulative,Synthetic,Portfolio,Auto,2022-06,27,390441.3532708723
creciente,Loss Incurred,month,cumulative,Synthetic,Portfolio,Auto,2022-06,28,397307.012584854
creciente,Loss Incurred,month,cumulative,Synthetic,Portfolio,Auto,2022-06,29,403477.7513098949
creciente,Loss Incurred,month,cumulative,Synthetic,Portfolio,Auto,2022-06,30,409000.46624986693
creciente,Loss Incurred,month,cumulative,Synthetic,Portfolio,Auto,2022-06,31,413924.5049792452
creciente,Loss Incurred,month,cumulative,Synthetic,Portfolio,Auto,2022-06,32,418299.94621109177
creciente,Loss Incurred,month,cumulative,Synthetic,Portfolio,Auto,2022-06,33,422176.24430962553
creciente,Loss Incurred,month,cumulative,Synthetic,Portfolio,Auto,2022-06,34,425601.2088782564
creciente,Loss Incurred,month,cumulative,Synthetic,Portfolio,Auto,2022-06,35,428620.27820429316
creciente,Loss Incurred,month,cumulative,Synthetic,Portfolio,Auto,2022-06,36,431276.0402393499
creciente,Loss Incurred,month,cumulative,Synthetic,Portfolio,Auto,2022-06,37,433607.9547099867
creciente,Loss Incurred,month,cumulative,Synthetic,Portfolio,Auto,2022-06,38,435652.2331028507
creciente,Loss Incurred,month,cumulative,Synthetic,Portfolio,Auto,2022-06,39,437441.8382301611
creciente,Loss Incurred,month,cumulative,Synthetic,Portfolio,Auto,2022-06,40,439006.5708092081
creciente,Loss Incurred,month,cumulative,Synthetic,Portfolio,Auto,2022-06,41,440373.2162741651
creciente,Loss Incurred,month,cumulative,Synthetic,Portfolio,Auto,2022-06,42,441565.73044206924
creciente,Loss Incurred,month,cumulative,Synthetic,Portfolio,Auto,2022-07,0,81576.7837874427
creciente,Loss Incurred,month,cumulative,Synthetic,Portfolio,Auto,2022-07,1,89653.78834165072
creciente,Loss Incurred,month,cumulative,Synthetic,Portfolio,Auto,2022-07,2,98382.6915671913
creciente,Loss Incurred,month,cumulative,Synthetic,Portfolio,Auto,2022-07,3,107770.55647324884
creciente,Loss Incurred,month,cumulative,Synthetic,Portfolio,Auto,2022-07,4,117814.71362822481
creciente,Loss Incurred,month,cumulative,Synthetic,Portfolio,Auto,2022-07,5,128501.37613330499
creciente,Loss Incurred,month,cumulative,Synthetic,Portfolio,Auto,2022-07,6,139804.49757954283
creciente,Loss Incurred,month,cumulative,Synthetic,Portfolio,Auto,2022-07,7,151684.99104014024
creciente,Loss Incurred,month,cumulative,Synthetic,Portfolio,Auto,2022-07,8,164090.4220265803
creciente,Loss Incurred,month,cumulative,Synthetic,Portfolio,Auto,2022-07,9,176955.26968208677
creciente,Loss Incurred,month,cumulative,Synthetic,Portfolio,Auto,2022-07,10,190201.8175984385
creciente,Loss Incurred,month,cumulative,Synthetic,Portfolio,Auto,2022-07,11,203741.69006782945
creciente,Loss Incurred,month,cumulative,Synthetic,Portfolio,Auto,2022-07,12,217477.9953708338
creciente,Loss Incurred,month,cumulative,Synthetic,Portfolio,Auto,2022-07,13,231307.9811294228
creciente,Loss Incurred,month,cumulative,Synthetic,Portfolio,Auto,2022-07,14,245126.05543867126
creciente,Loss Incurred,month,cumulative,Synthetic,Portfolio,Auto,2022-07,15,258826.9890344691
creciente,Loss Incurred,month,cumulative,Synthetic,Portfolio,Auto,2022-07,16,272309.0942039594
creciente,Loss Incurred,month,cumulative,Synthetic,Portfolio,Auto,2022-07,17,285477.1786756073
creciente,Loss Incurred,month,cumulative,Synthetic,Portfolio,Auto,2022-07,18,298245.09692222514
creciente,Loss Incurred,month,cumulative,Synthetic,Portfolio,Auto,2022-07,19,310537.76326356013
creciente,Loss Incurred,month,cumulative,Synthetic,Portfolio,Auto,2022-07,20,322292.5443394971
creciente,Loss Incurred,month,cumulative,Synthetic,Portfolio,Auto,2022-07,21,333460.0052010176
creciente,Loss Incurred,month,cumulative,Synthetic,Portfolio,Auto,2022-07,22,344004.0360124919
creciente,Loss Incurred,month,cumulative,Synthetic,Portfolio,Auto,2022-07,23,353901.4293449599
creciente,Loss Incurred,month,cumulative,Synthetic,Portfolio,Auto,2022-07,24,363141.00777520257
creciente,Loss Incurred,month,cumulative,Synthetic,Portfolio,Auto,2022-07,25,371722.4169879234
creciente,Loss Incurred,month,cumulative,Synthetic,Portfolio,Auto,2022-07,26,379654.70193632116
creciente,Loss Incurred,month,cumulative,Synthetic,Portfolio,Auto,2022-07,27,386954.77543837286
creciente,Loss Incurred,month,cumulative,Synthetic,Portfolio,Auto,2022-07,28,393645.87316270964
creciente,Loss Incurred,month,cumulative,Synthetic,Portfolio,Auto,2022-07,29,399756.0696113647
creciente,Loss Incurred,month,cumulative,Synthetic,Portfolio,Auto,2022-07,30,405316.90931338986
creciente,Loss Incurred,month,cumulative,Synthetic,Portfolio,Auto,2022-07,31,410362.1881764425
creciente,Loss Incurred,month,cumulative,Synthetic,Portfolio,Auto,2022-07,32,414926.9032076425
creciente,Loss Incurred,month,cumulative,Synthetic,Portfolio,Auto,2022-07,33,419046.3753180964
creciente,Loss Incurred,month,cumulative,Synthetic,Portfolio,Auto,2022-07,34,422755.5398246696
creciente,Loss Incurred,month,cumulative,Synthetic,Portfolio,Auto,2022-07,35,426088.3923342772
creciente,Loss Incurred,month,cumulative,Synthetic,Portfolio,Auto,2022-07,36,429077.5734936791
creciente,Loss Incurred,month,cumulative,Synthetic,Portfolio,Auto,2022-07,37,431754.0740693908
creciente,Loss Incurred,month,cumulative,Synthetic,Portfolio,Auto,2022-07,38,434147.04144081014
creciente,Loss Incurred,month,cumulative,Synthetic,Portfolio,Auto,2022-07,39,436283.669349215
creciente,Loss Incurred,month,cumulative,Synthetic,Portfolio,Auto,2022-07,40,438189.1542301461
creciente,Loss Incurred,month,cumulative,Synthetic,Portfolio,Auto,2022-07,41,439886.7033396623
creciente,Loss Incurred,month,cumulative,Synthetic,Portfolio,Auto,2022-08,0,72000.05957021982
creciente,Loss Incurred,month,cumulative,Synthetic,Portfolio,Auto,2022-08,1,77801.33060585985
creciente,Loss Incurred,month,cumulative,Synthetic,Portfolio,Auto,2022-08,2,84222.69128747865
creciente,Loss Incurred,month,cumulative,Synthetic,Portfolio,Auto,2022-08,3,91296.31402646593
creciente,Loss Incurred,month,cumulative,Synthetic,Portfolio,Auto,2022-08,4,99047.28307335771
creciente,Loss Incurred,month,cumulative,Synthetic,Portfolio,Auto,2022-08,5,107491.31214938175
creciente,Loss Incurred,month,cumulative,Synthetic,Portfolio,Auto,2022-08,6,116632.41075842014
creciente,Loss Incurred,month,cumulative,Synthetic,Portfolio,Auto,2022-08,7,126460.66062537231
creciente,Loss Incurred,month,cumulative,Synthetic,Portfolio,Auto,2022-08,8,136950.30100216987
creciente,Loss Incurred,month,cumulative,Synthetic,Portfolio,Auto,2022-08,9,148058.34437127897
creciente,Loss Incurred,month,cumulative,Synthetic,Portfolio,Auto,2022-08,10,159723.94333404768
creciente,Loss Incurred,month,cumulative,Synthetic,Portfolio,Auto,2022-08,11,171868.69781302268
creciente,Loss Incurred,month,cumulative,Synthetic,Portfolio,Auto,2022-08,12,184398.0259169376
creciente,Loss Incurred,month,cumulative,Synthetic,Portfolio,Auto,2022-08,13,197203.6251506969
creciente,Loss Incurred,month,cumulative,Synthetic,Portfolio,Auto,2022-08,14,210166.93384666895
creciente,Loss Incurred,month,cumulative,Synthetic,Portfolio,Auto,2022-08,15,223163.38307836463
creciente,Loss Incurred,month,cumulative,Synthetic,Portfolio,Auto,2022-08,16,236067.1276427523
creciente,Loss Incurred,month,cumulative,Synthetic,Portfolio,Auto,2022-08,17,248755.88032829828
creciente,Loss Incurred,month,cumulative,Synthetic,Portfolio,Auto,2022-08,18,261115.4595517968
creciente,Loss Incurred,month,cumulative,Synthetic,Portfolio,Auto,2022-08,19,273043.6994496396
creciente,Loss Incurred,month,cumulative,Synthetic,Portfolio,Auto,2022-08,20,284453.45569523063
creciente,Loss Incurred,month,cumulative,Synthetic,Portfolio,Auto,2022-08,21,295274.55312446377
creciente,Loss Incurred,month,cumulative,Synthetic,Portfolio,Auto,2022-08,22,305454.64200933336
creciente,Loss Incurred,month,cumulative,Synthetic,Portfolio,Auto,2022-08,23,314959.03887545585
creciente,Loss Incurred,month,cumulative,Synthetic,Portfolio,Auto,2022-08,24,323769.71064543753
creciente,Loss Incurred,month,cumulative,Synthetic,Portfolio,Auto,2022-08,25,331883.610444677
creciente,Loss Incurred,month,cumulative,Synthetic,Portfolio,Auto,2022-08,26,339310.58967871696
creciente,Loss Incurred,month,cumulative,Synthetic,Portfolio,Auto,2022-08,27,346071.0994901324
creciente,Loss Incurred,month,cumulative,Synthetic,Portfolio,Auto,2022-08,28,352193.8638933214
creciente,Loss Incurred,month,cumulative,Synthetic,Portfolio,Auto,2022-08,29,357713.66579002206
creciente,Loss Incurred,month,cumulative,Synthetic,Portfolio,Auto,2022-08,30,362669.3435159995
creciente,Loss Incurred,month,cumulative,Synthetic,Portfolio,Auto,2022-08,31,367102.0552734708
creciente,Loss Incurred,month,cumulative,Synthetic,Portfolio,Auto,2022-08,32,371053.8351695245
creciente,Loss Incurred,month,cumulative,Synthetic,Portfolio,Auto,2022-08,33,374566.4390033663
creciente,Loss Incurred,month,cumulative,Synthetic,Portfolio,Auto,2022-08,34,377680.4603438879
creciente,Loss Incurred,month,cumulative,Synthetic,Portfolio,Auto,2022-08,35,380434.68682548305
creciente,Loss Incurred,month,cumulative,Synthetic,Portfolio,Auto,2022-08,36,382865.6615515114
creciente,Loss Incurred,month,cumulative,Synthetic,Portfolio,Auto,2022-08,37,385007.4135428531
creciente,Loss Incurred,month,cumulative,Synthetic,Portfolio,Auto,2022-08,38,386891.3229530246
creciente,Loss Incurred,month,cumulative,Synthetic,Portfolio,Auto,2022-08,39,388546.090182595
creciente,Loss Incurred,month,cumulative,Synthetic,Portfolio,Auto,2022-08,40,389997.7822244181
creciente,Loss Incurred,month,cumulative,Synthetic,Portfolio,Auto,2022-09,0,76663.60709285093
creciente,Loss Incurred,month,cumulative,Synthetic,Portfolio,Auto,2022-09,1,84602.85969367686
creciente,Loss Incurred,month,cumulative,Synthetic,Portfolio,Auto,2022-09,2,93248.10174600707
creciente,Loss Incurred,month,cumulative,Synthetic,Portfolio,Auto,2022-09,3,102609.99930377016
creciente,Loss Incurred,month,cumulative,Synthetic,Portfolio,Auto,2022-09,4,112687.21500745584
creciente,Loss Incurred,month,cumulative,Synthetic,Portfolio,Auto,2022-09,5,123464.47559223183
creciente,Loss Incurred,month,cumulative,Synthetic,Portfolio,Auto,2022-09,6,134910.98106217702
creciente,Loss Incurred,month,cumulative,Synthetic,Portfolio,Auto,2022-09,7,146979.3436184691
creciente,Loss Incurred,month,cumulative,Synthetic,Portfolio,Auto,2022-09,8,159605.23599319925
creciente,Loss Incurred,month,cumulative,Synthetic,Portfolio,Auto,2022-09,9,172707.89527057862
creciente,Loss Incurred,month,cumulative,Synthetic,Portfolio,Auto,2022-09,10,186191.56844744156
creciente,Loss Incurred,month,cumulative,Synthetic,Portfolio,Auto,2022-09,11,199947.90369394413
creciente,Loss Incurred,month,cumulative,Synthetic,Portfolio,Auto,2022-09,12,213859.19567886434
creciente,Loss Incurred,month,cumulative,Synthetic,Portfolio,Auto,2022-09,13,227802.29796824587
creciente,Loss Incurred,month,cumulative,Synthetic,Portfolio,Auto,2022-09,14,241652.93591006807
creciente,Loss Incurred,month,cumulative,Synthetic,Portfolio,Auto,2022-09,15,255290.1036804806
creciente,Loss Incurred,month,cumulative,Synthetic,Portfolio,Auto,2022-09,16,268600.2185386932
creciente,Loss Incurred,month,cumulative,Synthetic,Portfolio,Auto,2022-09,17,281480.7358342017
creciente,Loss Incurred,month,cumulative,Synthetic,Portfolio,Auto,2022-09,18,293842.99418288027
creciente,Loss Incurred,month,cumulative,Synthetic,Portfolio,Auto,2022-09,19,305614.149468588
creciente,Loss Incurred,month,cumulative,Synthetic,Portfolio,Auto,2022-09,20,316738.1536887784
creciente,Loss Incurred,month,cumulative,Synthetic,Portfolio,Auto,2022-09,21,327175.82521131187
creciente,Loss Incurred,month,cumulative,Synthetic,Portfolio,Auto,2022-09,22,336904.1291298797
creciente,Loss Incurred,month,cumulative,Synthetic,Portfolio,Auto,2022-09,23,345914.8335348218
creciente,Loss Incurred,month,cumulative,Synthetic,Portfolio,Auto,2022-09,24,354212.72839147976
creciente,Loss Incurred,month,cumulative,Synthetic,Portfolio,Auto,2022-09,25,361813.5914068642
creciente,Loss Incurred,month,cumulative,Synthetic,Portfolio,Auto,2022-09,26,368742.06552994373
creciente,Loss Incurred,month,cumulative,Synthetic,Portfolio,Auto,2022-09,27,375029.5823030406
creciente,Loss Incurred,month,cumulative,Synthetic,Portfolio,Auto,2022-09,28,380712.43046644767
creciente,Loss Incurred,month,cumulative,Synthetic,Portfolio,Auto,2022-09,29,385830.0350247067
creciente,Loss Incurred,month,cumulative,Synthetic,Portfolio,Auto,2022-09,30,390423.4817826944
creciente,Loss Incurred,month,cumulative,Synthetic,Portfolio,Auto,2022-09,31,394534.2979488212
creciente,Loss Incurred,month,cumulative,Synthetic,Portfolio,Auto,2022-09,32,398203.48130207363
creciente,Loss Incurred,month,cumulative,Synthetic,Portfolio,Auto,2022-09,33,401470.75826475665
creciente,Loss Incurred,month,cumulative,Synthetic,Portfolio,Auto,2022-09,34,404374.04413742514
creciente,Loss Incurred,month,cumulative,Synthetic,Portfolio,Auto,2022-09,35,406949.07564955566
creciente,Loss Incurred,month,cumulative,Synthetic,Portfolio,Auto,2022-09,36,409229.1857703228
creciente,Loss Incurred,month,cumulative,Synthetic,Portfolio,Auto,2022-09,37,411245.19244229404
creciente,Loss Incurred,month,cumulative,Synthetic,Portfolio,Auto,2022-09,38,413025.3757605922
creciente,Loss Incurred,month,cumulative,Synthetic,Portfolio,Auto,2022-09,39,414595.5215258361
creciente,Loss Incurred,month,cumulative,Synthetic,Portfolio,Auto,2022-10,0,69175.81677341195
creciente,Loss Incurred,month,cumulative,Synthetic,Portfolio,Auto,2022-10,1,74678.71038095221
creciente,Loss Incurred,month,cumulative,Synthetic,Portfolio,Auto,2022-10,2,80760.14676201309
creciente,Loss Incurred,month,cumulative,Synthetic,Portfolio,Auto,2022-10,3,87449.65290286776
creciente,Loss Incurred,month,cumulative,Synthetic,Portfolio,Auto,2022-10,4,94770.35291429347
creciente,Loss Incurred,month,cumulative,Synthetic,Portfolio,Auto,2022-10,5,102736.93560695363
creciente,Loss Incurred,month,cumulative,Synthetic,Portfolio,Auto,2022-10,6,111353.57449129998
creciente,Loss Incurred,month,cumulative,Synthetic,Portfolio,Auto,2022-10,7,120611.93879221352
creciente,Loss Incurred,month,cumulative,Synthetic,Portfolio,Auto,2022-10,8,130489.46615937873
creciente,Loss Incurred,month,cumulative,Synthetic,Portfolio,Auto,2022-10,9,140948.08800668907
creciente,Loss Incurred,month,cumulative,Synthetic,Portfolio,Auto,2022-10,10,151933.59934060532
creciente,Loss Incurred,month,cumulative,Synthetic,Portfolio,Auto,2022-10,11,163375.8402686798
creciente,Loss Incurred,month,cumulative,Synthetic,Portfolio,Auto,2022-10,12,175189.80309606966
creciente,Loss Incurred,month,cumulative,Synthetic,Portfolio,Auto,2022-10,13,187277.69911844173
creciente,Loss Incurred,month,cumulative,Synthetic,Portfolio,Auto,2022-10,14,199531.92110735274
creciente,Loss Incurred,month,cumulative,Synthetic,Portfolio,Auto,2022-10,15,211838.73482413392
creciente,Loss Incurred,month,cumulative,Synthetic,Portfolio,Auto,2022-10,16,224082.44268947683
creciente,Loss Incurred,month,cumulative,Synthetic,Portfolio,Auto,2022-10,17,236149.7014770383
creciente,Loss Incurred,month,cumulative,Synthetic,Portfolio,Auto,2022-10,18,247933.6554648209
creciente,Loss Incurred,month,cumulative,Synthetic,Portfolio,Auto,2022-10,19,259337.57093573338
creciente,Loss Incurred,month,cumulative,Synthetic,Portfolio,Auto,2022-10,20,270277.7224058994
creciente,Loss Incurred,month,cumulative,Synthetic,Portfolio,Auto,2022-10,21,280685.3730245212
creciente,Loss Incurred,month,cumulative,Synthetic,Portfolio,Auto,2022-10,22,290507.7945137926
creciente,Loss Incurred,month,cumulative,Synthetic,Portfolio,Auto,2022-10,23,299708.36895816325
creciente,Loss Incurred,month,cumulative,Synthetic,Portfolio,Auto,2022-10,24,308265.892380909
creciente,Loss Incurred,month,cumulative,Synthetic,Portfolio,Auto,2022-10,25,316173.25071984506
creciente,Loss Incurred,month,cumulative,Synthetic,Portfolio,Auto,2022-10,26,323435.6609605205
creciente,Loss Incurred,month,cumulative,Synthetic,Portfolio,Auto,2022-10,27,330068.6672047128
creciente,Loss Incurred,month,cumulative,Synthetic,Portfolio,Auto,2022-10,28,336096.0598068417
creciente,Loss Incurred,month,cumulative,Synthetic,Portfolio,Auto,2022-10,29,341547.852908126
creciente,Loss Incurred,month,cumulative,Synthetic,Portfolio,Auto,2022-10,30,346458.4186801217
creciente,Loss Incurred,month,cumulative,Synthetic,Portfolio,Auto,2022-10,31,350864.84076184226
creciente,Loss Incurred,month,cumulative,Synthetic,Portfolio,Auto,2022-10,32,354805.51826130203
creciente,Loss Incurred,month,cumulative,Synthetic,Portfolio,Auto,2022-10,33,358319.0270510413
creciente,Loss Incurred,month,cumulative,Synthetic,Portfolio,Auto,2022-10,34,361443.22728852456
creciente,Loss Incurred,month,cumulative,Synthetic,Portfolio,Auto,2022-10,35,364214.59458020696
creciente,Loss Incurred,month,cumulative,Synthetic,Portfolio,Auto,2022-10,36,366667.7459246216
creciente,Loss Incurred,month,cumulative,Synthetic,Portfolio,Auto,2022-10,37,368835.12928398413
creciente,Loss Incurred,month,cumulative,Synthetic,Portfolio,Auto,2022-10,38,370746.84615995345
creciente,Loss Incurred,month,cumulative,Synthetic,Portfolio,Auto,2022-11,0,73446.52409728065
creciente,Loss Incurred,month,cumulative,Synthetic,Portfolio,Auto,2022-11,1,80310.51964188821
creciente,Loss Incurred,month,cumulative,Synthetic,Portfolio,Auto,2022-11,2,87727.60543435915
creciente,Loss Incurred,month,cumulative,Synthetic,Portfolio,Auto,2022-11,3,95706.38607832075
creciente,Loss Incurred,month,cumulative,Synthetic,Portfolio,Auto,2022-11,4,104247.98376314857
creciente,Loss Incurred,month,cumulative,Synthetic,Portfolio,Auto,2022-11,5,113344.88056263438
creciente,Loss Incurred,month,cumulative,Synthetic,Portfolio,Auto,2022-11,6,122979.91390961701
creciente,Loss Incurred,month,cumulative,Synthetic,Portfolio,Auto,2022-11,7,133125.51437705697
creciente,Loss Incurred,month,cumulative,Synthetic,Portfolio,Auto,2022-11,8,143743.27493993618
creciente,Loss Incurred,month,cumulative,Synthetic,Portfolio,Auto,2022-11,9,154783.93168502822
creciente,Loss Incurred,month,cumulative,Synthetic,Portfolio,Auto,2022-11,10,166187.81638328393
creciente,Loss Incurred,month,cumulative,Synthetic,Portfolio,Auto,2022-11,11,177885.8117395663
creciente,Loss Incurred,month,cumulative,Synthetic,Portfolio,Auto,2022-11,12,189800.80248916594
creciente,Loss Incurred,month,cumulative,Synthetic,Portfolio,Auto,2022-11,13,201849.57353172643
creciente,Loss Incurred,month,cumulative,Synthetic,Portfolio,Auto,2022-11,14,213945.0650111171
creciente,Loss Incurred,month,cumulative,Synthetic,Portfolio,Auto,2022-11,15,225998.85924157785
creciente,Loss Incurred,month,cumulative,Synthetic,Portfolio,Auto,2022-11,16,237923.7507541565
creciente,Loss Incurred,month,cumulative,Synthetic,Portfolio,Auto,2022-11,17,249636.24210585703
creciente,Loss Incurred,month,cumulative,Synthetic,Portfolio,Auto,2022-11,18,261058.815807052
creciente,Loss Incurred,month,cumulative,Synthetic,Portfolio,Auto,2022-11,19,272121.8555734651
creciente,Loss Incurred,month,cumulative,Synthetic,Portfolio,Auto,2022-11,20,282765.12459652923
creciente,Loss Incurred,month,cumulative,Synthetic,Portfolio,Auto,2022-11,21,292938.74960098637
creciente,Loss Incurred,month,cumulative,Synthetic,Portfolio,Auto,2022-11,22,302603.7015421509
creciente,Loss Incurred,month,cumulative,Synthetic,Portfolio,Auto,2022-11,23,311731.8018020866
creciente,Loss Incurred,month,cumulative,Synthetic,Portfolio,Auto,2022-11,24,320305.31287276075
creciente,Loss Incurred,month,cumulative,Synthetic,Portfolio,Auto,2022-11,25,328316.1926619062
creciente,Loss Incurred,month,cumulative,Synthetic,Portfolio,Auto,2022-11,26,335765.10133554303
creciente,Loss Incurred,month,cumulative,Synthetic,Portfolio,Auto,2022-11,27,342660.2500465301
creciente,Loss Incurred,month,cumulative,Synthetic,Portfolio,Auto,2022-11,28,349016.17395295476
creciente,Loss Incurred,month,cumulative,Synthetic,Portfolio,Auto,2022-11,29,354852.4999837521
creciente,Loss Incurred,month,cumulative,Synthetic,Portfolio,Auto,2022-11,30,360192.7652159287
creciente,Loss Incurred,month,cumulative,Synthetic,Portfolio,Auto,2022-11,31,365063.32650609827
creciente,Loss Incurred,month,cumulative,Synthetic,Portfolio,Auto,2022-11,32,369492.3876869508
creciente,Loss Incurred,month,cumulative,Synthetic,Portfolio,Auto,2022-11,33,373509.15817834553
creciente,Loss Incurred,month,cumulative,Synthetic,Portfolio,Auto,2022-11,34,377143.14676990215
creciente,Loss Incurred,month,cumulative,Synthetic,Portfolio,Auto,2022-11,35,380423.586720458
creciente,Loss Incurred,month,cumulative,Synthetic,Portfolio,Auto,2022-11,36,383378.9830351212
creciente,Loss Incurred,month,cumulative,Synthetic,Portfolio,Auto,2022-11,37,386036.76950913883
creciente,Loss Incurred,month,cumulative,Synthetic,Portfolio,Auto,2022-12,0,76487.90055784959
creciente,Loss Incurred,month,cumulative,Synthetic,Portfolio,Auto,2022-12,1,83012.69774278169
creciente,Loss Incurred,month,cumulative,Synthetic,Portfolio,Auto,2022-12,2,90166.69732485585
creciente,Loss Incurred,month,cumulative,Synthetic,Portfolio,Auto,2022-12,3,97973.83880312211
creciente,Loss Incurred,month,cumulative,Synthetic,Portfolio,Auto,2022-12,4,106450.22580633535
creciente,Loss Incurred,month,cumulative,Synthetic,Portfolio,Auto,2022-12,5,115602.20322906914
creciente,Loss Incurred,month,cumulative,Synthetic,Portfolio,Auto,2022-12,6,125424.49132730496
creciente,Loss Incurred,month,cumulative,Synthetic,Portfolio,Auto,2022-12,7,135898.51796439532
creciente,Loss Incurred,month,cumulative,Synthetic,Portfolio,Auto,2022-12,8,146991.1095185554
creciente,Loss Incurred,month,cumulative,Synthetic,Portfolio,Auto,2022-12,9,158653.70634905767
creciente,Loss Incurred,month,cumulative,Synthetic,Portfolio,Auto,2022-12,10,170822.25500116588
creciente,Loss Incurred,month,cumulative,Synthetic,Portfolio,Auto,2022-12,11,183417.89330438818
creciente,Loss Incurred,month,cumulative,Synthetic,Portfolio,Auto,2022-12,12,196348.48635226727
creciente,Loss Incurred,month,cumulative,Synthetic,Portfolio,Auto,2022-12,13,209510.9955531184
creciente,Loss Incurred,month,cumulative,Synthetic,Portfolio,Auto,2022-12,14,222794.5784221154
creciente,Loss Incurred,month,cumulative,Synthetic,Portfolio,Auto,2022-12,15,236084.23572771755
creciente,Loss Incurred,month,cumulative,Synthetic,Portfolio,Auto,2022-12,16,249264.75819502462
creciente,Loss Incurred,month,cumulative,Synthetic,Portfolio,Auto,2022-12,17,262224.6884910955
creciente,Loss Incurred,month,cumulative,Synthetic,Portfolio,Auto,2022-12,18,274860.0123340895
creciente,Loss Incurred,month,cumulative,Synthetic,Portfolio,Auto,2022-12,19,287077.32562809775
creciente,Loss Incurred,month,cumulative,Synthetic,Portfolio,Auto,2022-12,20,298796.2864749381
creciente,Loss Incurred,month,cumulative,Synthetic,Portfolio,Auto,2022-12,21,309951.24083579215
creciente,Loss Incurred,month,cumulative,Synthetic,Portfolio,Auto,2022-12,22,320491.9953826729
creciente,Loss Incurred,month,cumulative,Synthetic,Portfolio,Auto,2022-12,23,330383.7882822594
creciente,Loss Incurred,month,cumulative,Synthetic,Portfolio,Auto,2022-12,24,339606.56896246853
creciente,Loss Incurred,month,cumulative,Synthetic,Portfolio,Auto,2022-12,25,348153.7363383244
creciente,Loss Incurred,month,cumulative,Synthetic,Portfolio,Auto,2022-12,26,356030.50092869165
creciente,Loss Incurred,month,cumulative,Synthetic,Portfolio,Auto,2022-12,27,363252.0326930565
creciente,Loss Incurred,month,cumulative,Synthetic,Portfolio,Auto,2022-12,28,369841.53828967945
creciente,Loss Incurred,month,cumulative,Synthetic,Portfolio,Auto,2022-12,29,375828.3845345963
creciente,Loss Incurred,month,cumulative,Synthetic,Portfolio,Auto,2022-12,30,381246.35442965786
creciente,Loss Incurred,month,cumulative,Synthetic,Portfolio,Auto,2022-12,31,386132.09241507074
creciente,Loss Incurred,month,cumulative,Synthetic,Portfolio,Auto,2022-12,32,390523.76929702226
creciente,Loss Incurred,month,cumulative,Synthetic,Portfolio,Auto,2022-12,33,394459.9760968755
creciente,Loss Incurred,month,cumulative,Synthetic,Portfolio,Auto,2022-12,34,397978.8402944382
creciente,Loss Incurred,month,cumulative,Synthetic,Portfolio,Auto,2022-12,35,401117.34728320857
creciente,Loss Incurred,month,cumulative,Synthetic,Portfolio,Auto,2022-12,36,403910.84357913944
creciente,Loss Incurred,month,cumulative,Synthetic,Portfolio,Auto,2023-01,0,73642.97897267061
creciente,Loss Incurred,month,cumulative,Synthetic,Portfolio,Auto,2023-01,1,80140.38012039862
creciente,Loss Incurred,month,cumulative,Synthetic,Portfolio,Auto,2023-01,2,87223.69405165208
creciente,Loss Incurred,month,cumulative,Synthetic,Portfolio,Auto,2023-01,3,94910.23292257698
creciente,Loss Incurred,month,cumulative,Synthetic,Portfolio,Auto,2023-01,4,103209.74548086643
creciente,Loss Incurred,month,cumulative,Synthetic,Portfolio,Auto,2023-01,5,112122.84955809916
creciente,Loss Incurred,month,cumulative,Synthetic,Portfolio,Auto,2023-01,6,121639.56553492119
creciente,Loss Incurred,month,cumulative,Synthetic,Portfolio,Auto,2023-01,7,131738.06770232163
creciente,Loss Incurred,month,cumulative,Synthetic,Portfolio,Auto,2023-01,8,142383.78032448748
creciente,Loss Incurred,month,cumulative,Synthetic,Portfolio,Auto,2023-01,9,153528.9432426274
creciente,Loss Incurred,month,cumulative,Synthetic,Portfolio,Auto,2023-01,10,165112.75493324714
creciente,Loss Incurred,month,cumulative,Synthetic,Portfolio,Auto,2023-01,11,177062.16768123867
creciente,Loss Incurred,month,cumulative,Synthetic,Portfolio,Auto,2023-01,12,189293.361163424
creciente,Loss Incurred,month,cumulative,Synthetic,Portfolio,Auto,2023-01,13,201713.8615008992
creciente,Loss Incurred,month,cumulative,Synthetic,Portfolio,Auto,2023-01,14,214225.20977367833
creciente,Loss Incurred,month,cumulative,Synthetic,Portfolio,Auto,2023-01,15,226726.02596064555
creciente,Loss Incurred,month,cumulative,Synthetic,Portfolio,Auto,2023-01,16,239115.2703113738
creciente,Loss Incurred,month,cumulative,Synthetic,Portfolio,Auto,2023-01,17,251295.48157196975
creciente,Loss Incurred,month,cumulative,Synthetic,Portfolio,Auto,2023-01,18,263175.7741560051
creciente,Loss Incurred,month,cumulative,Synthetic,Portfolio,Auto,2023-01,19,274674.4038107529
creciente,Loss Incurred,month,cumulative,Synthetic,Portfolio,Auto,2023-01,20,285720.7588829222
creciente,Loss Incurred,month,cumulative,Synthetic,Portfolio,Auto,2023-01,21,296256.69412463397
creciente,Loss Incurred,month,cumulative,Synthetic,Portfolio,Auto,2023-01,22,306237.18694112037
creciente,Loss Incurred,month,cumulative,Synthetic,Portfolio,Auto,2023-01,23,315630.35346369154
creciente,Loss Incurred,month,cumulative,Synthetic,Portfolio,Auto,2023-01,24,324416.9073148436
creciente,Loss Incurred,month,cumulative,Synthetic,Portfolio,Auto,2023-01,25,332589.1738106011
creciente,Loss Incurred,month,cumulative,Synthetic,Portfolio,Auto,2023-01,26,340149.78599099035
creciente,Loss Incurred,month,cumulative,Synthetic,Portfolio,Auto,2023-01,27,347110.1880878431
creciente,Loss Incurred,month,cumulative,Synthetic,Portfolio,Auto,2023-01,28,353489.06018291716
creciente,Loss Incurred,month,cumulative,Synthetic,Portfolio,Auto,2023-01,29,359310.75884304056
creciente,Loss Incurred,month,cumulative,Synthetic,Portfolio,Auto,2023-01,30,364603.8462421276
creciente,Loss Incurred,month,cumulative,Synthetic,Portfolio,Auto,2023-01,31,369399.7578174082
creciente,Loss Incurred,month,cumulative,Synthetic,Portfolio,Auto,2023-01,32,373731.63807754416
creciente,Loss Incurred,month,cumulative,Synthetic,Portfolio,Auto,2023-01,33,377633.3570873714
creciente,Loss Incurred,month,cumulative,Synthetic,Portfolio,Auto,2023-01,34,381138.70692335337
creciente,Loss Incurred,month,cumulative,Synthetic,Portfolio,Auto,2023-01,35,384280.767974994
creciente,Loss Incurred,month,cumulative,Synthetic,Portfolio,Auto,2023-02,0,90162.79328958018
creciente,Loss Incurred,month,cumulative,Synthetic,Portfolio,Auto,2023-02,1,97892.76611284839
creciente,Loss Incurred,month,cumulative,Synthetic,Portfolio,Auto,2023-02,2,106332.30009932103
creciente,Loss Incurred,month,cumulative,Synthetic,Portfolio,Auto,2023-02,3,115504.94958460637
creciente,Loss Incurred,month,cumulative,Synthetic,Portfolio,Auto,2023-02,4,125425.52264073759
creciente,Loss Incurred,month,cumulative,Synthetic,Portfolio,Auto,2023-02,5,136098.13607599094
creciente,Loss Incurred,month,cumulative,Synthetic,Portfolio,Auto,2023-02,6,147514.35794455415
creciente,Loss Incurred,month,cumulative,Synthetic,Portfolio,Auto,2023-02,7,159651.57700892055
creciente,Loss Incurred,month,cumulative,Synthetic,Portfolio,Auto,2023-02,8,172471.75415392235
creciente,Loss Incurred,month,cumulative,Synthetic,Portfolio,Auto,2023-02,9,185920.71286281242
creciente,Loss Incurred,month,cumulative,Synthetic,Portfolio,Auto,2023-02,10,199928.11025480687
creciente,Loss Incurred,month,cumulative,Synthetic,Portfolio,Auto,2023-02,11,214408.19442541778
creciente,Loss Incurred,month,cumulative,Synthetic,Portfolio,Auto,2023-02,12,229261.39847886618
creciente,Loss Incurred,month,cumulative,Synthetic,Portfolio,Auto,2023-02,13,244376.7509523111
creciente,Loss Incurred,month,cumulative,Synthetic,Portfolio,Auto,2023-02,14,259635.00423939078
creciente,Loss Incurred,month,cumulative,Synthetic,Portfolio,Auto,2023-02,15,274912.30775669933
creciente,Loss Incurred,month,cumulative,Synthetic,Portfolio,Auto,2023-02,16,290084.19241618237
creciente,Loss Incurred,month,cumulative,Synthetic,Portfolio,Auto,2023-02,17,305029.5973736739
creciente,Loss Incurred,month,cumulative,Synthetic,Portfolio,Auto,2023-02,18,319634.6651258302
creciente,Loss Incurred,month,cumulative,Synthetic,Portfolio,Auto,2023-02,19,333796.0576782558
creciente,Loss Incurred,month,cumulative,Synthetic,Portfolio,Auto,2023-02,20,347423.6001000337
creciente,Loss Incurred,month,cumulative,Synthetic,Portfolio,Auto,2023-02,21,360442.12935446127
creciente,Loss Incurred,month,cumulative,Synthetic,Portfolio,Auto,2023-02,22,372792.50461126067
creciente,Loss Incurred,month,cumulative,Synthetic,Portfolio,Auto,2023-02,23,384431.80918747274
creciente,Loss Incurred,month,cumulative,Synthetic,Portfolio,Auto,2023-02,24,395332.8349257272
creciente,Loss Incurred,month,cumulative,Synthetic,Portfolio,Auto,2023-02,25,405482.98177600413
creciente,Loss Incurred,month,cumulative,Synthetic,Portfolio,Auto,2023-02,26,414882.72696575633
creciente,Loss Incurred,month,cumulative,Synthetic,Portfolio,Auto,2023-02,27,423543.8210475782
creciente,Loss Incurred,month,cumulative,Synthetic,Portfolio,Auto,2023-02,28,431487.3561439484
creciente,Loss Incurred,month,cumulative,Synthetic,Portfolio,Auto,2023-02,29,438741.8297338023
creciente,Loss Incurred,month,cumulative,Synthetic,Portfolio,Auto,2023-02,30,445341.30020553333
creciente,Loss Incurred,month,cumulative,Synthetic,Portfolio,Auto,2023-02,31,451323.7022650064
creciente,Loss Incurred,month,cumulative,Synthetic,Portfolio,Auto,2023-02,32,456729.36416826333
creciente,Loss Incurred,month,cumulative,Synthetic,Portfolio,Auto,2023-02,33,461599.74651816225
creciente,Loss Incurred,month,cumulative,Synthetic,Portfolio,Auto,2023-02,34,465976.40487156034
creciente,Loss Incurred,month,cumulative,Synthetic,Portfolio,Auto,2023-03,0,83381.26342302504
creciente,Loss Incurred,month,cumulative,Synthetic,Portfolio,Auto,2023-03,1,92697.72939653326
creciente,Loss Incurred,month,cumulative,Synthetic,Portfolio,Auto,2023-03,2,102882.07808725724
creciente,Loss Incurred,month,cumulative,Synthetic,Portfolio,Auto,2023-03,3,113944.70435352168
creciente,Loss Incurred,month,cumulative,Synthetic,Portfolio,Auto,2023-03,4,125878.79126803859
creciente,Loss Incurred,month,cumulative,Synthetic,Portfolio,Auto,2023-03,5,138657.62287673538
creciente,Loss Incurred,month,cumulative,Synthetic,Portfolio,Auto,2023-03,6,152232.51659617326
creciente,Loss Incurred,month,cumulative,Synthetic,Portfolio,Auto,2023-03,7,166531.68043959196
creciente,Loss Incurred,month,cumulative,Synthetic,Portfolio,Auto,2023-03,8,181460.26951435
creciente,Loss Incurred,month,cumulative,Synthetic,Portfolio,Auto,2023-03,9,196901.83799826185
creciente,Loss Incurred,month,cumulative,Synthetic,Portfolio,Auto,2023-03,10,212721.25896584513
creciente,Loss Incurred,month,cumulative,Synthetic,Portfolio,Auto,2023-03,11,228769.02759744125
creciente,Loss Incurred,month,cumulative,Synthetic,Portfolio,Auto,2023-03,12,244886.69623536945
creciente,Loss Incurred,month,cumulative,Synthetic,Portfolio,Auto,2023-03,13,260913.0414959629
creciente,Loss Incurred,month,cumulative,Synthetic,Portfolio,Auto,2023-03,14,276690.46285681956
creciente,Loss Incurred,month,cumulative,Synthetic,Portfolio,Auto,2023-03,15,292071.0795221312
creciente,Loss Incurred,month,cumulative,Synthetic,Portfolio,Auto,2023-03,16,306922.0348141541
creciente,Loss Incurred,month,cumulative,Synthetic,Portfolio,Auto,2023-03,17,321129.62589861976
creciente,Loss Incurred,month,cumulative,Synthetic,Portfolio,Auto,2023-03,18,334602.02915739216
creciente,Loss Incurred,month,cumulative,Synthetic,Portfolio,Auto,2023-03,19,347270.55882626114
creciente,Loss Incurred,month,cumulative,Synthetic,Portfolio,Auto,2023-03,20,359089.55007271277
creciente,Loss Incurred,month,cumulative,Synthetic,Portfolio,Auto,2023-03,21,370035.075931133
creciente,Loss Incurred,month,cumulative,Synthetic,Portfolio,Auto,2023-03,22,380102.77930862695
creciente,Loss Incurred,month,cumulative,Synthetic,Portfolio,Auto,2023-03,23,389305.12604585674
creciente,Loss Incurred,month,cumulative,Synthetic,Portfolio,Auto,2023-03,24,397668.3702955028
creciente,Loss Incurred,month,cumulative,Synthetic,Portfolio,Auto,2023-03,25,405229.48125283216
creciente,Loss Incurred,month,cumulative,Synthetic,Portfolio,Auto,2023-03,26,412033.22342766257
creciente,Loss Incurred,month,cumulative,Synthetic,Portfolio,Auto,2023-03,27,418129.52237409196
creciente,Loss Incurred,month,cumulative,Synthetic,Portfolio,Auto,2023-03,28,423571.19221674965
creciente,Loss Incurred,month,cumulative,Synthetic,Portfolio,Auto,2023-03,29,428412.05521036335
creciente,Loss Incurred,month,cumulative,Synthetic,Portfolio,Auto,2023-03,30,432705.4488319804
creciente,Loss Incurred,month,cumulative,Synthetic,Portfolio,Auto,2023-03,31,436503.0923216382
creciente,Loss Incurred,month,cumulative,Synthetic,Portfolio,Auto,2023-03,32,439854.2706809903
creciente,Loss Incurred,month,cumulative,Synthetic,Portfolio,Auto,2023-03,33,442805.2878661909
creciente,Loss Incurred,month,cumulative,Synthetic,Portfolio,Auto,2023-04,0,87289.5438483678
creciente,Loss Incurred,month,cumulative,Synthetic,Portfolio,Auto,2023-04,1,94750.42734922815
creciente,Loss Incurred,month,cumulative,Synthetic,Portfolio,Auto,2023-04,2,102898.13056111711
creciente,Loss Incurred,month,cumulative,Synthetic,Portfolio,Auto,2023-04,3,111755.77606604743
creciente,Loss Incurred,month,cumulative,Synthetic,Portfolio,Auto,2023-04,4,121338.05958664535
creciente,Loss Incurred,month,cumulative,Synthetic,Portfolio,Auto,2023-04,5,131649.3585669372
creciente,Loss Incurred,month,cumulative,Synthetic,Portfolio,Auto,2023-04,6,142681.92161135265
creciente,Loss Incurred,month,cumulative,Synthetic,Portfolio,Auto,2023-04,7,154414.2738930324
creciente,Loss Incurred,month,cumulative,Synthetic,Portfolio,Auto,2023-04,8,166809.98916067678
creciente,Loss Incurred,month,cumulative,Synthetic,Portfolio,Auto,2023-04,9,179816.98152875752
creciente,Loss Incurred,month,cumulative,Synthetic,Portfolio,Auto,2023-04,10,193367.45561246545
creciente,Loss Incurred,month,cumulative,Synthetic,Portfolio,Auto,2023-04,11,207378.61932389674
creciente,Loss Incurred,month,cumulative,Synthetic,Portfolio,Auto,2023-04,12,221754.21021764443
creciente,Loss Incurred,month,cumulative,Synthetic,Portfolio,Auto,2023-04,13,236386.81770758276
creciente,Loss Incurred,month,cumulative,Synthetic,Portfolio,Auto,2023-04,14,251160.90742636734
creciente,Loss Incurred,month,cumulative,Synthetic,Portfolio,Auto,2023-04,15,265956.380794484
creciente,Loss Incurred,month,cumulative,Synthetic,Portfolio,Auto,2023-04,16,280652.4437000649
creciente,Loss Incurred,month,cumulative,Synthetic,Portfolio,Auto,2023-04,17,295131.52280512714
creciente,Loss Incurred,month,cumulative,Synthetic,Portfolio,Auto,2023-04,18,309282.962466367
creciente,Loss Incurred,month,cumulative,Synthetic,Portfolio,Auto,2023-04,19,323006.26055428263
creciente,Loss Incurred,month,cumulative,Synthetic,Portfolio,Auto,2023-04,20,336213.6531907835
creciente,Loss Incurred,month,cumulative,Synthetic,Portfolio,Auto,2023-04,21,348831.92792855506
creciente,Loss Incurred,month,cumulative,Synthetic,Portfolio,Auto,2023-04,22,360803.4212110034
creciente,Loss Incurred,month,cumulative,Synthetic,Portfolio,Auto,2023-04,23,372086.22820135433
creciente,Loss Incurred,month,cumulative,Synthetic,Portfolio,Auto,2023-04,24,382653.71249860385
creciente,Loss Incurred,month,cumulative,Synthetic,Portfolio,Auto,2023-04,25,392493.4445013973
creciente,Loss Incurred,month,cumulative,Synthetic,Portfolio,Auto,2023-04,26,401605.7185793211
creciente,Loss Incurred,month,cumulative,Synthetic,Portfolio,Auto,2023-04,27,410001.8023047942
creciente,Loss Incurred,month,cumulative,Synthetic,Portfolio,Auto,2023-04,28,417702.059512848
creciente,Loss Incurred,month,cumulative,Synthetic,Portfolio,Auto,2023-04,29,424734.06763827795
creciente,Loss Incurred,month,cumulative,Synthetic,Portfolio,Auto,2023-04,30,431130.8233814066
creciente,Loss Incurred,month,cumulative,Synthetic,Portfolio,Auto,2023-04,31,436929.10331999895
creciente,Loss Incurred,month,cumulative,Synthetic,Portfolio,Auto,2023-04,32,442168.0205914249
creciente,Loss Incurred,month,cumulative,Synthetic,Portfolio,Auto,2023-05,0,89566.82932062821
creciente,Loss Incurred,month,cumulative,Synthetic,Portfolio,Auto,2023-05,1,97570.67240400956
creciente,Loss Incurred,month,cumulative,Synthetic,Portfolio,Auto,2023-05,2,106331.87926234028
creciente,Loss Incurred,month,cumulative,Synthetic,Portfolio,Auto,2023-05,3,115875.39918334989
creciente,Loss Incurred,month,cumulative,Synthetic,Portfolio,Auto,2023-05,4,126215.94952013179
creciente,Loss Incurred,month,cumulative,Synthetic,Portfolio,Auto,2023-05,5,137355.7345359388
creciente,Loss Incurred,month,cumulative,Synthetic,Portfolio,Auto,2023-05,6,149282.29671116895
creciente,Loss Incurred,month,cumulative,Synthetic,Portfolio,Auto,2023-05,7,161966.68024142517
creciente,Loss Incurred,month,cumulative,Synthetic,Portfolio,Auto,2023-05,8,175362.1036476823
creciente,Loss Incurred,month,cumulative,Synthetic,Portfolio,Auto,2023-05,9,189403.33619271073
creciente,Loss Incurred,month,cumulative,Synthetic,Portfolio,Auto,2023-05,10,204006.9456858188
creciente,Loss Incurred,month,cumulative,Synthetic,Portfolio,Auto,2023-05,11,219072.53088105298
creciente,Loss Incurred,month,cumulative,Synthetic,Portfolio,Auto,2023-05,12,234484.97229262564
creciente,Loss Incurred,month,cumulative,Synthetic,Portfolio,Auto,2023-05,13,250117.63854605216
creciente,Loss Incurred,month,cumulative,Synthetic,Portfolio,Auto,2023-05,14,265836.38395499554
creciente,Loss Incurred,month,cumulative,Synthetic,Portfolio,Auto,2023-05,15,281504.08240702574
creciente,Loss Incurred,month,cumulative,Synthetic,Portfolio,Auto,2023-05,16,296985.3781894059
creciente,Loss Incurred,month,cumulative,Synthetic,Portfolio,Auto,2023-05,17,312151.3076644638
creciente,Loss Incurred,month,cumulative,Synthetic,Portfolio,Auto,2023-05,18,326883.4616561411
creciente,Loss Incurred,month,cumulative,Synthetic,Portfolio,Auto,2023-05,19,341077.4140743924
creciente,Loss Incurred,month,cumulative,Synthetic,Portfolio,Auto,2023-05,20,354645.2275821128
creciente,Loss Incurred,month,cumulative,Synthetic,Portfolio,Auto,2023-05,21,367516.94729960983
creciente,Loss Incurred,month,cumulative,Synthetic,Portfolio,Auto,2023-05,22,379641.0928204332
creciente,Loss Incurred,month,cumulative,Synthetic,Portfolio,Auto,2023-05,23,390984.2435799693
creciente,Loss Incurred,month,cumulative,Synthetic,Portfolio,Auto,2023-05,24,401529.8738271101
creciente,Loss Incurred,month,cumulative,Synthetic,Portfolio,Auto,2023-05,25,411276.62748115737
creciente,Loss Incurred,month,cumulative,Synthetic,Portfolio,Auto,2023-05,26,420236.23132937594
creciente,Loss Incurred,month,cumulative,Synthetic,Portfolio,Auto,2023-05,27,428431.2321790385
creciente,Loss Incurred,month,cumulative,Synthetic,Portfolio,Auto,2023-05,28,435892.7163398539
creciente,Loss Incurred,month,cumulative,Synthetic,Portfolio,Auto,2023-05,29,442658.13497958606
creciente,Loss Incurred,month,cumulative,Synthetic,Portfolio,Auto,2023-05,30,448769.322316921
creciente,Loss Incurred,month,cumulative,Synthetic,Portfolio,Auto,2023-05,31,454270.75959650823
creciente,Loss Incurred,month,cumulative,Synthetic,Portfolio,Auto,2023-06,0,86244.44115778814
creciente,Loss Incurred,month,cumulative,Synthetic,Portfolio,Auto,2023-06,1,93804.39409933396
creciente,Loss Incurred,month,cumulative,Synthetic,Portfolio,Auto,2023-06,2,101954.28547475665
creciente,Loss Incurred,month,cumulative,Synthetic,Portfolio,Auto,2023-06,3,110704.69752687933
creciente,Loss Incurred,month,cumulative,Synthetic,Portfolio,Auto,2023-06,4,120059.18571345462
creciente,Loss Incurred,month,cumulative,Synthetic,Portfolio,Auto,2023-06,5,130013.1610848435
creciente,Loss Incurred,month,cumulative,Synthetic,Portfolio,Auto,2023-06,6,140552.88617728828
creciente,Loss Incurred,month,cumulative,Synthetic,Portfolio,Auto,2023-06,7,151654.6598718653
creciente,Loss Incurred,month,cumulative,Synthetic,Portfolio,Auto,2023-06,8,163284.26911883935
creciente,Loss Incurred,month,cumulative,Synthetic,Portfolio,Auto,2023-06,9,175396.78108906778
creciente,Loss Incurred,month,cumulative,Synthetic,Portfolio,Auto,2023-06,10,187936.73702473877
creciente,Loss Incurred,month,cumulative,Synthetic,Portfolio,Auto,2023-06,11,200838.7885279311
creciente,Loss Incurred,month,cumulative,Synthetic,Portfolio,Auto,2023-06,12,214028.78911207253
creciente,Loss Incurred,month,cumulative,Synthetic,Portfolio,Auto,2023-06,13,227425.3206927871
creciente,Loss Incurred,month,cumulative,Synthetic,Portfolio,Auto,2023-06,14,240941.59961404998
creciente,Loss Incurred,month,cumulative,Synthetic,Portfolio,Auto,2023-06,15,254487.67386313126
creciente,Loss Incurred,month,cumulative,Synthetic,Portfolio,Auto,2023-06,16,267972.79653962655
creciente,Loss Incurred,month,cumulative,Synthetic,Portfolio,Auto,2023-06,17,281307.8440370315
creciente,Loss Incurred,month,cumulative,Synthetic,Portfolio,Auto,2023-06,18,294407.6431235017
creciente,Loss Incurred,month,cumulative,Synthetic,Portfolio,Auto,2023-06,19,307193.0797872172
creciente,Loss Incurred,month,cumulative,Synthetic,Portfolio,Auto,2023-06,20,319592.8830947871
creciente,Loss Incurred,month,cumulative,Synthetic,Portfolio,Auto,2023-06,21,331545.0065398531
creciente,Loss Incurred,month,cumulative,Synthetic,Portfolio,Auto,2023-06,22,342997.56352028373
creciente,Loss Incurred,month,cumulative,Synthetic,Portfolio,Auto,2023-06,23,353909.3084298767
creciente,Loss Incurred,month,cumulative,Synthetic,Portfolio,Auto,2023-06,24,364249.68651783006
creciente,Loss Incurred,month,cumulative,Synthetic,Portfolio,Auto,2023-06,25,373998.50122117583
creciente,Loss Incurred,month,cumulative,Synthetic,Portfolio,Auto,2023-06,26,383145.2654074811
creciente,Loss Incurred,month,cumulative,Synthetic,Portfolio,Auto,2023-06,27,391688.3124349626
creciente,Loss Incurred,month,cumulative,Synthetic,Portfolio,Auto,2023-06,28,399633.74477535614
creciente,Loss Incurred,month,cumulative,Synthetic,Portfolio,Auto,2023-06,29,406994.29353227216
creciente,Loss Incurred,month,cumulative,Synthetic,Portfolio,Auto,2023-06,30,413788.1532915513
creciente,Loss Incurred,month,cumulative,Synthetic,Portfolio,Auto,2023-07,0,84819.39070060547
creciente,Loss Incurred,month,cumulative,Synthetic,Portfolio,Auto,2023-07,1,93165.10704823112
creciente,Loss Incurred,month,cumulative,Synthetic,Portfolio,Auto,2023-07,2,102364.139588702
creciente,Loss Incurred,month,cumulative,Synthetic,Portfolio,Auto,2023-07,3,112444.35664767989
creciente,Loss Incurred,month,cumulative,Synthetic,Portfolio,Auto,2023-07,4,123419.32424168543
creciente,Loss Incurred,month,cumulative,Synthetic,Portfolio,Auto,2023-07,5,135285.0709433187
creciente,Loss Incurred,month,cumulative,Synthetic,Portfolio,Auto,2023-07,6,148017.1530554077
creciente,Loss Incurred,month,cumulative,Synthetic,Portfolio,Auto,2023-07,7,161568.33787445194
creciente,Loss Incurred,month,cumulative,Synthetic,Portfolio,Auto,2023-07,8,175867.2398628689
creciente,Loss Incurred,month,cumulative,Synthetic,Portfolio,Auto,2023-07,9,190818.21729859087
creciente,Loss Incurred,month,cumulative,Synthetic,Portfolio,Auto,2023-07,10,206302.75681747412
creciente,Loss Incurred,month,cumulative,Synthetic,Portfolio,Auto,2023-07,11,222182.44098398677
creciente,Loss Incurred,month,cumulative,Synthetic,Portfolio,Auto,2023-07,12,238303.42261850068
creciente,Loss Incurred,month,cumulative,Synthetic,Portfolio,Auto,2023-07,13,254502.14406445125
creciente,Loss Incurred,month,cumulative,Synthetic,Portfolio,Auto,2023-07,14,270611.8726754369
creciente,Loss Incurred,month,cumulative,Synthetic,Portfolio,Auto,2023-07,15,286469.5085039723
creciente,Loss Incurred,month,cumulative,Synthetic,Portfolio,Auto,2023-07,16,301922.0807622252
creciente,Loss Incurred,month,cumulative,Synthetic,Portfolio,Auto,2023-07,17,316832.3946484978
creciente,Loss Incurred,month,cumulative,Synthetic,Portfolio,Auto,2023-07,18,331083.4098362925
creciente,Loss Incurred,month,cumulative,Synthetic,Portfolio,Auto,2023-07,19,344581.1011754749
creciente,Loss Incurred,month,cumulative,Synthetic,Portfolio,Auto,2023-07,20,357255.7377252217
creciente,Loss Incurred,month,cumulative,Synthetic,Portfolio,Auto,2023-07,21,369061.68566362804
creciente,Loss Incurred,month,cumulative,Synthetic,Portfolio,Auto,2023-07,22,379975.96963454055
creciente,Loss Incurred,month,cumulative,Synthetic,Portfolio,Auto,2023-07,23,389995.9035610223
creciente,Loss Incurred,month,cumulative,Synthetic,Portfolio,Auto,2023-07,24,399136.1258526492
creciente,Loss Incurred,month,cumulative,Synthetic,Portfolio,Auto,2023-07,25,407425.3543597608
creciente,Loss Incurred,month,cumulative,Synthetic,Portfolio,Auto,2023-07,26,414903.12728719926
creciente,Loss Incurred,month,cumulative,Synthetic,Portfolio,Auto,2023-07,27,421616.7321882529
creciente,Loss Incurred,month,cumulative,Synthetic,Portfolio,Auto,2023-07,28,427618.45853031566
creciente,Loss Incurred,month,cumulative,Synthetic,Portfolio,Auto,2023-07,29,432963.24892782775
creciente,Loss Incurred,month,cumulative,Synthetic,Portfolio,Auto,2023-08,0,76153.65319805375
creciente,Loss Incurred,month,cumulative,Synthetic,Portfolio,Auto,2023-08,1,82810.59040491963
creciente,Loss Incurred,month,cumulative,Synthetic,Portfolio,Auto,2023-08,2,90136.59034355808
creciente,Loss Incurred,month,cumulative,Synthetic,Portfolio,Auto,2023-08,3,98158.57146407792
creciente,Loss Incurred,month,cumulative,Synthetic,Portfolio,Auto,2023-08,4,106894.56521245874
creciente,Loss Incurred,month,cumulative,Synthetic,Portfolio,Auto,2023-08,5,116351.43444712403
creciente,Loss Incurred,month,cumulative,Synthetic,Portfolio,Auto,2023-08,6,126522.66152998431
creciente,Loss Incurred,month,cumulative,Synthetic,Portfolio,Auto,2023-08,7,137386.38632444455
creciente,Loss Incurred,month,cumulative,Synthetic,Portfolio,Auto,2023-08,8,148903.8992486573
creciente,Loss Incurred,month,cumulative,Synthetic,Portfolio,Auto,2023-08,9,161018.80001124204
creciente,Loss Incurred,month,cumulative,Synthetic,Portfolio,Auto,2023-08,10,173657.0115424433
creciente,Loss Incurred,month,cumulative,Synthetic,Portfolio,Auto,2023-08,11,186727.78684064135
creciente,Loss Incurred,month,cumulative,Synthetic,Portfolio,Auto,2023-08,12,200125.76505431667
creciente,Loss Incurred,month,cumulative,Synthetic,Portfolio,Auto,2023-08,13,213734.02964130766
creciente,Loss Incurred,month,cumulative,Synthetic,Portfolio,Auto,2023-08,14,227428.0096568203
creciente,Loss Incurred,month,cumulative,Synthetic,Portfolio,Auto,2023-08,15,241079.9630077
creciente,Loss Incurred,month,cumulative,Synthetic,Portfolio,Auto,2023-08,16,254563.70612770377
creciente,Loss Incurred,month,cumulative,Synthetic,Portfolio,Auto,2023-08,17,267759.22215943376
creciente,Loss Incurred,month,cumulative,Synthetic,Portfolio,Auto,2023-08,18,280556.79575057665
creciente,Loss Incurred,month,cumulative,Synthetic,Portfolio,Auto,2023-08,19,292860.38381371676
creciente,Loss Incurred,month,cumulative,Synthetic,Portfolio,Auto,2023-08,20,304590.0262117948
creciente,Loss Incurred,month,cumulative,Synthetic,Portfolio,Auto,2023-08,21,315683.21096197114
creciente,Loss Incurred,month,cumulative,Synthetic,Portfolio,Auto,2023-08,22,326095.2167013959
creciente,Loss Incurred,month,cumulative,Synthetic,Portfolio,Auto,2023-08,23,335798.5453154117
creciente,Loss Incurred,month,cumulative,Synthetic,Portfolio,Auto,2023-08,24,344781.6200067466
creciente,Loss Incurred,month,cumulative,Synthetic,Portfolio,Auto,2023-08,25,353046.95548024564
creciente,Loss Incurred,month,cumulative,Synthetic,Portfolio,Auto,2023-08,26,360609.0098604641
creciente,Loss Incurred,month,cumulative,Synthetic,Portfolio,Auto,2023-08,27,367491.9088040454
creciente,Loss Incurred,month,cumulative,Synthetic,Portfolio,Auto,2023-08,28,373727.19900515553
creciente,Loss Incurred,month,cumulative,Synthetic,Portfolio,Auto,2023-09,0,72705.69790217823
creciente,Loss Incurred,month,cumulative,Synthetic,Portfolio,Auto,2023-09,1,79766.02325658179
creciente,Loss Incurred,month,cumulative,Synthetic,Portfolio,Auto,2023-09,2,87444.94721994168
creciente,Loss Incurred,month,cumulative,Synthetic,Portfolio,Auto,2023-09,3,95754.51186933681
creciente,Loss Incurred,month,cumulative,Synthetic,Portfolio,Auto,2023-09,4,104697.41294372598
creciente,Loss Incurred,month,cumulative,Synthetic,Portfolio,Auto,2023-09,5,114265.39033034498
creciente,Loss Incurred,month,cumulative,Synthetic,Portfolio,Auto,2023-09,6,124437.83059447422
creciente,Loss Incurred,month,cumulative,Synthetic,Portfolio,Auto,2023-09,7,135180.7207554207
creciente,Loss Incurred,month,cumulative,Synthetic,Portfolio,Auto,2023-09,8,146446.09295971005
creciente,Loss Incurred,month,cumulative,Synthetic,Portfolio,Auto,2023-09,9,158172.0836150495
creciente,Loss Incurred,month,cumulative,Synthetic,Portfolio,Auto,2023-09,10,170283.6959483985
creciente,Loss Incurred,month,cumulative,Synthetic,Portfolio,Auto,2023-09,11,182694.30275286754
creciente,Loss Incurred,month,cumulative,Synthetic,Portfolio,Auto,2023-09,12,195307.86071047635
creciente,Loss Incurred,month,cumulative,Synthetic,Portfolio,Auto,2023-09,13,208021.7369040371
creciente,Loss Incurred,month,cumulative,Synthetic,Portfolio,Auto,2023-09,14,220729.98204311117
creciente,Loss Incurred,month,cumulative,Synthetic,Portfolio,Auto,2023-09,15,233326.83402809166
creciente,Loss Incurred,month,cumulative,Synthetic,Portfolio,Auto,2023-09,16,245710.20841608287
creciente,Loss Incurred,month,cumulative,Synthetic,Portfolio,Auto,2023-09,17,257784.9339053421
creciente,Loss Incurred,month,cumulative,Synthetic,Portfolio,Auto,2023-09,18,269465.5208446607
creciente,Loss Incurred,month,cumulative,Synthetic,Portfolio,Auto,2023-09,19,280678.30374202516
creciente,Loss Incurred,month,cumulative,Synthetic,Portfolio,Auto,2023-09,20,291362.86583869794
creciente,Loss Incurred,month,cumulative,Synthetic,Portfolio,Auto,2023-09,21,301472.72446770506
creciente,Loss Incurred,month,cumulative,Synthetic,Portfolio,Auto,2023-09,22,310975.32021413406
creciente,Loss Incurred,month,cumulative,Synthetic,Portfolio,Auto,2023-09,23,319851.40337741876
creciente,Loss Incurred,month,cumulative,Synthetic,Portfolio,Auto,2023-09,24,328093.94386309915
creciente,Loss Incurred,month,cumulative,Synthetic,Portfolio,Auto,2023-09,25,335706.7048343305
creciente,Loss Incurred,month,cumulative,Synthetic,Portfolio,Auto,2023-09,26,342702.6184581442
creciente,Loss Incurred,month,cumulative,Synthetic,Portfolio,Auto,2023-09,27,349102.08784869226
creciente,Loss Incurred,month,cumulative,Synthetic,Portfolio,Auto,2023-10,0,75934.57436932277
creciente,Loss Incurred,month,cumulative,Synthetic,Portfolio,Auto,2023-10,1,81697.29837612338
creciente,Loss Incurred,month,cumulative,Synthetic,Portfolio,Auto,2023-10,2,88013.96226522082
creciente,Loss Incurred,month,cumulative,Synthetic,Portfolio,Auto,2023-10,3,94909.67324311126
creciente,Loss Incurred,month,cumulative,Synthetic,Portfolio,Auto,2023-10,4,102404.1254203722
creciente,Loss Incurred,month,cumulative,Synthetic,Portfolio,Auto,2023-10,5,110510.05978885041
creciente,Loss Incurred,month,cumulative,Synthetic,Portfolio,Auto,2023-10,6,119231.69499280417
creciente,Loss Incurred,month,cumulative,Synthetic,Portfolio,Auto,2023-10,7,128563.21910599242
creciente,Loss Incurred,month,cumulative,Synthetic,Portfolio,Auto,2023-10,8,138487.4521262367
creciente,Loss Incurred,month,cumulative,Synthetic,Portfolio,Auto,2023-10,9,148974.80206262934
creciente,Loss Incurred,month,cumulative,Synthetic,Portfolio,Auto,2023-10,10,159982.64040842353
creciente,Loss Incurred,month,cumulative,Synthetic,Portfolio,Auto,2023-10,11,171455.21200762922
creciente,Loss Incurred,month,cumulative,Synthetic,Portfolio,Auto,2023-10,12,183324.1677307068
creciente,Loss Incurred,month,cumulative,Synthetic,Portfolio,Auto,2023-10,13,195509.76611317112
creciente,Loss Incurred,month,cumulative,Synthetic,Portfolio,Auto,2023-10,14,207922.73517634394
creciente,Loss Incurred,month,cumulative,Synthetic,Portfolio,Auto,2023-10,15,220466.72395521298
creciente,Loss Incurred,month,cumulative,Synthetic,Portfolio,Auto,2023-10,16,233041.21296294863
creciente,Loss Incurred,month,cumulative,Synthetic,Portfolio,Auto,2023-10,17,245544.70294723634
creciente,Loss Incurred,month,cumulative,Synthetic,Portfolio,Auto,2023-10,18,257877.9699038722
creciente,Loss Incurred,month,cumulative,Synthetic,Portfolio,Auto,2023-10,19,269947.1667183642
creciente,Loss Incurred,month,cumulative,Synthetic,Portfolio,Auto,2023-10,20,281666.5693163135
creciente,Loss Incurred,month,cumulative,Synthetic,Portfolio,Auto,2023-10,21,292960.80481275846
creciente,Loss Incurred,month,cumulative,Synthetic,Portfolio,Auto,2023-10,22,303766.45425675524
creciente,Loss Incurred,month,cumulative,Synthetic,Portfolio,Auto,2023-10,23,314032.9844944369
creciente,Loss Incurred,month,cumulative,Synthetic,Portfolio,Auto,2023-10,24,323723.0235420388
creciente,Loss Incurred,month,cumulative,Synthetic,Portfolio,Auto,2023-10,25,332812.04427983135
creciente,Loss Incurred,month,cumulative,Synthetic,Portfolio,Auto,2023-10,26,341287.5574643214
creciente,Loss Incurred,month,cumulative,Synthetic,Portfolio,Auto,2023-11,0,66628.3071397774
creciente,Loss Incurred,month,cumulative,Synthetic,Portfolio,Auto,2023-11,1,71251.90513908729
creciente,Loss Incurred,month,cumulative,Synthetic,Portfolio,Auto,2023-11,2,76372.16886579638
creciente,Loss Incurred,month,cumulative,Synthetic,Portfolio,Auto,2023-11,3,82019.47693569318
creciente,Loss Incurred,month,cumulative,Synthetic,Portfolio,Auto,2023-11,4,88220.25857703289
creciente,Loss Incurred,month,cumulative,Synthetic,Portfolio,Auto,2023-11,5,94995.38071804089
creciente,Loss Incurred,month,cumulative,Synthetic,Portfolio,Auto,2023-11,6,102358.40780740374
creciente,Loss Incurred,month,cumulative,Synthetic,Portfolio,Auto,2023-11,7,110313.81709179499
creciente,Loss Incurred,month,cumulative,Synthetic,Portfolio,Auto,2023-11,8,118855.28194394476
creciente,Loss Incurred,month,cumulative,Synthetic,Portfolio,Auto,2023-11,9,127964.16219729865
creciente,Loss Incurred,month,cumulative,Synthetic,Portfolio,Auto,2023-11,10,137608.35788292467
creciente,Loss Incurred,month,cumulative,Synthetic,Portfolio,Auto,2023-11,11,147741.68544557577
creciente,Loss Incurred,month,cumulative,Synthetic,Portfolio,Auto,2023-11,12,158303.9183882375
creciente,Loss Incurred,month,cumulative,Synthetic,Portfolio,Auto,2023-11,13,169221.59459910297
creciente,Loss Incurred,month,cumulative,Synthetic,Portfolio,Auto,2023-11,14,180409.63132670172
creciente,Loss Incurred,month,cumulative,Synthetic,Portfolio,Auto,2023-11,15,191773.71146801754
creciente,Loss Incurred,month,cumulative,Synthetic,Portfolio,Auto,2023-11,16,203213.32151692023
creciente,Loss Incurred,month,cumulative,Synthetic,Portfolio,Auto,2023-11,17,214625.24509971164
creciente,Loss Incurred,month,cumulative,Synthetic,Portfolio,Auto,2023-11,18,225907.2597052885
creciente,Loss Incurred,month,cumulative,Synthetic,Portfolio,Auto,2023-11,19,236961.75838781885
creciente,Loss Incurred,month,cumulative,Synthetic,Portfolio,Auto,2023-11,20,247699.0278066067
creciente,Loss Incurred,month,cumulative,Synthetic,Portfolio,Auto,2023-11,21,258039.95713117183
creciente,Loss Incurred,month,cumulative,Synthetic,Portfolio,Auto,2023-11,22,267918.02096385113
creciente,Loss Incurred,month,cumulative,Synthetic,Portfolio,Auto,2023-11,23,277280.46123989695
creciente,Loss Incurred,month,cumulative,Synthetic,Portfolio,Auto,2023-11,24,286088.67463176546
creciente,Loss Incurred,month,cumulative,Synthetic,Portfolio,Auto,2023-11,25,294317.88169365143
creciente,Loss Incurred,month,cumulative,Synthetic,Portfolio,Auto,2023-12,0,71207.28337924423
creciente,Loss Incurred,month,cumulative,Synthetic,Portfolio,Auto,2023-12,1,76826.84180241202
creciente,Loss Incurred,month,cumulative,Synthetic,Portfolio,Auto,2023-12,2,83051.24472806444
creciente,Loss Incurred,month,cumulative,Synthetic,Portfolio,Auto,2023-12,3,89913.10039040136
creciente,Loss Incurred,month,cumulative,Synthetic,Portfolio,Auto,2023-12,4,97438.40816791293
creciente,Loss Incurred,month,cumulative,Synthetic,Portfolio,Auto,2023-12,5,105644.33722751058
creciente,Loss Incurred,month,cumulative,Synthetic,Portfolio,Auto,2023-12,6,114536.9323525313
creciente,Loss Incurred,month,cumulative,Synthetic,Portfolio,Auto,2023-12,7,124108.89839888204
creciente,Loss Incurred,month,cumulative,Synthetic,Portfolio,Auto,2023-12,8,134337.65291102775
creciente,Loss Incurred,month,cumulative,Synthetic,Portfolio,Auto,2023-12,9,145183.86180105407
creciente,Loss Incurred,month,cumulative,Synthetic,Portfolio,Auto,2023-12,10,156590.67676844122
creciente,Loss Incurred,month,cumulative,Synthetic,Portfolio,Auto,2023-12,11,168483.86764504685
creciente,Loss Incurred,month,cumulative,Synthetic,Portfolio,Auto,2023-12,12,180772.9840778607
creciente,Loss Incurred,month,cumulative,Synthetic,Portfolio,Auto,2023-12,13,193353.5908792901
creciente,Loss Incurred,month,cumulative,Synthetic,Portfolio,Auto,2023-12,14,206110.50923590676
creciente,Loss Incurred,month,cumulative,Synthetic,Portfolio,Auto,2023-12,15,218921.87778125782
creciente,Loss Incurred,month,cumulative,Synthetic,Portfolio,Auto,2023-12,16,231663.74333919663
creciente,Loss Incurred,month,cumulative,Synthetic,Portfolio,Auto,2023-12,17,244214.82049122977
creciente,Loss Incurred,month,cumulative,Synthetic,Portfolio,Auto,2023-12,18,256461.036087757
creciente,Loss Incurred,month,cumulative,Synthetic,Portfolio,Auto,2023-12,19,268299.5041219373
creciente,Loss Incurred,month,cumulative,Synthetic,Portfolio,Auto,2023-12,20,279641.65203137527
creciente,Loss Incurred,month,cumulative,Synthetic,Portfolio,Auto,2023-12,21,290415.3264997304
creciente,Loss Incurred,month,cumulative,Synthetic,Portfolio,Auto,2023-12,22,300565.8253071481
creciente,Loss Incurred,month,cumulative,Synthetic,Portfolio,Auto,2023-12,23,310055.91196845897
creciente,Loss Incurred,month,cumulative,Synthetic,Portfolio,Auto,2023-12,24,318864.95651211374
creciente,Loss Incurred,month,cumulative,Synthetic,Portfolio,Auto,2024-01,0,75304.71974490999
creciente,Loss Incurred,month,cumulative,Synthetic,Portfolio,Auto,2024-01,1,81111.22602538427
creciente,Loss Incurred,month,cumulative,Synthetic,Portfolio,Auto,2024-01,2,87576.86515397756
creciente,Loss Incurred,month,cumulative,Synthetic,Portfolio,Auto,2024-01,3,94741.78518104838
creciente,Loss Incurred,month,cumulative,Synthetic,Portfolio,Auto,2024-01,4,102639.26274347471
creciente,Loss Incurred,month,cumulative,Synthetic,Portfolio,Auto,2024-01,5,111293.0423123823
creciente,Loss Incurred,month,cumulative,Synthetic,Portfolio,Auto,2024-01,6,120714.5259440419
creciente,Loss Incurred,month,cumulative,Synthetic,Portfolio,Auto,2024-01,7,130899.99263601795
creciente,Loss Incurred,month,cumulative,Synthetic,Portfolio,Auto,2024-01,8,141828.08103135932
creciente,Loss Incurred,month,cumulative,Synthetic,Portfolio,Auto,2024-01,9,153457.80990896292
creciente,Loss Incurred,month,cumulative,Synthetic,Portfolio,Auto,2024-01,10,165727.4249546532
creciente,Loss Incurred,month,cumulative,Synthetic,Portfolio,Auto,2024-01,11,178554.3359205603
creciente,Loss Incurred,month,cumulative,Synthetic,Portfolio,Auto,2024-01,12,191836.33813936717
creciente,Loss Incurred,month,cumulative,Synthetic,Portfolio,Auto,2024-01,13,205454.19734260545
creciente,Loss Incurred,month,cumulative,Synthetic,Portfolio,Auto,2024-01,14,219275.52831705596
creciente,Loss Incurred,month,cumulative,Synthetic,Portfolio,Auto,2024-01,15,233159.73792446882
creciente,Loss Incurred,month,cumulative,Synthetic,Portfolio,Auto,2024-01,16,246963.65982240028
creciente,Loss Incurred,month,cumulative,Synthetic,Portfolio,Auto,2024-01,17,260547.41024621492
creciente,Loss Incurred,month,cumulative,Synthetic,Portfolio,Auto,2024-01,18,273779.9621387787
creciente,Loss Incurred,month,cumulative,Synthetic,Portfolio,Auto,2024-01,19,286543.9757160385
creciente,Loss Incurred,month,cumulative,Synthetic,Portfolio,Auto,2024-01,20,298739.5283817041
creciente,Loss Incurred,month,cumulative,Synthetic,Portfolio,Auto,2024-01,21,310286.53373807966
creciente,Loss Incurred,month,cumulative,Synthetic,Portfolio,Auto,2024-01,22,321125.79947722674
creciente,Loss Incurred,month,cumulative,Synthetic,Portfolio,Auto,2024-01,23,331218.81925876625
creciente,Loss Incurred,month,cumulative,Synthetic,Portfolio,Auto,2024-02,0,80494.98786065928
creciente,Loss Incurred,month,cumulative,Synthetic,Portfolio,Auto,2024-02,1,87513.2969578588
creciente,Loss Incurred,month,cumulative,Synthetic,Portfolio,Auto,2024-02,2,95235.6395412289
creciente,Loss Incurred,month,cumulative,Synthetic,Portfolio,Auto,2024-02,3,103690.34187259695
creciente,Loss Incurred,month,cumulative,Synthetic,Portfolio,Auto,2024-02,4,112896.43330929565
creciente,Loss Incurred,month,cumulative,Synthetic,Portfolio,Auto,2024-02,5,122861.25989521391
creciente,Loss Incurred,month,cumulative,Synthetic,Portfolio,Auto,2024-02,6,133578.16900848396
creciente,Loss Incurred,month,cumulative,Synthetic,Portfolio,Auto,2024-02,7,145024.4524481073
creciente,Loss Incurred,month,cumulative,Synthetic,Portfolio,Auto,2024-02,8,157159.7614358924
creciente,Loss Incurred,month,cumulative,Synthetic,Portfolio,Auto,2024-02,9,169925.21304772721
creciente,Loss Incurred,month,cumulative,Synthetic,Portfolio,Auto,2024-02,10,183243.38613094768
creciente,Loss Incurred,month,cumulative,Synthetic,Portfolio,Auto,2024-02,11,197019.35151161987
creciente,Loss Incurred,month,cumulative,Synthetic,Portfolio,Auto,2024-02,12,211142.79724288583
creciente,Loss Incurred,month,cumulative,Synthetic,Portfolio,Auto,2024-02,13,225491.20244755837
creciente,Loss Incurred,month,cumulative,Synthetic,Portfolio,Auto,2024-02,14,239933.89709072062
creciente,Loss Incurred,month,cumulative,Synthetic,Portfolio,Auto,2024-02,15,254336.73824029378
creciente,Loss Incurred,month,cumulative,Synthetic,Portfolio,Auto,2024-02,16,268567.0549863233
creciente,Loss Incurred,month,cumulative,Synthetic,Portfolio,Auto,2024-02,17,282498.4790591619
creciente,Loss Incurred,month,cumulative,Synthetic,Portfolio,Auto,2024-02,18,296015.2932028229
creciente,Loss Incurred,month,cumulative,Synthetic,Portfolio,Auto,2024-02,19,309015.9915611975
creciente,Loss Incurred,month,cumulative,Synthetic,Portfolio,Auto,2024-02,20,321415.8437200071
creciente,Loss Incurred,month,cumulative,Synthetic,Portfolio,Auto,2024-02,21,333148.3687799276
creciente,Loss Incurred,month,cumulative,Synthetic,Portfolio,Auto,2024-02,22,344165.738723136
creciente,Loss Incurred,month,cumulative,Synthetic,Portfolio,Auto,2024-03,0,94192.56791687316
creciente,Loss Incurred,month,cumulative,Synthetic,Portfolio,Auto,2024-03,1,102970.1352228651
creciente,Loss Incurred,month,cumulative,Synthetic,Portfolio,Auto,2024-03,2,112543.86827615842
creciente,Loss Incurred,month,cumulative,Synthetic,Portfolio,Auto,2024-03,3,122934.37959066336
creciente,Loss Incurred,month,cumulative,Synthetic,Portfolio,Auto,2024-03,4,134150.89405636818
creciente,Loss Incurred,month,cumulative,Synthetic,Portfolio,Auto,2024-03,5,146189.03054756814
creciente,Loss Incurred,month,cumulative,Synthetic,Portfolio,Auto,2024-03,6,159028.79191590683
creciente,Loss Incurred,month,cumulative,Synthetic,Portfolio,Auto,2024-03,7,172632.94615088115
creciente,Loss Incurred,month,cumulative,Synthetic,Portfolio,Auto,2024-03,8,186945.99025559126
creciente,Loss Incurred,month,cumulative,Synthetic,Portfolio,Auto,2024-03,9,201893.87640016322
creciente,Loss Incurred,month,cumulative,Synthetic,Portfolio,Auto,2024-03,10,217384.64316795755
creciente,Loss Incurred,month,cumulative,Synthetic,Portfolio,Auto,2024-03,11,233310.03267067455
creciente,Loss Incurred,month,cumulative,Synthetic,Portfolio,Auto,2024-03,12,249548.0911005267
creciente,Loss Incurred,month,cumulative,Synthetic,Portfolio,Auto,2024-03,13,265966.6549614319
creciente,Loss Incurred,month,cumulative,Synthetic,Portfolio,Auto,2024-03,14,282427.5307762792
creciente,Loss Incurred,month,cumulative,Synthetic,Portfolio,Auto,2024-03,15,298791.0972050194
creciente,Loss Incurred,month,cumulative,Synthetic,Portfolio,Auto,2024-03,16,314921.00855303043
creciente,Loss Incurred,month,cumulative,Synthetic,Portfolio,Auto,2024-03,17,330688.66645365756
creciente,Loss Incurred,month,cumulative,Synthetic,Portfolio,Auto,2024-03,18,345977.15427834983
creciente,Loss Incurred,month,cumulative,Synthetic,Portfolio,Auto,2024-03,19,360684.3915654736
creciente,Loss Incurred,month,cumulative,Synthetic,Portfolio,Auto,2024-03,20,374725.35251552385
creciente,Loss Incurred,month,cumulative,Synthetic,Portfolio,Auto,2024-03,21,388033.28911806084
creciente,Loss Incurred,month,cumulative,Synthetic,Portfolio,Auto,2024-04,0,82469.89895586888
creciente,Loss Incurred,month,cumulative,Synthetic,Portfolio,Auto,2024-04,1,90396.65233999699
creciente,Loss Incurred,month,cumulative,Synthetic,Portfolio,Auto,2024-04,2,99093.01897154728
creciente,Loss Incurred,month,cumulative,Synthetic,Portfolio,Auto,2024-04,3,108581.8029480961
creciente,Loss Incurred,month,cumulative,Synthetic,Portfolio,Auto,2024-04,4,118873.7657685969
creciente,Loss Incurred,month,cumulative,Synthetic,Portfolio,Auto,2024-04,5,129965.07157497887
creciente,Loss Incurred,month,cumulative,Synthetic,Portfolio,Auto,2024-04,6,141834.9703213148
creciente,Loss Incurred,month,cumulative,Synthetic,Portfolio,Auto,2024-04,7,154443.9513212631
creciente,Loss Incurred,month,cumulative,Synthetic,Portfolio,Auto,2024-04,8,167732.61160864943
creciente,Loss Incurred,month,cumulative,Synthetic,Portfolio,Auto,2024-04,9,181621.46590298816
creciente,Loss Incurred,month,cumulative,Synthetic,Portfolio,Auto,2024-04,10,196011.87191719038
creciente,Loss Incurred,month,cumulative,Synthetic,Portfolio,Auto,2024-04,11,210788.15616961275
creciente,Loss Incurred,month,cumulative,Synthetic,Portfolio,Auto,2024-04,12,225820.90874920477
creciente,Loss Incurred,month,cumulative,Synthetic,Portfolio,Auto,2024-04,13,240971.28564358733
creciente,Loss Incurred,month,cumulative,Synthetic,Portfolio,Auto,2024-04,14,256096.03480701137
creciente,Loss Incurred,month,cumulative,Synthetic,Portfolio,Auto,2024-04,15,271052.86895961605
creciente,Loss Incurred,month,cumulative,Synthetic,Portfolio,Auto,2024-04,16,285705.76203976816
creciente,Loss Incurred,month,cumulative,Synthetic,Portfolio,Auto,2024-04,17,299929.75645175175
creciente,Loss Incurred,month,cumulative,Synthetic,Portfolio,Auto,2024-04,18,313614.9327082318
creciente,Loss Incurred,month,cumulative,Synthetic,Portfolio,Auto,2024-04,19,326669.2990524216
creciente,Loss Incurred,month,cumulative,Synthetic,Portfolio,Auto,2024-04,20,339020.48626470275
creciente,Loss Incurred,month,cumulative,Synthetic,Portfolio,Auto,2024-05,0,85122.73206164701
creciente,Loss Incurred,month,cumulative,Synthetic,Portfolio,Auto,2024-05,1,92464.58606056677
creciente,Loss Incurred,month,cumulative,Synthetic,Portfolio,Auto,2024-05,2,100543.60905713143
creciente,Loss Incurred,month,cumulative,Synthetic,Portfolio,Auto,2024-05,3,109390.09552280491
creciente,Loss Incurred,month,cumulative,Synthetic,Portfolio,Auto,2024-05,4,119024.80925751921
creciente,Loss Incurred,month,cumulative,Synthetic,Portfolio,Auto,2024-05,5,129456.49754943502
creciente,Loss Incurred,month,cumulative,Synthetic,Portfolio,Auto,2024-05,6,140679.46566010438
creciente,Loss Incurred,month,cumulative,Synthetic,Portfolio,Auto,2024-05,7,152671.40314506998
creciente,Loss Incurred,month,cumulative,Synthetic,Portfolio,Auto,2024-05,8,165391.68179050338
creciente,Loss Incurred,month,cumulative,Synthetic,Portfolio,Auto,2024-05,9,178780.35322856333
creciente,Loss Incurred,month,cumulative,Synthetic,Portfolio,Auto,2024-05,10,192758.0547729213
creciente,Loss Incurred,month,cumulative,Synthetic,Portfolio,Auto,2024-05,11,207226.97989759405
creciente,Loss Incurred,month,cumulative,Synthetic,Portfolio,Auto,2024-05,12,222072.9855358644
creciente,Loss Incurred,month,cumulative,Synthetic,Portfolio,Auto,2024-05,13,237168.79923315474
creciente,Loss Incurred,month,cumulative,Synthetic,Portfolio,Auto,2024-05,14,252378.1691201751
creciente,Loss Incurred,month,cumulative,Synthetic,Portfolio,Auto,2024-05,15,267560.6873924004
creciente,Loss Incurred,month,cumulative,Synthetic,Portfolio,Auto,2024-05,16,282576.93314382876
creciente,Loss Incurred,month,cumulative,Synthetic,Portfolio,Auto,2024-05,17,297293.5389334056
creciente,Loss Incurred,month,cumulative,Synthetic,Portfolio,Auto,2024-05,18,311587.79543621273
creciente,Loss Incurred,month,cumulative,Synthetic,Portfolio,Auto,2024-05,19,325351.4679901812
creciente,Loss Incurred,month,cumulative,Synthetic,Portfolio,Auto,2024-06,0,97266.56631134951
creciente,Loss Incurred,month,cumulative,Synthetic,Portfolio,Auto,2024-06,1,104659.94543598834
creciente,Loss Incurred,month,cumulative,Synthetic,Portfolio,Auto,2024-06,2,112859.90741246258
creciente,Loss Incurred,month,cumulative,Synthetic,Portfolio,Auto,2024-06,3,121912.9129962013
creciente,Loss Incurred,month,cumulative,Synthetic,Portfolio,Auto,2024-06,4,131857.3349740385
creciente,Loss Incurred,month,cumulative,Synthetic,Portfolio,Auto,2024-06,5,142720.50687891745
creciente,Loss Incurred,month,cumulative,Synthetic,Portfolio,Auto,2024-06,6,154515.62134382603
creciente,Loss Incurred,month,cumulative,Synthetic,Portfolio,Auto,2024-06,7,167238.66583956487
creciente,Loss Incurred,month,cumulative,Synthetic,Portfolio,Auto,2024-06,8,180865.63815113992
creciente,Loss Incurred,month,cumulative,Synthetic,Portfolio,Auto,2024-06,9,195350.32493307508
creciente,Loss Incurred,month,cumulative,Synthetic,Portfolio,Auto,2024-06,10,210622.9420857971
creciente,Loss Incurred,month,cumulative,Synthetic,Portfolio,Auto,2024-06,11,226589.9142828047
creciente,Loss Incurred,month,cumulative,Synthetic,Portfolio,Auto,2024-06,12,243135.0054206689
creciente,Loss Incurred,month,cumulative,Synthetic,Portfolio,Auto,2024-06,13,260121.90194200183
creciente,Loss Incurred,month,cumulative,Synthetic,Portfolio,Auto,2024-06,14,277398.2063163015
creciente,Loss Incurred,month,cumulative,Synthetic,Portfolio,Auto,2024-06,15,294800.63755985704
creciente,Loss Incurred,month,cumulative,Synthetic,Portfolio,Auto,2024-06,16,312161.0855409525
creciente,Loss Incurred,month,cumulative,Synthetic,Portfolio,Auto,2024-06,17,329313.05338129174
creciente,Loss Incurred,month,cumulative,Synthetic,Portfolio,Auto,2024-06,18,346097.9695835408
creciente,Loss Incurred,month,cumulative,Synthetic,Portfolio,Auto,2024-07,0,79309.6072960664
creciente,Loss Incurred,month,cumulative,Synthetic,Portfolio,Auto,2024-07,1,85183.68624369796
creciente,Loss Incurred,month,cumulative,Synthetic,Portfolio,Auto,2024-07,2,91737.91175058972
creciente,Loss Incurred,month,cumulative,Synthetic,Portfolio,Auto,2024-07,3,99016.7962192352
creciente,Loss Incurred,month,cumulative,Synthetic,Portfolio,Auto,2024-07,4,107058.44976994886
creciente,Loss Incurred,month,cumulative,Synthetic,Portfolio,Auto,2024-07,5,115891.8218391413
creciente,Loss Incurred,month,cumulative,Synthetic,Portfolio,Auto,2024-07,6,125533.73083468362
creciente,Loss Incurred,month,cumulative,Synthetic,Portfolio,Auto,2024-07,7,135985.85384202743
creciente,Loss Incurred,month,cumulative,Synthetic,Portfolio,Auto,2024-07,8,147231.9098238531
creciente,Loss Incurred,month,cumulative,Synthetic,Portfolio,Auto,2024-07,9,159235.32033200262
creciente,Loss Incurred,month,cumulative,Synthetic,Portfolio,Auto,2024-07,10,171937.6579712053
creciente,Loss Incurred,month,cumulative,Synthetic,Portfolio,Auto,2024-07,11,185258.18111647604
creciente,Loss Incurred,month,cumulative,Synthetic,Portfolio,Auto,2024-07,12,199094.6936561965
creciente,Loss Incurred,month,cumulative,Synthetic,Portfolio,Auto,2024-07,13,213325.85852663385
creciente,Loss Incurred,month,cumulative,Synthetic,Portfolio,Auto,2024-07,14,227814.94227223896
creciente,Loss Incurred,month,cumulative,Synthetic,Portfolio,Auto,2024-07,15,242414.79536390508
creciente,Loss Incurred,month,cumulative,Synthetic,Portfolio,Auto,2024-07,16,256973.70899448264
creciente,Loss Incurred,month,cumulative,Synthetic,Portfolio,Auto,2024-07,17,271341.6654375437
creciente,Loss Incurred,month,cumulative,Synthetic,Portfolio,Auto,2024-08,0,85742.88914618357
creciente,Loss Incurred,month,cumulative,Synthetic,Portfolio,Auto,2024-08,1,93517.8856910925
creciente,Loss Incurred,month,cumulative,Synthetic,Portfolio,Auto,2024-08,2,101899.93847994998
creciente,Loss Incurred,month,cumulative,Synthetic,Portfolio,Auto,2024-08,3,110898.40112542588
creciente,Loss Incurred,month,cumulative,Synthetic,Portfolio,Auto,2024-08,4,120514.95670252074
creciente,Loss Incurred,month,cumulative,Synthetic,Portfolio,Auto,2024-08,5,130742.45253221157
creciente,Loss Incurred,month,cumulative,Synthetic,Portfolio,Auto,2024-08,6,141563.87745361432
creciente,Loss Incurred,month,cumulative,Synthetic,Portfolio,Auto,2024-08,7,152951.56515583067
creciente,Loss Incurred,month,cumulative,Synthetic,Portfolio,Auto,2024-08,8,164866.7079846191
creciente,Loss Incurred,month,cumulative,Synthetic,Portfolio,Auto,2024-08,9,177259.2584639352
creciente,Loss Incurred,month,cumulative,Synthetic,Portfolio,Auto,2024-08,10,190068.27950186166
creciente,Loss Incurred,month,cumulative,Synthetic,Portfolio,Auto,2024-08,11,203222.77891363672
creciente,Loss Incurred,month,cumulative,Synthetic,Portfolio,Auto,2024-08,12,216643.03091317727
creciente,Loss Incurred,month,cumulative,Synthetic,Portfolio,Auto,2024-08,13,230242.34947463055
creciente,Loss Incurred,month,cumulative,Synthetic,Portfolio,Auto,2024-08,14,243929.2400360664
creciente,Loss Incurred,month,cumulative,Synthetic,Portfolio,Auto,2024-08,15,257609.82165798976
creciente,Loss Incurred,month,cumulative,Synthetic,Portfolio,Auto,2024-08,16,271190.3860858966
creciente,Loss Incurred,month,cumulative,Synthetic,Portfolio,Auto,2024-09,0,71549.37853478357
creciente,Loss Incurred,month,cumulative,Synthetic,Portfolio,Auto,2024-09,1,78275.25786821521
creciente,Loss Incurred,month,cumulative,Synthetic,Portfolio,Auto,2024-09,2,85537.74564556686
creciente,Loss Incurred,month,cumulative,Synthetic,Portfolio,Auto,2024-09,3,93344.50191966422
creciente,Loss Incurred,month,cumulative,Synthetic,Portfolio,Auto,2024-09,4,101695.892983209
creciente,Loss Incurred,month,cumulative,Synthetic,Portfolio,Auto,2024-09,5,110583.89395735008
creciente,Loss Incurred,month,cumulative,Synthetic,Portfolio,Auto,2024-09,6,119991.14466739162
creciente,Loss Incurred,month,cumulative,Synthetic,Portfolio,Auto,2024-09,7,129890.24368770313
creciente,Loss Incurred,month,cumulative,Synthetic,Portfolio,Auto,2024-09,8,140243.36480372533
creciente,Loss Incurred,month,cumulative,Synthetic,Portfolio,Auto,2024-09,9,151002.27067181774
creciente,Loss Incurred,month,cumulative,Synthetic,Portfolio,Auto,2024-09,10,162108.7792212034
creciente,Loss Incurred,month,cumulative,Synthetic,Portfolio,Auto,2024-09,11,173495.70972987215
creciente,Loss Incurred,month,cumulative,Synthetic,Portfolio,Auto,2024-09,12,185088.29951580407
creciente,Loss Incurred,month,cumulative,Synthetic,Portfolio,Auto,2024-09,13,196806.04239762272
creciente,Loss Incurred,month,cumulative,Synthetic,Portfolio,Auto,2024-09,14,208564.86127003867
creciente,Loss Incurred,month,cumulative,Synthetic,Portfolio,Auto,2024-09,15,220279.49454093815
creciente,Loss Incurred,month,cumulative,Synthetic,Portfolio,Auto,2024-10,0,77656.88177824032
creciente,Loss Incurred,month,cumulative,Synthetic,Portfolio,Auto,2024-10,1,83556.21141112797
creciente,Loss Incurred,month,cumulative,Synthetic,Portfolio,Auto,2024-10,2,90116.75277019833
creciente,Loss Incurred,month,cumulative,Synthetic,Portfolio,Auto,2024-10,3,97378.4827923918
creciente,Loss Incurred,month,cumulative,Synthetic,Portfolio,Auto,2024-10,4,105374.74118718607
creciente,Loss Incurred,month,cumulative,Synthetic,Portfolio,Auto,2024-10,5,114129.66815813152
creciente,Loss Incurred,month,cumulative,Synthetic,Portfolio,Auto,2024-10,6,123655.49239577983
creciente,Loss Incurred,month,cumulative,Synthetic,Portfolio,Auto,2024-10,7,133949.83497806673
creciente,Loss Incurred,month,cumulative,Synthetic,Portfolio,Auto,2024-10,8,144993.2461039897
creciente,Loss Incurred,month,cumulative,Synthetic,Portfolio,Auto,2024-10,9,156747.2308526358
creciente,Loss Incurred,month,cumulative,Synthetic,Portfolio,Auto,2024-10,10,169153.0359354203
creciente,Loss Incurred,month,cumulative,Synthetic,Portfolio,Auto,2024-10,11,182131.45078325263
creciente,Loss Incurred,month,cumulative,Synthetic,Portfolio,Auto,2024-10,12,195583.81606326567
creciente,Loss Incurred,month,cumulative,Synthetic,Portfolio,Auto,2024-10,13,209394.33064099244
creciente,Loss Incurred,month,cumulative,Synthetic,Portfolio,Auto,2024-10,14,223433.61322976407
creciente,Loss Incurred,month,cumulative,Synthetic,Portfolio,Auto,2024-11,0,74281.41287807502
creciente,Loss Incurred,month,cumulative,Synthetic,Portfolio,Auto,2024-11,1,81554.95371096602
creciente,Loss Incurred,month,cumulative,Synthetic,Portfolio,Auto,2024-11,2,89423.49509062253
creciente,Loss Incurred,month,cumulative,Synthetic,Portfolio,Auto,2024-11,3,97894.71963232731
creciente,Loss Incurred,month,cumulative,Synthetic,Portfolio,Auto,2024-11,4,106967.5252835629
creciente,Loss Incurred,month,cumulative,Synthetic,Portfolio,Auto,2024-11,5,116630.71872778122
creciente,Loss Incurred,month,cumulative,Synthetic,Portfolio,Auto,2024-11,6,126861.91976032422
creciente,Loss Incurred,month,cumulative,Synthetic,Portfolio,Auto,2024-11,7,137626.78668866243
creciente,Loss Incurred,month,cumulative,Synthetic,Portfolio,Auto,2024-11,8,148878.6695785419
creciente,Loss Incurred,month,cumulative,Synthetic,Portfolio,Auto,2024-11,9,160558.7824127333
creciente,Loss Incurred,month,cumulative,Synthetic,Portfolio,Auto,2024-11,10,172596.9560486147
creciente,Loss Incurred,month,cumulative,Synthetic,Portfolio,Auto,2024-11,11,184912.99242393006
creciente,Loss Incurred,month,cumulative,Synthetic,Portfolio,Auto,2024-11,12,197418.59030817036
creciente,Loss Incurred,month,cumulative,Synthetic,Portfolio,Auto,2024-11,13,210019.7597452586
creciente,Loss Incurred,month,cumulative,Synthetic,Portfolio,Auto,2024-12,0,82384.97248187833
creciente,Loss Incurred,month,cumulative,Synthetic,Portfolio,Auto,2024-12,1,90510.84577722709
creciente,Loss Incurred,month,cumulative,Synthetic,Portfolio,Auto,2024-12,2,99348.861058148
creciente,Loss Incurred,month,cumulative,Synthetic,Portfolio,Auto,2024-12,3,108911.95275102962
creciente,Loss Incurred,month,cumulative,Synthetic,Portfolio,Auto,2024-12,4,119202.00097538419
creciente,Loss Incurred,month,cumulative,Synthetic,Portfolio,Auto,2024-12,5,130207.96957674142
creciente,Loss Incurred,month,cumulative,Synthetic,Portfolio,Auto,2024-12,6,141904.31038826707
creciente,Loss Incurred,month,cumulative,Synthetic,Portfolio,Auto,2024-12,7,154249.7991206942
creciente,Loss Incurred,month,cumulative,Synthetic,Portfolio,Auto,2024-12,8,167186.96678016012
creciente,Loss Incurred,month,cumulative,Synthetic,Portfolio,Auto,2024-12,9,180642.26883517674
creciente,Loss Incurred,month,cumulative,Synthetic,Portfolio,Auto,2024-12,10,194527.09047746408
creciente,Loss Incurred,month,cumulative,Synthetic,Portfolio,Auto,2024-12,11,208739.62184885517
creciente,Loss Incurred,month,cumulative,Synthetic,Portfolio,Auto,2024-12,12,223167.55791138517
creciente,Loss Incurred,month,cumulative,Synthetic,Portfolio,Auto,2025-01,0,96819.03204945347
creciente,Loss Incurred,month,cumulative,Synthetic,Portfolio,Auto,2025-01,1,105082.30294709648
creciente,Loss Incurred,month,cumulative,Synthetic,Portfolio,Auto,2025-01,2,114076.13798613638
creciente,Loss Incurred,month,cumulative,Synthetic,Portfolio,Auto,2025-01,3,123822.60426827797
creciente,Loss Incurred,month,cumulative,Synthetic,Portfolio,Auto,2025-01,4,134334.98177053
creciente,Loss Incurred,month,cumulative,Synthetic,Portfolio,Auto,2025-01,5,145615.93083174396
creciente,Loss Incurred,month,cumulative,Synthetic,Portfolio,Auto,2025-01,6,157655.75617966586
creciente,Loss Incurred,month,cumulative,Synthetic,Portfolio,Auto,2025-01,7,170430.89467820598
creciente,Loss Incurred,month,cumulative,Synthetic,Portfolio,Auto,2025-01,8,183902.76652385382
creciente,Loss Incurred,month,cumulative,Synthetic,Portfolio,Auto,2025-01,9,198017.13034821526
creciente,Loss Incurred,month,cumulative,Synthetic,Portfolio,Auto,2025-01,10,212704.06812353624
creciente,Loss Incurred,month,cumulative,Synthetic,Portfolio,Auto,2025-01,11,227878.69401472498
creciente,Loss Incurred,month,cumulative,Synthetic,Portfolio,Auto,2025-02,0,77492.9961739539
creciente,Loss Incurred,month,cumulative,Synthetic,Portfolio,Auto,2025-02,1,83489.73548609884
creciente,Loss Incurred,month,cumulative,Synthetic,Portfolio,Auto,2025-02,2,90135.5625076433
creciente,Loss Incurred,month,cumulative,Synthetic,Portfolio,Auto,2025-02,3,97466.6360812255
creciente,Loss Incurred,month,cumulative,Synthetic,Portfolio,Auto,2025-02,4,105512.33056104904
creciente,Loss Incurred,month,cumulative,Synthetic,Portfolio,Auto,2025-02,5,114292.86323595271
creciente,Loss Incurred,month,cumulative,Synthetic,Portfolio,Auto,2025-02,6,123816.82208256242
creciente,Loss Incurred,month,cumulative,Synthetic,Portfolio,Auto,2025-02,7,134078.74978905745
creciente,Loss Incurred,month,cumulative,Synthetic,Portfolio,Auto,2025-02,8,145056.98222964074
creciente,Loss Incurred,month,cumulative,Synthetic,Portfolio,Auto,2025-02,9,156711.96962896228
creciente,Loss Incurred,month,cumulative,Synthetic,Portfolio,Auto,2025-02,10,168985.3170176621
creciente,Loss Incurred,month,cumulative,Synthetic,Portfolio,Auto,2025-03,0,97886.26302565003
creciente,Loss Incurred,month,cumulative,Synthetic,Portfolio,Auto,2025-03,1,106582.54586392156
creciente,Loss Incurred,month,cumulative,Synthetic,Portfolio,Auto,2025-03,2,115913.15049663324
creciente,Loss Incurred,month,cumulative,Synthetic,Portfolio,Auto,2025-03,3,125885.50783703617
creciente,Loss Incurred,month,cumulative,Synthetic,Portfolio,Auto,2025-03,4,136499.5773173763
creciente,Loss Incurred,month,cumulative,Synthetic,Portfolio,Auto,2025-03,5,147746.82458201484
creciente,Loss Incurred,month,cumulative,Synthetic,Portfolio,Auto,2025-03,6,159609.33281299952
creciente,Loss Incurred,month,cumulative,Synthetic,Portfolio,Auto,2025-03,7,172059.11587102766
creciente,Loss Incurred,month,cumulative,Synthetic,Portfolio,Auto,2025-03,8,185057.7013736298
creciente,Loss Incurred,month,cumulative,Synthetic,Portfolio,Auto,2025-03,9,198556.04577318858
creciente,Loss Incurred,month,cumulative,Synthetic,Portfolio,Auto,2025-04,0,95751.35997851605
creciente,Loss Incurred,month,cumulative,Synthetic,Portfolio,Auto,2025-04,1,103646.07887597704
creciente,Loss Incurred,month,cumulative,Synthetic,Portfolio,Auto,2025-04,2,112300.68902334239
creciente,Loss Incurred,month,cumulative,Synthetic,Portfolio,Auto,2025-04,3,121745.7391832783
creciente,Loss Incurred,month,cumulative,Synthetic,Portfolio,Auto,2025-04,4,132002.94137120538
creciente,Loss Incurred,month,cumulative,Synthetic,Portfolio,Auto,2025-04,5,143082.91192801335
creciente,Loss Incurred,month,cumulative,Synthetic,Portfolio,Auto,2025-04,6,154982.9453410516
creciente,Loss Incurred,month,cumulative,Synthetic,Portfolio,Auto,2025-04,7,167684.97636901157
creciente,Loss Incurred,month,cumulative,Synthetic,Portfolio,Auto,2025-04,8,181153.9108622359
creciente,Loss Incurred,month,cumulative,Synthetic,Portfolio,Auto,2025-05,0,86271.16192780729
creciente,Loss Incurred,month,cumulative,Synthetic,Portfolio,Auto,2025-05,1,95336.50552952017
creciente,Loss Incurred,month,cumulative,Synthetic,Portfolio,Auto,2025-05,2,105288.66443145482
creciente,Loss Incurred,month,cumulative,Synthetic,Portfolio,Auto,2025-05,3,116147.63827710392
creciente,Loss Incurred,month,cumulative,Synthetic,Portfolio,Auto,2025-05,4,127917.11141162177
creciente,Loss Incurred,month,cumulative,Synthetic,Portfolio,Auto,2025-05,5,140581.36081920177
creciente,Loss Incurred,month,cumulative,Synthetic,Portfolio,Auto,2025-05,6,154102.64234452246
creciente,Loss Incurred,month,cumulative,Synthetic,Portfolio,Auto,2025-05,7,168419.3832076976
creciente,Loss Incurred,month,cumulative,Synthetic,Portfolio,Auto,2025-06,0,76548.66638388368
creciente,Loss Incurred,month,cumulative,Synthetic,Portfolio,Auto,2025-06,1,82877.24933354431
creciente,Loss Incurred,month,cumulative,Synthetic,Portfolio,Auto,2025-06,2,89778.28632018378
creciente,Loss Incurred,month,cumulative,Synthetic,Portfolio,Auto,2025-06,3,97271.46852192022
creciente,Loss Incurred,month,cumulative,Synthetic,Portfolio,Auto,2025-06,4,105369.94657859673
creciente,Loss Incurred,month,cumulative,Synthetic,Portfolio,Auto,2025-06,5,114078.84763978478
creciente,Loss Incurred,month,cumulative,Synthetic,Portfolio,Auto,2025-06,6,123393.83931106963
creciente,Loss Incurred,month,cumulative,Synthetic,Portfolio,Auto,2025-07,0,85729.63974305832
creciente,Loss Incurred,month,cumulative,Synthetic,Portfolio,Auto,2025-07,1,92416.40768789644
creciente,Loss Incurred,month,cumulative,Synthetic,Portfolio,Auto,2025-07,2,99667.39504077662
creciente,Loss Incurred,month,cumulative,Synthetic,Portfolio,Auto,2025-07,3,107500.78461764405
creciente,Loss Incurred,month,cumulative,Synthetic,Portfolio,Auto,2025-07,4,115929.15211573365
creciente,Loss Incurred,month,cumulative,Synthetic,Portfolio,Auto,2025-07,5,124958.26454512357
creciente,Loss Incurred,month,cumulative,Synthetic,Portfolio,Auto,2025-08,0,78229.93145087762
creciente,Loss Incurred,month,cumulative,Synthetic,Portfolio,Auto,2025-08,1,84305.73895381442
creciente,Loss Incurred,month,cumulative,Synthetic,Portfolio,Auto,2025-08,2,90996.8538506077
creciente,Loss Incurred,month,cumulative,Synthetic,Portfolio,Auto,2025-08,3,98333.33690905538
creciente,Loss Incurred,month,cumulative,Synthetic,Portfolio,Auto,2025-08,4,106338.84676666597
creciente,Loss Incurred,month,cumulative,Synthetic,Portfolio,Auto,2025-09,0,83264.07714112566
creciente,Loss Incurred,month,cumulative,Synthetic,Portfolio,Auto,2025-09,1,89982.25265689922
creciente,Loss Incurred,month,cumulative,Synthetic,Portfolio,Auto,2025-09,2,97316.09503915673
creciente,Loss Incurred,month,cumulative,Synthetic,Portfolio,Auto,2025-09,3,105288.4858568991
creciente,Loss Incurred,month,cumulative,Synthetic,Portfolio,Auto,2025-10,0,82271.8610039151
creciente,Loss Incurred,month,cumulative,Synthetic,Portfolio,Auto,2025-10,1,88955.53252973912
creciente,Loss Incurred,month,cumulative,Synthetic,Portfolio,Auto,2025-10,2,96344.18505410614
creciente,Loss Incurred,month,cumulative,Synthetic,Portfolio,Auto,2025-11,0,99289.60193298511
creciente,Loss Incurred,month,cumulative,Synthetic,Portfolio,Auto,2025-11,1,107562.84826348744
creciente,Loss Incurred,month,cumulative,Synthetic,Portfolio,Auto,2025-12,0,86174.19684675978
