scenario,concept,basis,amount_type,level_1,level_2,level_3,accident_period,development_period,amount
decreciente,Loss Incurred,month,cumulative,Synthetic,Portfolio,Auto,2016-01,0,459780.0977392138
decreciente,Loss Incurred,month,cumulative,Synthetic,Portfolio,Auto,2016-01,1,452193.408828539
decreciente,Loss Incurred,month,cumulative,Synthetic,Portfolio,Auto,2016-01,2,445130.2427849151
decreciente,Loss Incurred,month,cumulative,Synthetic,Portfolio,Auto,2016-01,3,438554.47367836756
decreciente,Loss Incurred,month,cumulative,Synthetic,Portfolio,Auto,2016-01,4,432432.46846490394
decreciente,Loss Incurred,month,cumulative,Synthetic,Portfolio,Auto,2016-01,5,426732.9149637998
decreciente,Loss Incurred,month,cumulative,Synthetic,Portfolio,Auto,2016-01,6,421426.66170538904
decreciente,Loss Incurred,month,cumulative,Synthetic,Portfolio,Auto,2016-01,7,416486.5688302296
decreciente,Loss Incurred,month,cumulative,Synthetic,Portfolio,Auto,2016-01,8,411887.3692770386
decreciente,Loss Incurred,month,cumulative,Synthetic,Portfolio,Auto,2016-01,9,407605.53954941634
decreciente,Loss Incurred,month,cumulative,Synthetic,Portfolio,Auto,2016-01,10,403619.17940037075
decreciente,Loss Incurred,month,cumulative,Synthetic,Portfolio,Auto,2016-01,11,399907.8998192642
decreciente,Loss Incurred,month,cumulative,Synthetic,Portfolio,Auto,2016-01,12,396452.7187482724
decreciente,Loss Incurred,month,cumulative,Synthetic,Portfolio,Auto,2016-01,13,393235.96399497514
decreciente,Loss Incurred,month,cumulative,Synthetic,Portfolio,Auto,2016-01,14,390241.1828445069
decreciente,Loss Incurred,month,cumulative,Synthetic,Portfolio,Auto,2016-01,15,387453.0579089623
decreciente,Loss Incurred,month,cumulative,Synthetic,Portfolio,Auto,2016-01,16,384857.3287836503
decreciente,Loss Incurred,month,cumulative,Synthetic,Portfolio,Auto,2016-01,17,382440.71910949424
decreciente,Loss Incurred,month,cumulative,Synthetic,Portfolio,Auto,2016-01,18,380190.86866852315
decreciente,Loss Incurred,month,cumulative,Synthetic,Portfolio,Auto,2016-01,19,378096.27016514447
decreciente,Loss Incurred,month,cumulative,Synthetic,Portfolio,Auto,2016-01,20,376146.21036985307
decreciente,Loss Incurred,month,cumulative,Synthetic,Portfolio,Auto,2016-01,21,374330.71532434534
decreciente,Loss Incurred,month,cumulative,Synthetic,Portfolio,Auto,2016-01,22,372640.49932777864
decreciente,Loss Incurred,month,cumulative,Synthetic,Portfolio,Auto,2016-01,23,371066.91744325694
decreciente,Loss Incurred,month,cumulative,Synthetic,Portfolio,Auto,2016-01,24,369601.9212816275
decreciente,Loss Incurred,month,cumulative,Synthetic,Portfolio,Auto,2016-01,25,368238.0178364366
decreciente,Loss Incurred,month,cumulative,Synthetic,Portfolio,Auto,2016-01,26,366968.2311594978
decreciente,Loss Incurred,month,cumulative,Synthetic,Portfolio,Auto,2016-01,27,365786.06668105454
decreciente,Loss Incurred,month,cumulative,Synthetic,Portfolio,Auto,2016-01,28,364685.4779920454
decreciente,Loss Incurred,month,cumulative,Synthetic,Portfolio,Auto,2016-01,29,363660.8359185754
decreciente,Loss Incurred,month,cumulative,Synthetic,Portfolio,Auto,2016-01,30,362706.8997304157
decreciente,Loss Incurred,month,cumulative,Synthetic,Portfolio,Auto,2016-01,31,361818.7903362751
decreciente,Loss Incurred,month,cumulative,Synthetic,Portfolio,Auto,2016-01,32,360991.96532874234
decreciente,Loss Incurred,month,cumulative,Synthetic,Portfolio,Auto,2016-01,33,360222.19575126463
decreciente,Loss Incurred,month,cumulative,Synthetic,Portfolio,Auto,2016-01,34,359505.54446833086
decreciente,Loss Incurred,month,cumulative,Synthetic,Portfolio,Auto,2016-01,35,358838.34602822934
decreciente,Loss Incurred,month,cumulative,Synthetic,Portfolio,Auto,2016-01,36,358217.18791538605
decreciente,Loss Incurred,month,cumulative,Synthetic,Portfolio,Auto,2016-01,37,357638.89309639286
decreciente,Loss Incurred,month,cumulative,Synthetic,Portfolio,Auto,2016-01,38,357100.50377045525
decreciente,Loss Incurred,month,cumulative,Synthetic,Portfolio,Auto,2016-01,39,356599.26624114765
decreciente,Loss Incurred,month,cumulative,Synthetic,Portfolio,Auto,2016-01,40,356132.6168321
decreciente,Loss Incurred,month,cumulative,Synthetic,Portfolio,Auto,2016-01,41,355698.16877457843
decreciente,Loss Incurred,month,cumulative,Synthetic,Portfolio,Auto,2016-01,42,355293.69999989495
decreciente,Loss Incurred,month,cumulative,Synthetic,Portfolio,Auto,2016-01,43,354917.14177420706
decreciente,Loss Incurred,month,cumulative,Synthetic,Portfolio,Auto,2016-01,44,354566.56811757747
decreciente,Loss Incurred,month,cumulative,Synthetic,Portfolio,Auto,2016-01,45,354240.18595317757
decreciente,Loss Incurred,month,cumulative,Synthetic,Portfolio,Auto,2016-01,46,353936.3259362484
decreciente,Loss Incurred,month,cumulative,Synthetic,Portfolio,Auto,2016-01,47,353653.4339159141
decreciente,Loss Incurred,month,cumulative,Synthetic,Portfolio,Auto,2016-01,48,353390.062986176
decreciente,Loss Incurred,month,cumulative,Synthetic,Portfolio,Auto,2016-01,49,353144.86608543235
decreciente,Loss Incurred,month,cumulative,Synthetic,Portfolio,Auto,2016-01,50,352916.5891066706
decreciente,Loss Incurred,month,cumulative,Synthetic,Portfolio,Auto,2016-01,51,352704.0644830944
decreciente,Loss Incurred,month,cumulative,Synthetic,Portfolio,Auto,2016-01,52,352506.20521637716
decreciente,Loss Incurred,month,cumulative,Synthetic,Portfolio,Auto,2016-01,53,352321.999316999
decreciente,Loss Incurred,month,cumulative,Synthetic,Portfolio,Auto,2016-01,54,352150.50462823
decreciente,Loss Incurred,month,cumulative,Synthetic,Portfolio,Auto,2016-01,55,351990.8440072877
decreciente,Loss Incurred,month,cumulative,Synthetic,Portfolio,Auto,2016-01,56,351842.20083901996
decreciente,Loss Incurred,month,cumulative,Synthetic,Portfolio,Auto,2016-01,57,351703.8148591695
decreciente,Loss Incurred,month,cumulative,Synthetic,Portfolio,Auto,2016-01,58,351574.97826585424
decreciente,Loss Incurred,month,cumulative,Synthetic,Portfolio,Auto,2016-01,59,351455.0320993783
decreciente,Loss Incurred,month,cumulative,Synthetic,Portfolio,Auto,2016-01,60,351343.362871855
decreciente,Loss Incurred,month,cumulative,Synthetic,Portfolio,Auto,2016-01,61,351239.39942940365
decreciente,Loss Incurred,month,cumulative,Synthetic,Portfolio,Auto,2016-01,62,351142.61003087345
decreciente,Loss Incurred,month,cumulative,Synthetic,Portfolio,Auto,2016-01,63,351052.49962814956
decreciente,Loss Incurred,month,cumulative,Synthetic,Portfolio,Auto,2016-01,64,350968.6073341343
decreciente,Loss Incurred,month,cumulative,Synthetic,Portfolio,Auto,2016-01,65,350890.5040654506
decreciente,Loss Incurred,month,cumulative,Synthetic,Portfolio,Auto,2016-01,66,350817.790347812
decreciente,Loss Incurred,month,cumulative,Synthetic,Portfolio,Auto,2016-01,67,350750.09427283413
decreciente,Loss Incurred,month,cumulative,Synthetic,Portfolio,Auto,2016-01,68,350687.0695958374
decreciente,Loss Incurred,month,cumulative,Synthetic,Portfolio,Auto,2016-01,69,350628.3939649113
decreciente,Loss Incurred,month,cumulative,Synthetic,Portfolio,Auto,2016-01,70,350573.7672721834
decreciente,Loss Incurred,month,cumulative,Synthetic,Portfolio,Auto,2016-01,71,350522.91011885944
decreciente,Loss Incurred,month,cumulative,Synthetic,Portfolio,Auto,2016-01,72,350475.56238618423
decreciente,Loss Incurred,month,cumulative,Synthetic,Portfolio,Auto,2016-01,73,350431.4819050136
decreciente,Loss Incurred,month,cumulative,Synthetic,Portfolio,Auto,2016-01,74,350390.4432171939
decreciente,Loss Incurred,month,cumulative,Synthetic,Portfolio,Auto,2016-01,75,350352.23642241204
decreciente,Loss Incurred,month,cumulative,Synthetic,Portfolio,Auto,2016-01,76,350316.66610462044
decreciente,Loss Incurred,month,cumulative,Synthetic,Portfolio,Auto,2016-01,77,350283.55033254327
decreciente,Loss Incurred,month,cumulative,Synthetic,Portfolio,Auto,2016-01,78,350252.71972915385
decreciente,Loss Incurred,month,cumulative,Synthetic,Portfolio,Auto,2016-01,79,350224.01660536317
decreciente,Loss Incurred,month,cumulative,Synthetic,Portfolio,Auto,2016-01,80,350197.2941534884
decreciente,Loss Incurred,month,cumulative,Synthetic,Portfolio,Auto,2016-01,81,350172.4156963767
decreciente,Loss Incurred,month,cumulative,Synthetic,Portfolio,Auto,2016-01,82,350149.25398834323
decreciente,Loss Incurred,month,cumulative,Synthetic,Portfolio,Auto,2016-01,83,350127.6905643489
decreciente,Loss Incurred,month,cumulative,Synthetic,Portfolio,Auto,2016-01,84,350107.6151340875
decreciente,Loss Incurred,month,cumulative,Synthetic,Portfolio,Auto,2016-01,85,350088.925017885
decreciente,Loss Incurred,month,cumulative,Synthetic,Portfolio,Auto,2016-01,86,350071.52462152403
decreciente,Loss Incurred,month,cumulative,Synthetic,Portfolio,Auto,2016-01,87,350055.32494730916
decreciente,Loss Incurred,month,cumulative,Synthetic,Portfolio,Auto,2016-01,88,350040.24313887075
decreciente,Loss Incurred,month,cumulative,Synthetic,Portfolio,Auto,2016-01,89,350026.2020573802
decreciente,Loss Incurred,month,cumulative,Synthetic,Portfolio,Auto,2016-01,90,350013.12988700817
decreciente,Loss Incurred,month,cumulative,Synthetic,Portfolio,Auto,2016-01,91,350000.95976760885
decreciente,Loss Incurred,month,cumulative,Synthetic,Portfolio,Auto,2016-01,92,349989.6294527508
decreciente,Loss Incurred,month,cumulative,Synthetic,Portfolio,Auto,2016-01,93,349979.0809913454
decreciente,Loss Incurred,month,cumulative,Synthetic,Portfolio,Auto,2016-01,94,349969.26043124497
decreciente,Loss Incurred,month,cumulative,Synthetic,Portfolio,Auto,2016-01,95,349960.11754329375
decreciente,Loss Incurred,month,cumulative,Synthetic,Portfolio,Auto,2016-01,96,349951.6055644215
decreciente,Loss Incurred,month,cumulative,Synthetic,Portfolio,Auto,2016-01,97,349943.6809584646
decreciente,Loss Incurred,month,cumulative,Synthetic,Portfolio,Auto,2016-01,98,349936.303193492
decreciente,Loss Incurred,month,cumulative,Synthetic,Portfolio,Auto,2016-01,99,349929.43453449645
decreciente,Loss Incurred,month,cumulative,Synthetic,Portfolio,Auto,2016-01,100,349923.03985039203
decreciente,Loss Incurred,month,cumulative,Synthetic,Portfolio,Auto,2016-01,101,349917.086434329
decreciente,Loss Incurred,month,cumulative,Synthetic,Portfolio,Auto,2016-01,102,349911.5438364084
decreciente,Loss Incurred,month,cumulative,Synthetic,Portfolio,Auto,2016-01,103,349906.3837079404
decreciente,Loss Incurred,month,cumulative,Synthetic,Portfolio,Auto,2016-01,104,349901.5796564491
decreciente,Loss Incurred,month,cumulative,Synthetic,Portfolio,Auto,2016-01,105,349897.107110683
decreciente,Loss Incurred,month,cumulative,Synthetic,Portfolio,Auto,2016-01,106,349892.9431949412
decreciente,Loss Incurred,month,cumulative,Synthetic,Portfolio,Auto,2016-01,107,349889.0666120706
decreciente,Loss Incurred,month,cumulative,Synthetic,Portfolio,Auto,2016-01,108,349885.4575345376
decreciente,Loss Incurred,month,cumulative,Synthetic,Portfolio,Auto,2016-01,109,349882.09750301664
decreciente,Loss Incurred,month,cumulative,Synthetic,Portfolio,Auto,2016-01,110,349878.9693319761
decreciente,Loss Incurred,month,cumulative,Synthetic,Portfolio,Auto,2016-01,111,349876.0570217795
decreciente,Loss Incurred,month,cumulative,Synthetic,Portfolio,Auto,2016-01,112,349873.34567685274
decreciente,Loss Incurred,month,cumulative,Synthetic,Portfolio,Auto,2016-01,113,349870.82142949733
decreciente,Loss Incurred,month,cumulative,Synthetic,Portfolio,Auto,2016-01,114,349868.4713689615
decreciente,Loss Incurred,month,cumulative,Synthetic,Portfolio,Auto,2016-01,115,349866.2834754057
decreciente,Loss Incurred,month,cumulative,Synthetic,Portfolio,Auto,2016-01,116,349864.24655842496
decreciente,Loss Incurred,month,cumulative,Synthetic,Portfolio,Auto,2016-01,117,349862.350199813
decreciente,Loss Incurred,month,cumulative,Synthetic,Portfolio,Auto,2016-01,118,349860.58470027655
decreciente,Loss Incurred,month,cumulative,Synthetic,Portfolio,Auto,2016-01,119,349858.9410298265
decreciente,Loss Incurred,month,cumulative,Synthetic,Portfolio,Auto,2016-02,0,383709.2728163195
decreciente,Loss Incurred,month,cumulative,Synthetic,Portfolio,Auto,2016-02,1,378100.8910646244
decreciente,Loss Incurred,month,cumulative,Synthetic,Portfolio,Auto,2016-02,2,372860.90929821884
decreciente,Loss Incurred,month,cumulative,Synthetic,Portfolio,Auto,2016-02,3,367965.1282818917
decreciente,Loss Incurred,month,cumulative,Synthetic,Portfolio,Auto,2016-02,4,363390.938365145
decreciente,Loss Incurred,month,cumulative,Synthetic,Portfolio,Auto,2016-02,5,359117.21506651526
decreciente,Loss Incurred,month,cumulative,Synthetic,Portfolio,Auto,2016-02,6,355124.22151668865
decreciente,Loss Incurred,month,cumulative,Synthetic,Portfolio,Auto,2016-02,7,351393.51730987476
decreciente,Loss Incurred,month,cumulative,Synthetic,Portfolio,Auto,2016-02,8,347907.8733424951
decreciente,Loss Incurred,month,cumulative,Synthetic,Portfolio,Auto,2016-02,9,344651.19224589696
decreciente,Loss Incurred,month,cumulative,Synthetic,Portfolio,Auto,2016-02,10,341608.4340456345
decreciente,Loss Incurred,month,cumulative,Synthetic,Portfolio,Auto,2016-02,11,338765.5467039984
decreciente,Loss Incurred,month,cumulative,Synthetic,Portfolio,Auto,2016-02,12,336109.4012250255
decreciente,Loss Incurred,month,cumulative,Synthetic,Portfolio,Auto,2016-02,13,333627.7310222914
decreciente,Loss Incurred,month,cumulative,Synthetic,Portfolio,Auto,2016-02,14,331309.07526947494
decreciente,Loss Incurred,month,cumulative,Synthetic,Portfolio,Auto,2016-02,15,329142.72597207595
decreciente,Loss Incurred,month,cumulative,Synthetic,Portfolio,Auto,2016-02,16,327118.6785158545
decreciente,Loss Incurred,month,cumulative,Synthetic,Portfolio,Auto,2016-02,17,325227.58546361455
decreciente,Loss Incurred,month,cumulative,Synthetic,Portfolio,Auto,2016-02,18,323460.71338695555
decreciente,Loss Incurred,month,cumulative,Synthetic,Portfolio,Auto,2016-02,19,321809.9025336347
decreciente,Loss Incurred,month,cumulative,Synthetic,Portfolio,Auto,2016-02,20,320267.5291442748
decreciente,Loss Incurred,month,cumulative,Synthetic,Portfolio,Auto,2016-02,21,318826.47024438943
decreciente,Loss Incurred,month,cumulative,Synthetic,Portfolio,Auto,2016-02,22,317480.07074912795
decreciente,Loss Incurred,month,cumulative,Synthetic,Portfolio,Auto,2016-02,23,316222.1127288245
decreciente,Loss Incurred,month,cumulative,Synthetic,Portfolio,Auto,2016-02,24,315046.78669341304
decreciente,Loss Incurred,month,cumulative,Synthetic,Portfolio,Auto,2016-02,25,313948.66476309387
decreciente,Loss Incurred,month,cumulative,Synthetic,Portfolio,Auto,2016-02,26,312922.67560134974
decreciente,Loss Incurred,month,cumulative,Synthetic,Portfolio,Auto,2016-02,27,311964.0809945464
decreciente,Loss Incurred,month,cumulative,Synthetic,Portfolio,Auto,2016-02,28,311068.45396995835
decreciente,Loss Incurred,month,cumulative,Synthetic,Portfolio,Auto,2016-02,29,310231.6583511646
decreciente,Loss Incurred,month,cumulative,Synthetic,Portfolio,Auto,2016-02,30,309449.82965639676
decreciente,Loss Incurred,month,cumulative,Synthetic,Portfolio,Auto,2016-02,31,308719.35725162545
decreciente,Loss Incurred,month,cumulative,Synthetic,Portfolio,Auto,2016-02,32,308036.8676759635
decreciente,Loss Incurred,month,cumulative,Synthetic,Portfolio,Auto,2016-02,33,307399.2090623805
decreciente,Loss Incurred,month,cumulative,Synthetic,Portfolio,Auto,2016-02,34,306803.43658177915
decreciente,Loss Incurred,month,cumulative,Synthetic,Portfolio,Auto,2016-02,35,306246.7988432133
decreciente,Loss Incurred,month,cumulative,Synthetic,Portfolio,Auto,2016-02,36,305726.72518743965
decreciente,Loss Incurred,month,cumulative,Synthetic,Portfolio,Auto,2016-02,37,305240.813815123
decreciente,Loss Incurred,month,cumulative,Synthetic,Portfolio,Auto,2016-02,38,304786.8206948688
decreciente,Loss Incurred,month,cumulative,Synthetic,Portfolio,Auto,2016-02,39,304362.6491998585
decreciente,Loss Incurred,month,cumulative,Synthetic,Portfolio,Auto,2016-02,40,303966.3404252264
decreciente,Loss Incurred,month,cumulative,Synthetic,Portfolio,Auto,2016-02,41,303596.06414146384
decreciente,Loss Incurred,month,cumulative,Synthetic,Portfolio,Auto,2016-02,42,303250.11034207046
decreciente,Loss Incurred,month,cumulative,Synthetic,Portfolio,Auto,2016-02,43,302926.8813464172
decreciente,Loss Incurred,month,cumulative,Synthetic,Portfolio,Auto,2016-02,44,302624.8844213532
decreciente,Loss Incurred,month,cumulative,Synthetic,Portfolio,Auto,2016-02,45,302342.7248874792
decreciente,Loss Incurred,month,cumulative,Synthetic,Portfolio,Auto,2016-02,46,302079.09967825183
decreciente,Loss Incurred,month,cumulative,Synthetic,Portfolio,Auto,2016-02,47,301832.79132217413
decreciente,Loss Incurred,month,cumulative,Synthetic,Portfolio,Auto,2016-02,48,301602.66232027975
decreciente,Loss Incurred,month,cumulative,Synthetic,Portfolio,Auto,2016-02,49,301387.6498929457
decreciente,Loss Incurred,month,cumulative,Synthetic,Portfolio,Auto,2016-02,50,301186.7610717736
decreciente,Loss Incurred,month,cumulative,Synthetic,Portfolio,Auto,2016-02,51,300999.06811387214
decreciente,Loss Incurred,month,cumulative,Synthetic,Portfolio,Auto,2016-02,52,300823.70421736327
decreciente,Loss Incurred,month,cumulative,Synthetic,Portfolio,Auto,2016-02,53,300659.859518326
decreciente,Loss Incurred,month,cumulative,Synthetic,Portfolio,Auto,2016-02,54,300506.7773506904
decreciente,Loss Incurred,month,cumulative,Synthetic,Portfolio,Auto,2016-02,55,300363.7507518092
decreciente,Loss Incurred,month,cumulative,Synthetic,Portfolio,Auto,2016-02,56,300230.11919756955
decreciente,Loss Incurred,month,cumulative,Synthetic,Portfolio,Auto,2016-02,57,300105.2655519665
decreciente,Loss Incurred,month,cumulative,Synthetic,Portfolio,Auto,2016-02,58,299988.61321705166
decreciente,Loss Incurred,month,cumulative,Synthetic,Portfolio,Auto,2016-02,59,299879.6234700935
decreciente,Loss Incurred,month,cumulative,Synthetic,Portfolio,Auto,2016-02,60,299777.7929756529
decreciente,Loss Incurred,month,cumulative,Synthetic,Portfolio,Auto,2016-02,61,299682.65146108484
decreciente,Loss Incurred,month,cumulative,Synthetic,Portfolio,Auto,2016-02,62,299593.7595447287
decreciente,Loss Incurred,month,cumulative,Synthetic,Portfolio,Auto,2016-02,63,299510.70670676045
decreciente,Loss Incurred,month,cumulative,Synthetic,Portfolio,Auto,2016-02,64,299433.109393334
decreciente,Loss Incurred,month,cumulative,Synthetic,Portfolio,Auto,2016-02,65,299360.6092452559
decreciente,Loss Incurred,month,cumulative,Synthetic,Portfolio,Auto,2016-02,66,299292.87144301436
decreciente,Loss Incurred,month,cumulative,Synthetic,Portfolio,Auto,2016-02,67,299229.58316051925
decreciente,Loss Incurred,month,cumulative,Synthetic,Portfolio,Auto,2016-02,68,299170.452120411
decreciente,Loss Incurred,month,cumulative,Synthetic,Portfolio,Auto,2016-02,69,299115.2052442685
decreciente,Loss Incurred,month,cumulative,Synthetic,Portfolio,Auto,2016-02,70,299063.58739148057
decreciente,Loss Incurred,month,cumulative,Synthetic,Portfolio,Auto,2016-02,71,299015.36018095806
decreciente,Loss Incurred,month,cumulative,Synthetic,Portfolio,Auto,2016-02,72,298970.3008902444
decreciente,Loss Incurred,month,cumulative,Synthetic,Portfolio,Auto,2016-02,73,298928.201426941
decreciente,Loss Incurred,month,cumulative,Synthetic,Portfolio,Auto,2016-02,74,298888.8673676969
decreciente,Loss Incurred,month,cumulative,Synthetic,Portfolio,Auto,2016-02,75,298852.11706032424
decreciente,Loss Incurred,month,cumulative,Synthetic,Portfolio,Auto,2016-02,76,298817.78078489425
decreciente,Loss Incurred,month,cumulative,Synthetic,Portfolio,Auto,2016-02,77,298785.69996993814
decreciente,Loss Incurred,month,cumulative,Synthetic,Portfolio,Auto,2016-02,78,298755.72646013374
decreciente,Loss Incurred,month,cumulative,Synthetic,Portfolio,Auto,2016-02,79,298727.7218320959
decreciente,Loss Incurred,month,cumulative,Synthetic,Portfolio,Auto,2016-02,80,298701.5567551111
decreciente,Loss Incurred,month,cumulative,Synthetic,Portfolio,Auto,2016-02,81,298677.11039386335
decreciente,Loss Incurred,month,cumulative,Synthetic,Portfolio,Auto,2016-02,82,298654.2698503939
decreciente,Loss Incurred,month,cumulative,Synthetic,Portfolio,Auto,2016-02,83,298632.9296427166
decreciente,Loss Incurred,month,cumulative,Synthetic,Portfolio,Auto,2016-02,84,298612.9912176822
decreciente,Loss Incurred,month,cumulative,Synthetic,Portfolio,Auto,2016-02,85,298594.3624958411
decreciente,Loss Incurred,month,cumulative,Synthetic,Portfolio,Auto,2016-02,86,298576.9574462028
decreciente,Loss Incurred,month,cumulative,Synthetic,Portfolio,Auto,2016-02,87,298560.6956889284
decreciente,Loss Incurred,month,cumulative,Synthetic,Portfolio,Auto,2016-02,88,298545.50212412135
decreciente,Loss Incurred,month,cumulative,Synthetic,Portfolio,Auto,2016-02,89,298531.3065850013
decreciente,Loss Incurred,month,cumulative,Synthetic,Portfolio,Auto,2016-02,90,298518.04351386137
decreciente,Loss Incurred,month,cumulative,Synthetic,Portfolio,Auto,2016-02,91,298505.6516593091
decreciente,Loss Incurred,month,cumulative,Synthetic,Portfolio,Auto,2016-02,92,298494.07379339694
decreciente,Loss Incurred,month,cumulative,Synthetic,Portfolio,Auto,2016-02,93,298483.2564473318
decreciente,Loss Incurred,month,cumulative,Synthetic,Portfolio,Auto,2016-02,94,298473.14966454636
decreciente,Loss Incurred,month,cumulative,Synthetic,Portfolio,Auto,2016-02,95,298463.70676999
decreciente,Loss Incurred,month,cumulative,Synthetic,Portfolio,Auto,2016-02,96,298454.8841545747
decreciente,Loss Incurred,month,cumulative,Synthetic,Portfolio,Auto,2016-02,97,298446.6410737797
decreciente,Loss Incurred,month,cumulative,Synthetic,Portfolio,Auto,2016-02,98,298438.9394594859
decreciente,Loss Incurred,month,cumulative,Synthetic,Portfolio,Auto,2016-02,99,298431.7437441693
decreciente,Loss Incurred,month,cumulative,Synthetic,Portfolio,Auto,2016-02,100,298425.02069664426
decreciente,Loss Incurred,month,cumulative,Synthetic,Portfolio,Auto,2016-02,101,298418.739268595
decreciente,Loss Incurred,month,cumulative,Synthetic,Portfolio,Auto,2016-02,102,298412.8704511889
decreciente,Loss Incurred,month,cumulative,Synthetic,Portfolio,Auto,2016-02,103,298407.3871411076
decreciente,Loss Incurred,month,cumulative,Synthetic,Portfolio,Auto,2016-02,104,298402.2640153794
decreciente,Loss Incurred,month,cumulative,Synthetic,Portfolio,Auto,2016-02,105,298397.4774144327
decreciente,Loss Incurred,month,cumulative,Synthetic,Portfolio,Auto,2016-02,106,298393.0052328311
decreciente,Loss Incurred,month,cumulative,Synthetic,Portfolio,Auto,2016-02,107,298388.82681718725
decreciente,Loss Incurred,month,cumulative,Synthetic,Portfolio,Auto,2016-02,108,298384.9228707807
decreciente,Loss Incurred,month,cumulative,Synthetic,Portfolio,Auto,2016-02,109,298381.2753644422
decreciente,Loss Incurred,month,cumulative,Synthetic,Portfolio,Auto,2016-02,110,298377.86745329207
decreciente,Loss Incurred,month,cumulative,Synthetic,Portfolio,Auto,2016-02,111,298374.6833989464
decreciente,Loss Incurred,month,cumulative,Synthetic,Portfolio,Auto,2016-02,112,298371.708496835
decreciente,Loss Incurred,month,cumulative,Synthetic,Portfolio,Auto,2016-02,113,298368.9290082926
decreciente,Loss Incurred,month,cumulative,Synthetic,Portfolio,Auto,2016-02,114,298366.332097111
decreciente,Loss Incurred,month,cumulative,Synthetic,Portfolio,Auto,2016-02,115,298363.90577025886
decreciente,Loss Incurred,month,cumulative,Synthetic,Portfolio,Auto,2016-02,116,298361.6388224961
decreciente,Loss Incurred,month,cumulative,Synthetic,Portfolio,Auto,2016-02,117,298359.52078462567
decreciente,Loss Incurred,month,cumulative,Synthetic,Portfolio,Auto,2016-02,118,298357.54187514464
decreciente,Loss Incurred,month,cumulative,Synthetic,Portfolio,Auto,2016-03,0,466267.49784311984
decreciente,Loss Incurred,month,cumulative,Synthetic,Portfolio,Auto,2016-03,1,459370.4293670263
decreciente,Loss Incurred,month,cumulative,Synthetic,Portfolio,Auto,2016-03,2,452977.5645521142
decreciente,Loss Incurred,month,cumulative,Synthetic,Portfolio,Auto,2016-03,3,447052.044067085
decreciente,Loss Incurred,month,cumulative,Synthetic,Portfolio,Auto,2016-03,4,441559.70314715843
decreciente,Loss Incurred,month,cumulative,Synthetic,Portfolio,Auto,2016-03,5,436468.8746103382
decreciente,Loss Incurred,month,cumulative,Synthetic,Portfolio,Auto,2016-03,6,431750.2062739869
decreciente,Loss Incurred,month,cumulative,Synthetic,Portfolio,Auto,2016-03,7,427376.4917189901
decreciente,Loss Incurred,month,cumulative,Synthetic,Portfolio,Auto,2016-03,8,423322.51342574507
decreciente,Loss Incurred,month,cumulative,Synthetic,Portfolio,Auto,2016-03,9,419564.897377545
decreciente,Loss Incurred,month,cumulative,Synthetic,Portfolio,Auto,2016-03,10,416081.9782930454
decreciente,Loss Incurred,month,cumulative,Synthetic,Portfolio,Auto,2016-03,11,412853.6747107827
decreciente,Loss Incurred,month,cumulative,Synthetic,Portfolio,Auto,2016-03,12,409861.3732055219
decreciente,Loss Incurred,month,cumulative,Synthetic,Portfolio,Auto,2016-03,13,407087.82106885733
decreciente,Loss Incurred,month,cumulative,Synthetic,Portfolio,Auto,2016-03,14,404517.0268352978
decreciente,Loss Incurred,month,cumulative,Synthetic,Portfolio,Auto,2016-03,15,402134.16808029666
decreciente,Loss Incurred,month,cumulative,Synthetic,Portfolio,Auto,2016-03,16,399925.5059586208
decreciente,Loss Incurred,month,cumulative,Synthetic,Portfolio,Auto,2016-03,17,397878.30599031085
decreciente,Loss Incurred,month,cumulative,Synthetic,Portfolio,Auto,2016-03,18,395980.7646375084
decreciente,Loss Incurred,month,cumulative,Synthetic,Portfolio,Auto,2016-03,19,394221.9412488152
decreciente,Loss Incurred,month,cumulative,Synthetic,Portfolio,Auto,2016-03,20,392591.6949787956
decreciente,Loss Incurred,month,cumulative,Synthetic,Portfolio,Auto,2016-03,21,391080.62631891866
decreciente,Loss Incurred,month,cumulative,Synthetic,Portfolio,Auto,2016-03,22,389680.0229028257
decreciente,Loss Incurred,month,cumulative,Synthetic,Portfolio,Auto,2016-03,23,388381.8092734523
decreciente,Loss Incurred,month,cumulative,Synthetic,Portfolio,Auto,2016-03,24,387178.5003223773
decreciente,Loss Incurred,month,cumulative,Synthetic,Portfolio,Auto,2016-03,25,386063.1581329442
decreciente,Loss Incurred,month,cumulative,Synthetic,Portfolio,Auto,2016-03,26,385029.3519783253
decreciente,Loss Incurred,month,cumulative,Synthetic,Portfolio,Auto,2016-03,27,384071.1212438892
decreciente,Loss Incurred,month,cumulative,Synthetic,Portfolio,Auto,2016-03,28,383182.9410600941
decreciente,Loss Incurred,month,cumulative,Synthetic,Portfolio,Auto,2016-03,29,382359.69044775545
decreciente,Loss Incurred,month,cumulative,Synthetic,Portfolio,Auto,2016-03,30,381596.62279202364
decreciente,Loss Incurred,month,cumulative,Synthetic,Portfolio,Auto,2016-03,31,380889.3384748338
decreciente,Loss Incurred,month,cumulative,Synthetic,Portfolio,Auto,2016-03,32,380233.75950803433
decreciente,Loss Incurred,month,cumulative,Synthetic,Portfolio,Auto,2016-03,33,379626.1060209369
decreciente,Loss Incurred,month,cumulative,Synthetic,Portfolio,Auto,2016-03,34,379062.8744667209
decreciente,Loss Incurred,month,cumulative,Synthetic,Portfolio,Auto,2016-03,35,378540.81742203934
decreciente,Loss Incurred,month,cumulative,Synthetic,Portfolio,Auto,2016-03,36,378056.9248633545
decreciente,Loss Incurred,month,cumulative,Synthetic,Portfolio,Auto,2016-03,37,377608.40681204956
decreciente,Loss Incurred,month,cumulative,Synthetic,Portfolio,Auto,2016-03,38,377192.67724825314
decreciente,Loss Incurred,month,cumulative,Synthetic,Portfolio,Auto,2016-03,39,376807.33920062834
decreciente,Loss Incurred,month,cumulative,Synthetic,Portfolio,Auto,2016-03,40,376450.1709261584
decreciente,Loss Incurred,month,cumulative,Synthetic,Portfolio,Auto,2016-03,41,376119.11310024624
decreciente,Loss Incurred,month,cumulative,Synthetic,Portfolio,Auto,2016-03,42,375812.2569432702
decreciente,Loss Incurred,month,cumulative,Synthetic,Portfolio,Auto,2016-03,43,375527.8332151355
decreciente,Loss Incurred,month,cumulative,Synthetic,Portfolio,Auto,2016-03,44,375264.20201436937
decreciente,Loss Incurred,month,cumulative,Synthetic,Portfolio,Auto,2016-03,45,375019.8433229437
decreciente,Loss Incurred,month,cumulative,Synthetic,Portfolio,Auto,2016-03,46,374793.3482423096
decreciente,Loss Incurred,month,cumulative,Synthetic,Portfolio,Auto,2016-03,47,374583.4108701121
decreciente,Loss Incurred,month,cumulative,Synthetic,Portfolio,Auto,2016-03,48,374388.8207707519
decreciente,Loss Incurred,month,cumulative,Synthetic,Portfolio,Auto,2016-03,49,374208.4559963784
decreciente,Loss Incurred,month,cumulative,Synthetic,Portfolio,Auto,2016-03,50,374041.2766180761
decreciente,Loss Incurred,month,cumulative,Synthetic,Portfolio,Auto,2016-03,51,373886.3187299483
decreciente,Loss Incurred,month,cumulative,Synthetic,Portfolio,Auto,2016-03,52,373742.68889152654
decreciente,Loss Incurred,month,cumulative,Synthetic,Portfolio,Auto,2016-03,53,373609.5589764619
decreciente,Loss Incurred,month,cumulative,Synthetic,Portfolio,Auto,2016-03,54,373486.16139779787
decreciente,Loss Incurred,month,cumulative,Synthetic,Portfolio,Auto,2016-03,55,373371.7846822961
decreciente,Loss Incurred,month,cumulative,Synthetic,Portfolio,Auto,2016-03,56,373265.76936829556
decreciente,Loss Incurred,month,cumulative,Synthetic,Portfolio,Auto,2016-03,57,373167.5042034556
decreciente,Loss Incurred,month,cumulative,Synthetic,Portfolio,Auto,2016-03,58,373076.42262045917
decreciente,Loss Incurred,month,cumulative,Synthetic,Portfolio,Auto,2016-03,59,372991.99947035674
decreciente,Loss Incurred,month,cumulative,Synthetic,Portfolio,Auto,2016-03,60,372913.74799471535
decreciente,Loss Incurred,month,cumulative,Synthetic,Portfolio,Auto,2016-03,61,372841.2170191166
decreciente,Loss Incurred,month,cumulative,Synthetic,Portfolio,Auto,2016-03,62,372773.9883518207
decreciente,Loss Incurred,month,cumulative,Synthetic,Portfolio,Auto,2016-03,63,372711.67437259894
decreciente,Loss Incurred,month,cumulative,Synthetic,Portfolio,Auto,2016-03,64,372653.9157978329
decreciente,Loss Incurred,month,cumulative,Synthetic,Portfolio,Auto,2016-03,65,372600.37960899237
decreciente,Loss Incurred,month,cumulative,Synthetic,Portfolio,Auto,2016-03,66,372550.75713255204
decreciente,Loss Incurred,month,cumulative,Synthetic,Portfolio,Auto,2016-03,67,372504.762260272
decreciente,Loss Incurred,month,cumulative,Synthetic,Portfolio,Auto,2016-03,68,372462.1297995846
decreciente,Loss Incurred,month,cumulative,Synthetic,Portfolio,Auto,2016-03,69,372422.6139445736
decreciente,Loss Incurred,month,cumulative,Synthetic,Portfolio,Auto,2016-03,70,372385.9868587319
decreciente,Loss Incurred,month,cumulative,Synthetic,Portfolio,Auto,2016-03,71,372352.03736132407
decreciente,Loss Incurred,month,cumulative,Synthetic,Portfolio,Auto,2016-03,72,372320.5697097828
decreciente,Loss Incurred,month,cumulative,Synthetic,Portfolio,Auto,2016-03,73,372291.4024711156
decreciente,Loss Incurred,month,cumulative,Synthetic,Portfolio,Auto,2016-03,74,372264.36747581715
decreciente,Loss Incurred,month,cumulative,Synthetic,Portfolio,Auto,2016-03,75,372239.30884825485
decreciente,Loss Incurred,month,cumulative,Synthetic,Portfolio,Auto,2016-03,76,372216.0821079364
decreciente,Loss Incurred,month,cumulative,Synthetic,Portfolio,Auto,2016-03,77,372194.553336479
decreciente,Loss Incurred,month,cumulative,Synthetic,Portfolio,Auto,2016-03,78,372174.59840547683
decreciente,Loss Incurred,month,cumulative,Synthetic,Portfolio,Auto,2016-03,79,372156.1022608133
decreciente,Loss Incurred,month,cumulative,Synthetic,Portfolio,Auto,2016-03,80,372138.95825929433
decreciente,Loss Incurred,month,cumulative,Synthetic,Portfolio,Auto,2016-03,81,372123.0675537754
decreciente,Loss Incurred,month,cumulative,Synthetic,Portfolio,Auto,2016-03,82,372108.33852323896
decreciente,Loss Incurred,month,cumulative,Synthetic,Portfolio,Auto,2016-03,83,372094.68624453526
decreciente,Loss Incurred,month,cumulative,Synthetic,Portfolio,Auto,2016-03,84,372082.032002741
decreciente,Loss Incurred,month,cumulative,Synthetic,Portfolio,Auto,2016-03,85,372070.30283731275
decreciente,Loss Incurred,month,cumulative,Synthetic,Portfolio,Auto,2016-03,86,372059.43112141854
decreciente,Loss Incurred,month,cumulative,Synthetic,Portfolio,Auto,2016-03,87,372049.3541720221
decreciente,Loss Incurred,month,cumulative,Synthetic,Portfolio,Auto,2016-03,88,372040.01388847106
decreciente,Loss Incurred,month,cumulative,Synthetic,Portfolio,Auto,2016-03,89,372031.356417506
decreciente,Loss Incurred,month,cumulative,Synthetic,Portfolio,Auto,2016-03,90,372023.33184275957
decreciente,Loss Incurred,month,cumulative,Synthetic,Portfolio,Auto,2016-03,91,372015.8938969526
decreciente,Loss Incurred,month,cumulative,Synthetic,Portfolio,Auto,2016-03,92,372008.99969513214
decreciente,Loss Incurred,month,cumulative,Synthetic,Portfolio,Auto,2016-03,93,372002.60948740866
decreciente,Loss Incurred,month,cumulative,Synthetic,Portfolio,Auto,2016-03,94,371996.686429771
decreciente,Loss Incurred,month,cumulative,Synthetic,Portfolio,Auto,2016-03,95,371991.19637165416
decreciente,Loss Incurred,month,cumulative,Synthetic,Portfolio,Auto,2016-03,96,371986.10765903833
decreciente,Loss Incurred,month,cumulative,Synthetic,Portfolio,Auto,2016-03,97,371981.3909519407
decreciente,Loss Incurred,month,cumulative,Synthetic,Portfolio,Auto,2016-03,98,371977.01905524975
decreciente,Loss Incurred,month,cumulative,Synthetic,Portfolio,Auto,2016-03,99,371972.96676192747
decreciente,Loss Incurred,month,cumulative,Synthetic,Portfolio,Auto,2016-03,100,371969.2107076719
decreciente,Loss Incurred,month,cumulative,Synthetic,Portfolio,Auto,2016-03,101,371965.7292362067
decreciente,Loss Incurred,month,cumulative,Synthetic,Portfolio,Auto,2016-03,102,371962.5022744169
decreciente,Loss Incurred,month,cumulative,Synthetic,Portfolio,Auto,2016-03,103,371959.51121661364
decreciente,Loss Incurred,month,cumulative,Synthetic,Portfolio,Auto,2016-03,104,371956.7388172593
decreciente,Loss Incurred,month,cumulative,Synthetic,Portfolio,Auto,2016-03,105,371954.169091535
decreciente,Loss Incurred,month,cumulative,Synthetic,Portfolio,Auto,2016-03,106,371951.787223177
decreciente,Loss Incurred,month,cumulative,Synthetic,Portfolio,Auto,2016-03,107,371949.5794790502
decreciente,Loss Incurred,month,cumulative,Synthetic,Portfolio,Auto,2016-03,108,371947.53312996763
decreciente,Loss Incurred,month,cumulative,Synthetic,Portfolio,Auto,2016-03,109,371945.63637729734
decreciente,Loss Incurred,month,cumulative,Synthetic,Portfolio,Auto,2016-03,110,371943.8782849353
decreciente,Loss Incurred,month,cumulative,Synthetic,Portfolio,Auto,2016-03,111,371942.24871625094
decreciente,Loss Incurred,month,cumulative,Synthetic,Portfolio,Auto,2016-03,112,371940.73827564245
decreciente,Loss Incurred,month,cumulative,Synthetic,Portfolio,Auto,2016-03,113,371939.3382543647
decreciente,Loss Incurred,month,cumulative,Synthetic,Portfolio,Auto,2016-03,114,371938.04058031685
decreciente,Loss Incurred,month,cumulative,Synthetic,Portfolio,Auto,2016-03,115,371936.8377715018
decreciente,Loss Incurred,month,cumulative,Synthetic,Portfolio,Auto,2016-03,116,371935.7228928865
decreciente,Loss Incurred,month,cumulative,Synthetic,Portfolio,Auto,2016-03,117,371934.68951641675
decreciente,Loss Incurred,month,cumulative,Synthetic,Portfolio,Auto,2016-04,0,525418.650980861
decreciente,Loss Incurred,month,cumulative,Synthetic,Portfolio,Auto,2016-04,1,517483.2842432607
decreciente,Loss Incurred,month,cumulative,Synthetic,Portfolio,Auto,2016-04,2,510114.347049503
decreciente,Loss Incurred,month,cumulative,Synthetic,Portfolio,Auto,2016-04,3,503271.4074398884
decreciente,Loss Incurred,month,cumulative,Synthetic,Portfolio,Auto,2016-04,4,496916.9195036226
decreciente,Loss Incurred,month,cumulative,Synthetic,Portfolio,Auto,2016-04,5,491016.0173715312
decreciente,Loss Incurred,month,cumulative,Synthetic,Portfolio,Auto,2016-04,6,485536.3239136532
decreciente,Loss Incurred,month,cumulative,Synthetic,Portfolio,Auto,2016-04,7,480447.77309207415
decreciente,Loss Incurred,month,cumulative,Synthetic,Portfolio,Auto,2016-04,8,475722.444994283
decreciente,Loss Incurred,month,cumulative,Synthetic,Portfolio,Auto,2016-04,9,471334.4126419119
decreciente,Loss Incurred,month,cumulative,Synthetic,Portfolio,Auto,2016-04,10,467259.5997343262
decreciente,Loss Incurred,month,cumulative,Synthetic,Portfolio,Auto,2016-04,11,463475.64854653383
decreciente,Loss Incurred,month,cumulative,Synthetic,Portfolio,Auto,2016-04,12,459961.797256591
decreciente,Loss Incurred,month,cumulative,Synthetic,Portfolio,Auto,2016-04,13,456698.76602942636
decreciente,Loss Incurred,month,cumulative,Synthetic,Portfolio,Auto,2016-04,14,453668.65123204567
decreciente,Loss Incurred,month,cumulative,Synthetic,Portfolio,Auto,2016-04,15,450854.8271996953
decreciente,Loss Incurred,month,cumulative,Synthetic,Portfolio,Auto,2016-04,16,448241.85501399566
decreciente,Loss Incurred,month,cumulative,Synthetic,Portfolio,Auto,2016-04,17,445815.3977925265
decreciente,Loss Incurred,month,cumulative,Synthetic,Portfolio,Auto,2016-04,18,443562.1420250745
decreciente,Loss Incurred,month,cumulative,Synthetic,Portfolio,Auto,2016-04,19,441469.72452492913
decreciente,Loss Incurred,month,cumulative,Synthetic,Portfolio,Auto,2016-04,20,439526.6645944245
decreciente,Loss Incurred,month,cumulative,Synthetic,Portfolio,Auto,2016-04,21,437722.30103253
decreciente,Loss Incurred,month,cumulative,Synthetic,Portfolio,Auto,2016-04,22,436046.733638864
decreciente,Loss Incurred,month,cumulative,Synthetic,Portfolio,Auto,2016-04,23,434490.7688931733
decreciente,Loss Incurred,month,cumulative,Synthetic,Portfolio,Auto,2016-04,24,433045.8695122326
decreciente,Loss Incurred,month,cumulative,Synthetic,Portfolio,Auto,2016-04,25,431704.10760739207
decreciente,Loss Incurred,month,cumulative,Synthetic,Portfolio,Auto,2016-04,26,430458.1211857567
decreciente,Loss Incurred,month,cumulative,Synthetic,Portfolio,Auto,2016-04,27,429301.07375632913
decreciente,Loss Incurred,month,cumulative,Synthetic,Portfolio,Auto,2016-04,28,428226.61681948084
decreciente,Loss Incurred,month,cumulative,Synthetic,Portfolio,Auto,2016-04,29,427228.85503393953
decreciente,Loss Incurred,month,cumulative,Synthetic,Portfolio,Auto,2016-04,30,426302.3138701712
decreciente,Loss Incurred,month,cumulative,Synthetic,Portfolio,Auto,2016-04,31,425441.909572675
decreciente,Loss Incurred,month,cumulative,Synthetic,Portfolio,Auto,2016-04,32,424642.9212663821
decreciente,Loss Incurred,month,cumulative,Synthetic,Portfolio,Auto,2016-04,33,423900.96505411
decreciente,Loss Incurred,month,cumulative,Synthetic,Portfolio,Auto,2016-04,34,423211.96996295126
decreciente,Loss Incurred,month,cumulative,Synthetic,Portfolio,Auto,2016-04,35,422572.15560761734
decreciente,Loss Incurred,month,cumulative,Synthetic,Portfolio,Auto,2016-04,36,421978.01144818234
decreciente,Loss Incurred,month,cumulative,Synthetic,Portfolio,Auto,2016-04,37,421426.2775284166
decreciente,Loss Incurred,month,cumulative,Synthetic,Portfolio,Auto,2016-04,38,420913.92658902594
decreciente,Loss Incurred,month,cumulative,Synthetic,Portfolio,Auto,2016-04,39,420438.1474576542
decreciente,Loss Incurred,month,cumulative,Synthetic,Portfolio,Auto,2016-04,40,419996.32962451386
decreciente,Loss Incurred,month,cumulative,Synthetic,Portfolio,Auto,2016-04,41,419586.0489190153
decreciente,Loss Incurred,month,cumulative,Synthetic,Portfolio,Auto,2016-04,42,419205.0542088019
decreciente,Loss Incurred,month,cumulative,Synthetic,Portfolio,Auto,2016-04,43,418851.2550482144
decreciente,Loss Incurred,month,cumulative,Synthetic,Portfolio,Auto,2016-04,44,418522.7102084126
decreciente,Loss Incurred,month,cumulative,Synthetic,Portfolio,Auto,2016-04,45,418217.61702622095
decreciente,Loss Incurred,month,cumulative,Synthetic,Portfolio,Auto,2016-04,46,417934.30151325784
decreciente,Loss Incurred,month,cumulative,Synthetic,Portfolio,Auto,2016-04,47,417671.20917107904
decreciente,Loss Incurred,month,cumulative,Synthetic,Portfolio,Auto,2016-04,48,417426.8964619401
decreciente,Loss Incurred,month,cumulative,Synthetic,Portfolio,Auto,2016-04,49,417200.02288837853
decreciente,Loss Incurred,month,cumulative,Synthetic,Portfolio,Auto,2016-04,50,416989.34363815846
decreciente,Loss Incurred,month,cumulative,Synthetic,Portfolio,Auto,2016-04,51,416793.7027542226
decreciente,Loss Incurred,month,cumulative,Synthetic,Portfolio,Auto,2016-04,52,416612.02679217485
decreciente,Loss Incurred,month,cumulative,Synthetic,Portfolio,Auto,2016-04,53,416443.3189304951
decreciente,Loss Incurred,month,cumulative,Synthetic,Portfolio,Auto,2016-04,54,416286.6535011685
decreciente,Loss Incurred,month,cumulative,Synthetic,Portfolio,Auto,2016-04,55,416141.1709107204
decreciente,Loss Incurred,month,cumulative,Synthetic,Portfolio,Auto,2016-04,56,416006.07292379084
decreciente,Loss Incurred,month,cumulative,Synthetic,Portfolio,Auto,2016-04,57,415880.61828336836
decreciente,Loss Incurred,month,cumulative,Synthetic,Portfolio,Auto,2016-04,58,415764.1186436531
decreciente,Loss Incurred,month,cumulative,Synthetic,Portfolio,Auto,2016-04,59,415655.93479323457
decreciente,Loss Incurred,month,cumulative,Synthetic,Portfolio,Auto,2016-04,60,415555.4731478595
decreciente,Loss Incurred,month,cumulative,Synthetic,Portfolio,Auto,2016-04,61,415462.1824935483
decreciente,Loss Incurred,month,cumulative,Synthetic,Portfolio,Auto,2016-04,62,415375.55096218805
decreciente,Loss Incurred,month,cumulative,Synthetic,Portfolio,Auto,2016-04,63,415295.10322300944
decreciente,Loss Incurred,month,cumulative,Synthetic,Portfolio,Auto,2016-04,64,415220.39787453733
decreciente,Loss Incurred,month,cumulative,Synthetic,Portfolio,Auto,2016-04,65,415151.02502270415
decreciente,Loss Incurred,month,cumulative,Synthetic,Portfolio,Auto,2016-04,66,415086.6040318396
decreciente,Loss Incurred,month,cumulative,Synthetic,Portfolio,Auto,2016-04,67,415026.7814361943
decreciente,Loss Incurred,month,cumulative,Synthetic,Portfolio,Auto,2016-04,68,414971.22900054074
decreciente,Loss Incurred,month,cumulative,Synthetic,Portfolio,Auto,2016-04,69,414919.64191920875
decreciente,Loss Incurred,month,cumulative,Synthetic,Portfolio,Auto,2016-04,70,414871.73714367487
decreciente,Loss Incurred,month,cumulative,Synthetic,Portfolio,Auto,2016-04,71,414827.2518295282
decreciente,Loss Incurred,month,cumulative,Synthetic,Portfolio,Auto,2016-04,72,414785.9418942939
decreciente,Loss Incurred,month,cumulative,Synthetic,Portfolio,Auto,2016-04,73,414747.58067819814
decreciente,Loss Incurred,month,cumulative,Synthetic,Portfolio,Auto,2016-04,74,414711.95770052954
decreciente,Loss Incurred,month,cumulative,Synthetic,Portfolio,Auto,2016-04,75,414678.87750477117
decreciente,Loss Incurred,month,cumulative,Synthetic,Portfolio,Auto,2016-04,76,414648.1585861677
decreciente,Loss Incurred,month,cumulative,Synthetic,Portfolio,Auto,2016-04,77,414619.6323958435
decreciente,Loss Incurred,month,cumulative,Synthetic,Portfolio,Auto,2016-04,78,414593.14241600677
decreciente,Loss Incurred,month,cumulative,Synthetic,Portfolio,Auto,2016-04,79,414568.54330116615
decreciente,Loss Incurred,month,cumulative,Synthetic,Portfolio,Auto,2016-04,80,414545.7000806476
decreciente,Loss Incurred,month,cumulative,Synthetic,Portfolio,Auto,2016-04,81,414524.487418036
decreciente,Loss Incurred,month,cumulative,Synthetic,Portfolio,Auto,2016-04,82,414504.7889234778
decreciente,Loss Incurred,month,cumulative,Synthetic,Portfolio,Auto,2016-04,83,414486.4965150724
decreciente,Loss Incurred,month,cumulative,Synthetic,Portfolio,Auto,2016-04,84,414469.50982584694
decreciente,Loss Incurred,month,cumulative,Synthetic,Portfolio,Auto,2016-04,85,414453.7356530618
decreciente,Loss Incurred,month,cumulative,Synthetic,Portfolio,Auto,2016-04,86,414439.087446825
decreciente,Loss Incurred,month,cumulative,Synthetic,Portfolio,Auto,2016-04,87,414425.48483520927
decreciente,Loss Incurred,month,cumulative,Synthetic,Portfolio,Auto,2016-04,88,414412.8531832664
decreciente,Loss Incurred,month,cumulative,Synthetic,Portfolio,Auto,2016-04,89,414401.12318352
decreciente,Loss Incurred,month,cumulative,Synthetic,Portfolio,Auto,2016-04,90,414390.2304756878
decreciente,Loss Incurred,month,cumulative,Synthetic,Portfolio,Auto,2016-04,91,414380.11529354943
decreciente,Loss Incurred,month,cumulative,Synthetic,Portfolio,Auto,2016-04,92,414370.72213702044
decreciente,Loss Incurred,month,cumulative,Synthetic,Portfolio,Auto,2016-04,93,414361.9994676339
decreciente,Loss Incurred,month,cumulative,Synthetic,Portfolio,Auto,2016-04,94,414353.89942575846
decreciente,Loss Incurred,month,cumulative,Synthetic,Portfolio,Auto,2016-04,95,414346.37756800186
decreciente,Loss Incurred,month,cumulative,Synthetic,Portfolio,Auto,2016-04,96,414339.39262335823
decreciente,Loss Incurred,month,cumulative,Synthetic,Portfolio,Auto,2016-04,97,414332.9062667622
decreciente,Loss Incurred,month,cumulative,Synthetic,Portfolio,Auto,2016-04,98,414326.88290880615
decreciente,Loss Incurred,month,cumulative,Synthetic,Portfolio,Auto,2016-04,99,414321.2895004684
decreciente,Loss Incurred,month,cumulative,Synthetic,Portfolio,Auto,2016-04,100,414316.095351779
decreciente,Loss Incurred,month,cumulative,Synthetic,Portfolio,Auto,2016-04,101,414311.27196343004
decreciente,Loss Incurred,month,cumulative,Synthetic,Portfolio,Auto,2016-04,102,414306.792870405
decreciente,Loss Incurred,month,cumulative,Synthetic,Portfolio,Auto,2016-04,103,414302.63349677087
decreciente,Loss Incurred,month,cumulative,Synthetic,Portfolio,Auto,2016-04,104,414298.77102083387
decreciente,Loss Incurred,month,cumulative,Synthetic,Portfolio,Auto,2016-04,105,414295.1842499215
decreciente,Loss Incurred,month,cumulative,Synthetic,Portfolio,Auto,2016-04,106,414291.85350410285
decreciente,Loss Incurred,month,cumulative,Synthetic,Portfolio,Auto,2016-04,107,414288.7605082077
decreciente,Loss Incurred,month,cumulative,Synthetic,Portfolio,Auto,2016-04,108,414285.8882915546
decreciente,Loss Incurred,month,cumulative,Synthetic,Portfolio,Auto,2016-04,109,414283.221094836
decreciente,Loss Incurred,month,cumulative,Synthetic,Portfolio,Auto,2016-04,110,414280.7442836497
decreciente,Loss Incurred,month,cumulative,Synthetic,Portfolio,Auto,2016-04,111,414278.44426820293
decreciente,Loss Incurred,month,cumulative,Synthetic,Portfolio,Auto,2016-04,112,414276.30842874746
decreciente,Loss Incurred,month,cumulative,Synthetic,Portfolio,Auto,2016-04,113,414274.32504633756
decreciente,Loss Incurred,month,cumulative,Synthetic,Portfolio,Auto,2016-04,114,414272.4832385304
decreciente,Loss Incurred,month,cumulative,Synthetic,Portfolio,Auto,2016-04,115,414270.7728996762
decreciente,Loss Incurred,month,cumulative,Synthetic,Portfolio,Auto,2016-04,116,414269.1846454703
decreciente,Loss Incurred,month,cumulative,Synthetic,Portfolio,Auto,2016-05,0,499989.4828948094
decreciente,Loss Incurred,month,cumulative,Synthetic,Portfolio,Auto,2016-05,1,490857.22654943826
decreciente,Loss Incurred,month,cumulative,Synthetic,Portfolio,Auto,2016-05,2,482407.03241425817
decreciente,Loss Incurred,month,cumulative,Synthetic,Portfolio,Auto,2016-05,3,474587.9592058692
decreciente,Loss Incurred,month,cumulative,Synthetic,Portfolio,Auto,2016-05,4,467352.8703002054
decreciente,Loss Incurred,month,cumulative,Synthetic,Portfolio,Auto,2016-05,5,460658.14957336825
decreciente,Loss Incurred,month,cumulative,Synthetic,Portfolio,Auto,2016-05,6,454463.4384654983
decreciente,Loss Incurred,month,cumulative,Synthetic,Portfolio,Auto,2016-05,7,448731.39268259687
decreciente,Loss Incurred,month,cumulative,Synthetic,Portfolio,Auto,2016-05,8,443427.4570695972
decreciente,Loss Incurred,month,cumulative,Synthetic,Portfolio,Auto,2016-05,9,438519.65729752224
decreciente,Loss Incurred,month,cumulative,Synthetic,Portfolio,Auto,2016-05,10,433978.407108937
decreciente,Loss Incurred,month,cumulative,Synthetic,Portfolio,Auto,2016-05,11,429776.32995968784
decreciente,Loss Incurred,month,cumulative,Synthetic,Portfolio,Auto,2016-05,12,425888.0939817133
decreciente,Loss Incurred,month,cumulative,Synthetic,Portfolio,Auto,2016-05,13,422290.2592720109
decreciente,Loss Incurred,month,cumulative,Synthetic,Portfolio,Auto,2016-05,14,418961.13658715715
decreciente,Loss Incurred,month,cumulative,Synthetic,Portfolio,Auto,2016-05,15,415880.6565915309
decreciente,Loss Incurred,month,cumulative,Synthetic,Portfolio,Auto,2016-05,16,413030.2488710146
decreciente,Loss Incurred,month,cumulative,Synthetic,Portfolio,Auto,2016-05,17,410392.72998281696
decreciente,Loss Incurred,month,cumulative,Synthetic,Portfolio,Auto,2016-05,18,407952.19986653625
decreciente,Loss Incurred,month,cumulative,Synthetic,Portfolio,Auto,2016-05,19,405693.9459919854
decreciente,Loss Incurred,month,cumulative,Synthetic,Portfolio,Auto,2016-05,20,403604.35466594365
decreciente,Loss Incurred,month,cumulative,Synthetic,Portfolio,Auto,2016-05,21,401670.8289631538
decreciente,Loss Incurred,month,cumulative,Synthetic,Portfolio,Auto,2016-05,22,399881.7127868195
decreciente,Loss Incurred,month,cumulative,Synthetic,Portfolio,Auto,2016-05,23,398226.2206008081
decreciente,Loss Incurred,month,cumulative,Synthetic,Portfolio,Auto,2016-05,24,396694.3724099542
decreciente,Loss Incurred,month,cumulative,Synthetic,Portfolio,Auto,2016-05,25,395276.9335965003
decreciente,Loss Incurred,month,cumulative,Synthetic,Portfolio,Auto,2016-05,26,393965.35924998124
decreciente,Loss Incurred,month,cumulative,Synthetic,Portfolio,Auto,2016-05,27,392751.74265495146
decreciente,Loss Incurred,month,cumulative,Synthetic,Portfolio,Auto,2016-05,28,391628.76762601733
decreciente,Loss Incurred,month,cumulative,Synthetic,Portfolio,Auto,2016-05,29,390589.6644028295
decreciente,Loss Incurred,month,cumulative,Synthetic,Portfolio,Auto,2016-05,30,389628.1688391532
decreciente,Loss Incurred,month,cumulative,Synthetic,Portfolio,Auto,2016-05,31,388738.48463999055
decreciente,Loss Incurred,month,cumulative,Synthetic,Portfolio,Auto,2016-05,32,387915.2484191045
decreciente,Loss Incurred,month,cumulative,Synthetic,Portfolio,Auto,2016-05,33,387153.4973662965
decreciente,Loss Incurred,month,cumulative,Synthetic,Portfolio,Auto,2016-05,34,386448.63932952355
decreciente,Loss Incurred,month,cumulative,Synthetic,Portfolio,Auto,2016-05,35,385796.42513149657
decreciente,Loss Incurred,month,cumulative,Synthetic,Portfolio,Auto,2016-05,36,385192.9229538729
decreciente,Loss Incurred,month,cumulative,Synthetic,Portfolio,Auto,2016-05,37,384634.4946346209
decreciente,Loss Incurred,month,cumulative,Synthetic,Portfolio,Auto,2016-05,38,384117.77373566653
decreciente,Loss Incurred,month,cumulative,Synthetic,Portfolio,Auto,2016-05,39,383639.64524860523
decreciente,Loss Incurred,month,cumulative,Synthetic,Portfolio,Auto,2016-05,40,383197.22681613575
decreciente,Loss Incurred,month,cumulative,Synthetic,Portfolio,Auto,2016-05,41,382787.8513560126
decreciente,Loss Incurred,month,cumulative,Synthetic,Portfolio,Auto,2016-05,42,382409.050982765
decreciente,Loss Incurred,month,cumulative,Synthetic,Portfolio,Auto,2016-05,43,382058.5421302574
decreciente,Loss Incurred,month,cumulative,Synthetic,Portfolio,Auto,2016-05,44,381734.21178540355
decreciente,Loss Incurred,month,cumulative,Synthetic,Portfolio,Auto,2016-05,45,381434.1047500449
decreciente,Loss Incurred,month,cumulative,Synthetic,Portfolio,Auto,2016-05,46,381156.4118542032
decreciente,Loss Incurred,month,cumulative,Synthetic,Portfolio,Auto,2016-05,47,380899.4590496521
decreciente,Loss Incurred,month,cumulative,Synthetic,Portfolio,Auto,2016-05,48,380661.6973180581
decreciente,Loss Incurred,month,cumulative,Synthetic,Portfolio,Auto,2016-05,49,380441.69333285425
decreciente,Loss Incurred,month,cumulative,Synthetic,Portfolio,Auto,2016-05,50,380238.1208185513
decreciente,Loss Incurred,month,cumulative,Synthetic,Portfolio,Auto,2016-05,51,380049.7525553981
decreciente,Loss Incurred,month,cumulative,Synthetic,Portfolio,Auto,2016-05,52,379875.45298119076
decreciente,Loss Incurred,month,cumulative,Synthetic,Portfolio,Auto,2016-05,53,379714.1713456311
decreciente,Loss Incurred,month,cumulative,Synthetic,Portfolio,Auto,2016-05,54,379564.9353759674
decreciente,Loss Incurred,month,cumulative,Synthetic,Portfolio,Auto,2016-05,55,379426.84541573003
decreciente,Loss Incurred,month,cumulative,Synthetic,Portfolio,Auto,2016-05,56,379299.069001228
decreciente,Loss Incurred,month,cumulative,Synthetic,Portfolio,Auto,2016-05,57,379180.83584311185
decreciente,Loss Incurred,month,cumulative,Synthetic,Portfolio,Auto,2016-05,58,379071.43318274926
decreciente,Loss Incurred,month,cumulative,Synthetic,Portfolio,Auto,2016-05,59,378970.2014954196
decreciente,Loss Incurred,month,cumulative,Synthetic,Portfolio,Auto,2016-05,60,378876.53051442467
decreciente,Loss Incurred,month,cumulative,Synthetic,Portfolio,Auto,2016-05,61,378789.8555521476
decreciente,Loss Incurred,month,cumulative,Synthetic,Portfolio,Auto,2016-05,62,378709.6540958808
decreciente,Loss Incurred,month,cumulative,Synthetic,Portfolio,Auto,2016-05,63,378635.4426579023
decreciente,Loss Incurred,month,cumulative,Synthetic,Portfolio,Auto,2016-05,64,378566.77386081056
decreciente,Loss Incurred,month,cumulative,Synthetic,Portfolio,Auto,2016-05,65,378503.23374054796
decreciente,Loss Incurred,month,cumulative,Synthetic,Portfolio,Auto,2016-05,66,378444.43925085274
decreciente,Loss Incurred,month,cumulative,Synthetic,Portfolio,Auto,2016-05,67,378390.03595409734
decreciente,Loss Incurred,month,cumulative,Synthetic,Portfolio,Auto,2016-05,68,378339.69588459085
decreciente,Loss Incurred,month,cumulative,Synthetic,Portfolio,Auto,2016-05,69,378293.1155714656
decreciente,Loss Incurred,month,cumulative,Synthetic,Portfolio,Auto,2016-05,70,378250.01420922816
decreciente,Loss Incurred,month,cumulative,Synthetic,Portfolio,Auto,2016-05,71,378210.13196494785
decreciente,Loss Incurred,month,cumulative,Synthetic,Portfolio,Auto,2016-05,72,378173.2284118752
decreciente,Loss Incurred,month,cumulative,Synthetic,Portfolio,Auto,2016-05,73,378139.08108004945
decreciente,Loss Incurred,month,cumulative,Synthetic,Portfolio,Auto,2016-05,74,378107.4841151579
decreciente,Loss Incurred,month,cumulative,Synthetic,Portfolio,Auto,2016-05,75,378078.2470375597
decreciente,Loss Incurred,month,cumulative,Synthetic,Portfolio,Auto,2016-05,76,378051.1935939958
decreciente,Loss Incurred,month,cumulative,Synthetic,Portfolio,Auto,2016-05,77,378026.1606950612
decreciente,Loss Incurred,month,cumulative,Synthetic,Portfolio,Auto,2016-05,78,378002.9974320334
decreciente,Loss Incurred,month,cumulative,Synthetic,Portfolio,Auto,2016-05,79,377981.56416713295
decreciente,Loss Incurred,month,cumulative,Synthetic,Portfolio,Auto,2016-05,80,377961.7316917283
decreciente,Loss Incurred,month,cumulative,Synthetic,Portfolio,Auto,2016-05,81,377943.3804474122
decreciente,Loss Incurred,month,cumulative,Synthetic,Portfolio,Auto,2016-05,82,377926.39980525454
decreciente,Loss Incurred,month,cumulative,Synthetic,Portfolio,Auto,2016-05,83,377910.6873988846
decreciente,Loss Incurred,month,cumulative,Synthetic,Portfolio,Auto,2016-05,84,377896.14850738447
decreciente,Loss Incurred,month,cumulative,Synthetic,Portfolio,Auto,2016-05,85,377882.69548427174
decreciente,Loss Incurred,month,cumulative,Synthetic,Portfolio,Auto,2016-05,86,377870.24722912983
decreciente,Loss Incurred,month,cumulative,Synthetic,Portfolio,Auto,2016-05,87,377858.72869870154
decreciente,Loss Incurred,month,cumulative,Synthetic,Portfolio,Auto,2016-05,88,377848.0704544966
decreciente,Loss Incurred,month,cumulative,Synthetic,Portfolio,Auto,2016-05,89,377838.2082441879
decreciente,Loss Incurred,month,cumulative,Synthetic,Portfolio,Auto,2016-05,90,377829.0826142713
decreciente,Loss Incurred,month,cumulative,Synthetic,Portfolio,Auto,2016-05,91,377820.6385516558
decreciente,Loss Incurred,month,cumulative,Synthetic,Portfolio,Auto,2016-05,92,377812.82515202137
decreciente,Loss Incurred,month,cumulative,Synthetic,Portfolio,Auto,2016-05,93,377805.5953129466
decreciente,Loss Incurred,month,cumulative,Synthetic,Portfolio,Auto,2016-05,94,377798.9054499557
decreciente,Loss Incurred,month,cumulative,Synthetic,Portfolio,Auto,2016-05,95,377792.7152337734
decreciente,Loss Incurred,month,cumulative,Synthetic,Portfolio,Auto,2016-05,96,377786.9873472028
decreciente,Loss Incurred,month,cumulative,Synthetic,Portfolio,Auto,2016-05,97,377781.68726016243
decreciente,Loss Incurred,month,cumulative,Synthetic,Portfolio,Auto,2016-05,98,377776.783021524
decreciente,Loss Incurred,month,cumulative,Synthetic,Portfolio,Auto,2016-05,99,377772.2450664982
decreciente,Loss Incurred,month,cumulative,Synthetic,Portfolio,Auto,2016-05,100,377768.04603840533
decreciente,Loss Incurred,month,cumulative,Synthetic,Portfolio,Auto,2016-05,101,377764.16062375857
decreciente,Loss Incurred,month,cumulative,Synthetic,Portfolio,Auto,2016-05,102,377760.56539966277
decreciente,Loss Incurred,month,cumulative,Synthetic,Portfolio,Auto,2016-05,103,377757.2386926125
decreciente,Loss Incurred,month,cumulative,Synthetic,Portfolio,Auto,2016-05,104,377754.1604478346
decreciente,Loss Incurred,month,cumulative,Synthetic,Portfolio,Auto,2016-05,105,377751.31210838974
decreciente,Loss Incurred,month,cumulative,Synthetic,Portfolio,Auto,2016-05,106,377748.67650330364
decreciente,Loss Incurred,month,cumulative,Synthetic,Portfolio,Auto,2016-05,107,377746.237744053
decreciente,Loss Incurred,month,cumulative,Synthetic,Portfolio,Auto,2016-05,108,377743.98112878314
decreciente,Loss Incurred,month,cumulative,Synthetic,Portfolio,Auto,2016-05,109,377741.8930536792
decreciente,Loss Incurred,month,cumulative,Synthetic,Portfolio,Auto,2016-05,110,377739.96093095606
decreciente,Loss Incurred,month,cumulative,Synthetic,Portfolio,Auto,2016-05,111,377738.1731129749
decreciente,Loss Incurred,month,cumulative,Synthetic,Portfolio,Auto,2016-05,112,377736.51882202557
decreciente,Loss Incurred,month,cumulative,Synthetic,Portfolio,Auto,2016-05,113,377734.9880853544
decreciente,Loss Incurred,month,cumulative,Synthetic,Portfolio,Auto,2016-05,114,377733.5716750444
decreciente,Loss Incurred,month,cumulative,Synthetic,Portfolio,Auto,2016-05,115,377732.2610523853
decreciente,Loss Incurred,month,cumulative,Synthetic,Portfolio,Auto,2016-06,0,447236.75503108796
decreciente,Loss Incurred,month,cumulative,Synthetic,Portfolio,Auto,2016-06,1,440070.29098711966
decreciente,Loss Incurred,month,cumulative,Synthetic,Portfolio,Auto,2016-06,2,433441.27636033803
decreciente,Loss Incurred,month,cumulative,Synthetic,Portfolio,Auto,2016-06,3,427309.40509823756
decreciente,Loss Incurred,month,cumulative,Synthetic,Portfolio,Auto,2016-06,4,421637.39390323014
decreciente,Loss Incurred,month,cumulative,Synthetic,Portfolio,Auto,2016-06,5,416390.7555409516
decreciente,Loss Incurred,month,cumulative,Synthetic,Portfolio,Auto,2016-06,6,411537.58914932626
decreciente,Loss Incurred,month,cumulative,Synthetic,Portfolio,Auto,2016-06,7,407048.386273416
decreciente,Loss Incurred,month,cumulative,Synthetic,Portfolio,Auto,2016-06,8,402895.8514466982
decreciente,Loss Incurred,month,cumulative,Synthetic,Portfolio,Auto,2016-06,9,399054.73622786143
decreciente,Loss Incurred,month,cumulative,Synthetic,Portfolio,Auto,2016-06,10,395501.6856840227
decreciente,Loss Incurred,month,cumulative,Synthetic,Portfolio,Auto,2016-06,11,392215.0963869445
decreciente,Loss Incurred,month,cumulative,Synthetic,Portfolio,Auto,2016-06,12,389174.98505883524
decreciente,Loss Incurred,month,cumulative,Synthetic,Portfolio,Auto,2016-06,13,386362.8670690655
decreciente,Loss Incurred,month,cumulative,Synthetic,Portfolio,Auto,2016-06,14,383761.6440430309
decreciente,Loss Incurred,month,cumulative,Synthetic,Portfolio,Auto,2016-06,15,381355.4998997951
decreciente,Loss Incurred,month,cumulative,Synthetic,Portfolio,Auto,2016-06,16,379129.80468639627
decreciente,Loss Incurred,month,cumulative,Synthetic,Portfolio,Auto,2016-06,17,377071.0256241057
decreciente,Loss Incurred,month,cumulative,Synthetic,Portfolio,Auto,2016-06,18,375166.6448257786
decreciente,Loss Incurred,month,cumulative,Synthetic,Portfolio,Auto,2016-06,19,373405.08318399533
decreciente,Loss Incurred,month,cumulative,Synthetic,Portfolio,Auto,2016-06,20,371775.62996721873
decreciente,Loss Incurred,month,cumulative,Synthetic,Portfolio,Auto,2016-06,21,370268.3776958896
decreciente,Loss Incurred,month,cumulative,Synthetic,Portfolio,Auto,2016-06,22,368874.1619024957
decreciente,Loss Incurred,month,cumulative,Synthetic,Portfolio,Auto,2016-06,23,367584.5054093362
decreciente,Loss Incurred,month,cumulative,Synthetic,Portfolio,Auto,2016-06,24,366391.56678517966
decreciente,Loss Incurred,month,cumulative,Synthetic,Portfolio,Auto,2016-06,25,365288.0926674183
decreciente,Loss Incurred,month,cumulative,Synthetic,Portfolio,Auto,2016-06,26,364267.3736598246
decreciente,Loss Incurred,month,cumulative,Synthetic,Portfolio,Auto,2016-06,27,363323.20353775896
decreciente,Loss Incurred,month,cumulative,Synthetic,Portfolio,Auto,2016-06,28,362449.841512785
decreciente,Loss Incurred,month,cumulative,Synthetic,Portfolio,Auto,2016-06,29,361641.97732725256
decreciente,Loss Incurred,month,cumulative,Synthetic,Portfolio,Auto,2016-06,30,360894.6989666145
decreciente,Loss Incurred,month,cumulative,Synthetic,Portfolio,Auto,2016-06,31,360203.4627931607
decreciente,Loss Incurred,month,cumulative,Synthetic,Portfolio,Auto,2016-06,32,359564.06591957394
decreciente,Loss Incurred,month,cumulative,Synthetic,Portfolio,Auto,2016-06,33,358972.6206543328
decreciente,Loss Incurred,month,cumulative,Synthetic,Portfolio,Auto,2016-06,34,358425.5308635839
decreciente,Loss Incurred,month,cumulative,Synthetic,Portfolio,Auto,2016-06,35,357919.470105756
decreciente,Loss Incurred,month,cumulative,Synthetic,Portfolio,Auto,2016-06,36,357451.3614059704
decreciente,Loss Incurred,month,cumulative,Synthetic,Portfolio,Auto,2016-06,37,357018.3585472714
decreciente,Loss Incurred,month,cumulative,Synthetic,Portfolio,Auto,2016-06,38,356617.8287649208
decreciente,Loss Incurred,month,cumulative,Synthetic,Portfolio,Auto,2016-06,39,356247.33673853596
decreciente,Loss Incurred,month,cumulative,Synthetic,Portfolio,Auto,2016-06,40,355904.629784738
decreciente,Loss Incurred,month,cumulative,Synthetic,Portfolio,Auto,2016-06,41,355587.62416027824
decreciente,Loss Incurred,month,cumulative,Synthetic,Portfolio,Auto,2016-06,42,355294.39239236276
decreciente,Loss Incurred,month,cumulative,Synthetic,Portfolio,Auto,2016-06,43,355023.1515591397
decreciente,Loss Incurred,month,cumulative,Synthetic,Portfolio,Auto,2016-06,44,354772.2524490926
decreciente,Loss Incurred,month,cumulative,Synthetic,Portfolio,Auto,2016-06,45,354540.16953342536
decreciente,Loss Incurred,month,cumulative,Synthetic,Portfolio,Auto,2016-06,46,354325.4916904689
decreciente,Loss Incurred,month,cumulative,Synthetic,Portfolio,Auto,2016-06,47,354126.9136257115
decreciente,Loss Incurred,month,cumulative,Synthetic,Portfolio,Auto,2016-06,48,353943.22793528484
decreciente,Loss Incurred,month,cumulative,Synthetic,Portfolio,Auto,2016-06,49,353773.3177646486
decreciente,Loss Incurred,month,cumulative,Synthetic,Portfolio,Auto,2016-06,50,353616.15001783834
decreciente,Loss Incurred,month,cumulative,Synthetic,Portfolio,Auto,2016-06,51,353470.76907598606
decreciente,Loss Incurred,month,cumulative,Synthetic,Portfolio,Auto,2016-06,52,353336.2909869199
decreciente,Loss Incurred,month,cumulative,Synthetic,Portfolio,Auto,2016-06,53,353211.8980905162
decreciente,Loss Incurred,month,cumulative,Synthetic,Portfolio,Auto,2016-06,54,353096.83404712356
decreciente,Loss Incurred,month,cumulative,Synthetic,Portfolio,Auto,2016-06,55,352990.3992388294
decreciente,Loss Incurred,month,cumulative,Synthetic,Portfolio,Auto,2016-06,56,352891.94651561027
decreciente,Loss Incurred,month,cumulative,Synthetic,Portfolio,Auto,2016-06,57,352800.877260499
decreciente,Loss Incurred,month,cumulative,Synthetic,Portfolio,Auto,2016-06,58,352716.6377498451
decreciente,Loss Incurred,month,cumulative,Synthetic,Portfolio,Auto,2016-06,59,352638.7157865377
decreciente,Loss Incurred,month,cumulative,Synthetic,Portfolio,Auto,2016-06,60,352566.6375857202
decreciente,Loss Incurred,month,cumulative,Synthetic,Portfolio,Auto,2016-06,61,352499.96489406086
decreciente,Loss Incurred,month,cumulative,Synthetic,Portfolio,Auto,2016-06,62,352438.29232506384
decreciente,Loss Incurred,month,cumulative,Synthetic,Portfolio,Auto,2016-06,63,352381.2448942187
decreciente,Loss Incurred,month,cumulative,Synthetic,Portfolio,Auto,2016-06,64,352328.4757390017
decreciente,Loss Incurred,month,cumulative,Synthetic,Portfolio,Auto,2016-06,65,352279.66400986584
decreciente,Loss Incurred,month,cumulative,Synthetic,Portfolio,Auto,2016-06,66,352234.51291939575
decreciente,Loss Incurred,month,cumulative,Synthetic,Portfolio,Auto,2016-06,67,352192.74793776666
decreciente,Loss Incurred,month,cumulative,Synthetic,Portfolio,Auto,2016-06,68,352154.11512353533
decreciente,Loss Incurred,month,cumulative,Synthetic,Portfolio,Auto,2016-06,69,352118.3795796127
decreciente,Loss Incurred,month,cumulative,Synthetic,Portfolio,Auto,2016-06,70,352085.3240250315
decreciente,Loss Incurred,month,cumulative,Synthetic,Portfolio,Auto,2016-06,71,352054.7474738243
decreciente,Loss Incurred,month,cumulative,Synthetic,Portfolio,Auto,2016-06,72,352026.4640129787
decreciente,Loss Incurred,month,cumulative,Synthetic,Portfolio,Auto,2016-06,73,352000.30167204025
decreciente,Loss Incurred,month,cumulative,Synthetic,Portfolio,Auto,2016-06,74,351976.10137748945
decreciente,Loss Incurred,month,cumulative,Synthetic,Portfolio,Auto,2016-06,75,351953.7159855352
decreciente,Loss Incurred,month,cumulative,Synthetic,Portfolio,Auto,2016-06,76,351933.0093874445
decreciente,Loss Incurred,month,cumulative,Synthetic,Portfolio,Auto,2016-06,77,351913.8556819667
decreciente,Loss Incurred,month,cumulative,Synthetic,Portfolio,Auto,2016-06,78,351896.13840982394
decreciente,Loss Incurred,month,cumulative,Synthetic,Portfolio,Auto,2016-06,79,351879.7498456086
decreciente,Loss Incurred,month,cumulative,Synthetic,Portfolio,Auto,2016-06,80,351864.5903427869
decreciente,Loss Incurred,month,cumulative,Synthetic,Portfolio,Auto,2016-06,81,351850.56772782333
decreciente,Loss Incurred,month,cumulative,Synthetic,Portfolio,Auto,2016-06,82,351837.59673974203
decreciente,Loss Incurred,month,cumulative,Synthetic,Portfolio,Auto,2016-06,83,351825.5985117195
decreciente,Loss Incurred,month,cumulative,Synthetic,Portfolio,Auto,2016-06,84,351814.5000915546
decreciente,Loss Incurred,month,cumulative,Synthetic,Portfolio,Auto,2016-06,85,351804.233998101
decreciente,Loss Incurred,month,cumulative,Synthetic,Portfolio,Auto,2016-06,86,351794.73781096505
decreciente,Loss Incurred,month,cumulative,Synthetic,Portfolio,Auto,2016-06,87,351785.9537909747
decreciente,Loss Incurred,month,cumulative,Synthetic,Portfolio,Auto,2016-06,88,351777.82852911047
decreciente,Loss Incurred,month,cumulative,Synthetic,Portfolio,Auto,2016-06,89,351770.3126217656
decreciente,Loss Incurred,month,cumulative,Synthetic,Portfolio,Auto,2016-06,90,351763.36037036
decreciente,Loss Incurred,month,cumulative,Synthetic,Portfolio,Auto,2016-06,91,351756.92950348154
decreciente,Loss Incurred,month,cumulative,Synthetic,Portfolio,Auto,2016-06,92,351750.98091986496
decreciente,Loss Incurred,month,cumulative,Synthetic,Portfolio,Auto,2016-06,93,351745.4784506471
decreciente,Loss Incurred,month,cumulative,Synthetic,Portfolio,Auto,2016-06,94,351740.38863945083
decreciente,Loss Incurred,month,cumulative,Synthetic,Portfolio,Auto,2016-06,95,351735.6805389622
decreciente,Loss Incurred,month,cumulative,Synthetic,Portfolio,Auto,2016-06,96,351731.3255227628
decreciente,Loss Incurred,month,cumulative,Synthetic,Portfolio,Auto,2016-06,97,351727.2971112744
decreciente,Loss Incurred,month,cumulative,Synthetic,Portfolio,Auto,2016-06,98,351723.5708107564
decreciente,Loss Incurred,month,cumulative,Synthetic,Portfolio,Auto,2016-06,99,351720.12396437785
decreciente,Loss Incurred,month,cumulative,Synthetic,Portfolio,Auto,2016-06,100,351716.935614458
decreciente,Loss Incurred,month,cumulative,Synthetic,Portfolio,Auto,2016-06,101,351713.9863750389
decreciente,Loss Incurred,month,cumulative,Synthetic,Portfolio,Auto,2016-06,102,351711.2583140138
decreciente,Loss Incurred,month,cumulative,Synthetic,Portfolio,Auto,2016-06,103,351708.7348440949
decreciente,Loss Incurred,month,cumulative,Synthetic,Portfolio,Auto,2016-06,104,351706.4006219598
decreciente,Loss Incurred,month,cumulative,Synthetic,Portfolio,Auto,2016-06,105,351704.2414549591
decreciente,Loss Incurred,month,cumulative,Synthetic,Portfolio,Auto,2016-06,106,351702.244214822
decreciente,Loss Incurred,month,cumulative,Synthetic,Portfolio,Auto,2016-06,107,351700.39675783337
decreciente,Loss Incurred,month,cumulative,Synthetic,Portfolio,Auto,2016-06,108,351698.6878509967
decreciente,Loss Incurred,month,cumulative,Synthetic,Portfolio,Auto,2016-06,109,351697.10710373457
decreciente,Loss Incurred,month,cumulative,Synthetic,Portfolio,Auto,2016-06,110,351695.6449047117
decreciente,Loss Incurred,month,cumulative,Synthetic,Portfolio,Auto,2016-06,111,351694.29236339574
decreciente,Loss Incurred,month,cumulative,Synthetic,Portfolio,Auto,2016-06,112,351693.04125599994
decreciente,Loss Incurred,month,cumulative,Synthetic,Portfolio,Auto,2016-06,113,351691.88397548115
decreciente,Loss Incurred,month,cumulative,Synthetic,Portfolio,Auto,2016-06,114,351690.81348528696
decreciente,Loss Incurred,month,cumulative,Synthetic,Portfolio,Auto,2016-07,0,386595.3475857282
decreciente,Loss Incurred,month,cumulative,Synthetic,Portfolio,Auto,2016-07,1,380815.55158780346
decreciente,Loss Incurred,month,cumulative,Synthetic,Portfolio,Auto,2016-07,2,375435.72345645033
decreciente,Loss Incurred,month,cumulative,Synthetic,Portfolio,Auto,2016-07,3,370428.18500123656
decreciente,Loss Incurred,month,cumulative,Synthetic,Portfolio,Auto,2016-07,4,365767.1733911617
decreciente,Loss Incurred,month,cumulative,Synthetic,Portfolio,Auto,2016-07,5,361428.70860980137
decreciente,Loss Incurred,month,cumulative,Synthetic,Portfolio,Auto,2016-07,6,357390.4700826928
decreciente,Loss Incurred,month,cumulative,Synthetic,Portfolio,Auto,2016-07,7,353631.6818422336
decreciente,Loss Incurred,month,cumulative,Synthetic,Portfolio,Auto,2016-07,8,350133.00563928764
decreciente,Loss Incurred,month,cumulative,Synthetic,Portfolio,Auto,2016-07,9,346876.4414515788
decreciente,Loss Incurred,month,cumulative,Synthetic,Portfolio,Auto,2016-07,10,343845.234877007
decreciente,Loss Incurred,month,cumulative,Synthetic,Portfolio,Auto,2016-07,11,341023.7909354425
decreciente,Loss Incurred,month,cumulative,Synthetic,Portfolio,Auto,2016-07,12,338397.593835525
decreciente,Loss Incurred,month,cumulative,Synthetic,Portfolio,Auto,2016-07,13,335953.13229368394
decreciente,Loss Incurred,month,cumulative,Synthetic,Portfolio,Auto,2016-07,14,333677.83002115914
decreciente,Loss Incurred,month,cumulative,Synthetic,Portfolio,Auto,2016-07,15,331559.9810213925
decreciente,Loss Incurred,month,cumulative,Synthetic,Portfolio,Auto,2016-07,16,329588.689364906
decreciente,Loss Incurred,month,cumulative,Synthetic,Portfolio,Auto,2016-07,17,327753.81313182175
decreciente,Loss Incurred,month,cumulative,Synthetic,Portfolio,Auto,2016-07,18,326045.91223361663
decreciente,Loss Incurred,month,cumulative,Synthetic,Portfolio,Auto,2016-07,19,324456.1998456663
decreciente,Loss Incurred,month,cumulative,Synthetic,Portfolio,Auto,2016-07,20,322976.4972007066
decreciente,Loss Incurred,month,cumulative,Synthetic,Portfolio,Auto,2016-07,21,321599.19151063566
decreciente,Loss Incurred,month,cumulative,Synthetic,Portfolio,Auto,2016-07,22,320317.1968001689
decreciente,Loss Incurred,month,cumulative,Synthetic,Portfolio,Auto,2016-07,23,319123.91745084734
decreciente,Loss Incurred,month,cumulative,Synthetic,Portfolio,Auto,2016-07,24,318013.2142678374
decreciente,Loss Incurred,month,cumulative,Synthetic,Portfolio,Auto,2016-07,25,316979.37289494375
decreciente,Loss Incurred,month,cumulative,Synthetic,Portfolio,Auto,2016-07,26,316017.0744153352
decreciente,Loss Incurred,month,cumulative,Synthetic,Portfolio,Auto,2016-07,27,315121.367986732
decreciente,Loss Incurred,month,cumulative,Synthetic,Portfolio,Auto,2016-07,28,314287.6453702653
decreciente,Loss Incurred,month,cumulative,Synthetic,Portfolio,Auto,2016-07,29,313511.6172219668
decreciente,Loss Incurred,month,cumulative,Synthetic,Portfolio,Auto,2016-07,30,312789.29102491116
decreciente,Loss Incurred,month,cumulative,Synthetic,Portfolio,Auto,2016-07,31,312116.95054847765
decreciente,Loss Incurred,month,cumulative,Synthetic,Portfolio,Auto,2016-07,32,311491.13672905165
decreciente,Loss Incurred,month,cumulative,Synthetic,Portfolio,Auto,2016-07,33,310908.6298738017
decreciente,Loss Incurred,month,cumulative,Synthetic,Portfolio,Auto,2016-07,34,310366.43309597345
decreciente,Loss Incurred,month,cumulative,Synthetic,Portfolio,Auto,2016-07,35,309861.7568964783
decreciente,Loss Incurred,month,cumulative,Synthetic,Portfolio,Auto,2016-07,36,309392.0048124527
decreciente,Loss Incurred,month,cumulative,Synthetic,Portfolio,Auto,2016-07,37,308954.7600589509
decreciente,Loss Incurred,month,cumulative,Synthetic,Portfolio,Auto,2016-07,38,308547.77309504774
decreciente,Loss Incurred,month,cumulative,Synthetic,Portfolio,Auto,2016-07,39,308168.95005037857
decreciente,Loss Incurred,month,cumulative,Synthetic,Portfolio,Auto,2016-07,40,307816.3419525759
decreciente,Loss Incurred,month,cumulative,Synthetic,Portfolio,Auto,2016-07,41,307488.1347001775
decreciente,Loss Incurred,month,cumulative,Synthetic,Portfolio,Auto,2016-07,42,307182.63972942065
decreciente,Loss Incurred,month,cumulative,Synthetic,Portfolio,Auto,2016-07,43,306898.2853269028
decreciente,Loss Incurred,month,cumulative,Synthetic,Portfolio,Auto,2016-07,44,306633.6085434162
decreciente,Loss Incurred,month,cumulative,Synthetic,Portfolio,Auto,2016-07,45,306387.2476673526
decreciente,Loss Incurred,month,cumulative,Synthetic,Portfolio,Auto,2016-07,46,306157.93521895696
decreciente,Loss Incurred,month,cumulative,Synthetic,Portfolio,Auto,2016-07,47,305944.4914293853
decreciente,Loss Incurred,month,cumulative,Synthetic,Portfolio,Auto,2016-07,48,305745.81817101897
decreciente,Loss Incurred,month,cumulative,Synthetic,Portfolio,Auto,2016-07,49,305560.89330780745
decreciente,Loss Incurred,month,cumulative,Synthetic,Portfolio,Auto,2016-07,50,305388.765436573
decreciente,Loss Incurred,month,cumulative,Synthetic,Portfolio,Auto,2016-07,51,305228.5489922228
decreciente,Loss Incurred,month,cumulative,Synthetic,Portfolio,Auto,2016-07,52,305079.4196916853
decreciente,Loss Incurred,month,cumulative,Synthetic,Portfolio,Auto,2016-07,53,304940.6102931305
decreciente,Loss Incurred,month,cumulative,Synthetic,Portfolio,Auto,2016-07,54,304811.4066486577
decreciente,Loss Incurred,month,cumulative,Synthetic,Portfolio,Auto,2016-07,55,304691.14403014013
decreciente,Loss Incurred,month,cumulative,Synthetic,Portfolio,Auto,2016-07,56,304579.2037093254
decreciente,Loss Incurred,month,cumulative,Synthetic,Portfolio,Auto,2016-07,57,304475.00977459695
decreciente,Loss Incurred,month,cumulative,Synthetic,Portfolio,Auto,2016-07,58,304378.0261680181
decreciente,Loss Incurred,month,cumulative,Synthetic,Portfolio,Auto,2016-07,59,304287.7539274165
decreciente,Loss Incurred,month,cumulative,Synthetic,Portfolio,Auto,2016-07,60,304203.7286193186
decreciente,Loss Incurred,month,cumulative,Synthetic,Portfolio,Auto,2016-07,61,304125.51794952794
decreciente,Loss Incurred,month,cumulative,Synthetic,Portfolio,Auto,2016-07,62,304052.7195390542
decreciente,Loss Incurred,month,cumulative,Synthetic,Portfolio,Auto,2016-07,63,303984.95885394956
decreciente,Loss Incurred,month,cumulative,Synthetic,Portfolio,Auto,2016-07,64,303921.8872784032
decreciente,Loss Incurred,month,cumulative,Synthetic,Portfolio,Auto,2016-07,65,303863.1803211793
decreciente,Loss Incurred,month,cumulative,Synthetic,Portfolio,Auto,2016-07,66,303808.53594617144
decreciente,Loss Incurred,month,cumulative,Synthetic,Portfolio,Auto,2016-07,67,303757.67301848455
decreciente,Loss Incurred,month,cumulative,Synthetic,Portfolio,Auto,2016-07,68,303710.3298580493
decreciente,Loss Incurred,month,cumulative,Synthetic,Portfolio,Auto,2016-07,69,303666.262893328
decreciente,Loss Incurred,month,cumulative,Synthetic,Portfolio,Auto,2016-07,70,303625.2454081855
decreciente,Loss Incurred,month,cumulative,Synthetic,Portfolio,Auto,2016-07,71,303587.0663754782
decreciente,Loss Incurred,month,cumulative,Synthetic,Portfolio,Auto,2016-07,72,303551.529371359
decreciente,Loss Incurred,month,cumulative,Synthetic,Portfolio,Auto,2016-07,73,303518.45156471437
decreciente,Loss Incurred,month,cumulative,Synthetic,Portfolio,Auto,2016-07,74,303487.66277653317
decreciente,Loss Incurred,month,cumulative,Synthetic,Portfolio,Auto,2016-07,75,303459.0046043682
decreciente,Loss Incurred,month,cumulative,Synthetic,Portfolio,Auto,2016-07,76,303432.32960738527
decreciente,Loss Incurred,month,cumulative,Synthetic,Portfolio,Auto,2016-07,77,303407.5005478088
decreciente,Loss Incurred,month,cumulative,Synthetic,Portfolio,Auto,2016-07,78,303384.38968485926
decreciente,Loss Incurred,month,cumulative,Synthetic,Portfolio,Auto,2016-07,79,303362.87811755115
decreciente,Loss Incurred,month,cumulative,Synthetic,Portfolio,Auto,2016-07,80,303342.8551729707
decreciente,Loss Incurred,month,cumulative,Synthetic,Portfolio,Auto,2016-07,81,303324.2178368838
decreciente,Loss Incurred,month,cumulative,Synthetic,Portfolio,Auto,2016-07,82,303306.8702237484
decreciente,Loss Incurred,month,cumulative,Synthetic,Portfolio,Auto,2016-07,83,303290.723083401
decreciente,Loss Incurred,month,cumulative,Synthetic,Portfolio,Auto,2016-07,84,303275.69334188197
decreciente,Loss Incurred,month,cumulative,Synthetic,Portfolio,Auto,2016-07,85,303261.70367403544
decreciente,Loss Incurred,month,cumulative,Synthetic,Portfolio,Auto,2016-07,86,303248.68210568675
decreciente,Loss Incurred,month,cumulative,Synthetic,Portfolio,Auto,2016-07,87,303236.56164334825
decreciente,Loss Incurred,month,cumulative,Synthetic,Portfolio,Auto,2016-07,88,303225.2799295513
decreciente,Loss Incurred,month,cumulative,Synthetic,Portfolio,Auto,2016-07,89,303214.77892202843
decreciente,Loss Incurred,month,cumulative,Synthetic,Portfolio,Auto,2016-07,90,303205.00459509727
decreciente,Loss Incurred,month,cumulative,Synthetic,Portfolio,Auto,2016-07,91,303195.90666170866
decreciente,Loss Incurred,month,cumulative,Synthetic,Portfolio,Auto,2016-07,92,303187.4383147291
decreciente,Loss Incurred,month,cumulative,Synthetic,Portfolio,Auto,2016-07,93,303179.55598612735
decreciente,Loss Incurred,month,cumulative,Synthetic,Portfolio,Auto,2016-07,94,303172.21912282496
decreciente,Loss Incurred,month,cumulative,Synthetic,Portfolio,Auto,2016-07,95,303165.3899780586
decreciente,Loss Incurred,month,cumulative,Synthetic,Portfolio,Auto,2016-07,96,303159.0334171799
decreciente,Loss Incurred,month,cumulative,Synthetic,Portfolio,Auto,2016-07,97,303153.11673689465
decreciente,Loss Incurred,month,cumulative,Synthetic,Portfolio,Auto,2016-07,98,303147.60949701036
decreciente,Loss Incurred,month,cumulative,Synthetic,Portfolio,Auto,2016-07,99,303142.4833638274
decreciente,Loss Incurred,month,cumulative,Synthetic,Portfolio,Auto,2016-07,100,303137.7119643675
decreciente,Loss Incurred,month,cumulative,Synthetic,Portfolio,Auto,2016-07,101,303133.27075068984
decreciente,Loss Incurred,month,cumulative,Synthetic,Portfolio,Auto,2016-07,102,303129.1368735964
decreciente,Loss Incurred,month,cumulative,Synthetic,Portfolio,Auto,2016-07,103,303125.28906507744
decreciente,Loss Incurred,month,cumulative,Synthetic,Portfolio,Auto,2016-07,104,303121.70752889133
decreciente,Loss Incurred,month,cumulative,Synthetic,Portfolio,Auto,2016-07,105,303118.3738387171
decreciente,Loss Incurred,month,cumulative,Synthetic,Portfolio,Auto,2016-07,106,303115.27084335417
decreciente,Loss Incurred,month,cumulative,Synthetic,Portfolio,Auto,2016-07,107,303112.38257848273
decreciente,Loss Incurred,month,cumulative,Synthetic,Portfolio,Auto,2016-07,108,303109.6941845304
decreciente,Loss Incurred,month,cumulative,Synthetic,Portfolio,Auto,2016-07,109,303107.19183022284
decreciente,Loss Incurred,month,cumulative,Synthetic,Portfolio,Auto,2016-07,110,303104.86264142377
decreciente,Loss Incurred,month,cumulative,Synthetic,Portfolio,Auto,2016-07,111,303102.694634901
decreciente,Loss Incurred,month,cumulative,Synthetic,Portfolio,Auto,2016-07,112,303100.67665667395
decreciente,Loss Incurred,month,cumulative,Synthetic,Portfolio,Auto,2016-07,113,303098.7983246293
decreciente,Loss Incurred,month,cumulative,Synthetic,Portfolio,Auto,2016-08,0,426963.4525597475
decreciente,Loss Incurred,month,cumulative,Synthetic,Portfolio,Auto,2016-08,1,420660.2495436229
decreciente,Loss Incurred,month,cumulative,Synthetic,Portfolio,Auto,2016-08,2,414795.56555122585
decreciente,Loss Incurred,month,cumulative,Synthetic,Portfolio,Auto,2016-08,3,409338.89245301025
decreciente,Loss Incurred,month,cumulative,Synthetic,Portfolio,Auto,2016-08,4,404261.84459512215
decreciente,Loss Incurred,month,cumulative,Synthetic,Portfolio,Auto,2016-08,5,399538.0111370184
decreciente,Loss Incurred,month,cumulative,Synthetic,Portfolio,Auto,2016-08,6,395142.8186620783
decreciente,Loss Incurred,month,cumulative,Synthetic,Portfolio,Auto,2016-08,7,391053.40334650845
decreciente,Loss Incurred,month,cumulative,Synthetic,Portfolio,Auto,2016-08,8,387248.4920215626
decreciente,Loss Incurred,month,cumulative,Synthetic,Portfolio,Auto,2016-08,9,383708.2915103595
decreciente,Loss Incurred,month,cumulative,Synthetic,Portfolio,Auto,2016-08,10,380414.3856636312
decreciente,Loss Incurred,month,cumulative,Synthetic,Portfolio,Auto,2016-08,11,377349.63955877745
decreciente,Loss Incurred,month,cumulative,Synthetic,Portfolio,Auto,2016-08,12,374498.1103638717
decreciente,Loss Incurred,month,cumulative,Synthetic,Portfolio,Auto,2016-08,13,371844.96440293145
decreciente,Loss Incurred,month,cumulative,Synthetic,Portfolio,Auto,2016-08,14,369376.3999910262
decreciente,Loss Incurred,month,cumulative,Synthetic,Portfolio,Auto,2016-08,15,367079.57563780993
decreciente,Loss Incurred,month,cumulative,Synthetic,Portfolio,Auto,2016-08,16,364942.5432459931
decreciente,Loss Incurred,month,cumulative,Synthetic,Portfolio,Auto,2016-08,17,362954.18595725263
decreciente,Loss Incurred,month,cumulative,Synthetic,Portfolio,Auto,2016-08,18,361104.1603222522
decreciente,Loss Incurred,month,cumulative,Synthetic,Portfolio,Auto,2016-08,19,359382.8424939425
decreciente,Loss Incurred,month,cumulative,Synthetic,Portfolio,Auto,2016-08,20,357781.2781642372
decreciente,Loss Incurred,month,cumulative,Synthetic,Portfolio,Auto,2016-08,21,356291.13598363654
decreciente,Loss Incurred,month,cumulative,Synthetic,Portfolio,Auto,2016-08,22,354904.66422148515
decreciente,Loss Incurred,month,cumulative,Synthetic,Portfolio,Auto,2016-08,23,353614.6504414119
decreciente,Loss Incurred,month,cumulative,Synthetic,Portfolio,Auto,2016-08,24,352414.3839821826
decreciente,Loss Incurred,month,cumulative,Synthetic,Portfolio,Auto,2016-08,25,351297.62104879046
decreciente,Loss Incurred,month,cumulative,Synthetic,Portfolio,Auto,2016-08,26,350258.55223218846
decreciente,Loss Incurred,month,cumulative,Synthetic,Portfolio,Auto,2016-08,27,349291.77228870004
decreciente,Loss Incurred,month,cumulative,Synthetic,Portfolio,Auto,2016-08,28,348392.2520219019
decreciente,Loss Incurred,month,cumulative,Synthetic,Portfolio,Auto,2016-08,29,347555.31212070683
decreciente,Loss Incurred,month,cumulative,Synthetic,Portfolio,Auto,2016-08,30,346776.5988175528
decreciente,Loss Incurred,month,cumulative,Synthetic,Portfolio,Auto,2016-08,31,346052.06124007166
decreciente,Loss Incurred,month,cumulative,Synthetic,Portfolio,Auto,2016-08,32,345377.93033842166
decreciente,Loss Incurred,month,cumulative,Synthetic,Portfolio,Auto,2016-08,33,344750.6992786615
decreciente,Loss Incurred,month,cumulative,Synthetic,Portfolio,Auto,2016-08,34,344167.10520017485
decreciente,Loss Incurred,month,cumulative,Synthetic,Portfolio,Auto,2016-08,35,343624.1122422449
decreciente,Loss Incurred,month,cumulative,Synthetic,Portfolio,Auto,2016-08,36,343118.89575148455
decreciente,Loss Incurred,month,cumulative,Synthetic,Portfolio,Auto,2016-08,37,342648.8275879687
decreciente,Loss Incurred,month,cumulative,Synthetic,Portfolio,Auto,2016-08,38,342211.4624536308
decreciente,Loss Incurred,month,cumulative,Synthetic,Portfolio,Auto,2016-08,39,341804.525171804
decreciente,Loss Incurred,month,cumulative,Synthetic,Portfolio,Auto,2016-08,40,341425.89885173563
decreciente,Loss Incurred,month,cumulative,Synthetic,Portfolio,Auto,2016-08,41,341073.6138765056
decreciente,Loss Incurred,month,cumulative,Synthetic,Portfolio,Auto,2016-08,42,340745.8376570647
decreciente,Loss Incurred,month,cumulative,Synthetic,Portfolio,Auto,2016-08,43,340440.8650990928
decreciente,Loss Incurred,month,cumulative,Synthetic,Portfolio,Auto,2016-08,44,340157.10973308573
decreciente,Loss Incurred,month,cumulative,Synthetic,Portfolio,Auto,2016-08,45,339893.09546152863
decreciente,Loss Incurred,month,cumulative,Synthetic,Portfolio,Auto,2016-08,46,339647.44888022623
decreciente,Loss Incurred,month,cumulative,Synthetic,Portfolio,Auto,2016-08,47,339418.8921338442
decreciente,Loss Incurred,month,cumulative,Synthetic,Portfolio,Auto,2016-08,48,339206.2362684958
decreciente,Loss Incurred,month,cumulative,Synthetic,Portfolio,Auto,2016-08,49,339008.37504679494
decreciente,Loss Incurred,month,cumulative,Synthetic,Portfolio,Auto,2016-08,50,338824.27919320174
decreciente,Loss Incurred,month,cumulative,Synthetic,Portfolio,Auto,2016-08,51,338652.9910397228
decreciente,Loss Incurred,month,cumulative,Synthetic,Portfolio,Auto,2016-08,52,338493.6195441157
decreciente,Loss Incurred,month,cumulative,Synthetic,Portfolio,Auto,2016-08,53,338345.3356546803
decreciente,Loss Incurred,month,cumulative,Synthetic,Portfolio,Auto,2016-08,54,338207.3679975262
decreciente,Loss Incurred,month,cumulative,Synthetic,Portfolio,Auto,2016-08,55,338078.9988638793
decreciente,Loss Incurred,month,cumulative,Synthetic,Portfolio,Auto,2016-08,56,337959.560476556
decreciente,Loss Incurred,month,cumulative,Synthetic,Portfolio,Auto,2016-08,57,337848.4315161814
decreciente,Loss Incurred,month,cumulative,Synthetic,Portfolio,Auto,2016-08,58,337745.0338890807
decreciente,Loss Incurred,month,cumulative,Synthetic,Portfolio,Auto,2016-08,59,337648.82972003234
decreciente,Loss Incurred,month,cumulative,Synthetic,Portfolio,Auto,2016-08,60,337559.3185542368
decreciente,Loss Incurred,month,cumulative,Synthetic,Portfolio,Auto,2016-08,61,337476.0347539468
decreciente,Loss Incurred,month,cumulative,Synthetic,Portfolio,Auto,2016-08,62,337398.54507621675
decreciente,Loss Incurred,month,cumulative,Synthetic,Portfolio,Auto,2016-08,63,337326.44641916937
decreciente,Loss Incurred,month,cumulative,Synthetic,Portfolio,Auto,2016-08,64,337259.363725057
decreciente,Loss Incurred,month,cumulative,Synthetic,Portfolio,Auto,2016-08,65,337196.9480292082
decreciente,Loss Incurred,month,cumulative,Synthetic,Portfolio,Auto,2016-08,66,337138.874644711
decreciente,Loss Incurred,month,cumulative,Synthetic,Portfolio,Auto,2016-08,67,337084.8414733895
decreciente,Loss Incurred,month,cumulative,Synthetic,Portfolio,Auto,2016-08,68,337034.5674342863
decreciente,Loss Incurred,month,cumulative,Synthetic,Portfolio,Auto,2016-08,69,336987.79100147786
decreciente,Loss Incurred,month,cumulative,Synthetic,Portfolio,Auto,2016-08,70,336944.26884361444
decreciente,Loss Incurred,month,cumulative,Synthetic,Portfolio,Auto,2016-08,71,336903.7745581086
decreciente,Loss Incurred,month,cumulative,Synthetic,Portfolio,Auto,2016-08,72,336866.09749338735
decreciente,Loss Incurred,month,cumulative,Synthetic,Portfolio,Auto,2016-08,73,336831.0416530812
decreciente,Loss Incurred,month,cumulative,Synthetic,Portfolio,Auto,2016-08,74,336798.42467644904
decreciente,Loss Incurred,month,cumulative,Synthetic,Portfolio,Auto,2016-08,75,336768.07688973733
decreciente,Loss Incurred,month,cumulative,Synthetic,Portfolio,Auto,2016-08,76,336739.8404235346
decreciente,Loss Incurred,month,cumulative,Synthetic,Portfolio,Auto,2016-08,77,336713.5683915349
decreciente,Loss Incurred,month,cumulative,Synthetic,Portfolio,Auto,2016-08,78,336689.12412643305
decreciente,Loss Incurred,month,cumulative,Synthetic,Portfolio,Auto,2016-08,79,336666.38046898117
decreciente,Loss Incurred,month,cumulative,Synthetic,Portfolio,Auto,2016-08,80,336645.21910650475
decreciente,Loss Incurred,month,cumulative,Synthetic,Portfolio,Auto,2016-08,81,336625.5299574395
decreciente,Loss Incurred,month,cumulative,Synthetic,Portfolio,Auto,2016-08,82,336607.2105986863
decreciente,Loss Incurred,month,cumulative,Synthetic,Portfolio,Auto,2016-08,83,336590.16573280527
decreciente,Loss Incurred,month,cumulative,Synthetic,Portfolio,Auto,2016-08,84,336574.30669227784
decreciente,Loss Incurred,month,cumulative,Synthetic,Portfolio,Auto,2016-08,85,336559.55097825784
decreciente,Loss Incurred,month,cumulative,Synthetic,Portfolio,Auto,2016-08,86,336545.8218314117
decreciente,Loss Incurred,month,cumulative,Synthetic,Portfolio,Auto,2016-08,87,336533.04783261585
decreciente,Loss Incurred,month,cumulative,Synthetic,Portfolio,Auto,2016-08,88,336521.16253143403
decreciente,Loss Incurred,month,cumulative,Synthetic,Portfolio,Auto,2016-08,89,336510.1041004415
decreciente,Loss Incurred,month,cumulative,Synthetic,Portfolio,Auto,2016-08,90,336499.8150135983
decreciente,Loss Incurred,month,cumulative,Synthetic,Portfolio,Auto,2016-08,91,336490.2417469986
decreciente,Loss Incurred,month,cumulative,Synthetic,Portfolio,Auto,2016-08,92,336481.3345004386
decreciente,Loss Incurred,month,cumulative,Synthetic,Portfolio,Auto,2016-08,93,336473.0469383558
decreciente,Loss Incurred,month,cumulative,Synthetic,Portfolio,Auto,2016-08,94,336465.33594879083
decreciente,Loss Incurred,month,cumulative,Synthetic,Portfolio,Auto,2016-08,95,336458.16141911893
decreciente,Loss Incurred,month,cumulative,Synthetic,Portfolio,Auto,2016-08,96,336451.48602738365
decreciente,Loss Incurred,month,cumulative,Synthetic,Portfolio,Auto,2016-08,97,336445.2750481477
decreciente,Loss Incurred,month,cumulative,Synthetic,Portfolio,Auto,2016-08,98,336439.49617185123
decreciente,Loss Incurred,month,cumulative,Synthetic,Portfolio,Auto,2016-08,99,336434.11933673685
decreciente,Loss Incurred,month,cumulative,Synthetic,Portfolio,Auto,2016-08,100,336429.11657246854
decreciente,Loss Incurred,month,cumulative,Synthetic,Portfolio,Auto,2016-08,101,336424.46185462945
decreciente,Loss Incurred,month,cumulative,Synthetic,Portfolio,Auto,2016-08,102,336420.13096934307
decreciente,Loss Incurred,month,cumulative,Synthetic,Portfolio,Auto,2016-08,103,336416.10138731194
decreciente,Loss Incurred,month,cumulative,Synthetic,Portfolio,Auto,2016-08,104,336412.3521466207
decreciente,Loss Incurred,month,cumulative,Synthetic,Portfolio,Auto,2016-08,105,336408.86374369124
decreciente,Loss Incurred,month,cumulative,Synthetic,Portfolio,Auto,2016-08,106,336405.6180318259
decreciente,Loss Incurred,month,cumulative,Synthetic,Portfolio,Auto,2016-08,107,336402.5981268075
decreciente,Loss Incurred,month,cumulative,Synthetic,Portfolio,Auto,2016-08,108,336399.7883190677
decreciente,Loss Incurred,month,cumulative,Synthetic,Portfolio,Auto,2016-08,109,336397.1739919658
decreciente,Loss Incurred,month,cumulative,Synthetic,Portfolio,Auto,2016-08,110,336394.74154575315
decreciente,Loss Incurred,month,cumulative,Synthetic,Portfolio,Auto,2016-08,111,336392.47832682624
decreciente,Loss Incurred,month,cumulative,Synthetic,Portfolio,Auto,2016-08,112,336390.37256190344
decreciente,Loss Incurred,month,cumulative,Synthetic,Portfolio,Auto,2016-09,0,449340.0834869357
decreciente,Loss Incurred,month,cumulative,Synthetic,Portfolio,Auto,2016-09,1,443814.812315869
decreciente,Loss Incurred,month,cumulative,Synthetic,Portfolio,Auto,2016-09,2,438692.0007658628
decreciente,Loss Incurred,month,cumulative,Synthetic,Portfolio,Auto,2016-09,3,433942.3337605038
decreciente,Loss Incurred,month,cumulative,Synthetic,Portfolio,Auto,2016-09,4,429538.6315275437
decreciente,Loss Incurred,month,cumulative,Synthetic,Portfolio,Auto,2016-09,5,425455.694063781
decreciente,Loss Incurred,month,cumulative,Synthetic,Portfolio,Auto,2016-09,6,421670.156929089
decreciente,Loss Incurred,month,cumulative,Synthetic,Portfolio,Auto,2016-09,7,418160.35754437675
decreciente,Loss Incurred,month,cumulative,Synthetic,Portfolio,Auto,2016-09,8,414906.21122838027
decreciente,Loss Incurred,month,cumulative,Synthetic,Portfolio,Auto,2016-09,9,411889.09626390715
decreciente,Loss Incurred,month,cumulative,Synthetic,Portfolio,Auto,2016-09,10,409091.7473358337
decreciente,Loss Incurred,month,cumulative,Synthetic,Portfolio,Auto,2016-09,11,406498.156731055
decreciente,Loss Incurred,month,cumulative,Synthetic,Portfolio,Auto,2016-09,12,404093.48273501254
decreciente,Loss Incurred,month,cumulative,Synthetic,Portfolio,Auto,2016-09,13,401863.9647005976
decreciente,Loss Incurred,month,cumulative,Synthetic,Portfolio,Auto,2016-09,14,399796.8443034203
decreciente,Loss Incurred,month,cumulative,Synthetic,Portfolio,Auto,2016-09,15,397880.29253282736
decreciente,Loss Incurred,month,cumulative,Synthetic,Portfolio,Auto,2016-09,16,396103.34200088045
decreciente,Loss Incurred,month,cumulative,Synthetic,Portfolio,Auto,2016-09,17,394455.8241819333
decreciente,Loss Incurred,month,cumulative,Synthetic,Portfolio,Auto,2016-09,18,392928.3112236663
decreciente,Loss Incurred,month,cumulative,Synthetic,Portfolio,Auto,2016-09,19,391512.06199659285
decreciente,Loss Incurred,month,cumulative,Synthetic,Portfolio,Auto,2016-09,20,390198.97207330883
decreciente,Loss Incurred,month,cumulative,Synthetic,Portfolio,Auto,2016-09,21,388981.52735124336
decreciente,Loss Incurred,month,cumulative,Synthetic,Portfolio,Auto,2016-09,22,387852.7610535184
decreciente,Loss Incurred,month,cumulative,Synthetic,Portfolio,Auto,2016-09,23,386806.2138618578
decreciente,Loss Incurred,month,cumulative,Synthetic,Portfolio,Auto,2016-09,24,385835.8969534064
decreciente,Loss Incurred,month,cumulative,Synthetic,Portfolio,Auto,2016-09,25,384936.25772993965
decreciente,Loss Incurred,month,cumulative,Synthetic,Portfolio,Auto,2016-09,26,384102.1480433513
decreciente,Loss Incurred,month,cumulative,Synthetic,Portfolio,Auto,2016-09,27,383328.79473558924
decreciente,Loss Incurred,month,cumulative,Synthetic,Portfolio,Auto,2016-09,28,382611.77232445683
decreciente,Loss Incurred,month,cumulative,Synthetic,Portfolio,Auto,2016-09,29,381946.97767897457
decreciente,Loss Incurred,month,cumulative,Synthetic,Portfolio,Auto,2016-09,30,381330.60653938365
decreciente,Loss Incurred,month,cumulative,Synthetic,Portfolio,Auto,2016-09,31,380759.13174742763
decreciente,Loss Incurred,month,cumulative,Synthetic,Portfolio,Auto,2016-09,32,380229.28306233493
decreciente,Loss Incurred,month,cumulative,Synthetic,Portfolio,Auto,2016-09,33,379738.0284470027
decreciente,Loss Incurred,month,cumulative,Synthetic,Portfolio,Auto,2016-09,34,379282.55671728996
decreciente,Loss Incurred,month,cumulative,Synthetic,Portfolio,Auto,2016-09,35,378860.26145513315
decreciente,Loss Incurred,month,cumulative,Synthetic,Portfolio,Auto,2016-09,36,378468.7260934266
decreciente,Loss Incurred,month,cumulative,Synthetic,Portfolio,Auto,2016-09,37,378105.71008731826
decreciente,Loss Incurred,month,cumulative,Synthetic,Portfolio,Auto,2016-09,38,377769.13609278435
decreciente,Loss Incurred,month,cumulative,Synthetic,Portfolio,Auto,2016-09,39,377457.07807911455
decreciente,Loss Incurred,month,cumulative,Synthetic,Portfolio,Auto,2016-09,40,377167.75030728127
decreciente,Loss Incurred,month,cumulative,Synthetic,Portfolio,Auto,2016-09,41,376899.497111122
decreciente,Loss Incurred,month,cumulative,Synthetic,Portfolio,Auto,2016-09,42,376650.78342285875
decreciente,Loss Incurred,month,cumulative,Synthetic,Portfolio,Auto,2016-09,43,376420.1859887361
decreciente,Loss Incurred,month,cumulative,Synthetic,Portfolio,Auto,2016-09,44,376206.385224511
decreciente,Loss Incurred,month,cumulative,Synthetic,Portfolio,Auto,2016-09,45,376008.1576641863
decreciente,Loss Incurred,month,cumulative,Synthetic,Portfolio,Auto,2016-09,46,375824.3689587779
decreciente,Loss Incurred,month,cumulative,Synthetic,Portfolio,Auto,2016-09,47,375653.96738504944
decreciente,Loss Incurred,month,cumulative,Synthetic,Portfolio,Auto,2016-09,48,375495.97782706947
decreciente,Loss Incurred,month,cumulative,Synthetic,Portfolio,Auto,2016-09,49,375349.4961961519
decreciente,Loss Incurred,month,cumulative,Synthetic,Portfolio,Auto,2016-09,50,375213.6842572451
decreciente,Loss Incurred,month,cumulative,Synthetic,Portfolio,Auto,2016-09,51,375087.7648321672
decreciente,Loss Incurred,month,cumulative,Synthetic,Portfolio,Auto,2016-09,52,374971.0173522358
decreciente,Loss Incurred,month,cumulative,Synthetic,Portfolio,Auto,2016-09,53,374862.77373484406
decreciente,Loss Incurred,month,cumulative,Synthetic,Portfolio,Auto,2016-09,54,374762.41456038534
decreciente,Loss Incurred,month,cumulative,Synthetic,Portfolio,Auto,2016-09,55,374669.3655276504
decreciente,Loss Incurred,month,cumulative,Synthetic,Portfolio,Auto,2016-09,56,374583.0941674124
decreciente,Loss Incurred,month,cumulative,Synthetic,Portfolio,Auto,2016-09,57,374503.1067953941
decreciente,Loss Incurred,month,cumulative,Synthetic,Portfolio,Auto,2016-09,58,374428.94568718004
decreciente,Loss Incurred,month,cumulative,Synthetic,Portfolio,Auto,2016-09,59,374360.1864589072
decreciente,Loss Incurred,month,cumulative,Synthetic,Portfolio,Auto,2016-09,60,374296.43563874654
decreciente,Loss Incurred,month,cumulative,Synthetic,Portfolio,Auto,2016-09,61,374237.3284152765
decreciente,Loss Incurred,month,cumulative,Synthetic,Portfolio,Auto,2016-09,62,374182.52654986444
decreciente,Loss Incurred,month,cumulative,Synthetic,Portfolio,Auto,2016-09,63,374131.716441111
decreciente,Loss Incurred,month,cumulative,Synthetic,Portfolio,Auto,2016-09,64,374084.60733027814
decreciente,Loss Incurred,month,cumulative,Synthetic,Portfolio,Auto,2016-09,65,374040.9296374349
decreciente,Loss Incurred,month,cumulative,Synthetic,Portfolio,Auto,2016-09,66,374000.4334187975
decreciente,Loss Incurred,month,cumulative,Synthetic,Portfolio,Auto,2016-09,67,373962.8869364358
decreciente,Loss Incurred,month,cumulative,Synthetic,Portfolio,Auto,2016-09,68,373928.07533216354
decreciente,Loss Incurred,month,cumulative,Synthetic,Portfolio,Auto,2016-09,69,373895.7993980205
decreciente,Loss Incurred,month,cumulative,Synthetic,Portfolio,Auto,2016-09,70,373865.8744363134
decreciente,Loss Incurred,month,cumulative,Synthetic,Portfolio,Auto,2016-09,71,373838.1292026913
decreciente,Loss Incurred,month,cumulative,Synthetic,Portfolio,Auto,2016-09,72,373812.4049262067
decreciente,Loss Incurred,month,cumulative,Synthetic,Portfolio,Auto,2016-09,73,373788.5544007554
decreciente,Loss Incurred,month,cumulative,Synthetic,Portfolio,Auto,2016-09,74,373766.4411426957
decreciente,Loss Incurred,month,cumulative,Synthetic,Portfolio,Auto,2016-09,75,373745.93860982644
decreciente,Loss Incurred,month,cumulative,Synthetic,Portfolio,Auto,2016-09,76,373726.9294772544
decreciente,Loss Incurred,month,cumulative,Synthetic,Portfolio,Auto,2016-09,77,373709.3049660077
decreciente,Loss Incurred,month,cumulative,Synthetic,Portfolio,Auto,2016-09,78,373692.9642205524
decreciente,Loss Incurred,month,cumulative,Synthetic,Portfolio,Auto,2016-09,79,373677.8137316511
decreciente,Loss Incurred,month,cumulative,Synthetic,Portfolio,Auto,2016-09,80,373663.76680126
decreciente,Loss Incurred,month,cumulative,Synthetic,Portfolio,Auto,2016-09,81,373650.7430464031
decreciente,Loss Incurred,month,cumulative,Synthetic,Portfolio,Auto,2016-09,82,373638.66793918406
decreciente,Loss Incurred,month,cumulative,Synthetic,Portfolio,Auto,2016-09,83,373627.472380303
decreciente,Loss Incurred,month,cumulative,Synthetic,Portfolio,Auto,2016-09,84,373617.09230363904
decreciente,Loss Incurred,month,cumulative,Synthetic,Portfolio,Auto,2016-09,85,373607.4683096345
decreciente,Loss Incurred,month,cumulative,Synthetic,Portfolio,Auto,2016-09,86,373598.5453253832
decreciente,Loss Incurred,month,cumulative,Synthetic,Portfolio,Auto,2016-09,87,373590.27228947816
decreciente,Loss Incurred,month,cumulative,Synthetic,Portfolio,Auto,2016-09,88,373582.60185981495
decreciente,Loss Incurred,month,cumulative,Synthetic,Portfolio,Auto,2016-09,89,373575.4901426782
decreciente,Loss Incurred,month,cumulative,Synthetic,Portfolio,Auto,2016-09,90,373568.8964415619
decreciente,Loss Incurred,month,cumulative,Synthetic,Portfolio,Auto,2016-09,91,373562.78302428516
decreciente,Loss Incurred,month,cumulative,Synthetic,Portfolio,Auto,2016-09,92,373557.1149070715
decreciente,Loss Incurred,month,cumulative,Synthetic,Portfolio,Auto,2016-09,93,373551.8596543554
decreciente,Loss Incurred,month,cumulative,Synthetic,Portfolio,Auto,2016-09,94,373546.9871931713
decreciente,Loss Incurred,month,cumulative,Synthetic,Portfolio,Auto,2016-09,95,373542.4696410625
decreciente,Loss Incurred,month,cumulative,Synthetic,Portfolio,Auto,2016-09,96,373538.28114652453
decreciente,Loss Incurred,month,cumulative,Synthetic,Portfolio,Auto,2016-09,97,373534.39774107124
decreciente,Loss Incurred,month,cumulative,Synthetic,Portfolio,Auto,2016-09,98,373530.7972020763
decreciente,Loss Incurred,month,cumulative,Synthetic,Portfolio,Auto,2016-09,99,373527.4589256047
decreciente,Loss Incurred,month,cumulative,Synthetic,Portfolio,Auto,2016-09,100,373524.3638085079
decreciente,Loss Incurred,month,cumulative,Synthetic,Portfolio,Auto,2016-09,101,373521.4941391069
decreciente,Loss Incurred,month,cumulative,Synthetic,Portfolio,Auto,2016-09,102,373518.83349583764
decreciente,Loss Incurred,month,cumulative,Synthetic,Portfolio,Auto,2016-09,103,373516.36665327946
decreciente,Loss Incurred,month,cumulative,Synthetic,Portfolio,Auto,2016-09,104,373514.07949502824
decreciente,Loss Incurred,month,cumulative,Synthetic,Portfolio,Auto,2016-09,105,373511.9589329158
decreciente,Loss Incurred,month,cumulative,Synthetic,Portfolio,Auto,2016-09,106,373509.99283211364
decreciente,Loss Incurred,month,cumulative,Synthetic,Portfolio,Auto,2016-09,107,373508.1699416914
decreciente,Loss Incurred,month,cumulative,Synthetic,Portfolio,Auto,2016-09,108,373506.4798302343
decreciente,Loss Incurred,month,cumulative,Synthetic,Portfolio,Auto,2016-09,109,373504.91282614984
decreciente,Loss Incurred,month,cumulative,Synthetic,Portfolio,Auto,2016-09,110,373503.4599623221
decreciente,Loss Incurred,month,cumulative,Synthetic,Portfolio,Auto,2016-09,111,373502.1129247982
decreciente,Loss Incurred,month,cumulative,Synthetic,Portfolio,Auto,2016-10,0,418341.47686820437
decreciente,Loss Incurred,month,cumulative,Synthetic,Portfolio,Auto,2016-10,1,410398.3572398889
decreciente,Loss Incurred,month,cumulative,Synthetic,Portfolio,Auto,2016-10,2,403086.8535672913
decreciente,Loss Incurred,month,cumulative,Synthetic,Portfolio,Auto,2016-10,3,396356.74141288735
decreciente,Loss Incurred,month,cumulative,Synthetic,Portfolio,Auto,2016-10,4,390161.7900541661
decreciente,Loss Incurred,month,cumulative,Synthetic,Portfolio,Auto,2016-10,5,384459.4449139279
decreciente,Loss Incurred,month,cumulative,Synthetic,Portfolio,Auto,2016-10,6,379210.53524289053
decreciente,Loss Incurred,month,cumulative,Synthetic,Portfolio,Auto,2016-10,7,374379.0050466039
decreciente,Loss Incurred,month,cumulative,Synthetic,Portfolio,Auto,2016-10,8,369931.6654083479
decreciente,Loss Incurred,month,cumulative,Synthetic,Portfolio,Auto,2016-10,9,365837.96650666156
decreciente,Loss Incurred,month,cumulative,Synthetic,Portfolio,Auto,2016-10,10,362069.7877614376
decreciente,Loss Incurred,month,cumulative,Synthetic,Portfolio,Auto,2016-10,11,358601.2446670473
decreciente,Loss Incurred,month,cumulative,Synthetic,Portfolio,Auto,2016-10,12,355408.51098558615
decreciente,Loss Incurred,month,cumulative,Synthetic,Portfolio,Auto,2016-10,13,352469.6550788446
decreciente,Loss Incurred,month,cumulative,Synthetic,Portfolio,Auto,2016-10,14,349764.48925472953
decreciente,Loss Incurred,month,cumulative,Synthetic,Portfolio,Auto,2016-10,15,347274.4310932616
decreciente,Loss Incurred,month,cumulative,Synthetic,Portfolio,Auto,2016-10,16,344982.3757995638
decreciente,Loss Incurred,month,cumulative,Synthetic,Portfolio,Auto,2016-10,17,342872.5787070048
decreciente,Loss Incurred,month,cumulative,Synthetic,Portfolio,Auto,2016-10,18,340930.54712338216
decreciente,Loss Incurred,month,cumulative,Synthetic,Portfolio,Auto,2016-10,19,339142.9407772131
decreciente,Loss Incurred,month,cumulative,Synthetic,Portfolio,Auto,2016-10,20,337497.48018027295
decreciente,Loss Incurred,month,cumulative,Synthetic,Portfolio,Auto,2016-10,21,335982.86227690463
decreciente,Loss Incurred,month,cumulative,Synthetic,Portfolio,Auto,2016-10,22,334588.6828006718
decreciente,Loss Incurred,month,cumulative,Synthetic,Portfolio,Auto,2016-10,23,333305.3648050069
decreciente,Loss Incurred,month,cumulative,Synthetic,Portfolio,Auto,2016-10,24,332124.0928769137
decreciente,Loss Incurred,month,cumulative,Synthetic,Portfolio,Auto,2016-10,25,331036.7525818234
decreciente,Loss Incurred,month,cumulative,Synthetic,Portfolio,Auto,2016-10,26,330035.8747236358
decreciente,Loss Incurred,month,cumulative,Synthetic,Portfolio,Auto,2016-10,27,329114.5840370555
decreciente,Loss Incurred,month,cumulative,Synthetic,Portfolio,Auto,2016-10,28,328266.5519597783
decreciente,Loss Incurred,month,cumulative,Synthetic,Portfolio,Auto,2016-10,29,327485.9531601089
decreciente,Loss Incurred,month,cumulative,Synthetic,Portfolio,Auto,2016-10,30,326767.4255213884
decreciente,Loss Incurred,month,cumulative,Synthetic,Portfolio,Auto,2016-10,31,326106.0333083541
decreciente,Loss Incurred,month,cumulative,Synthetic,Portfolio,Auto,2016-10,32,325497.2332624137
decreciente,Loss Incurred,month,cumulative,Synthetic,Portfolio,Auto,2016-10,33,324936.8433929344
decreciente,Loss Incurred,month,cumulative,Synthetic,Portfolio,Auto,2016-10,34,324421.0142501655
decreciente,Loss Incurred,month,cumulative,Synthetic,Portfolio,Auto,2016-10,35,323946.2024824637
decreciente,Loss Incurred,month,cumulative,Synthetic,Portfolio,Auto,2016-10,36,323509.14649617724
decreciente,Loss Incurred,month,cumulative,Synthetic,Portfolio,Auto,2016-10,37,323106.84405099275
decreciente,Loss Incurred,month,cumulative,Synthetic,Portfolio,Auto,2016-10,38,322736.5316368405
decreciente,Loss Incurred,month,cumulative,Synthetic,Portfolio,Auto,2016-10,39,322395.6654906942
decreciente,Loss Incurred,month,cumulative,Synthetic,Portfolio,Auto,2016-10,40,322081.9041228648
decreciente,Loss Incurred,month,cumulative,Synthetic,Portfolio,Auto,2016-10,41,321793.09223275736
decreciente,Loss Incurred,month,cumulative,Synthetic,Portfolio,Auto,2016-10,42,321527.2459036043
decreciente,Loss Incurred,month,cumulative,Synthetic,Portfolio,Auto,2016-10,43,321282.53897447546
decreciente,Loss Incurred,month,cumulative,Synthetic,Portfolio,Auto,2016-10,44,321057.2904959484
decreciente,Loss Incurred,month,cumulative,Synthetic,Portfolio,Auto,2016-10,45,320849.95318327256
decreciente,Loss Incurred,month,cumulative,Synthetic,Portfolio,Auto,2016-10,46,320659.1027877061
decreciente,Loss Incurred,month,cumulative,Synthetic,Portfolio,Auto,2016-10,47,320483.4283130165
decreciente,Loss Incurred,month,cumulative,Synthetic,Portfolio,Auto,2016-10,48,320321.7230099393
decreciente,Loss Incurred,month,cumulative,Synthetic,Portfolio,Auto,2016-10,49,320172.87608673394
decreciente,Loss Incurred,month,cumulative,Synthetic,Portfolio,Auto,2016-10,50,320035.8650788937
decreciente,Loss Incurred,month,cumulative,Synthetic,Portfolio,Auto,2016-10,51,319909.7488255971
decreciente,Loss Incurred,month,cumulative,Synthetic,Portfolio,Auto,2016-10,52,319793.6610046526
decreciente,Loss Incurred,month,cumulative,Synthetic,Portfolio,Auto,2016-10,53,319686.8041815281
decreciente,Loss Incurred,month,cumulative,Synthetic,Portfolio,Auto,2016-10,54,319588.44433158555
decreciente,Loss Incurred,month,cumulative,Synthetic,Portfolio,Auto,2016-10,55,319497.9057978932
decreciente,Loss Incurred,month,cumulative,Synthetic,Portfolio,Auto,2016-10,56,319414.566649979
decreciente,Loss Incurred,month,cumulative,Synthetic,Portfolio,Auto,2016-10,57,319337.8544116447
decreciente,Loss Incurred,month,cumulative,Synthetic,Portfolio,Auto,2016-10,58,319267.24212849146
decreciente,Loss Incurred,month,cumulative,Synthetic,Portfolio,Auto,2016-10,59,319202.24474814674
decreciente,Loss Incurred,month,cumulative,Synthetic,Portfolio,Auto,2016-10,60,319142.4157883253
decreciente,Loss Incurred,month,cumulative,Synthetic,Portfolio,Auto,2016-10,61,319087.34426983737
decreciente,Loss Incurred,month,cumulative,Synthetic,Portfolio,Auto,2016-10,62,319036.65189347626
decreciente,Loss Incurred,month,cumulative,Synthetic,Portfolio,Auto,2016-10,63,318989.9904413919
decreciente,Loss Incurred,month,cumulative,Synthetic,Portfolio,Auto,2016-10,64,318947.03938510065
decreciente,Loss Incurred,month,cumulative,Synthetic,Portfolio,Auto,2016-10,65,318907.5036837
decreciente,Loss Incurred,month,cumulative,Synthetic,Portfolio,Auto,2016-10,66,318871.11175716284
decreciente,Loss Incurred,month,cumulative,Synthetic,Portfolio,Auto,2016-10,67,318837.61362079065
decreciente,Loss Incurred,month,cumulative,Synthetic,Portfolio,Auto,2016-10,68,318806.77916801
decreciente,Loss Incurred,month,cumulative,Synthetic,Portfolio,Auto,2016-10,69,318778.39658971614
decreciente,Loss Incurred,month,cumulative,Synthetic,Portfolio,Auto,2016-10,70,318752.27091930655
decreciente,Loss Incurred,month,cumulative,Synthetic,Portfolio,Auto,2016-10,71,318728.22269340954
decreciente,Loss Incurred,month,cumulative,Synthetic,Portfolio,Auto,2016-10,72,318706.0867191081
decreciente,Loss Incurred,month,cumulative,Synthetic,Portfolio,Auto,2016-10,73,318685.71093919105
decreciente,Loss Incurred,month,cumulative,Synthetic,Portfolio,Auto,2016-10,74,318666.9553876361
decreciente,Loss Incurred,month,cumulative,Synthetic,Portfolio,Auto,2016-10,75,318649.69122815074
decreciente,Loss Incurred,month,cumulative,Synthetic,Portfolio,Auto,2016-10,76,318633.7998691647
decreciente,Loss Incurred,month,cumulative,Synthetic,Portfolio,Auto,2016-10,77,318619.1721491976
decreciente,Loss Incurred,month,cumulative,Synthetic,Portfolio,Auto,2016-10,78,318605.7075870021
decreciente,Loss Incurred,month,cumulative,Synthetic,Portfolio,Auto,2016-10,79,318593.31369133526
decreciente,Loss Incurred,month,cumulative,Synthetic,Portfolio,Auto,2016-10,80,318581.90532561427
decreciente,Loss Incurred,month,cumulative,Synthetic,Portfolio,Auto,2016-10,81,318571.404123093
decreciente,Loss Incurred,month,cumulative,Synthetic,Portfolio,Auto,2016-10,82,318561.73794854275
decreciente,Loss Incurred,month,cumulative,Synthetic,Portfolio,Auto,2016-10,83,318552.8404027382
decreciente,Loss Incurred,month,cumulative,Synthetic,Portfolio,Auto,2016-10,84,318544.65036634554
decreciente,Loss Incurred,month,cumulative,Synthetic,Portfolio,Auto,2016-10,85,318537.1115800794
decreciente,Loss Incurred,month,cumulative,Synthetic,Portfolio,Auto,2016-10,86,318530.1722582449
decreciente,Loss Incurred,month,cumulative,Synthetic,Portfolio,Auto,2016-10,87,318523.7847330089
decreciente,Loss Incurred,month,cumulative,Synthetic,Portfolio,Auto,2016-10,88,318517.9051269589
decreciente,Loss Incurred,month,cumulative,Synthetic,Portfolio,Auto,2016-10,89,318512.4930516989
decreciente,Loss Incurred,month,cumulative,Synthetic,Portfolio,Auto,2016-10,90,318507.5113304116
decreciente,Loss Incurred,month,cumulative,Synthetic,Portfolio,Auto,2016-10,91,318502.9257424824
decreciente,Loss Incurred,month,cumulative,Synthetic,Portfolio,Auto,2016-10,92,318498.70478842984
decreciente,Loss Incurred,month,cumulative,Synthetic,Portfolio,Auto,2016-10,93,318494.8194735281
decreciente,Loss Incurred,month,cumulative,Synthetic,Portfolio,Auto,2016-10,94,318491.24310863606
decreciente,Loss Incurred,month,cumulative,Synthetic,Portfolio,Auto,2016-10,95,318487.95112686226
decreciente,Loss Incurred,month,cumulative,Synthetic,Portfolio,Auto,2016-10,96,318484.92091481015
decreciente,Loss Incurred,month,cumulative,Synthetic,Portfolio,Auto,2016-10,97,318482.1316572408
decreciente,Loss Incurred,month,cumulative,Synthetic,Portfolio,Auto,2016-10,98,318479.5641940882
decreciente,Loss Incurred,month,cumulative,Synthetic,Portfolio,Auto,2016-10,99,318477.2008888445
decreciente,Loss Incurred,month,cumulative,Synthetic,Portfolio,Auto,2016-10,100,318475.02550741023
decreciente,Loss Incurred,month,cumulative,Synthetic,Portfolio,Auto,2016-10,101,318473.02310657914
decreciente,Loss Incurred,month,cumulative,Synthetic,Portfolio,Auto,2016-10,102,318471.17993138894
decreciente,Loss Incurred,month,cumulative,Synthetic,Portfolio,Auto,2016-10,103,318469.48332063627
decreciente,Loss Incurred,month,cumulative,Synthetic,Portfolio,Auto,2016-10,104,318467.9216199028
decreciente,Loss Incurred,month,cumulative,Synthetic,Portfolio,Auto,2016-10,105,318466.48410149914
decreciente,Loss Incurred,month,cumulative,Synthetic,Portfolio,Auto,2016-10,106,318465.1608907734
decreciente,Loss Incurred,month,cumulative,Synthetic,Portfolio,Auto,2016-10,107,318463.9428982801
decreciente,Loss Incurred,month,cumulative,Synthetic,Portfolio,Auto,2016-10,108,318462.82175734243
decreciente,Loss Incurred,month,cumulative,Synthetic,Portfolio,Auto,2016-10,109,318461.78976657975
decreciente,Loss Incurred,month,cumulative,Synthetic,Portfolio,Auto,2016-10,110,318460.83983700495
decreciente,Loss Incurred,month,cumulative,Synthetic,Portfolio,Auto,2016-11,0,431931.2893256216
decreciente,Loss Incurred,month,cumulative,Synthetic,Portfolio,Auto,2016-11,1,425846.6260524563
decreciente,Loss Incurred,month,cumulative,Synthetic,Portfolio,Auto,2016-11,2,420133.600641267
decreciente,Loss Incurred,month,cumulative,Synthetic,Portfolio,Auto,2016-11,3,414769.5142681002
decreciente,Loss Incurred,month,cumulative,Synthetic,Portfolio,Auto,2016-11,4,409733.05450328987
decreciente,Loss Incurred,month,cumulative,Synthetic,Portfolio,Auto,2016-11,5,405004.21063354093
decreciente,Loss Incurred,month,cumulative,Synthetic,Portfolio,Auto,2016-11,6,400564.1941559539
decreciente,Loss Incurred,month,cumulative,Synthetic,Portfolio,Auto,2016-11,7,396395.3641280996
decreciente,Loss Incurred,month,cumulative,Synthetic,Portfolio,Auto,2016-11,8,392481.1570775471
decreciente,Loss Incurred,month,cumulative,Synthetic,Portfolio,Auto,2016-11,9,388806.02119236457
decreciente,Loss Incurred,month,cumulative,Synthetic,Portfolio,Auto,2016-11,10,385355.3545311182
decreciente,Loss Incurred,month,cumulative,Synthetic,Portfolio,Auto,2016-11,11,382115.4470068701
decreciente,Loss Incurred,month,cumulative,Synthetic,Portfolio,Auto,2016-11,12,379073.4259146653
decreciente,Loss Incurred,month,cumulative,Synthetic,Portfolio,Auto,2016-11,13,376217.2047860802
decreciente,Loss Incurred,month,cumulative,Synthetic,Portfolio,Auto,2016-11,14,373535.4353676234
decreciente,Loss Incurred,month,cumulative,Synthetic,Portfolio,Auto,2016-11,15,371017.46253218927
decreciente,Loss Incurred,month,cumulative,Synthetic,Portfolio,Auto,2016-11,16,368653.2819444217
decreciente,Loss Incurred,month,cumulative,Synthetic,Portfolio,Auto,2016-11,17,366433.5003117841
decreciente,Loss Incurred,month,cumulative,Synthetic,Portfolio,Auto,2016-11,18,364349.29806340684
decreciente,Loss Incurred,month,cumulative,Synthetic,Portfolio,Auto,2016-11,19,362392.3943084283
decreciente,Loss Incurred,month,cumulative,Synthetic,Portfolio,Auto,2016-11,20,360555.01393460383
decreciente,Loss Incurred,month,cumulative,Synthetic,Portfolio,Auto,2016-11,21,358829.8567164594
decreciente,Loss Incurred,month,cumulative,Synthetic,Portfolio,Auto,2016-11,22,357210.0683102509
decreciente,Loss Incurred,month,cumulative,Synthetic,Portfolio,Auto,2016-11,23,355689.2130204881
decreciente,Loss Incurred,month,cumulative,Synthetic,Portfolio,Auto,2016-11,24,354261.2482298191
decreciente,Loss Incurred,month,cumulative,Synthetic,Portfolio,Auto,2016-11,25,352920.5003906816
decreciente,Loss Incurred,month,cumulative,Synthetic,Portfolio,Auto,2016-11,26,351661.6424833311
decreciente,Loss Incurred,month,cumulative,Synthetic,Portfolio,Auto,2016-11,27,350479.6728506831
decreciente,Loss Incurred,month,cumulative,Synthetic,Portfolio,Auto,2016-11,28,349369.8953258769
decreciente,Loss Incurred,month,cumulative,Synthetic,Portfolio,Auto,2016-11,29,348327.9005736043
decreciente,Loss Incurred,month,cumulative,Synthetic,Portfolio,Auto,2016-11,30,347349.5485710681
decreciente,Loss Incurred,month,cumulative,Synthetic,Portfolio,Auto,2016-11,31,346430.9521589662
decreciente,Loss Incurred,month,cumulative,Synthetic,Portfolio,Auto,2016-11,32,345568.4615971451
decreciente,Loss Incurred,month,cumulative,Synthetic,Portfolio,Auto,2016-11,33,344758.6500635593
decreciente,Loss Incurred,month,cumulative,Synthetic,Portfolio,Auto,2016-11,34,343998.30003892386
decreciente,Loss Incurred,month,cumulative,Synthetic,Portfolio,Auto,2016-11,35,343284.3905229613
decreciente,Loss Incurred,month,cumulative,Synthetic,Portfolio,Auto,2016-11,36,342614.0850314525
decreciente,Loss Incurred,month,cumulative,Synthetic,Portfolio,Auto,2016-11,37,341984.7203264017
decreciente,Loss Incurred,month,cumulative,Synthetic,Portfolio,Auto,2016-11,38,341393.7958345373
decreciente,Loss Incurred,month,cumulative,Synthetic,Portfolio,Auto,2016-11,39,340838.9637121085
decreciente,Loss Incurred,month,cumulative,Synthetic,Portfolio,Auto,2016-11,40,340318.0195165012
decreciente,Loss Incurred,month,cumulative,Synthetic,Portfolio,Auto,2016-11,41,339828.8934476123
decreciente,Loss Incurred,month,cumulative,Synthetic,Portfolio,Auto,2016-11,42,339369.6421241807
decreciente,Loss Incurred,month,cumulative,Synthetic,Portfolio,Auto,2016-11,43,338938.4408624019
decreciente,Loss Incurred,month,cumulative,Synthetic,Portfolio,Auto,2016-11,44,338533.57642614905
decreciente,Loss Incurred,month,cumulative,Synthetic,Portfolio,Auto,2016-11,45,338153.4402199928
decreciente,Loss Incurred,month,cumulative,Synthetic,Portfolio,Auto,2016-11,46,337796.52189797786
decreciente,Loss Incurred,month,cumulative,Synthetic,Portfolio,Auto,2016-11,47,337461.4033627611
decreciente,Loss Incurred,month,cumulative,Synthetic,Portfolio,Auto,2016-11,48,337146.7531312689
decreciente,Loss Incurred,month,cumulative,Synthetic,Portfolio,Auto,2016-11,49,336851.3210444877
decreciente,Loss Incurred,month,cumulative,Synthetic,Portfolio,Auto,2016-11,50,336573.9333003696
decreciente,Loss Incurred,month,cumulative,Synthetic,Portfolio,Auto,2016-11,51,336313.48779011634
decreciente,Loss Incurred,month,cumulative,Synthetic,Portfolio,Auto,2016-11,52,336068.9497193131
decreciente,Loss Incurred,month,cumulative,Synthetic,Portfolio,Auto,2016-11,53,335839.34749651415
decreciente,Loss Incurred,month,cumulative,Synthetic,Portfolio,Auto,2016-11,54,335623.76887294406
decreciente,Loss Incurred,month,cumulative,Synthetic,Portfolio,Auto,2016-11,55,335421.3573179782
decreciente,Loss Incurred,month,cumulative,Synthetic,Portfolio,Auto,2016-11,56,335231.3086160003
decreciente,Loss Incurred,month,cumulative,Synthetic,Portfolio,Auto,2016-11,57,335052.8676711164
decreciente,Loss Incurred,month,cumulative,Synthetic,Portfolio,Auto,2016-11,58,334885.32550703076
decreciente,Loss Incurred,month,cumulative,Synthetic,Portfolio,Auto,2016-11,59,334728.0164501619
decreciente,Loss Incurred,month,cumulative,Synthetic,Portfolio,Auto,2016-11,60,334580.3154848076
decreciente,Loss Incurred,month,cumulative,Synthetic,Portfolio,Auto,2016-11,61,334441.63576985156
decreciente,Loss Incurred,month,cumulative,Synthetic,Portfolio,Auto,2016-11,62,334311.42630714306
decreciente,Loss Incurred,month,cumulative,Synthetic,Portfolio,Auto,2016-11,63,334189.16975228797
decreciente,Loss Incurred,month,cumulative,Synthetic,Portfolio,Auto,2016-11,64,334074.38035915064
decreciente,Loss Incurred,month,cumulative,Synthetic,Portfolio,Auto,2016-11,65,333966.6020499021
decreciente,Loss Incurred,month,cumulative,Synthetic,Portfolio,Auto,2016-11,66,333865.4066029449
decreciente,Loss Incurred,month,cumulative,Synthetic,Portfolio,Auto,2016-11,67,333770.3919515158
decreciente,Loss Incurred,month,cumulative,Synthetic,Portfolio,Auto,2016-11,68,333681.18058620597
decreciente,Loss Incurred,month,cumulative,Synthetic,Portfolio,Auto,2016-11,69,333597.41805505165
decreciente,Loss Incurred,month,cumulative,Synthetic,Portfolio,Auto,2016-11,70,333518.77155523625
decreciente,Loss Incurred,month,cumulative,Synthetic,Portfolio,Auto,2016-11,71,333444.9286108077
decreciente,Loss Incurred,month,cumulative,Synthetic,Portfolio,Auto,2016-11,72,333375.5958311585
decreciente,Loss Incurred,month,cumulative,Synthetic,Portfolio,Auto,2016-11,73,333310.49774533504
decreciente,Loss Incurred,month,cumulative,Synthetic,Portfolio,Auto,2016-11,74,333249.3757075438
decreciente,Loss Incurred,month,cumulative,Synthetic,Portfolio,Auto,2016-11,75,333191.9868695081
decreciente,Loss Incurred,month,cumulative,Synthetic,Portfolio,Auto,2016-11,76,333138.1032155905
decreciente,Loss Incurred,month,cumulative,Synthetic,Portfolio,Auto,2016-11,77,333087.51065684756
decreciente,Loss Incurred,month,cumulative,Synthetic,Portfolio,Auto,2016-11,78,333040.00818041794
decreciente,Loss Incurred,month,cumulative,Synthetic,Portfolio,Auto,2016-11,79,332995.40705086425
decreciente,Loss Incurred,month,cumulative,Synthetic,Portfolio,Auto,2016-11,80,332953.53006029496
decreciente,Loss Incurred,month,cumulative,Synthetic,Portfolio,Auto,2016-11,81,332914.210824287
decreciente,Loss Incurred,month,cumulative,Synthetic,Portfolio,Auto,2016-11,82,332877.2931208123
decreciente,Loss Incurred,month,cumulative,Synthetic,Portfolio,Auto,2016-11,83,332842.63026954094
decreciente,Loss Incurred,month,cumulative,Synthetic,Portfolio,Auto,2016-11,84,332810.0845490554
decreciente,Loss Incurred,month,cumulative,Synthetic,Portfolio,Auto,2016-11,85,332779.5266496594
decreciente,Loss Incurred,month,cumulative,Synthetic,Portfolio,Auto,2016-11,86,332750.83515960904
decreciente,Loss Incurred,month,cumulative,Synthetic,Portfolio,Auto,2016-11,87,332723.8960827229
decreciente,Loss Incurred,month,cumulative,Synthetic,Portfolio,Auto,2016-11,88,332698.6023854556
decreciente,Loss Incurred,month,cumulative,Synthetic,Portfolio,Auto,2016-11,89,332674.8535716358
decreciente,Loss Incurred,month,cumulative,Synthetic,Portfolio,Auto,2016-11,90,332652.5552831772
decreciente,Loss Incurred,month,cumulative,Synthetic,Portfolio,Auto,2016-11,91,332631.61892517825
decreciente,Loss Incurred,month,cumulative,Synthetic,Portfolio,Auto,2016-11,92,332611.9613139193
decreciente,Loss Incurred,month,cumulative,Synthetic,Portfolio,Auto,2016-11,93,332593.50434635935
decreciente,Loss Incurred,month,cumulative,Synthetic,Portfolio,Auto,2016-11,94,332576.17468981975
decreciente,Loss Incurred,month,cumulative,Synthetic,Portfolio,Auto,2016-11,95,332559.9034906205
decreciente,Loss Incurred,month,cumulative,Synthetic,Portfolio,Auto,2016-11,96,332544.6261005131
decreciente,Loss Incurred,month,cumulative,Synthetic,Portfolio,Auto,2016-11,97,332530.28181982227
decreciente,Loss Incurred,month,cumulative,Synthetic,Portfolio,Auto,2016-11,98,332516.81365627504
decreciente,Loss Incurred,month,cumulative,Synthetic,Portfolio,Auto,2016-11,99,332504.16809856176
decreciente,Loss Incurred,month,cumulative,Synthetic,Portfolio,Auto,2016-11,100,332492.29490372556
decreciente,Loss Incurred,month,cumulative,Synthetic,Portfolio,Auto,2016-11,101,332481.14689753926
decreciente,Loss Incurred,month,cumulative,Synthetic,Portfolio,Auto,2016-11,102,332470.6797870736
decreciente,Loss Incurred,month,cumulative,Synthetic,Portfolio,Auto,2016-11,103,332460.8519847141
decreciente,Loss Incurred,month,cumulative,Synthetic,Portfolio,Auto,2016-11,104,332451.6244429268
decreciente,Loss Incurred,month,cumulative,Synthetic,Portfolio,Auto,2016-11,105,332442.96049911465
decreciente,Loss Incurred,month,cumulative,Synthetic,Portfolio,Auto,2016-11,106,332434.82572995196
decreciente,Loss Incurred,month,cumulative,Synthetic,Portfolio,Auto,2016-11,107,332427.18781461404
decreciente,Loss Incurred,month,cumulative,Synthetic,Portfolio,Auto,2016-11,108,332420.016406361
decreciente,Loss Incurred,month,cumulative,Synthetic,Portfolio,Auto,2016-11,109,332413.2830119652
decreciente,Loss Incurred,month,cumulative,Synthetic,Portfolio,Auto,2016-12,0,438084.9520617062
decreciente,Loss Incurred,month,cumulative,Synthetic,Portfolio,Auto,2016-12,1,429385.359981372
decreciente,Loss Incurred,month,cumulative,Synthetic,Portfolio,Auto,2016-12,2,421438.65448413533
decreciente,Loss Incurred,month,cumulative,Synthetic,Portfolio,Auto,2016-12,3,414179.6786980678
decreciente,Loss Incurred,month,cumulative,Synthetic,Portfolio,Auto,2016-12,4,407548.91460582364
decreciente,Loss Incurred,month,cumulative,Synthetic,Portfolio,Auto,2016-12,5,401491.99504268344
decreciente,Loss Incurred,month,cumulative,Synthetic,Portfolio,Auto,2016-12,6,395959.2579276258
decreciente,Loss Incurred,month,cumulative,Synthetic,Portfolio,Auto,2016-12,7,390905.3390724667
decreciente,Loss Incurred,month,cumulative,Synthetic,Portfolio,Auto,2016-12,8,386288.80023041356
decreciente,Loss Incurred,month,cumulative,Synthetic,Portfolio,Auto,2016-12,9,382071.7893343186
decreciente,Loss Incurred,month,cumulative,Synthetic,Portfolio,Auto,2016-12,10,378219.73013884685
decreciente,Loss Incurred,month,cumulative,Synthetic,Portfolio,Auto,2016-12,11,374701.0387218626
decreciente,Loss Incurred,month,cumulative,Synthetic,Portfolio,Auto,2016-12,12,371486.8645205644
decreciente,Loss Incurred,month,cumulative,Synthetic,Portfolio,Auto,2016-12,13,368550.85377906397
decreciente,Loss Incurred,month,cumulative,Synthetic,Portfolio,Auto,2016-12,14,365868.9334678612
decreciente,Loss Incurred,month,cumulative,Synthetic,Portfolio,Auto,2016-12,15,363419.11390352057
decreciente,Loss Incurred,month,cumulative,Synthetic,Portfolio,Auto,2016-12,16,361181.3084501831
decreciente,Loss Incurred,month,cumulative,Synthetic,Portfolio,Auto,2016-12,17,359137.16882460413
decreciente,Loss Incurred,month,cumulative,Synthetic,Portfolio,Auto,2016-12,18,357269.934654346
decreciente,Loss Incurred,month,cumulative,Synthetic,Portfolio,Auto,2016-12,19,355564.29605561664
decreciente,Loss Incurred,month,cumulative,Synthetic,Portfolio,Auto,2016-12,20,354006.2681040002
decreciente,Loss Incurred,month,cumulative,Synthetic,Portfolio,Auto,2016-12,21,352583.07616883493
decreciente,Loss Incurred,month,cumulative,Synthetic,Portfolio,Auto,2016-12,22,351283.0511710691
decreciente,Loss Incurred,month,cumulative,Synthetic,Portfolio,Auto,2016-12,23,350095.53390578897
decreciente,Loss Incurred,month,cumulative,Synthetic,Portfolio,Auto,2016-12,24,349010.7876449387
decreciente,Loss Incurred,month,cumulative,Synthetic,Portfolio,Auto,2016-12,25,348019.91830364027
decreciente,Loss Incurred,month,cumulative,Synthetic,Portfolio,Auto,2016-12,26,347114.8015155395
decreciente,Loss Incurred,month,cumulative,Synthetic,Portfolio,Auto,2016-12,27,346288.01601925155
decreciente,Loss Incurred,month,cumulative,Synthetic,Portfolio,Auto,2016-12,28,345532.7828097268
decreciente,Loss Incurred,month,cumulative,Synthetic,Portfolio,Auto,2016-12,29,344842.90955562406
decreciente,Loss Incurred,month,cumulative,Synthetic,Portfolio,Auto,2016-12,30,344212.73982695746
decreciente,Loss Incurred,month,cumulative,Synthetic,Portfolio,Auto,2016-12,31,343637.10671672144
decreciente,Loss Incurred,month,cumulative,Synthetic,Portfolio,Auto,2016-12,32,343111.29047622846
decreciente,Loss Incurred,month,cumulative,Synthetic,Portfolio,Auto,2016-12,33,342630.9798168003
decreciente,Loss Incurred,month,cumulative,Synthetic,Portfolio,Auto,2016-12,34,342192.2365605173
decreciente,Loss Incurred,month,cumulative,Synthetic,Portfolio,Auto,2016-12,35,341791.46335018927
decreciente,Loss Incurred,month,cumulative,Synthetic,Portfolio,Auto,2016-12,36,341425.37415379373
decreciente,Loss Incurred,month,cumulative,Synthetic,Portfolio,Auto,2016-12,37,341090.9673215409
decreciente,Loss Incurred,month,cumulative,Synthetic,Portfolio,Auto,2016-12,38,340785.50097465515
decreciente,Loss Incurred,month,cumulative,Synthetic,Portfolio,Auto,2016-12,39,340506.4705240774
decreciente,Loss Incurred,month,cumulative,Synthetic,Portfolio,Auto,2016-12,40,340251.5881347623
decreciente,Loss Incurred,month,cumulative,Synthetic,Portfolio,Auto,2016-12,41,340018.7639671904
decreciente,Loss Incurred,month,cumulative,Synthetic,Portfolio,Auto,2016-12,42,339806.08904229174
decreciente,Loss Incurred,month,cumulative,Synthetic,Portfolio,Auto,2016-12,43,339611.8195892864
decreciente,Loss Incurred,month,cumulative,Synthetic,Portfolio,Auto,2016-12,44,339434.362748105
decreciente,Loss Incurred,month,cumulative,Synthetic,Portfolio,Auto,2016-12,45,339272.2635091619
decreciente,Loss Incurred,month,cumulative,Synthetic,Portfolio,Auto,2016-12,46,339124.1927833953
decreciente,Loss Incurred,month,cumulative,Synthetic,Portfolio,Auto,2016-12,47,338988.9365047603
decreciente,Loss Incurred,month,cumulative,Synthetic,Portfolio,Auto,2016-12,48,338865.38567582035
decreciente,Loss Incurred,month,cumulative,Synthetic,Portfolio,Auto,2016-12,49,338752.52727482194
decreciente,Loss Incurred,month,cumulative,Synthetic,Portfolio,Auto,2016-12,50,338649.43594969524
decreciente,Loss Incurred,month,cumulative,Synthetic,Portfolio,Auto,2016-12,51,338555.266430879
decreciente,Loss Incurred,month,cumulative,Synthetic,Portfolio,Auto,2016-12,52,338469.2466007608
decreciente,Loss Incurred,month,cumulative,Synthetic,Portfolio,Auto,2016-12,53,338390.6711629058
decreciente,Loss Incurred,month,cumulative,Synthetic,Portfolio,Auto,2016-12,54,338318.89585916925
decreciente,Loss Incurred,month,cumulative,Synthetic,Portfolio,Auto,2016-12,55,338253.33218727494
decreciente,Loss Incurred,month,cumulative,Synthetic,Portfolio,Auto,2016-12,56,338193.4425755495
decreciente,Loss Incurred,month,cumulative,Synthetic,Portfolio,Auto,2016-12,57,338138.73597524787
decreciente,Loss Incurred,month,cumulative,Synthetic,Portfolio,Auto,2016-12,58,338088.76383433165
decreciente,Loss Incurred,month,cumulative,Synthetic,Portfolio,Auto,2016-12,59,338043.1164196872
decreciente,Loss Incurred,month,cumulative,Synthetic,Portfolio,Auto,2016-12,60,338001.4194576298
decreciente,Loss Incurred,month,cumulative,Synthetic,Portfolio,Auto,2016-12,61,337963.33106514654
decreciente,Loss Incurred,month,cumulative,Synthetic,Portfolio,Auto,2016-12,62,337928.5389467194
decreciente,Loss Incurred,month,cumulative,Synthetic,Portfolio,Auto,2016-12,63,337896.7578337415
decreciente,Loss Incurred,month,cumulative,Synthetic,Portfolio,Auto,2016-12,64,337867.7271455348
decreciente,Loss Incurred,month,cumulative,Synthetic,Portfolio,Auto,2016-12,65,337841.2088527885
decreciente,Loss Incurred,month,cumulative,Synthetic,Portfolio,Auto,2016-12,66,337816.9855259015
decreciente,Loss Incurred,month,cumulative,Synthetic,Portfolio,Auto,2016-12,67,337794.8585522278
decreciente,Loss Incurred,month,cumulative,Synthetic,Portfolio,Auto,2016-12,68,337774.64650760475
decreciente,Loss Incurred,month,cumulative,Synthetic,Portfolio,Auto,2016-12,69,337756.1836688149
decreciente,Loss Incurred,month,cumulative,Synthetic,Portfolio,Auto,2016-12,70,337739.31865478307
decreciente,Loss Incurred,month,cumulative,Synthetic,Portfolio,Auto,2016-12,71,337723.91318536794
decreciente,Loss Incurred,month,cumulative,Synthetic,Portfolio,Auto,2016-12,72,337709.84094757127
decreciente,Loss Incurred,month,cumulative,Synthetic,Portfolio,Auto,2016-12,73,337696.9865598684
decreciente,Loss Incurred,month,cumulative,Synthetic,Portfolio,Auto,2016-12,74,337685.2446261687
decreciente,Loss Incurred,month,cumulative,Synthetic,Portfolio,Auto,2016-12,75,337674.51887164847
decreciente,Loss Incurred,month,cumulative,Synthetic,Portfolio,Auto,2016-12,76,337664.7213533717
decreciente,Loss Incurred,month,cumulative,Synthetic,Portfolio,Auto,2016-12,77,337655.77173922525
decreciente,Loss Incurred,month,cumulative,Synthetic,Portfolio,Auto,2016-12,78,337647.5966492581
decreciente,Loss Incurred,month,cumulative,Synthetic,Portfolio,Auto,2016-12,79,337640.12905402103
decreciente,Loss Incurred,month,cumulative,Synthetic,Portfolio,Auto,2016-12,80,337633.3077249779
decreciente,Loss Incurred,month,cumulative,Synthetic,Portfolio,Auto,2016-12,81,337627.07673247793
decreciente,Loss Incurred,month,cumulative,Synthetic,Portfolio,Auto,2016-12,82,337621.3849871759
decreciente,Loss Incurred,month,cumulative,Synthetic,Portfolio,Auto,2016-12,83,337616.18582113885
decreciente,Loss Incurred,month,cumulative,Synthetic,Portfolio,Auto,2016-12,84,337611.43660520465
decreciente,Loss Incurred,month,cumulative,Synthetic,Portfolio,Auto,2016-12,85,337607.09839945636
decreciente,Loss Incurred,month,cumulative,Synthetic,Portfolio,Auto,2016-12,86,337603.13563394395
decreciente,Loss Incurred,month,cumulative,Synthetic,Portfolio,Auto,2016-12,87,337599.5158170386
decreciente,Loss Incurred,month,cumulative,Synthetic,Portfolio,Auto,2016-12,88,337596.2092690263
decreciente,Loss Incurred,month,cumulative,Synthetic,Portfolio,Auto,2016-12,89,337593.18887875706
decreciente,Loss Incurred,month,cumulative,Synthetic,Portfolio,Auto,2016-12,90,337590.42988135404
decreciente,Loss Incurred,month,cumulative,Synthetic,Portfolio,Auto,2016-12,91,337587.90965516114
decreciente,Loss Incurred,month,cumulative,Synthetic,Portfolio,Auto,2016-12,92,337585.607536262
decreciente,Loss Incurred,month,cumulative,Synthetic,Portfolio,Auto,2016-12,93,337583.5046490529
decreciente,Loss Incurred,month,cumulative,Synthetic,Portfolio,Auto,2016-12,94,337581.58375147637
decreciente,Loss Incurred,month,cumulative,Synthetic,Portfolio,Auto,2016-12,95,337579.82909364975
decreciente,Loss Incurred,month,cumulative,Synthetic,Portfolio,Auto,2016-12,96,337578.22628872894
decreciente,Loss Incurred,month,cumulative,Synthetic,Portfolio,Auto,2016-12,97,337576.76219494623
decreciente,Loss Incurred,month,cumulative,Synthetic,Portfolio,Auto,2016-12,98,337575.42480785924
decreciente,Loss Incurred,month,cumulative,Synthetic,Portfolio,Auto,2016-12,99,337574.20316192246
decreciente,Loss Incurred,month,cumulative,Synthetic,Portfolio,Auto,2016-12,100,337573.0872405791
decreciente,Loss Incurred,month,cumulative,Synthetic,Portfolio,Auto,2016-12,101,337572.06789413246
decreciente,Loss Incurred,month,cumulative,Synthetic,Portfolio,Auto,2016-12,102,337571.13676472596
decreciente,Loss Incurred,month,cumulative,Synthetic,Portfolio,Auto,2016-12,103,337570.28621781466
decreciente,Loss Incurred,month,cumulative,Synthetic,Portfolio,Auto,2016-12,104,337569.5092795682
decreciente,Loss Incurred,month,cumulative,Synthetic,Portfolio,Auto,2016-12,105,337568.7995796906
decreciente,Loss Incurred,month,cumulative,Synthetic,Portfolio,Auto,2016-12,106,337568.151299189
decreciente,Loss Incurred,month,cumulative,Synthetic,Portfolio,Auto,2016-12,107,337567.5591226617
decreciente,Loss Incurred,month,cumulative,Synthetic,Portfolio,Auto,2016-12,108,337567.01819471695
decreciente,Loss Incurred,month,cumulative,Synthetic,Portfolio,Auto,2017-01,0,445674.81185259856
decreciente,Loss Incurred,month,cumulative,Synthetic,Portfolio,Auto,2017-01,1,439356.578658331
decreciente,Loss Incurred,month,cumulative,Synthetic,Portfolio,Auto,2017-01,2,433429.05222542456
decreciente,Loss Incurred,month,cumulative,Synthetic,Portfolio,Auto,2017-01,3,427868.0720380071
decreciente,Loss Incurred,month,cumulative,Synthetic,Portfolio,Auto,2017-01,4,422650.97161764075
decreciente,Loss Incurred,month,cumulative,Synthetic,Portfolio,Auto,2017-01,5,417756.48613506847
decreciente,Loss Incurred,month,cumulative,Synthetic,Portfolio,Auto,2017-01,6,413164.66573506384
decreciente,Loss Incurred,month,cumulative,Synthetic,Portfolio,Auto,2017-01,7,408856.7942210967
decreciente,Loss Incurred,month,cumulative,Synthetic,Portfolio,Auto,2017-01,8,404815.3127683746
decreciente,Loss Incurred,month,cumulative,Synthetic,Portfolio,Auto,2017-01,9,401023.7483543157
decreciente,Loss Incurred,month,cumulative,Synthetic,Portfolio,Auto,2017-01,10,397466.64661473554
decreciente,Loss Incurred,month,cumulative,Synthetic,Portfolio,Auto,2017-01,11,394129.5088520729
decreciente,Loss Incurred,month,cumulative,Synthetic,Portfolio,Auto,2017-01,12,390998.73293889826
decreciente,Loss Incurred,month,cumulative,Synthetic,Portfolio,Auto,2017-01,13,388061.55787583056
decreciente,Loss Incurred,month,cumulative,Synthetic,Portfolio,Auto,2017-01,14,385306.01177787967
decreciente,Loss Incurred,month,cumulative,Synthetic,Portfolio,Auto,2017-01,15,382720.8630772088
decreciente,Loss Incurred,month,cumulative,Synthetic,Portfolio,Auto,2017-01,16,380295.5747434191
decreciente,Loss Incurred,month,cumulative,Synthetic,Portfolio,Auto,2017-01,17,378020.261334759
decreciente,Loss Incurred,month,cumulative,Synthetic,Portfolio,Auto,2017-01,18,375885.6487052005
decreciente,Loss Incurred,month,cumulative,Synthetic,Portfolio,Auto,2017-01,19,373883.0362031479
decreciente,Loss Incurred,month,cumulative,Synthetic,Portfolio,Auto,2017-01,20,372004.261207702
decreciente,Loss Incurred,month,cumulative,Synthetic,Portfolio,Auto,2017-01,21,370241.6658579303
decreciente,Loss Incurred,month,cumulative,Synthetic,Portfolio,Auto,2017-01,22,368588.0658395314
decreciente,Loss Incurred,month,cumulative,Synthetic,Portfolio,Auto,2017-01,23,367036.721101669
decreciente,Loss Incurred,month,cumulative,Synthetic,Portfolio,Auto,2017-01,24,365581.3083846182
decreciente,Loss Incurred,month,cumulative,Synthetic,Portfolio,Auto,2017-01,25,364215.8954462458
decreciente,Loss Incurred,month,cumulative,Synthetic,Portfolio,Auto,2017-01,26,362934.91688227357
decreciente,Loss Incurred,month,cumulative,Synthetic,Portfolio,Auto,2017-01,27,361733.1514417669
decreciente,Loss Incurred,month,cumulative,Synthetic,Portfolio,Auto,2017-01,28,360605.70074538887
decreciente,Loss Incurred,month,cumulative,Synthetic,Portfolio,Auto,2017-01,29,359547.9693196726
decreciente,Loss Incurred,month,cumulative,Synthetic,Portfolio,Auto,2017-01,30,358555.645865936
decreciente,Loss Incurred,month,cumulative,Synthetic,Portfolio,Auto,2017-01,31,357624.6856874872
decreciente,Loss Incurred,month,cumulative,Synthetic,Portfolio,Auto,2017-01,32,356751.29420349683
decreciente,Loss Incurred,month,cumulative,Synthetic,Portfolio,Auto,2017-01,33,355931.911482339
decreciente,Loss Incurred,month,cumulative,Synthetic,Portfolio,Auto,2017-01,34,355163.1977313594
decreciente,Loss Incurred,month,cumulative,Synthetic,Portfolio,Auto,2017-01,35,354442.01968392596
decreciente,Loss Incurred,month,cumulative,Synthetic,Portfolio,Auto,2017-01,36,353765.4378282781
decreciente,Loss Incurred,month,cumulative,Synthetic,Portfolio,Auto,2017-01,37,353130.6944261169
decreciente,Loss Incurred,month,cumulative,Synthetic,Portfolio,Auto,2017-01,38,352535.20227210183
decreciente,Loss Incurred,month,cumulative,Synthetic,Portfolio,Auto,2017-01,39,351976.5341484379
decreciente,Loss Incurred,month,cumulative,Synthetic,Portfolio,Auto,2017-01,40,351452.41293156915
decreciente,Loss Incurred,month,cumulative,Synthetic,Portfolio,Auto,2017-01,41,350960.7023106545
decreciente,Loss Incurred,month,cumulative,Synthetic,Portfolio,Auto,2017-01,42,350499.3980799945
decreciente,Loss Incurred,month,cumulative,Synthetic,Portfolio,Auto,2017-01,43,350066.61996991624
decreciente,Loss Incurred,month,cumulative,Synthetic,Portfolio,Auto,2017-01,44,349660.60398282035
decreciente,Loss Incurred,month,cumulative,Synthetic,Portfolio,Auto,2017-01,45,349279.6952031512
decreciente,Loss Incurred,month,cumulative,Synthetic,Portfolio,Auto,2017-01,46,348922.34105198394
decreciente,Loss Incurred,month,cumulative,Synthetic,Portfolio,Auto,2017-01,47,348587.0849587338
decreciente,Loss Incurred,month,cumulative,Synthetic,Portfolio,Auto,2017-01,48,348272.5604241953
decreciente,Loss Incurred,month,cumulative,Synthetic,Portfolio,Auto,2017-01,49,347977.48545070965
decreciente,Loss Incurred,month,cumulative,Synthetic,Portfolio,Auto,2017-01,50,347700.6573167604
decreciente,Loss Incurred,month,cumulative,Synthetic,Portfolio,Auto,2017-01,51,347440.9476746969
decreciente,Loss Incurred,month,cumulative,Synthetic,Portfolio,Auto,2017-01,52,347197.2979516053
decreciente,Loss Incurred,month,cumulative,Synthetic,Portfolio,Auto,2017-01,53,346968.7150345793
decreciente,Loss Incurred,month,cumulative,Synthetic,Portfolio,Auto,2017-01,54,346754.26722280635
decreciente,Loss Incurred,month,cumulative,Synthetic,Portfolio,Auto,2017-01,55,346553.0804299673
decreciente,Loss Incurred,month,cumulative,Synthetic,Portfolio,Auto,2017-01,56,346364.3346214735
decreciente,Loss Incurred,month,cumulative,Synthetic,Portfolio,Auto,2017-01,57,346187.2604720162
decreciente,Loss Incurred,month,cumulative,Synthetic,Portfolio,Auto,2017-01,58,346021.136229808
decreciente,Loss Incurred,month,cumulative,Synthetic,Portfolio,Auto,2017-01,59,345865.2847747321
decreciente,Loss Incurred,month,cumulative,Synthetic,Portfolio,Auto,2017-01,60,345719.07085841004
decreciente,Loss Incurred,month,cumulative,Synthetic,Portfolio,Auto,2017-01,61,345581.8985149385
decreciente,Loss Incurred,month,cumulative,Synthetic,Portfolio,Auto,2017-01,62,345453.20863173995
decreciente,Loss Incurred,month,cumulative,Synthetic,Portfolio,Auto,2017-01,63,345332.47667062795
decreciente,Loss Incurred,month,cumulative,Synthetic,Portfolio,Auto,2017-01,64,345219.21052979643
decreciente,Loss Incurred,month,cumulative,Synthetic,Portfolio,Auto,2017-01,65,345112.94853801985
decreciente,Loss Incurred,month,cumulative,Synthetic,Portfolio,Auto,2017-01,66,345013.2575728873
decreciente,Loss Incurred,month,cumulative,Synthetic,Portfolio,Auto,2017-01,67,344919.73129540175
decreciente,Loss Incurred,month,cumulative,Synthetic,Portfolio,Auto,2017-01,68,344831.988493748
decreciente,Loss Incurred,month,cumulative,Synthetic,Portfolio,Auto,2017-01,69,344749.6715294784
decreciente,Loss Incurred,month,cumulative,Synthetic,Portfolio,Auto,2017-01,70,344672.4448797834
decreciente,Loss Incurred,month,cumulative,Synthetic,Portfolio,Auto,2017-01,71,344599.9937699055
decreciente,Loss Incurred,month,cumulative,Synthetic,Portfolio,Auto,2017-01,72,344532.02289012156
decreciente,Loss Incurred,month,cumulative,Synthetic,Portfolio,Auto,2017-01,73,344468.25519206433
decreciente,Loss Incurred,month,cumulative,Synthetic,Portfolio,Auto,2017-01,74,344408.4307594773
decreciente,Loss Incurred,month,cumulative,Synthetic,Portfolio,Auto,2017-01,75,344352.3057487994
decreciente,Loss Incurred,month,cumulative,Synthetic,Portfolio,Auto,2017-01,76,344299.65139526245
decreciente,Loss Incurred,month,cumulative,Synthetic,Portfolio,Auto,2017-01,77,344250.2530804485
decreciente,Loss Incurred,month,cumulative,Synthetic,Portfolio,Auto,2017-01,78,344203.90945750877
decreciente,Loss Incurred,month,cumulative,Synthetic,Portfolio,Auto,2017-01,79,344160.4316304762
decreciente,Loss Incurred,month,cumulative,Synthetic,Portfolio,Auto,2017-01,80,344119.64238432824
decreciente,Loss Incurred,month,cumulative,Synthetic,Portfolio,Auto,2017-01,81,344081.375462661
decreciente,Loss Incurred,month,cumulative,Synthetic,Portfolio,Auto,2017-01,82,344045.4748900303
decreciente,Loss Incurred,month,cumulative,Synthetic,Portfolio,Auto,2017-01,83,344011.79433619796
decreciente,Loss Incurred,month,cumulative,Synthetic,Portfolio,Auto,2017-01,84,343980.19651969173
decreciente,Loss Incurred,month,cumulative,Synthetic,Portfolio,Auto,2017-01,85,343950.55264824786
decreciente,Loss Incurred,month,cumulative,Synthetic,Portfolio,Auto,2017-01,86,343922.7418938559
decreciente,Loss Incurred,month,cumulative,Synthetic,Portfolio,Auto,2017-01,87,343896.650900265
decreciente,Loss Incurred,month,cumulative,Synthetic,Portfolio,Auto,2017-01,88,343872.1733209457
decreciente,Loss Incurred,month,cumulative,Synthetic,Portfolio,Auto,2017-01,89,343849.2093856227
decreciente,Loss Incurred,month,cumulative,Synthetic,Portfolio,Auto,2017-01,90,343827.66549361276
decreciente,Loss Incurred,month,cumulative,Synthetic,Portfolio,Auto,2017-01,91,343807.4538323097
decreciente,Loss Incurred,month,cumulative,Synthetic,Portfolio,Auto,2017-01,92,343788.49201926106
decreciente,Loss Incurred,month,cumulative,Synthetic,Portfolio,Auto,2017-01,93,343770.70276637893
decreciente,Loss Incurred,month,cumulative,Synthetic,Portfolio,Auto,2017-01,94,343754.01356491406
decreciente,Loss Incurred,month,cumulative,Synthetic,Portfolio,Auto,2017-01,95,343738.35638991196
decreciente,Loss Incurred,month,cumulative,Synthetic,Portfolio,Auto,2017-01,96,343723.6674229435
decreciente,Loss Incurred,month,cumulative,Synthetic,Portfolio,Auto,2017-01,97,343709.8867919823
decreciente,Loss Incurred,month,cumulative,Synthetic,Portfolio,Auto,2017-01,98,343696.9583273667
decreciente,Loss Incurred,month,cumulative,Synthetic,Portfolio,Auto,2017-01,99,343684.82933285355
decreciente,Loss Incurred,month,cumulative,Synthetic,Portfolio,Auto,2017-01,100,343673.4503708288
decreciente,Loss Incurred,month,cumulative,Synthetic,Portfolio,Auto,2017-01,101,343662.77506080037
decreciente,Loss Incurred,month,cumulative,Synthetic,Portfolio,Auto,2017-01,102,343652.75989035197
decreciente,Loss Incurred,month,cumulative,Synthetic,Portfolio,Auto,2017-01,103,343643.3640377873
decreciente,Loss Incurred,month,cumulative,Synthetic,Portfolio,Auto,2017-01,104,343634.54920574103
decreciente,Loss Incurred,month,cumulative,Synthetic,Portfolio,Auto,2017-01,105,343626.2794650795
decreciente,Loss Incurred,month,cumulative,Synthetic,Portfolio,Auto,2017-01,106,343618.52110845386
decreciente,Loss Incurred,month,cumulative,Synthetic,Portfolio,Auto,2017-01,107,343611.24251290975
decreciente,Loss Incurred,month,cumulative,Synthetic,Portfolio,Auto,2017-02,0,511912.83702343615
decreciente,Loss Incurred,month,cumulative,Synthetic,Portfolio,Auto,2017-02,1,503579.0301321614
decreciente,Loss Incurred,month,cumulative,Synthetic,Portfolio,Auto,2017-02,2,495880.47289422224
decreciente,Loss Incurred,month,cumulative,Synthetic,Portfolio,Auto,2017-02,3,488768.7430066631
decreciente,Loss Incurred,month,cumulative,Synthetic,Portfolio,Auto,2017-02,4,482199.1091869187
decreciente,Loss Incurred,month,cumulative,Synthetic,Portfolio,Auto,2017-02,5,476130.249822472
decreciente,Loss Incurred,month,cumulative,Synthetic,Portfolio,Auto,2017-02,6,470523.9930666175
decreciente,Loss Incurred,month,cumulative,Synthetic,Portfolio,Auto,2017-02,7,465345.0767455882
decreciente,Loss Incurred,month,cumulative,Synthetic,Portfolio,Auto,2017-02,8,460560.9265669124
decreciente,Loss Incurred,month,cumulative,Synthetic,Portfolio,Auto,2017-02,9,456141.4512339774
decreciente,Loss Incurred,month,cumulative,Synthetic,Portfolio,Auto,2017-02,10,452058.8531781139
decreciente,Loss Incurred,month,cumulative,Synthetic,Portfolio,Auto,2017-02,11,448287.4537177458
decreciente,Loss Incurred,month,cumulative,Synthetic,Portfolio,Auto,2017-02,12,444803.53154489415
decreciente,Loss Incurred,month,cumulative,Synthetic,Portfolio,Auto,2017-02,13,441585.1735231473
decreciente,Loss Incurred,month,cumulative,Synthetic,Portfolio,Auto,2017-02,14,438612.13685864996
decreciente,Loss Incurred,month,cumulative,Synthetic,Portfolio,Auto,2017-02,15,435865.72177719587
decreciente,Loss Incurred,month,cumulative,Synthetic,Portfolio,Auto,2017-02,16,433328.6539065867
decreciente,Loss Incurred,month,cumulative,Synthetic,Portfolio,Auto,2017-02,17,430984.9756244717
decreciente,Loss Incurred,month,cumulative,Synthetic,Portfolio,Auto,2017-02,18,428819.94568826474
decreciente,Loss Incurred,month,cumulative,Synthetic,Portfolio,Auto,2017-02,19,426819.9465158347
decreciente,Loss Incurred,month,cumulative,Synthetic,Portfolio,Auto,2017-02,20,424972.39853378304
decreciente,Loss Incurred,month,cumulative,Synthetic,Portfolio,Auto,2017-02,21,423265.6810545773
decreciente,Loss Incurred,month,cumulative,Synthetic,Portfolio,Auto,2017-02,22,421689.05918487534
decreciente,Loss Incurred,month,cumulative,Synthetic,Portfolio,Auto,2017-02,23,420232.61630530783
decreciente,Loss Incurred,month,cumulative,Synthetic,Portfolio,Auto,2017-02,24,418887.19169703213
decreciente,Loss Incurred,month,cumulative,Synthetic,Portfolio,Auto,2017-02,25,417644.3229227403
decreciente,Loss Incurred,month,cumulative,Synthetic,Portfolio,Auto,2017-02,26,416496.1925997123
decreciente,Loss Incurred,month,cumulative,Synthetic,Portfolio,Auto,2017-02,27,415435.579230125
decreciente,Loss Incurred,month,cumulative,Synthetic,Portfolio,Auto,2017-02,28,414455.81177935284
decreciente,Loss Incurred,month,cumulative,Synthetic,Portfolio,Auto,2017-02,29,413550.72771656566
decreciente,Loss Incurred,month,cumulative,Synthetic,Portfolio,Auto,2017-02,30,412714.6342537079
decreciente,Loss Incurred,month,cumulative,Synthetic,Portfolio,Auto,2017-02,31,411942.27253906144
decreciente,Loss Incurred,month,cumulative,Synthetic,Portfolio,Auto,2017-02,32,411228.78458017635
decreciente,Loss Incurred,month,cumulative,Synthetic,Portfolio,Auto,2017-02,33,410569.68268812157
decreciente,Loss Incurred,month,cumulative,Synthetic,Portfolio,Auto,2017-02,34,409960.82125086786
decreciente,Loss Incurred,month,cumulative,Synthetic,Portfolio,Auto,2017-02,35,409398.37065826054
decreciente,Loss Incurred,month,cumulative,Synthetic,Portfolio,Auto,2017-02,36,408878.7932145795
decreciente,Loss Incurred,month,cumulative,Synthetic,Portfolio,Auto,2017-02,37,408398.8208871779
decreciente,Loss Incurred,month,cumulative,Synthetic,Portfolio,Auto,2017-02,38,407955.43475124566
decreciente,Loss Incurred,month,cumulative,Synthetic,Portfolio,Auto,2017-02,39,407545.8460014082
decreciente,Loss Incurred,month,cumulative,Synthetic,Portfolio,Auto,2017-02,40,407167.47841072886
decreciente,Loss Incurred,month,cumulative,Synthetic,Portfolio,Auto,2017-02,41,406817.9521267834
decreciente,Loss Incurred,month,cumulative,Synthetic,Portfolio,Auto,2017-02,42,406495.06870289025
decreciente,Loss Incurred,month,cumulative,Synthetic,Portfolio,Auto,2017-02,43,406196.7972703442
decreciente,Loss Incurred,month,cumulative,Synthetic,Portfolio,Auto,2017-02,44,405921.26176467974
decreciente,Loss Incurred,month,cumulative,Synthetic,Portfolio,Auto,2017-02,45,405666.7291256209
decreciente,Loss Incurred,month,cumulative,Synthetic,Portfolio,Auto,2017-02,46,405431.59839649766
decreciente,Loss Incurred,month,cumulative,Synthetic,Portfolio,Auto,2017-02,47,405214.3906545653
decreciente,Loss Incurred,month,cumulative,Synthetic,Portfolio,Auto,2017-02,48,405013.73970889236
decreciente,Loss Incurred,month,cumulative,Synthetic,Portfolio,Auto,2017-02,49,404828.3835073074
decreciente,Loss Incurred,month,cumulative,Synthetic,Portfolio,Auto,2017-02,50,404657.15619835653
decreciente,Loss Incurred,month,cumulative,Synthetic,Portfolio,Auto,2017-02,51,404498.9807983438
decreciente,Loss Incurred,month,cumulative,Synthetic,Portfolio,Auto,2017-02,52,404352.86241733027
decreciente,Loss Incurred,month,cumulative,Synthetic,Portfolio,Auto,2017-02,53,404217.8820014864
decreciente,Loss Incurred,month,cumulative,Synthetic,Portfolio,Auto,2017-02,54,404093.1905524364
decreciente,Loss Incurred,month,cumulative,Synthetic,Portfolio,Auto,2017-02,55,403978.0037872382
decreciente,Loss Incurred,month,cumulative,Synthetic,Portfolio,Auto,2017-02,56,403871.59720540827
decreciente,Loss Incurred,month,cumulative,Synthetic,Portfolio,Auto,2017-02,57,403773.3015319665
decreciente,Loss Incurred,month,cumulative,Synthetic,Portfolio,Auto,2017-02,58,403682.49850783765
decreciente,Loss Incurred,month,cumulative,Synthetic,Portfolio,Auto,2017-02,59,403598.61700113205
decreciente,Loss Incurred,month,cumulative,Synthetic,Portfolio,Auto,2017-02,60,403521.12941484625
decreciente,Loss Incurred,month,cumulative,Synthetic,Portfolio,Auto,2017-02,61,403449.54836838885
decreciente,Loss Incurred,month,cumulative,Synthetic,Portfolio,Auto,2017-02,62,403383.42363205954
decreciente,Loss Incurred,month,cumulative,Synthetic,Portfolio,Auto,2017-02,63,403322.33929519943
decreciente,Loss Incurred,month,cumulative,Synthetic,Portfolio,Auto,2017-02,64,403265.9111501999
decreciente,Loss Incurred,month,cumulative,Synthetic,Portfolio,Auto,2017-02,65,403213.78427591803
decreciente,Loss Incurred,month,cumulative,Synthetic,Portfolio,Auto,2017-02,66,403165.63080529793
decreciente,Loss Incurred,month,cumulative,Synthetic,Portfolio,Auto,2017-02,67,403121.14786315506
decreciente,Loss Incurred,month,cumulative,Synthetic,Portfolio,Auto,2017-02,68,403080.0556611557
decreciente,Loss Incurred,month,cumulative,Synthetic,Portfolio,Auto,2017-02,69,403042.09573800757
decreciente,Loss Incurred,month,cumulative,Synthetic,Portfolio,Auto,2017-02,70,403007.029333792
decreciente,Loss Incurred,month,cumulative,Synthetic,Portfolio,Auto,2017-02,71,402974.635888215
decreciente,Loss Incurred,month,cumulative,Synthetic,Portfolio,Auto,2017-02,72,402944.71165332897
decreciente,Loss Incurred,month,cumulative,Synthetic,Portfolio,Auto,2017-02,73,402917.06841200165
decreciente,Loss Incurred,month,cumulative,Synthetic,Portfolio,Auto,2017-02,74,402891.53229406924
decreciente,Loss Incurred,month,cumulative,Synthetic,Portfolio,Auto,2017-02,75,402867.94268273056
decreciente,Loss Incurred,month,cumulative,Synthetic,Portfolio,Auto,2017-02,76,402846.1512043005
decreciente,Loss Incurred,month,cumulative,Synthetic,Portfolio,Auto,2017-02,77,402826.0207949711
decreciente,Loss Incurred,month,cumulative,Synthetic,Portfolio,Auto,2017-02,78,402807.4248387092
decreciente,Loss Incurred,month,cumulative,Synthetic,Portfolio,Auto,2017-02,79,402790.246370868
decreciente,Loss Incurred,month,cumulative,Synthetic,Portfolio,Auto,2017-02,80,402774.3773425042
decreciente,Loss Incurred,month,cumulative,Synthetic,Portfolio,Auto,2017-02,81,402759.7179407731
decreciente,Loss Incurred,month,cumulative,Synthetic,Portfolio,Auto,2017-02,82,402746.17596112646
decreciente,Loss Incurred,month,cumulative,Synthetic,Portfolio,Auto,2017-02,83,402733.66622736555
decreciente,Loss Incurred,month,cumulative,Synthetic,Portfolio,Auto,2017-02,84,402722.1100559007
decreciente,Loss Incurred,month,cumulative,Synthetic,Portfolio,Auto,2017-02,85,402711.4347608484
decreciente,Loss Incurred,month,cumulative,Synthetic,Portfolio,Auto,2017-02,86,402701.57319685206
decreciente,Loss Incurred,month,cumulative,Synthetic,Portfolio,Auto,2017-02,87,402692.46333675185
decreciente,Loss Incurred,month,cumulative,Synthetic,Portfolio,Auto,2017-02,88,402684.0478814472
decreciente,Loss Incurred,month,cumulative,Synthetic,Portfolio,Auto,2017-02,89,402676.27389949735
decreciente,Loss Incurred,month,cumulative,Synthetic,Portfolio,Auto,2017-02,90,402669.0924941938
decreciente,Loss Incurred,month,cumulative,Synthetic,Portfolio,Auto,2017-02,91,402662.45849601034
decreciente,Loss Incurred,month,cumulative,Synthetic,Portfolio,Auto,2017-02,92,402656.33017849614
decreciente,Loss Incurred,month,cumulative,Synthetic,Portfolio,Auto,2017-02,93,402650.6689958252
decreciente,Loss Incurred,month,cumulative,Synthetic,Portfolio,Auto,2017-02,94,402645.4393403515
decreciente,Loss Incurred,month,cumulative,Synthetic,Portfolio,Auto,2017-02,95,402640.6083186438
decreciente,Loss Incurred,month,cumulative,Synthetic,Portfolio,Auto,2017-02,96,402636.1455445935
decreciente,Loss Incurred,month,cumulative,Synthetic,Portfolio,Auto,2017-02,97,402632.0229482922
decreciente,Loss Incurred,month,cumulative,Synthetic,Portfolio,Auto,2017-02,98,402628.21459947765
decreciente,Loss Incurred,month,cumulative,Synthetic,Portfolio,Auto,2017-02,99,402624.6965444383
decreciente,Loss Incurred,month,cumulative,Synthetic,Portfolio,Auto,2017-02,100,402621.44665534934
decreciente,Loss Incurred,month,cumulative,Synthetic,Portfolio,Auto,2017-02,101,402618.4444910929
decreciente,Loss Incurred,month,cumulative,Synthetic,Portfolio,Auto,2017-02,102,402615.6711686884
decreciente,Loss Incurred,month,cumulative,Synthetic,Portfolio,Auto,2017-02,103,402613.1092445223
decreciente,Loss Incurred,month,cumulative,Synthetic,Portfolio,Auto,2017-02,104,402610.7426046314
decreciente,Loss Incurred,month,cumulative,Synthetic,Portfolio,Auto,2017-02,105,402608.5563633495
decreciente,Loss Incurred,month,cumulative,Synthetic,Portfolio,Auto,2017-02,106,402606.53676967946
decreciente,Loss Incurred,month,cumulative,Synthetic,Portfolio,Auto,2017-03,0,586910.3238758859
decreciente,Loss Incurred,month,cumulative,Synthetic,Portfolio,Auto,2017-03,1,578627.565923184
decreciente,Loss Incurred,month,cumulative,Synthetic,Portfolio,Auto,2017-03,2,570892.2720248871
decreciente,Loss Incurred,month,cumulative,Synthetic,Portfolio,Auto,2017-03,3,563668.2565417946
decreciente,Loss Incurred,month,cumulative,Synthetic,Portfolio,Auto,2017-03,4,556921.7255907919
decreciente,Loss Incurred,month,cumulative,Synthetic,Portfolio,Auto,2017-03,5,550621.1189573533
decreciente,Loss Incurred,month,cumulative,Synthetic,Portfolio,Auto,2017-03,6,544736.9624571252
decreciente,Loss Incurred,month,cumulative,Synthetic,Portfolio,Auto,2017-03,7,539241.7300559431
decreciente,Loss Incurred,month,cumulative,Synthetic,Portfolio,Auto,2017-03,8,534109.7151032763
decreciente,Loss Incurred,month,cumulative,Synthetic,Portfolio,Auto,2017-03,9,529316.9100767352
decreciente,Loss Incurred,month,cumulative,Synthetic,Portfolio,Auto,2017-03,10,524840.8942750862
decreciente,Loss Incurred,month,cumulative,Synthetic,Portfolio,Auto,2017-03,11,520660.7289344003
decreciente,Loss Incurred,month,cumulative,Synthetic,Portfolio,Auto,2017-03,12,516756.8592766939
decreciente,Loss Incurred,month,cumulative,Synthetic,Portfolio,Auto,2017-03,13,513111.02303284337
decreciente,Loss Incurred,month,cumulative,Synthetic,Portfolio,Auto,2017-03,14,509706.1650118449
decreciente,Loss Incurred,month,cumulative,Synthetic,Portfolio,Auto,2017-03,15,506526.3573167757
decreciente,Loss Incurred,month,cumulative,Synthetic,Portfolio,Auto,2017-03,16,503556.7248342279
decreciente,Loss Incurred,month,cumulative,Synthetic,Portfolio,Auto,2017-03,17,500783.3756486535
decreciente,Loss Incurred,month,cumulative,Synthetic,Portfolio,Auto,2017-03,18,498193.3360561019
decreciente,Loss Incurred,month,cumulative,Synthetic,Portfolio,Auto,2017-03,19,495774.4898733426
decreciente,Loss Incurred,month,cumulative,Synthetic,Portfolio,Auto,2017-03,20,493515.5217584634
decreciente,Loss Incurred,month,cumulative,Synthetic,Portfolio,Auto,2017-03,21,491405.86427779635
decreciente,Loss Incurred,month,cumulative,Synthetic,Portfolio,Auto,2017-03,22,489435.6484715532
decreciente,Loss Incurred,month,cumulative,Synthetic,Portfolio,Auto,2017-03,23,487595.657686915
decreciente,Loss Incurred,month,cumulative,Synthetic,Portfolio,Auto,2017-03,24,485877.28446260846
decreciente,Loss Incurred,month,cumulative,Synthetic,Portfolio,Auto,2017-03,25,484272.4902632756
decreciente,Loss Incurred,month,cumulative,Synthetic,Portfolio,Auto,2017-03,26,482773.76787527296
decreciente,Loss Incurred,month,cumulative,Synthetic,Portfolio,Auto,2017-03,27,481374.1062879902
decreciente,Loss Incurred,month,cumulative,Synthetic,Portfolio,Auto,2017-03,28,480066.957896402
decreciente,Loss Incurred,month,cumulative,Synthetic,Portfolio,Auto,2017-03,29,478846.2078714273
decreciente,Loss Incurred,month,cumulative,Synthetic,Portfolio,Auto,2017-03,30,477706.14555481053
decreciente,Loss Incurred,month,cumulative,Synthetic,Portfolio,Auto,2017-03,31,476641.4377447114
decreciente,Loss Incurred,month,cumulative,Synthetic,Portfolio,Auto,2017-03,32,475647.1037470309
decreciente,Loss Incurred,month,cumulative,Synthetic,Portfolio,Auto,2017-03,33,474718.49207576783
decreciente,Loss Incurred,month,cumulative,Synthetic,Portfolio,Auto,2017-03,34,473851.2586934057
decreciente,Loss Incurred,month,cumulative,Synthetic,Portfolio,Auto,2017-03,35,473041.34668954276
decreciente,Loss Incurred,month,cumulative,Synthetic,Portfolio,Auto,2017-03,36,472284.96730269905
decreciente,Loss Incurred,month,cumulative,Synthetic,Portfolio,Auto,2017-03,37,471578.5821965232
decreciente,Loss Incurred,month,cumulative,Synthetic,Portfolio,Auto,2017-03,38,470918.88690748386
decreciente,Loss Incurred,month,cumulative,Synthetic,Portfolio,Auto,2017-03,39,470302.7953866183
decreciente,Loss Incurred,month,cumulative,Synthetic,Portfolio,Auto,2017-03,40,469727.4255630213
decreciente,Loss Incurred,month,cumulative,Synthetic,Portfolio,Auto,2017-03,41,469190.08586154145
decreciente,Loss Incurred,month,cumulative,Synthetic,Portfolio,Auto,2017-03,42,468688.2626116162
decreciente,Loss Incurred,month,cumulative,Synthetic,Portfolio,Auto,2017-03,43,468219.6082883416
decreciente,Loss Incurred,month,cumulative,Synthetic,Portfolio,Auto,2017-03,44,467781.9305307714
decreciente,Loss Incurred,month,cumulative,Synthetic,Portfolio,Auto,2017-03,45,467373.1818860703
decreciente,Loss Incurred,month,cumulative,Synthetic,Portfolio,Auto,2017-03,46,466991.450231548
decreciente,Loss Incurred,month,cumulative,Synthetic,Portfolio,Auto,2017-03,47,466634.9498297645
decreciente,Loss Incurred,month,cumulative,Synthetic,Portfolio,Auto,2017-03,48,466302.0129748663
decreciente,Loss Incurred,month,cumulative,Synthetic,Portfolio,Auto,2017-03,49,465991.08219107194
decreciente,Loss Incurred,month,cumulative,Synthetic,Portfolio,Auto,2017-03,50,465700.702946814
decreciente,Loss Incurred,month,cumulative,Synthetic,Portfolio,Auto,2017-03,51,465429.5168504525
decreciente,Loss Incurred,month,cumulative,Synthetic,Portfolio,Auto,2017-03,52,465176.2552957304
decreciente,Loss Incurred,month,cumulative,Synthetic,Portfolio,Auto,2017-03,53,464939.7335272444
decreciente,Loss Incurred,month,cumulative,Synthetic,Portfolio,Auto,2017-03,54,464718.845098169
decreciente,Loss Incurred,month,cumulative,Synthetic,Portfolio,Auto,2017-03,55,464512.5566943077
decreciente,Loss Incurred,month,cumulative,Synthetic,Portfolio,Auto,2017-03,56,464319.90330025845
decreciente,Loss Incurred,month,cumulative,Synthetic,Portfolio,Auto,2017-03,57,464139.98368507886
decreciente,Loss Incurred,month,cumulative,Synthetic,Portfolio,Auto,2017-03,58,463971.95618633623
decreciente,Loss Incurred,month,cumulative,Synthetic,Portfolio,Auto,2017-03,59,463815.0347728178
decreciente,Loss Incurred,month,cumulative,Synthetic,Portfolio,Auto,2017-03,60,463668.4853674829
decreciente,Loss Incurred,month,cumulative,Synthetic,Portfolio,Auto,2017-03,61,463531.6224134572
decreciente,Loss Incurred,month,cumulative,Synthetic,Portfolio,Auto,2017-03,62,463403.8056670036
decreciente,Loss Incurred,month,cumulative,Synthetic,Portfolio,Auto,2017-03,63,463284.4372024669
decreciente,Loss Incurred,month,cumulative,Synthetic,Portfolio,Auto,2017-03,64,463172.95861518325
decreciente,Loss Incurred,month,cumulative,Synthetic,Portfolio,Auto,2017-03,65,463068.8484092675
decreciente,Loss Incurred,month,cumulative,Synthetic,Portfolio,Auto,2017-03,66,462971.61955806
decreciente,Loss Incurred,month,cumulative,Synthetic,Portfolio,Auto,2017-03,67,462880.81722582015
decreciente,Loss Incurred,month,cumulative,Synthetic,Portfolio,Auto,2017-03,68,462796.0166400084
decreciente,Loss Incurred,month,cumulative,Synthetic,Portfolio,Auto,2017-03,69,462716.82110420417
decreciente,Loss Incurred,month,cumulative,Synthetic,Portfolio,Auto,2017-03,70,462642.86014236306
decreciente,Loss Incurred,month,cumulative,Synthetic,Portfolio,Auto,2017-03,71,462573.7877657334
decreciente,Loss Incurred,month,cumulative,Synthetic,Portfolio,Auto,2017-03,72,462509.28085432336
decreciente,Loss Incurred,month,cumulative,Synthetic,Portfolio,Auto,2017-03,73,462449.0376453492
decreciente,Loss Incurred,month,cumulative,Synthetic,Portfolio,Auto,2017-03,74,462392.7763215905
decreciente,Loss Incurred,month,cumulative,Synthetic,Portfolio,Auto,2017-03,75,462340.2336930523
decreciente,Loss Incurred,month,cumulative,Synthetic,Portfolio,Auto,2017-03,76,462291.1639657643
decreciente,Loss Incurred,month,cumulative,Synthetic,Portfolio,Auto,2017-03,77,462245.33759195864
decreciente,Loss Incurred,month,cumulative,Synthetic,Portfolio,Auto,2017-03,78,462202.5401962477
decreciente,Loss Incurred,month,cumulative,Synthetic,Portfolio,Auto,2017-03,79,462162.57157277747
decreciente,Loss Incurred,month,cumulative,Synthetic,Portfolio,Auto,2017-03,80,462125.2447486668
decreciente,Loss Incurred,month,cumulative,Synthetic,Portfolio,Auto,2017-03,81,462090.38510934915
decreciente,Loss Incurred,month,cumulative,Synthetic,Portfolio,Auto,2017-03,82,462057.82958172774
decreciente,Loss Incurred,month,cumulative,Synthetic,Portfolio,Auto,2017-03,83,462027.4258713207
decreciente,Loss Incurred,month,cumulative,Synthetic,Portfolio,Auto,2017-03,84,461999.0317498288
decreciente,Loss Incurred,month,cumulative,Synthetic,Portfolio,Auto,2017-03,85,461972.51438979263
decreciente,Loss Incurred,month,cumulative,Synthetic,Portfolio,Auto,2017-03,86,461947.7497432271
decreciente,Loss Incurred,month,cumulative,Synthetic,Portfolio,Auto,2017-03,87,461924.62196132576
decreciente,Loss Incurred,month,cumulative,Synthetic,Portfolio,Auto,2017-03,88,461903.0228525212
decreciente,Loss Incurred,month,cumulative,Synthetic,Portfolio,Auto,2017-03,89,461882.8513763656
decreciente,Loss Incurred,month,cumulative,Synthetic,Portfolio,Auto,2017-03,90,461864.0131708649
decreciente,Loss Incurred,month,cumulative,Synthetic,Portfolio,Auto,2017-03,91,461846.4201110536
decreciente,Loss Incurred,month,cumulative,Synthetic,Portfolio,Auto,2017-03,92,461829.9898967472
decreciente,Loss Incurred,month,cumulative,Synthetic,Portfolio,Auto,2017-03,93,461814.6456675428
decreciente,Loss Incurred,month,cumulative,Synthetic,Portfolio,Auto,2017-03,94,461800.3156432661
decreciente,Loss Incurred,month,cumulative,Synthetic,Portfolio,Auto,2017-03,95,461786.9327881854
decreciente,Loss Incurred,month,cumulative,Synthetic,Portfolio,Auto,2017-03,96,461774.43449741823
decreciente,Loss Incurred,month,cumulative,Synthetic,Portfolio,Auto,2017-03,97,461762.7623040663
decreciente,Loss Incurred,month,cumulative,Synthetic,Portfolio,Auto,2017-03,98,461751.86160570825
decreciente,Loss Incurred,month,cumulative,Synthetic,Portfolio,Auto,2017-03,99,461741.6814089698
decreciente,Loss Incurred,month,cumulative,Synthetic,Portfolio,Auto,2017-03,100,461732.1740909768
decreciente,Loss Incurred,month,cumulative,Synthetic,Portfolio,Auto,2017-03,101,461723.2951765766
decreciente,Loss Incurred,month,cumulative,Synthetic,Portfolio,Auto,2017-03,102,461715.003130283
decreciente,Loss Incurred,month,cumulative,Synthetic,Portfolio,Auto,2017-03,103,461707.2591619735
decreciente,Loss Incurred,month,cumulative,Synthetic,Portfolio,Auto,2017-03,104,461700.0270454304
decreciente,Loss Incurred,month,cumulative,Synthetic,Portfolio,Auto,2017-03,105,461693.2729488738
decreciente,Loss Incurred,month,cumulative,Synthetic,Portfolio,Auto,2017-04,0,583889.5952358542
decreciente,Loss Incurred,month,cumulative,Synthetic,Portfolio,Auto,2017-04,1,574843.5613631114
decreciente,Loss Incurred,month,cumulative,Synthetic,Portfolio,Auto,2017-04,2,566381.7479591856
decreciente,Loss Incurred,month,cumulative,Synthetic,Portfolio,Auto,2017-04,3,558466.4242836235
decreciente,Loss Incurred,month,cumulative,Synthetic,Portfolio,Auto,2017-04,4,551062.2963623145
decreciente,Loss Incurred,month,cumulative,Synthetic,Portfolio,Auto,2017-04,5,544136.3496136853
decreciente,Loss Incurred,month,cumulative,Synthetic,Portfolio,Auto,2017-04,6,537657.7016385747
decreciente,Loss Incurred,month,cumulative,Synthetic,Portfolio,Auto,2017-04,7,531597.464517388
decreciente,Loss Incurred,month,cumulative,Synthetic,Portfolio,Auto,2017-04,8,525928.6160005212
decreciente,Loss Incurred,month,cumulative,Synthetic,Portfolio,Auto,2017-04,9,520625.8790176998
decreciente,Loss Incurred,month,cumulative,Synthetic,Portfolio,Auto,2017-04,10,515665.60896897333
decreciente,Loss Incurred,month,cumulative,Synthetic,Portfolio,Auto,2017-04,11,511025.6882948008
decreciente,Loss Incurred,month,cumulative,Synthetic,Portfolio,Auto,2017-04,12,506685.42785512144
decreciente,Loss Incurred,month,cumulative,Synthetic,Portfolio,Auto,2017-04,13,502625.4746776664
decreciente,Loss Incurred,month,cumulative,Synthetic,Portfolio,Auto,2017-04,14,498827.725664166
decreciente,Loss Incurred,month,cumulative,Synthetic,Portfolio,Auto,2017-04,15,495275.2468696731
decreciente,Loss Incurred,month,cumulative,Synthetic,Portfolio,Auto,2017-04,16,491952.1979950742
decreciente,Loss Incurred,month,cumulative,Synthetic,Portfolio,Auto,2017-04,17,488843.7617561044
decreciente,Loss Incurred,month,cumulative,Synthetic,Portfolio,Auto,2017-04,18,485936.07781392755
decreciente,Loss Incurred,month,cumulative,Synthetic,Portfolio,Auto,2017-04,19,483216.1809726799
decreciente,Loss Incurred,month,cumulative,Synthetic,Portfolio,Auto,2017-04,20,480671.9433684063
decreciente,Loss Incurred,month,cumulative,Synthetic,Portfolio,Auto,2017-04,21,478292.0203916105
decreciente,Loss Incurred,month,cumulative,Synthetic,Portfolio,Auto,2017-04,22,476065.8001022921
decreciente,Loss Incurred,month,cumulative,Synthetic,Portfolio,Auto,2017-04,23,473983.3559119152
decreciente,Loss Incurred,month,cumulative,Synthetic,Portfolio,Auto,2017-04,24,472035.40232131956
decreciente,Loss Incurred,month,cumulative,Synthetic,Portfolio,Auto,2017-04,25,470213.25351721287
decreciente,Loss Incurred,month,cumulative,Synthetic,Portfolio,Auto,2017-04,26,468508.78464262723
decreciente,Loss Incurred,month,cumulative,Synthetic,Portfolio,Auto,2017-04,27,466914.3955686484
decreciente,Loss Incurred,month,cumulative,Synthetic,Portfolio,Auto,2017-04,28,465422.9770058772
decreciente,Loss Incurred,month,cumulative,Synthetic,Portfolio,Auto,2017-04,29,464027.87880451535
decreciente,Loss Incurred,month,cumulative,Synthetic,Portfolio,Auto,2017-04,30,462722.8803017299
decreciente,Loss Incurred,month,cumulative,Synthetic,Portfolio,Auto,2017-04,31,461502.16258407396
decreciente,Loss Incurred,month,cumulative,Synthetic,Portfolio,Auto,2017-04,32,460360.28254128573
decreciente,Loss Incurred,month,cumulative,Synthetic,Portfolio,Auto,2017-04,33,459292.1485957724
decreciente,Loss Incurred,month,cumulative,Synthetic,Portfolio,Auto,2017-04,34,458292.99799955724
decreciente,Loss Incurred,month,cumulative,Synthetic,Portfolio,Auto,2017-04,35,457358.3755974603
decreciente,Loss Incurred,month,cumulative,Synthetic,Portfolio,Auto,2017-04,36,456484.1139618165
decreciente,Loss Incurred,month,cumulative,Synthetic,Portfolio,Auto,2017-04,37,455666.3148101551
decreciente,Loss Incurred,month,cumulative,Synthetic,Portfolio,Auto,2017-04,38,454901.331622982
decreciente,Loss Incurred,month,cumulative,Synthetic,Portfolio,Auto,2017-04,39,454185.75338415796
decreciente,Loss Incurred,month,cumulative,Synthetic,Portfolio,Auto,2017-04,40,453516.38937137404
decreciente,Loss Incurred,month,cumulative,Synthetic,Portfolio,Auto,2017-04,41,452890.2549289033
decreciente,Loss Incurred,month,cumulative,Synthetic,Portfolio,Auto,2017-04,42,452304.55815919273
decreciente,Loss Incurred,month,cumulative,Synthetic,Portfolio,Auto,2017-04,43,451756.6874739518
decreciente,Loss Incurred,month,cumulative,Synthetic,Portfolio,Auto,2017-04,44,451244.1999492301
decreciente,Loss Incurred,month,cumulative,Synthetic,Portfolio,Auto,2017-04,45,450764.8104325601
decreciente,Loss Incurred,month,cumulative,Synthetic,Portfolio,Auto,2017-04,46,450316.38135359297
decreciente,Loss Incurred,month,cumulative,Synthetic,Portfolio,Auto,2017-04,47,449896.9131927951
decreciente,Loss Incurred,month,cumulative,Synthetic,Portfolio,Auto,2017-04,48,449504.53556570545
decreciente,Loss Incurred,month,cumulative,Synthetic,Portfolio,Auto,2017-04,49,449137.4988829984
decreciente,Loss Incurred,month,cumulative,Synthetic,Portfolio,Auto,2017-04,50,448794.1665491652
decreciente,Loss Incurred,month,cumulative,Synthetic,Portfolio,Auto,2017-04,51,448473.0076650287
decreciente,Loss Incurred,month,cumulative,Synthetic,Portfolio,Auto,2017-04,52,448172.5902015517
decreciente,Loss Incurred,month,cumulative,Synthetic,Portfolio,Auto,2017-04,53,447891.5746145017
decreciente,Loss Incurred,month,cumulative,Synthetic,Portfolio,Auto,2017-04,54,447628.7078714999
decreciente,Loss Incurred,month,cumulative,Synthetic,Portfolio,Auto,2017-04,55,447382.8178648219
decreciente,Loss Incurred,month,cumulative,Synthetic,Portfolio,Auto,2017-04,56,447152.80818503624
decreciente,Loss Incurred,month,cumulative,Synthetic,Portfolio,Auto,2017-04,57,446937.65323217807
decreciente,Loss Incurred,month,cumulative,Synthetic,Portfolio,Auto,2017-04,58,446736.3936426577
decreciente,Loss Incurred,month,cumulative,Synthetic,Portfolio,Auto,2017-04,59,446548.13201151305
decreciente,Loss Incurred,month,cumulative,Synthetic,Portfolio,Auto,2017-04,60,446372.02889093274
decreciente,Loss Incurred,month,cumulative,Synthetic,Portfolio,Auto,2017-04,61,446207.2990472065
decreciente,Loss Incurred,month,cumulative,Synthetic,Portfolio,Auto,2017-04,62,446053.2079594129
decreciente,Loss Incurred,month,cumulative,Synthetic,Portfolio,Auto,2017-04,63,445909.06854423264
decreciente,Loss Incurred,month,cumulative,Synthetic,Portfolio,Auto,2017-04,64,445774.2380922837
decreciente,Loss Incurred,month,cumulative,Synthetic,Portfolio,Auto,2017-04,65,445648.1154023174
decreciente,Loss Incurred,month,cumulative,Synthetic,Portfolio,Auto,2017-04,66,445530.1381004952
decreciente,Loss Incurred,month,cumulative,Synthetic,Portfolio,Auto,2017-04,67,445419.7801327979
decreciente,Loss Incurred,month,cumulative,Synthetic,Portfolio,Auto,2017-04,68,445316.5494193794
decreciente,Loss Incurred,month,cumulative,Synthetic,Portfolio,Auto,2017-04,69,445219.98566041165
decreciente,Loss Incurred,month,cumulative,Synthetic,Portfolio,Auto,2017-04,70,445129.65828363405
decreciente,Loss Incurred,month,cumulative,Synthetic,Portfolio,Auto,2017-04,71,445045.16452445614
decreciente,Loss Incurred,month,cumulative,Synthetic,Portfolio,Auto,2017-04,72,444966.1276300539
decreciente,Loss Incurred,month,cumulative,Synthetic,Portfolio,Auto,2017-04,73,444892.19517944986
decreciente,Loss Incurred,month,cumulative,Synthetic,Portfolio,Auto,2017-04,74,444823.0375120892
decreciente,Loss Incurred,month,cumulative,Synthetic,Portfolio,Auto,2017-04,75,444758.3462579009
decreciente,Loss Incurred,month,cumulative,Synthetic,Portfolio,Auto,2017-04,76,444697.8329622944
decreciente,Loss Incurred,month,cumulative,Synthetic,Portfolio,Auto,2017-04,77,444641.2277999567
decreciente,Loss Incurred,month,cumulative,Synthetic,Portfolio,Auto,2017-04,78,444588.2783717169
decreciente,Loss Incurred,month,cumulative,Synthetic,Portfolio,Auto,2017-04,79,444538.74857911235
decreciente,Loss Incurred,month,cumulative,Synthetic,Portfolio,Auto,2017-04,80,444492.4175716399
decreciente,Loss Incurred,month,cumulative,Synthetic,Portfolio,Auto,2017-04,81,444449.0787619955
decreciente,Loss Incurred,month,cumulative,Synthetic,Portfolio,Auto,2017-04,82,444408.53890491347
decreciente,Loss Incurred,month,cumulative,Synthetic,Portfolio,Auto,2017-04,83,444370.61723549734
decreciente,Loss Incurred,month,cumulative,Synthetic,Portfolio,Auto,2017-04,84,444335.14466319897
decreciente,Loss Incurred,month,cumulative,Synthetic,Portfolio,Auto,2017-04,85,444301.9630178536
decreciente,Loss Incurred,month,cumulative,Synthetic,Portfolio,Auto,2017-04,86,444270.92434440885
decreciente,Loss Incurred,month,cumulative,Synthetic,Portfolio,Auto,2017-04,87,444241.8902432005
decreciente,Loss Incurred,month,cumulative,Synthetic,Portfolio,Auto,2017-04,88,444214.7312528372
decreciente,Loss Incurred,month,cumulative,Synthetic,Portfolio,Auto,2017-04,89,444189.3262729393
decreciente,Loss Incurred,month,cumulative,Synthetic,Portfolio,Auto,2017-04,90,444165.562024159
decreciente,Loss Incurred,month,cumulative,Synthetic,Portfolio,Auto,2017-04,91,444143.33254307456
decreciente,Loss Incurred,month,cumulative,Synthetic,Portfolio,Auto,2017-04,92,444122.5387097053
decreciente,Loss Incurred,month,cumulative,Synthetic,Portfolio,Auto,2017-04,93,444103.0878055413
decreciente,Loss Incurred,month,cumulative,Synthetic,Portfolio,Auto,2017-04,94,444084.89310011687
decreciente,Loss Incurred,month,cumulative,Synthetic,Portfolio,Auto,2017-04,95,444067.87346428464
decreciente,Loss Incurred,month,cumulative,Synthetic,Portfolio,Auto,2017-04,96,444051.9530084649
decreciente,Loss Incurred,month,cumulative,Synthetic,Portfolio,Auto,2017-04,97,444037.06074425846
decreciente,Loss Incurred,month,cumulative,Synthetic,Portfolio,Auto,2017-04,98,444023.1302679139
decreciente,Loss Incurred,month,cumulative,Synthetic,Portfolio,Auto,2017-04,99,444010.09946423647
decreciente,Loss Incurred,month,cumulative,Synthetic,Portfolio,Auto,2017-04,100,443997.9102296202
decreciente,Loss Incurred,month,cumulative,Synthetic,Portfolio,Auto,2017-04,101,443986.5082129672
decreciente,Loss Incurred,month,cumulative,Synthetic,Portfolio,Auto,2017-04,102,443975.8425733397
decreciente,Loss Incurred,month,cumulative,Synthetic,Portfolio,Auto,2017-04,103,443965.86575326236
decreciente,Loss Incurred,month,cumulative,Synthetic,Portfolio,Auto,2017-04,104,443956.533266667
decreciente,Loss Incurred,month,cumulative,Synthetic,Portfolio,Auto,2017-05,0,457273.5359681997
decreciente,Loss Incurred,month,cumulative,Synthetic,Portfolio,Auto,2017-05,1,450496.628181201
decreciente,Loss Incurred,month,cumulative,Synthetic,Portfolio,Auto,2017-05,2,444220.0708235242
decreciente,Loss Incurred,month,cumulative,Synthetic,Portfolio,Auto,2017-05,3,438406.922186651
decreciente,Loss Incurred,month,cumulative,Synthetic,Portfolio,Auto,2017-05,4,433022.96803014993
decreciente,Loss Incurred,month,cumulative,Synthetic,Portfolio,Auto,2017-05,5,428036.52020814904
decreciente,Loss Incurred,month,cumulative,Synthetic,Portfolio,Auto,2017-05,6,423418.23016355146
decreciente,Loss Incurred,month,cumulative,Synthetic,Portfolio,Auto,2017-05,7,419140.91619228653
decreciente,Loss Incurred,month,cumulative,Synthetic,Portfolio,Auto,2017-05,8,415179.40346092806
decreciente,Loss Incurred,month,cumulative,Synthetic,Portfolio,Auto,2017-05,9,411510.37583608134
decreciente,Loss Incurred,month,cumulative,Synthetic,Portfolio,Auto,2017-05,10,408112.2386534517
decreciente,Loss Incurred,month,cumulative,Synthetic,Portfolio,Auto,2017-05,11,404964.991618905
decreciente,Loss Incurred,month,cumulative,Synthetic,Portfolio,Auto,2017-05,12,402050.1110934524
decreciente,Loss Incurred,month,cumulative,Synthetic,Portfolio,Auto,2017-05,13,399350.44106933346
decreciente,Loss Incurred,month,cumulative,Synthetic,Portfolio,Auto,2017-05,14,396850.0921955165
decreciente,Loss Incurred,month,cumulative,Synthetic,Portfolio,Auto,2017-05,15,394534.3482583153
decreciente,Loss Incurred,month,cumulative,Synthetic,Portfolio,Auto,2017-05,16,392389.57956669736
decreciente,Loss Incurred,month,cumulative,Synthetic,Portfolio,Auto,2017-05,17,390403.1627325012
decreciente,Loss Incurred,month,cumulative,Synthetic,Portfolio,Auto,2017-05,18,388563.40637341276
decreciente,Loss Incurred,month,cumulative,Synthetic,Portfolio,Auto,2017-05,19,386859.4823014161
decreciente,Loss Incurred,month,cumulative,Synthetic,Portfolio,Auto,2017-05,20,385281.3617917152
decreciente,Loss Incurred,month,cumulative,Synthetic,Portfolio,Auto,2017-05,21,383819.75655702903
decreciente,Loss Incurred,month,cumulative,Synthetic,Portfolio,Auto,2017-05,22,382466.064079851
decreciente,Loss Incurred,month,cumulative,Synthetic,Portfolio,Auto,2017-05,23,381212.3169809215
decreciente,Loss Incurred,month,cumulative,Synthetic,Portfolio,Auto,2017-05,24,380051.1361259083
decreciente,Loss Incurred,month,cumulative,Synthetic,Portfolio,Auto,2017-05,25,378975.68719430134
decreciente,Loss Incurred,month,cumulative,Synthetic,Portfolio,Auto,2017-05,26,377979.64045489713
decreciente,Loss Incurred,month,cumulative,Synthetic,Portfolio,Auto,2017-05,27,377057.13351112686
decreciente,Loss Incurred,month,cumulative,Synthetic,Portfolio,Auto,2017-05,28,376202.7367969591
decreciente,Loss Incurred,month,cumulative,Synthetic,Portfolio,Auto,2017-05,29,375411.42162029806
decreciente,Loss Incurred,month,cumulative,Synthetic,Portfolio,Auto,2017-05,30,374678.53056579066
decreciente,Loss Incurred,month,cumulative,Synthetic,Portfolio,Auto,2017-05,31,373999.75008284394
decreciente,Loss Incurred,month,cumulative,Synthetic,Portfolio,Auto,2017-05,32,373371.0850975154
decreciente,Loss Incurred,month,cumulative,Synthetic,Portfolio,Auto,2017-05,33,372788.83549884916
decreciente,Loss Incurred,month,cumulative,Synthetic,Portfolio,Auto,2017-05,34,372249.5743612661
decreciente,Loss Incurred,month,cumulative,Synthetic,Portfolio,Auto,2017-05,35,371750.1277748303
decreciente,Loss Incurred,month,cumulative,Synthetic,Portfolio,Auto,2017-05,36,371287.55616468185
decreciente,Loss Incurred,month,cumulative,Synthetic,Portfolio,Auto,2017-05,37,370859.1369896859
decreciente,Loss Incurred,month,cumulative,Synthetic,Portfolio,Auto,2017-05,38,370462.34871847025
decreciente,Loss Incurred,month,cumulative,Synthetic,Portfolio,Auto,2017-05,39,370094.85598853877
decreciente,Loss Incurred,month,cumulative,Synthetic,Portfolio,Auto,2017-05,40,369754.4958611117
decreciente,Loss Incurred,month,cumulative,Synthetic,Portfolio,Auto,2017-05,41,369439.2650907947
decreciente,Loss Incurred,month,cumulative,Synthetic,Portfolio,Auto,2017-05,42,369147.30833514954
decreciente,Loss Incurred,month,cumulative,Synthetic,Portfolio,Auto,2017-05,43,368876.907234771
decreciente,Loss Incurred,month,cumulative,Synthetic,Portfolio,Auto,2017-05,44,368626.4702996012
decreciente,Loss Incurred,month,cumulative,Synthetic,Portfolio,Auto,2017-05,45,368394.5235419531
decreciente,Loss Incurred,month,cumulative,Synthetic,Portfolio,Auto,2017-05,46,368179.70180111454
decreciente,Loss Incurred,month,cumulative,Synthetic,Portfolio,Auto,2017-05,47,367980.7407084705
decreciente,Loss Incurred,month,cumulative,Synthetic,Portfolio,Auto,2017-05,48,367796.4692458542
decreciente,Loss Incurred,month,cumulative,Synthetic,Portfolio,Auto,2017-05,49,367625.80285332736
decreciente,Loss Incurred,month,cumulative,Synthetic,Portfolio,Auto,2017-05,50,367467.73704582464
decreciente,Loss Incurred,month,cumulative,Synthetic,Portfolio,Auto,2017-05,51,367321.3415010925
decreciente,Loss Incurred,month,cumulative,Synthetic,Portfolio,Auto,2017-05,52,367185.75458412385
decreciente,Loss Incurred,month,cumulative,Synthetic,Portfolio,Auto,2017-05,53,367060.1782758646
decreciente,Loss Incurred,month,cumulative,Synthetic,Portfolio,Auto,2017-05,54,366943.8734763413
decreciente,Loss Incurred,month,cumulative,Synthetic,Portfolio,Auto,2017-05,55,366836.15565456706
decreciente,Loss Incurred,month,cumulative,Synthetic,Portfolio,Auto,2017-05,56,366736.3908196216
decreciente,Loss Incurred,month,cumulative,Synthetic,Portfolio,Auto,2017-05,57,366643.99178919435
decreciente,Loss Incurred,month,cumulative,Synthetic,Portfolio,Auto,2017-05,58,366558.4147336258
decreciente,Loss Incurred,month,cumulative,Synthetic,Portfolio,Auto,2017-05,59,366479.15597510943
decreciente,Loss Incurred,month,cumulative,Synthetic,Portfolio,Auto,2017-05,60,366405.7490232131
decreciente,Loss Incurred,month,cumulative,Synthetic,Portfolio,Auto,2017-05,61,366337.76182927296
decreciente,Loss Incurred,month,cumulative,Synthetic,Portfolio,Auto,2017-05,62,366274.7942435001
decreciente,Loss Incurred,month,cumulative,Synthetic,Portfolio,Auto,2017-05,63,366216.47565983335
decreciente,Loss Incurred,month,cumulative,Synthetic,Portfolio,Auto,2017-05,64,366162.46283467644
decreciente,Loss Incurred,month,cumulative,Synthetic,Portfolio,Auto,2017-05,65,366112.43786668184
decreciente,Loss Incurred,month,cumulative,Synthetic,Portfolio,Auto,2017-05,66,366066.1063256896
decreciente,Loss Incurred,month,cumulative,Synthetic,Portfolio,Auto,2017-05,67,366023.19551981066
decreciente,Loss Incurred,month,cumulative,Synthetic,Portfolio,Auto,2017-05,68,365983.452890454
decreciente,Loss Incurred,month,cumulative,Synthetic,Portfolio,Auto,2017-05,69,365946.64452585136
decreciente,Loss Incurred,month,cumulative,Synthetic,Portfolio,Auto,2017-05,70,365912.5537843314
decreciente,Loss Incurred,month,cumulative,Synthetic,Portfolio,Auto,2017-05,71,365880.98001923965
decreciente,Loss Incurred,month,cumulative,Synthetic,Portfolio,Auto,2017-05,72,365851.7373979992
decreciente,Loss Incurred,month,cumulative,Synthetic,Portfolio,Auto,2017-05,73,365824.6538083632
decreciente,Loss Incurred,month,cumulative,Synthetic,Portfolio,Auto,2017-05,74,365799.56984541944
decreciente,Loss Incurred,month,cumulative,Synthetic,Portfolio,Auto,2017-05,75,365776.337873387
decreciente,Loss Incurred,month,cumulative,Synthetic,Portfolio,Auto,2017-05,76,365754.8211566812
decreciente,Loss Incurred,month,cumulative,Synthetic,Portfolio,Auto,2017-05,77,365734.89305513445
decreciente,Loss Incurred,month,cumulative,Synthetic,Portfolio,Auto,2017-05,78,365716.4362786341
decreciente,Loss Incurred,month,cumulative,Synthetic,Portfolio,Auto,2017-05,79,365699.3421967928
decreciente,Loss Incurred,month,cumulative,Synthetic,Portfolio,Auto,2017-05,80,365683.51019958605
decreciente,Loss Incurred,month,cumulative,Synthetic,Portfolio,Auto,2017-05,81,365668.84710519586
decreciente,Loss Incurred,month,cumulative,Synthetic,Portfolio,Auto,2017-05,82,365655.26661157334
decreciente,Loss Incurred,month,cumulative,Synthetic,Portfolio,Auto,2017-05,83,365642.68878849444
decreciente,Loss Incurred,month,cumulative,Synthetic,Portfolio,Auto,2017-05,84,365631.039607117
decreciente,Loss Incurred,month,cumulative,Synthetic,Portfolio,Auto,2017-05,85,365620.2505042718
decreciente,Loss Incurred,month,cumulative,Synthetic,Portfolio,Auto,2017-05,86,365610.25797892344
decreciente,Loss Incurred,month,cumulative,Synthetic,Portfolio,Auto,2017-05,87,365601.0032184237
decreciente,Loss Incurred,month,cumulative,Synthetic,Portfolio,Auto,2017-05,88,365592.4317523608
decreciente,Loss Incurred,month,cumulative,Synthetic,Portfolio,Auto,2017-05,89,365584.49313196423
decreciente,Loss Incurred,month,cumulative,Synthetic,Portfolio,Auto,2017-05,90,365577.14063318074
decreciente,Loss Incurred,month,cumulative,Synthetic,Portfolio,Auto,2017-05,91,365570.33098167187
decreciente,Loss Incurred,month,cumulative,Synthetic,Portfolio,Auto,2017-05,92,365564.0240981161
decreciente,Loss Incurred,month,cumulative,Synthetic,Portfolio,Auto,2017-05,93,365558.18286231504
decreciente,Loss Incurred,month,cumulative,Synthetic,Portfolio,Auto,2017-05,94,365552.7728947166
decreciente,Loss Incurred,month,cumulative,Synthetic,Portfolio,Auto,2017-05,95,365547.7623540685
decreciente,Loss Incurred,month,cumulative,Synthetic,Portfolio,Auto,2017-05,96,365543.1217500115
decreciente,Loss Incurred,month,cumulative,Synthetic,Portfolio,Auto,2017-05,97,365538.8237695087
decreciente,Loss Incurred,month,cumulative,Synthetic,Portfolio,Auto,2017-05,98,365534.84311609034
decreciente,Loss Incurred,month,cumulative,Synthetic,Portfolio,Auto,2017-05,99,365531.1563609674
decreciente,Loss Incurred,month,cumulative,Synthetic,Portfolio,Auto,2017-05,100,365527.7418051374
decreciente,Loss Incurred,month,cumulative,Synthetic,Portfolio,Auto,2017-05,101,365524.5793516718
decreciente,Loss Incurred,month,cumulative,Synthetic,Portfolio,Auto,2017-05,102,365521.65038743144
decreciente,Loss Incurred,month,cumulative,Synthetic,Portfolio,Auto,2017-05,103,365518.93767351663
decreciente,Loss Incurred,month,cumulative,Synthetic,Portfolio,Auto,2017-06,0,413424.4215736944
decreciente,Loss Incurred,month,cumulative,Synthetic,Portfolio,Auto,2017-06,1,406255.22521805164
decreciente,Loss Incurred,month,cumulative,Synthetic,Portfolio,Auto,2017-06,2,399642.47580695676
decreciente,Loss Incurred,month,cumulative,Synthetic,Portfolio,Auto,2017-06,3,393542.9839525429
decreciente,Loss Incurred,month,cumulative,Synthetic,Portfolio,Auto,2017-06,4,387916.9124701365
decreciente,Loss Incurred,month,cumulative,Synthetic,Portfolio,Auto,2017-06,5,382727.5161924381
decreciente,Loss Incurred,month,cumulative,Synthetic,Portfolio,Auto,2017-06,6,377940.9019783806
decreciente,Loss Incurred,month,cumulative,Synthetic,Portfolio,Auto,2017-06,7,373525.80734922684
decreciente,Loss Incurred,month,cumulative,Synthetic,Portfolio,Auto,2017-06,8,369453.3963061277
decreciente,Loss Incurred,month,cumulative,Synthetic,Portfolio,Auto,2017-06,9,365697.0709955796
decreciente,Loss Incurred,month,cumulative,Synthetic,Portfolio,Auto,2017-06,10,362232.2979927231
decreciente,Loss Incurred,month,cumulative,Synthetic,Portfolio,Auto,2017-06,11,359036.44806790084
decreciente,Loss Incurred,month,cumulative,Synthetic,Portfolio,Auto,2017-06,12,356088.64838995185
decreciente,Loss Incurred,month,cumulative,Synthetic,Portfolio,Auto,2017-06,13,353369.64620094915
decreciente,Loss Incurred,month,cumulative,Synthetic,Portfolio,Auto,2017-06,14,350861.68307200767
decreciente,Loss Incurred,month,cumulative,Synthetic,Portfolio,Auto,2017-06,15,348548.37891889963
decreciente,Loss Incurred,month,cumulative,Synthetic,Portfolio,Auto,2017-06,16,346414.6250199555
decreciente,Loss Incurred,month,cumulative,Synthetic,Portfolio,Auto,2017-06,17,344446.48533752665
decreciente,Loss Incurred,month,cumulative,Synthetic,Portfolio,Auto,2017-06,18,342631.10549851716
decreciente,Loss Incurred,month,cumulative,Synthetic,Portfolio,Auto,2017-06,19,340956.62883951556
decreciente,Loss Incurred,month,cumulative,Synthetic,Portfolio,Auto,2017-06,20,339412.1189681978
decreciente,Loss Incurred,month,cumulative,Synthetic,Portfolio,Auto,2017-06,21,337987.48833523324
decreciente,Loss Incurred,month,cumulative,Synthetic,Portfolio,Auto,2017-06,22,336673.4323501786
decreciente,Loss Incurred,month,cumulative,Synthetic,Portfolio,Auto,2017-06,23,335461.3686110572
decreciente,Loss Incurred,month,cumulative,Synthetic,Portfolio,Auto,2017-06,24,334343.38085071684
decreciente,Loss Incurred,month,cumulative,Synthetic,Portfolio,Auto,2017-06,25,333312.16723386804
decreciente,Loss Incurred,month,cumulative,Synthetic,Portfolio,Auto,2017-06,26,332360.9926671173
decreciente,Loss Incurred,month,cumulative,Synthetic,Portfolio,Auto,2017-06,27,331483.64481052256
decreciente,Loss Incurred,month,cumulative,Synthetic,Portfolio,Auto,2017-06,28,330674.39350337203
decreciente,Loss Incurred,month,cumulative,Synthetic,Portfolio,Auto,2017-06,29,329927.95333918615
decreciente,Loss Incurred,month,cumulative,Synthetic,Portfolio,Auto,2017-06,30,329239.4491455113
decreciente,Loss Incurred,month,cumulative,Synthetic,Portfolio,Auto,2017-06,31,328604.38414304756
decreciente,Loss Incurred,month,cumulative,Synthetic,Portfolio,Auto,2017-06,32,328018.61057614785
decreciente,Loss Incurred,month,cumulative,Synthetic,Portfolio,Auto,2017-06,33,327478.3026228719
decreciente,Loss Incurred,month,cumulative,Synthetic,Portfolio,Auto,2017-06,34,326979.9314076626
decreciente,Loss Incurred,month,cumulative,Synthetic,Portfolio,Auto,2017-06,35,326520.2419534481
decreciente,Loss Incurred,month,cumulative,Synthetic,Portfolio,Auto,2017-06,36,326096.23192263744
decreciente,Loss Incurred,month,cumulative,Synthetic,Portfolio,Auto,2017-06,37,325705.13200816314
decreciente,Loss Incurred,month,cumulative,Synthetic,Portfolio,Auto,2017-06,38,325344.3878464994
decreciente,Loss Incurred,month,cumulative,Synthetic,Portfolio,Auto,2017-06,39,325011.6433345262
decreciente,Loss Incurred,month,cumulative,Synthetic,Portfolio,Auto,2017-06,40,324704.72524127807
decreciente,Loss Incurred,month,cumulative,Synthetic,Portfolio,Auto,2017-06,41,324421.6290140722
decreciente,Loss Incurred,month,cumulative,Synthetic,Portfolio,Auto,2017-06,42,324160.50568631367
decreciente,Loss Incurred,month,cumulative,Synthetic,Portfolio,Auto,2017-06,43,323919.64980146976
decreciente,Loss Incurred,month,cumulative,Synthetic,Portfolio,Auto,2017-06,44,323697.48827434034
decreciente,Loss Incurred,month,cumulative,Synthetic,Portfolio,Auto,2017-06,45,323492.5701168768
decreciente,Loss Incurred,month,cumulative,Synthetic,Portfolio,Auto,2017-06,46,323303.556961445
decreciente,Loss Incurred,month,cumulative,Synthetic,Portfolio,Auto,2017-06,47,323129.21431963873
decreciente,Loss Incurred,month,cumulative,Synthetic,Portfolio,Auto,2017-06,48,322968.4035195515
decreciente,Loss Incurred,month,cumulative,Synthetic,Portfolio,Auto,2017-06,49,322820.07426884864
decreciente,Loss Incurred,month,cumulative,Synthetic,Portfolio,Auto,2017-06,50,322683.2577950661
decreciente,Loss Incurred,month,cumulative,Synthetic,Portfolio,Auto,2017-06,51,322557.0605183348
decreciente,Loss Incurred,month,cumulative,Synthetic,Portfolio,Auto,2017-06,52,322440.65821520507
decreciente,Loss Incurred,month,cumulative,Synthetic,Portfolio,Auto,2017-06,53,322333.2906354532
decreciente,Loss Incurred,month,cumulative,Synthetic,Portfolio,Auto,2017-06,54,322234.25653671264
decreciente,Loss Incurred,month,cumulative,Synthetic,Portfolio,Auto,2017-06,55,322142.90910449886
decreciente,Loss Incurred,month,cumulative,Synthetic,Portfolio,Auto,2017-06,56,322058.65172771463
decreciente,Loss Incurred,month,cumulative,Synthetic,Portfolio,Auto,2017-06,57,321980.9341020464
decreciente,Loss Incurred,month,cumulative,Synthetic,Portfolio,Auto,2017-06,58,321909.2486357996
decreciente,Loss Incurred,month,cumulative,Synthetic,Portfolio,Auto,2017-06,59,321843.1271347007
decreciente,Loss Incurred,month,cumulative,Synthetic,Portfolio,Auto,2017-06,60,321782.13774401287
decreciente,Loss Incurred,month,cumulative,Synthetic,Portfolio,Auto,2017-06,61,321725.882127993
decreciente,Loss Incurred,month,cumulative,Synthetic,Portfolio,Auto,2017-06,62,321673.99286826944
decreciente,Loss Incurred,month,cumulative,Synthetic,Portfolio,Auto,2017-06,63,321626.1310641485
decreciente,Loss Incurred,month,cumulative,Synthetic,Portfolio,Auto,2017-06,64,321581.9841191753
decreciente,Loss Incurred,month,cumulative,Synthetic,Portfolio,Auto,2017-06,65,321541.2636994948
decreciente,Loss Incurred,month,cumulative,Synthetic,Portfolio,Auto,2017-06,66,321503.7038506773
decreciente,Loss Incurred,month,cumulative,Synthetic,Portfolio,Auto,2017-06,67,321469.05926070816
decreciente,Loss Incurred,month,cumulative,Synthetic,Portfolio,Auto,2017-06,68,321437.1036577995
decreciente,Loss Incurred,month,cumulative,Synthetic,Portfolio,Auto,2017-06,69,321407.6283325561
decreciente,Loss Incurred,month,cumulative,Synthetic,Portfolio,Auto,2017-06,70,321380.4407748473
decreciente,Loss Incurred,month,cumulative,Synthetic,Portfolio,Auto,2017-06,71,321355.36341647827
decreciente,Loss Incurred,month,cumulative,Synthetic,Portfolio,Auto,2017-06,72,321332.23247145186
decreciente,Loss Incurred,month,cumulative,Synthetic,Portfolio,Auto,2017-06,73,321310.896866244
decreciente,Loss Incurred,month,cumulative,Synthetic,Portfolio,Auto,2017-06,74,321291.2172531081
decreciente,Loss Incurred,month,cumulative,Synthetic,Portfolio,Auto,2017-06,75,321273.06509996305
decreciente,Loss Incurred,month,cumulative,Synthetic,Portfolio,Auto,2017-06,76,321256.3218509202
decreciente,Loss Incurred,month,cumulative,Synthetic,Portfolio,Auto,2017-06,77,321240.87815196766
decreciente,Loss Incurred,month,cumulative,Synthetic,Portfolio,Auto,2017-06,78,321226.63313675433
decreciente,Loss Incurred,month,cumulative,Synthetic,Portfolio,Auto,2017-06,79,321213.4937678083
decreciente,Loss Incurred,month,cumulative,Synthetic,Portfolio,Auto,2017-06,80,321201.374228888
decreciente,Loss Incurred,month,cumulative,Synthetic,Portfolio,Auto,2017-06,81,321190.19536449615
decreciente,Loss Incurred,month,cumulative,Synthetic,Portfolio,Auto,2017-06,82,321179.8841628974
decreciente,Loss Incurred,month,cumulative,Synthetic,Portfolio,Auto,2017-06,83,321170.37327926175
decreciente,Loss Incurred,month,cumulative,Synthetic,Portfolio,Auto,2017-06,84,321161.6005958199
decreciente,Loss Incurred,month,cumulative,Synthetic,Portfolio,Auto,2017-06,85,321153.5088161578
decreciente,Loss Incurred,month,cumulative,Synthetic,Portfolio,Auto,2017-06,86,321146.0450910008
decreciente,Loss Incurred,month,cumulative,Synthetic,Portfolio,Auto,2017-06,87,321139.16067304264
decreciente,Loss Incurred,month,cumulative,Synthetic,Portfolio,Auto,2017-06,88,321132.8105985656
decreciente,Loss Incurred,month,cumulative,Synthetic,Portfolio,Auto,2017-06,89,321126.95339377236
decreciente,Loss Incurred,month,cumulative,Synthetic,Portfolio,Auto,2017-06,90,321121.55080391065
decreciente,Loss Incurred,month,cumulative,Synthetic,Portfolio,Auto,2017-06,91,321116.56754342315
decreciente,Loss Incurred,month,cumulative,Synthetic,Portfolio,Auto,2017-06,92,321111.971065489
decreciente,Loss Incurred,month,cumulative,Synthetic,Portfolio,Auto,2017-06,93,321107.7313494534
decreciente,Loss Incurred,month,cumulative,Synthetic,Portfolio,Auto,2017-06,94,321103.8207047552
decreciente,Loss Incurred,month,cumulative,Synthetic,Portfolio,Auto,2017-06,95,321100.21359007433
decreciente,Loss Incurred,month,cumulative,Synthetic,Portfolio,Auto,2017-06,96,321096.88644651475
decreciente,Loss Incurred,month,cumulative,Synthetic,Portfolio,Auto,2017-06,97,321093.8175437364
decreciente,Loss Incurred,month,cumulative,Synthetic,Portfolio,Auto,2017-06,98,321090.9868380292
decreciente,Loss Incurred,month,cumulative,Synthetic,Portfolio,Auto,2017-06,99,321088.3758414029
decreciente,Loss Incurred,month,cumulative,Synthetic,Portfolio,Auto,2017-06,100,321085.96750083764
decreciente,Loss Incurred,month,cumulative,Synthetic,Portfolio,Auto,2017-06,101,321083.7460869072
decreciente,Loss Incurred,month,cumulative,Synthetic,Portfolio,Auto,2017-06,102,321081.69709104614
decreciente,Loss Incurred,month,cumulative,Synthetic,Portfolio,Auto,2017-07,0,475437.09184723726
decreciente,Loss Incurred,month,cumulative,Synthetic,Portfolio,Auto,2017-07,1,468144.051244411
decreciente,Loss Incurred,month,cumulative,Synthetic,Portfolio,Auto,2017-07,2,461324.07731507596
decreciente,Loss Incurred,month,cumulative,Synthetic,Portfolio,Auto,2017-07,3,454946.48435627844
decreciente,Loss Incurred,month,cumulative,Synthetic,Portfolio,Auto,2017-07,4,448982.57710831193
decreciente,Loss Incurred,month,cumulative,Synthetic,Portfolio,Auto,2017-07,5,443405.5216436349
decreciente,Loss Incurred,month,cumulative,Synthetic,Portfolio,Auto,2017-07,6,438190.22463064233
decreciente,Loss Incurred,month,cumulative,Synthetic,Portfolio,Auto,2017-07,7,433313.2204290526
decreciente,Loss Incurred,month,cumulative,Synthetic,Portfolio,Auto,2017-07,8,428752.5655089074
decreciente,Loss Incurred,month,cumulative,Synthetic,Portfolio,Auto,2017-07,9,424487.73971813486
decreciente,Loss Incurred,month,cumulative,Synthetic,Portfolio,Auto,2017-07,10,420499.55395444226
decreciente,Loss Incurred,month,cumulative,Synthetic,Portfolio,Auto,2017-07,11,416770.06382611534
decreciente,Loss Incurred,month,cumulative,Synthetic,Portfolio,Auto,2017-07,12,413282.48891325307
decreciente,Loss Incurred,month,cumulative,Synthetic,Portfolio,Auto,2017-07,13,410021.1372661629
decreciente,Loss Incurred,month,cumulative,Synthetic,Portfolio,Auto,2017-07,14,406971.33480120334
decreciente,Loss Incurred,month,cumulative,Synthetic,Portfolio,Auto,2017-07,15,404119.3592764017
decreciente,Loss Incurred,month,cumulative,Synthetic,Portfolio,Auto,2017-07,16,401452.3785497743
decreciente,Loss Incurred,month,cumulative,Synthetic,Portfolio,Auto,2017-07,17,398958.39284255233
decreciente,Loss Incurred,month,cumulative,Synthetic,Portfolio,Auto,2017-07,18,396626.18074753176
decreciente,Loss Incurred,month,cumulative,Synthetic,Portfolio,Auto,2017-07,19,394445.24873961764
decreciente,Loss Incurred,month,cumulative,Synthetic,Portfolio,Auto,2017-07,20,392405.7839613931
decreciente,Loss Incurred,month,cumulative,Synthetic,Portfolio,Auto,2017-07,21,390498.61007127404
decreciente,Loss Incurred,month,cumulative,Synthetic,Portfolio,Auto,2017-07,22,388715.1459555964
decreciente,Loss Incurred,month,cumulative,Synthetic,Portfolio,Auto,2017-07,23,387047.3671188637
decreciente,Loss Incurred,month,cumulative,Synthetic,Portfolio,Auto,2017-07,24,385487.7695784351
decreciente,Loss Incurred,month,cumulative,Synthetic,Portfolio,Auto,2017-07,25,384029.3361012025
decreciente,Loss Incurred,month,cumulative,Synthetic,Portfolio,Auto,2017-07,26,382665.50463034236
decreciente,Loss Incurred,month,cumulative,Synthetic,Portfolio,Auto,2017-07,27,381390.1387600813
decreciente,Loss Incurred,month,cumulative,Synthetic,Portfolio,Auto,2017-07,28,380197.5001256312
decreciente,Loss Incurred,month,cumulative,Synthetic,Portfolio,Auto,2017-07,29,379082.2225840643
decreciente,Loss Incurred,month,cumulative,Synthetic,Portfolio,Auto,2017-07,30,378039.288069959
decreciente,Loss Incurred,month,cumulative,Synthetic,Portfolio,Auto,2017-07,31,377064.00401718053
decreciente,Loss Incurred,month,cumulative,Synthetic,Portfolio,Auto,2017-07,32,376151.9822452096
decreciente,Loss Incurred,month,cumulative,Synthetic,Portfolio,Auto,2017-07,33,375299.1192150193
decreciente,Loss Incurred,month,cumulative,Synthetic,Portfolio,Auto,2017-07,34,374501.5775656642
decreciente,Loss Incurred,month,cumulative,Synthetic,Portfolio,Auto,2017-07,35,373755.76884850825
decreciente,Loss Incurred,month,cumulative,Synthetic,Portfolio,Auto,2017-07,36,373058.3373814047
decreciente,Loss Incurred,month,cumulative,Synthetic,Portfolio,Auto,2017-07,37,372406.1451501835
decreciente,Loss Incurred,month,cumulative,Synthetic,Portfolio,Auto,2017-07,38,371796.2576895105
decreciente,Loss Incurred,month,cumulative,Synthetic,Portfolio,Auto,2017-07,39,371225.9308795917
decreciente,Loss Incurred,month,cumulative,Synthetic,Portfolio,Auto,2017-07,40,370692.5985993161
decreciente,Loss Incurred,month,cumulative,Synthetic,Portfolio,Auto,2017-07,41,370193.8611802837
decreciente,Loss Incurred,month,cumulative,Synthetic,Portfolio,Auto,2017-07,42,369727.4746097679
decreciente,Loss Incurred,month,cumulative,Synthetic,Portfolio,Auto,2017-07,43,369291.34043403366
decreciente,Loss Incurred,month,cumulative,Synthetic,Portfolio,Auto,2017-07,44,368883.4963165819
decreciente,Loss Incurred,month,cumulative,Synthetic,Portfolio,Auto,2017-07,45,368502.1072088379
decreciente,Loss Incurred,month,cumulative,Synthetic,Portfolio,Auto,2017-07,46,368145.4570935568
decreciente,Loss Incurred,month,cumulative,Synthetic,Portfolio,Auto,2017-07,47,367811.94126379874
decreciente,Loss Incurred,month,cumulative,Synthetic,Portfolio,Auto,2017-07,48,367500.0591027302
decreciente,Loss Incurred,month,cumulative,Synthetic,Portfolio,Auto,2017-07,49,367208.407331768
decreciente,Loss Incurred,month,cumulative,Synthetic,Portfolio,Auto,2017-07,50,366935.6736966866
decreciente,Loss Incurred,month,cumulative,Synthetic,Portfolio,Auto,2017-07,51,366680.6310632769
decreciente,Loss Incurred,month,cumulative,Synthetic,Portfolio,Auto,2017-07,52,366442.1318959955
decreciente,Loss Incurred,month,cumulative,Synthetic,Portfolio,Auto,2017-07,53,366219.10309475777
decreciente,Loss Incurred,month,cumulative,Synthetic,Portfolio,Auto,2017-07,54,366010.54116664466
decreciente,Loss Incurred,month,cumulative,Synthetic,Portfolio,Auto,2017-07,55,365815.5077108002
decreciente,Loss Incurred,month,cumulative,Synthetic,Portfolio,Auto,2017-07,56,365633.1251962024
decreciente,Loss Incurred,month,cumulative,Synthetic,Portfolio,Auto,2017-07,57,365462.57301331154
decreciente,Loss Incurred,month,cumulative,Synthetic,Portfolio,Auto,2017-07,58,365303.0837818303
decreciente,Loss Incurred,month,cumulative,Synthetic,Portfolio,Auto,2017-07,59,365153.9398979623
decreciente,Loss Incurred,month,cumulative,Synthetic,Portfolio,Auto,2017-07,60,365014.4703056355
decreciente,Loss Incurred,month,cumulative,Synthetic,Portfolio,Auto,2017-07,61,364884.0474771604
decreciente,Loss Incurred,month,cumulative,Synthetic,Portfolio,Auto,2017-07,62,364762.0845897407
decreciente,Loss Incurred,month,cumulative,Synthetic,Portfolio,Auto,2017-07,63,364648.03288512985
decreciente,Loss Incurred,month,cumulative,Synthetic,Portfolio,Auto,2017-07,64,364541.3792005554
decreciente,Loss Incurred,month,cumulative,Synthetic,Portfolio,Auto,2017-07,65,364441.64365980116
decreciente,Loss Incurred,month,cumulative,Synthetic,Portfolio,Auto,2017-07,66,364348.37751405826
decreciente,Loss Incurred,month,cumulative,Synthetic,Portfolio,Auto,2017-07,67,364261.1611228305
decreciente,Loss Incurred,month,cumulative,Synthetic,Portfolio,Auto,2017-07,68,364179.60206580925
decreciente,Loss Incurred,month,cumulative,Synthetic,Portfolio,Auto,2017-07,69,364103.3333772227
decreciente,Loss Incurred,month,cumulative,Synthetic,Portfolio,Auto,2017-07,70,364032.0118947148
decreciente,Loss Incurred,month,cumulative,Synthetic,Portfolio,Auto,2017-07,71,363965.3167153245
decreciente,Loss Incurred,month,cumulative,Synthetic,Portfolio,Auto,2017-07,72,363902.9477516198
decreciente,Loss Incurred,month,cumulative,Synthetic,Portfolio,Auto,2017-07,73,363844.62438148796
decreciente,Loss Incurred,month,cumulative,Synthetic,Portfolio,Auto,2017-07,74,363790.08418550773
decreciente,Loss Incurred,month,cumulative,Synthetic,Portfolio,Auto,2017-07,75,363739.0817662229
decreciente,Loss Incurred,month,cumulative,Synthetic,Portfolio,Auto,2017-07,76,363691.3876440045
decreciente,Loss Incurred,month,cumulative,Synthetic,Portfolio,Auto,2017-07,77,363646.7872245325
decreciente,Loss Incurred,month,cumulative,Synthetic,Portfolio,Auto,2017-07,78,363605.07983325346
decreciente,Loss Incurred,month,cumulative,Synthetic,Portfolio,Auto,2017-07,79,363566.0778124675
decreciente,Loss Incurred,month,cumulative,Synthetic,Portfolio,Auto,2017-07,80,363529.60567698424
decreciente,Loss Incurred,month,cumulative,Synthetic,Portfolio,Auto,2017-07,81,363495.4993245464
decreciente,Loss Incurred,month,cumulative,Synthetic,Portfolio,Auto,2017-07,82,363463.6052974708
decreciente,Loss Incurred,month,cumulative,Synthetic,Portfolio,Auto,2017-07,83,363433.7800921822
decreciente,Loss Incurred,month,cumulative,Synthetic,Portfolio,Auto,2017-07,84,363405.88951353566
decreciente,Loss Incurred,month,cumulative,Synthetic,Portfolio,Auto,2017-07,85,363379.8080710205
decreciente,Loss Incurred,month,cumulative,Synthetic,Portfolio,Auto,2017-07,86,363355.4184141298
decreciente,Loss Incurred,month,cumulative,Synthetic,Portfolio,Auto,2017-07,87,363332.6108043552
decreciente,Loss Incurred,month,cumulative,Synthetic,Portfolio,Auto,2017-07,88,363311.2826214306
decreciente,Loss Incurred,month,cumulative,Synthetic,Portfolio,Auto,2017-07,89,363291.3379016042
decreciente,Loss Incurred,month,cumulative,Synthetic,Portfolio,Auto,2017-07,90,363272.68690586014
decreciente,Loss Incurred,month,cumulative,Synthetic,Portfolio,Auto,2017-07,91,363255.24571614835
decreciente,Loss Incurred,month,cumulative,Synthetic,Portfolio,Auto,2017-07,92,363238.93585780414
decreciente,Loss Incurred,month,cumulative,Synthetic,Portfolio,Auto,2017-07,93,363223.68394646054
decreciente,Loss Incurred,month,cumulative,Synthetic,Portfolio,Auto,2017-07,94,363209.42135786405
decreciente,Loss Incurred,month,cumulative,Synthetic,Portfolio,Auto,2017-07,95,363196.08391910704
decreciente,Loss Incurred,month,cumulative,Synthetic,Portfolio,Auto,2017-07,96,363183.61161988904
decreciente,Loss Incurred,month,cumulative,Synthetic,Portfolio,Auto,2017-07,97,363171.94834250753
decreciente,Loss Incurred,month,cumulative,Synthetic,Portfolio,Auto,2017-07,98,363161.04160936235
decreciente,Loss Incurred,month,cumulative,Synthetic,Portfolio,Auto,2017-07,99,363150.8423468385
decreciente,Loss Incurred,month,cumulative,Synthetic,Portfolio,Auto,2017-07,100,363141.30466450565
decreciente,Loss Incurred,month,cumulative,Synthetic,Portfolio,Auto,2017-07,101,363132.3856486385
decreciente,Loss Incurred,month,cumulative,Synthetic,Portfolio,Auto,2017-08,0,482456.865311342
decreciente,Loss Incurred,month,cumulative,Synthetic,Portfolio,Auto,2017-08,1,476012.4265948212
decreciente,Loss Incurred,month,cumulative,Synthetic,Portfolio,Auto,2017-08,2,469977.28902346577
decreciente,Loss Incurred,month,cumulative,Synthetic,Portfolio,Auto,2017-08,3,464325.4569388787
decreciente,Loss Incurred,month,cumulative,Synthetic,Portfolio,Auto,2017-08,4,459032.5857267991
decreciente,Loss Incurred,month,cumulative,Synthetic,Portfolio,Auto,2017-08,5,454075.87695548614
decreciente,Loss Incurred,month,cumulative,Synthetic,Portfolio,Auto,2017-08,6,449433.980174106
decreciente,Loss Incurred,month,cumulative,Synthetic,Portfolio,Auto,2017-08,7,445086.90094813023
decreciente,Loss Incurred,month,cumulative,Synthetic,Portfolio,Auto,2017-08,8,441015.91473561665
decreciente,Loss Incurred,month,cumulative,Synthetic,Portfolio,Auto,2017-08,9,437203.4862334063
decreciente,Loss Incurred,month,cumulative,Synthetic,Portfolio,Auto,2017-08,10,433633.19384583
decreciente,Loss Incurred,month,cumulative,Synthetic,Portfolio,Auto,2017-08,11,430289.65895058005
decreciente,Loss Incurred,month,cumulative,Synthetic,Portfolio,Auto,2017-08,12,427158.47965707054
decreciente,Loss Incurred,month,cumulative,Synthetic,Portfolio,Auto,2017-08,13,424226.16877195553
decreciente,Loss Incurred,month,cumulative,Synthetic,Portfolio,Auto,2017-08,14,421480.0957046014
decreciente,Loss Incurred,month,cumulative,Synthetic,Portfolio,Auto,2017-08,15,418908.4320622751
decreciente,Loss Incurred,month,cumulative,Synthetic,Portfolio,Auto,2017-08,16,416500.1007007083
decreciente,Loss Incurred,month,cumulative,Synthetic,Portfolio,Auto,2017-08,17,414244.728010577
decreciente,Loss Incurred,month,cumulative,Synthetic,Portfolio,Auto,2017-08,18,412132.5992343769
decreciente,Loss Incurred,month,cumulative,Synthetic,Portfolio,Auto,2017-08,19,410154.6166212274
decreciente,Loss Incurred,month,cumulative,Synthetic,Portfolio,Auto,2017-08,20,408302.2602393591
decreciente,Loss Incurred,month,cumulative,Synthetic,Portfolio,Auto,2017-08,21,406567.5512774917
decreciente,Loss Incurred,month,cumulative,Synthetic,Portfolio,Auto,2017-08,22,404943.01767702546
decreciente,Loss Incurred,month,cumulative,Synthetic,Portfolio,Auto,2017-08,23,403421.6619470115
decreciente,Loss Incurred,month,cumulative,Synthetic,Portfolio,Auto,2017-08,24,401996.93102326675
decreciente,Loss Incurred,month,cumulative,Synthetic,Portfolio,Auto,2017-08,25,400662.68804180727
decreciente,Loss Incurred,month,cumulative,Synthetic,Portfolio,Auto,2017-08,26,399413.1859050144
decreciente,Loss Incurred,month,cumulative,Synthetic,Portfolio,Auto,2017-08,27,398243.04252667545
decreciente,Loss Incurred,month,cumulative,Synthetic,Portfolio,Auto,2017-08,28,397147.2176492688
decreciente,Loss Incurred,month,cumulative,Synthetic,Portfolio,Auto,2017-08,29,396120.9911336362
decreciente,Loss Incurred,month,cumulative,Synthetic,Portfolio,Auto,2017-08,30,395159.9426275284
decreciente,Loss Incurred,month,cumulative,Synthetic,Portfolio,Auto,2017-08,31,394259.932525448
decreciente,Loss Incurred,month,cumulative,Synthetic,Portfolio,Auto,2017-08,32,393417.08413777687
decreciente,Loss Incurred,month,cumulative,Synthetic,Portfolio,Auto,2017-08,33,392627.76699238294
decreciente,Loss Incurred,month,cumulative,Synthetic,Portfolio,Auto,2017-08,34,391888.5811967806
decreciente,Loss Incurred,month,cumulative,Synthetic,Portfolio,Auto,2017-08,35,391196.3427934864
decreciente,Loss Incurred,month,cumulative,Synthetic,Portfolio,Auto,2017-08,36,390548.0700454895
decreciente,Loss Incurred,month,cumulative,Synthetic,Portfolio,Auto,2017-08,37,389940.9705927641
decreciente,Loss Incurred,month,cumulative,Synthetic,Portfolio,Auto,2017-08,38,389372.4294245008
decreciente,Loss Incurred,month,cumulative,Synthetic,Portfolio,Auto,2017-08,39,388839.9976152492
decreciente,Loss Incurred,month,cumulative,Synthetic,Portfolio,Auto,2017-08,40,388341.38177645445
decreciente,Loss Incurred,month,cumulative,Synthetic,Portfolio,Auto,2017-08,41,387874.4341779508
decreciente,Loss Incurred,month,cumulative,Synthetic,Portfolio,Auto,2017-08,42,387437.1434968618
decreciente,Loss Incurred,month,cumulative,Synthetic,Portfolio,Auto,2017-08,43,387027.62615405925
decreciente,Loss Incurred,month,cumulative,Synthetic,Portfolio,Auto,2017-08,44,386644.1182008633
decreciente,Loss Incurred,month,cumulative,Synthetic,Portfolio,Auto,2017-08,45,386284.9677210375
decreciente,Loss Incurred,month,cumulative,Synthetic,Portfolio,Auto,2017-08,46,385948.62771535
decreciente,Loss Incurred,month,cumulative,Synthetic,Portfolio,Auto,2017-08,47,385633.64943805325
decreciente,Loss Incurred,month,cumulative,Synthetic,Portfolio,Auto,2017-08,48,385338.6761565785
decreciente,Loss Incurred,month,cumulative,Synthetic,Portfolio,Auto,2017-08,49,385062.43730756757
decreciente,Loss Incurred,month,cumulative,Synthetic,Portfolio,Auto,2017-08,50,384803.7430240668
decreciente,Loss Incurred,month,cumulative,Synthetic,Portfolio,Auto,2017-08,51,384561.47901031375
decreciente,Loss Incurred,month,cumulative,Synthetic,Portfolio,Auto,2017-08,52,384334.6017420358
decreciente,Loss Incurred,month,cumulative,Synthetic,Portfolio,Auto,2017-08,53,384122.1339715906
decreciente,Loss Incurred,month,cumulative,Synthetic,Portfolio,Auto,2017-08,54,383923.16051858384
decreciente,Loss Incurred,month,cumulative,Synthetic,Portfolio,Auto,2017-08,55,383736.8243278361
decreciente,Loss Incurred,month,cumulative,Synthetic,Portfolio,Auto,2017-08,56,383562.3227777164
decreciente,Loss Incurred,month,cumulative,Synthetic,Portfolio,Auto,2017-08,57,383398.9042229418
decreciente,Loss Incurred,month,cumulative,Synthetic,Portfolio,Auto,2017-08,58,383245.86475695245
decreciente,Loss Incurred,month,cumulative,Synthetic,Portfolio,Auto,2017-08,59,383102.5451799156
decreciente,Loss Incurred,month,cumulative,Synthetic,Portfolio,Auto,2017-08,60,382968.32815929764
decreciente,Loss Incurred,month,cumulative,Synthetic,Portfolio,Auto,2017-08,61,382842.63557077624
decreciente,Loss Incurred,month,cumulative,Synthetic,Portfolio,Auto,2017-08,62,382724.92600803636
decreciente,Loss Incurred,month,cumulative,Synthetic,Portfolio,Auto,2017-08,63,382614.69245072454
decreciente,Loss Incurred,month,cumulative,Synthetic,Portfolio,Auto,2017-08,64,382511.46008051815
decreciente,Loss Incurred,month,cumulative,Synthetic,Portfolio,Auto,2017-08,65,382414.78423589945
decreciente,Loss Incurred,month,cumulative,Synthetic,Portfolio,Auto,2017-08,66,382324.2484968281
decreciente,Loss Incurred,month,cumulative,Synthetic,Portfolio,Auto,2017-08,67,382239.46289105923
decreciente,Loss Incurred,month,cumulative,Synthetic,Portfolio,Auto,2017-08,68,382160.0622143837
decreciente,Loss Incurred,month,cumulative,Synthetic,Portfolio,Auto,2017-08,69,382085.7044575527
decreciente,Loss Incurred,month,cumulative,Synthetic,Portfolio,Auto,2017-08,70,382016.06933311245
decreciente,Loss Incurred,month,cumulative,Synthetic,Portfolio,Auto,2017-08,71,381950.856895803
decreciente,Loss Incurred,month,cumulative,Synthetic,Portfolio,Auto,2017-08,72,381889.7862505788
decreciente,Loss Incurred,month,cumulative,Synthetic,Portfolio,Auto,2017-08,73,381832.59434268554
decreciente,Loss Incurred,month,cumulative,Synthetic,Portfolio,Auto,2017-08,74,381779.03482458205
decreciente,Loss Incurred,month,cumulative,Synthetic,Portfolio,Auto,2017-08,75,381728.87699482695
decreciente,Loss Incurred,month,cumulative,Synthetic,Portfolio,Auto,2017-08,76,381681.90480435884
decreciente,Loss Incurred,month,cumulative,Synthetic,Portfolio,Auto,2017-08,77,381637.9159258897
decreciente,Loss Incurred,month,cumulative,Synthetic,Portfolio,Auto,2017-08,78,381596.72088240355
decreciente,Loss Incurred,month,cumulative,Synthetic,Portfolio,Auto,2017-08,79,381558.14223100606
decreciente,Loss Incurred,month,cumulative,Synthetic,Portfolio,Auto,2017-08,80,381522.0137986099
decreciente,Loss Incurred,month,cumulative,Synthetic,Portfolio,Auto,2017-08,81,381488.1799661631
decreciente,Loss Incurred,month,cumulative,Synthetic,Portfolio,Auto,2017-08,82,381456.4949983382
decreciente,Loss Incurred,month,cumulative,Synthetic,Portfolio,Auto,2017-08,83,381426.82241579395
decreciente,Loss Incurred,month,cumulative,Synthetic,Portfolio,Auto,2017-08,84,381399.0344073064
decreciente,Loss Incurred,month,cumulative,Synthetic,Portfolio,Auto,2017-08,85,381373.01127923693
decreciente,Loss Incurred,month,cumulative,Synthetic,Portfolio,Auto,2017-08,86,381348.6409399654
decreciente,Loss Incurred,month,cumulative,Synthetic,Portfolio,Auto,2017-08,87,381325.8184170686
decreciente,Loss Incurred,month,cumulative,Synthetic,Portfolio,Auto,2017-08,88,381304.445405164
decreciente,Loss Incurred,month,cumulative,Synthetic,Portfolio,Auto,2017-08,89,381284.4298424698
decreciente,Loss Incurred,month,cumulative,Synthetic,Portfolio,Auto,2017-08,90,381265.6855142605
decreciente,Loss Incurred,month,cumulative,Synthetic,Portfolio,Auto,2017-08,91,381248.13168150606
decreciente,Loss Incurred,month,cumulative,Synthetic,Portfolio,Auto,2017-08,92,381231.69273309835
decreciente,Loss Incurred,month,cumulative,Synthetic,Portfolio,Auto,2017-08,93,381216.29786016484
decreciente,Loss Incurred,month,cumulative,Synthetic,Portfolio,Auto,2017-08,94,381201.8807510675
decreciente,Loss Incurred,month,cumulative,Synthetic,Portfolio,Auto,2017-08,95,381188.37930577307
decreciente,Loss Incurred,month,cumulative,Synthetic,Portfolio,Auto,2017-08,96,381175.7353683647
decreciente,Loss Incurred,month,cumulative,Synthetic,Portfolio,Auto,2017-08,97,381163.8944765416
decreciente,Loss Incurred,month,cumulative,Synthetic,Portfolio,Auto,2017-08,98,381152.80562702916
decreciente,Loss Incurred,month,cumulative,Synthetic,Portfolio,Auto,2017-08,99,381142.4210558881
decreciente,Loss Incurred,month,cumulative,Synthetic,Portfolio,Auto,2017-08,100,381132.696032777
decreciente,Loss Incurred,month,cumulative,Synthetic,Portfolio,Auto,2017-09,0,456263.41253146593
decreciente,Loss Incurred,month,cumulative,Synthetic,Portfolio,Auto,2017-09,1,449630.6988546421
decreciente,Loss Incurred,month,cumulative,Synthetic,Portfolio,Auto,2017-09,2,443444.8650820172
decreciente,Loss Incurred,month,cumulative,Synthetic,Portfolio,Auto,2017-09,3,437675.8026247831
decreciente,Loss Incurred,month,cumulative,Synthetic,Portfolio,Auto,2017-09,4,432295.43146402604
decreciente,Loss Incurred,month,cumulative,Synthetic,Portfolio,Auto,2017-09,5,427277.56347557914
decreciente,Loss Incurred,month,cumulative,Synthetic,Portfolio,Auto,2017-09,6,422597.7749633798
decreciente,Loss Incurred,month,cumulative,Synthetic,Portfolio,Auto,2017-09,7,418233.2877809076
decreciente,Loss Incurred,month,cumulative,Synthetic,Portfolio,Auto,2017-09,8,414162.85846208106
decreciente,Loss Incurred,month,cumulative,Synthetic,Portfolio,Auto,2017-09,9,410366.674821973
decreciente,Loss Incurred,month,cumulative,Synthetic,Portfolio,Auto,2017-09,10,406826.2595240656
decreciente,Loss Incurred,month,cumulative,Synthetic,Portfolio,Auto,2017-09,11,403524.3801446739
decreciente,Loss Incurred,month,cumulative,Synthetic,Portfolio,Auto,2017-09,12,400444.96529678983
decreciente,Loss Incurred,month,cumulative,Synthetic,Portfolio,Auto,2017-09,13,397573.02640509245
decreciente,Loss Incurred,month,cumulative,Synthetic,Portfolio,Auto,2017-09,14,394894.5847513763
decreciente,Loss Incurred,month,cumulative,Synthetic,Portfolio,Auto,2017-09,15,392396.60343530413
decreciente,Loss Incurred,month,cumulative,Synthetic,Portfolio,Auto,2017-09,16,390066.92391931085
decreciente,Loss Incurred,month,cumulative,Synthetic,Portfolio,Auto,2017-09,17,387894.20684880327
decreciente,Loss Incurred,month,cumulative,Synthetic,Portfolio,Auto,2017-09,18,385867.8768596064
decreciente,Loss Incurred,month,cumulative,Synthetic,Portfolio,Auto,2017-09,19,383978.0711040141
decreciente,Loss Incurred,month,cumulative,Synthetic,Portfolio,Auto,2017-09,20,382215.59124490444
decreciente,Loss Incurred,month,cumulative,Synthetic,Portfolio,Auto,2017-09,21,380571.8586842563
decreciente,Loss Incurred,month,cumulative,Synthetic,Portfolio,Auto,2017-09,22,379038.87280815106
decreciente,Loss Incurred,month,cumulative,Synthetic,Portfolio,Auto,2017-09,23,377609.17204502237
decreciente,Loss Incurred,month,cumulative,Synthetic,Portfolio,Auto,2017-09,24,376275.797547611
decreciente,Loss Incurred,month,cumulative,Synthetic,Portfolio,Auto,2017-09,25,375032.25932185206
decreciente,Loss Incurred,month,cumulative,Synthetic,Portfolio,Auto,2017-09,26,373872.5046378336
decreciente,Loss Incurred,month,cumulative,Synthetic,Portfolio,Auto,2017-09,27,372790.88856906997
decreciente,Loss Incurred,month,cumulative,Synthetic,Portfolio,Auto,2017-09,28,371782.1465166954
decreciente,Loss Incurred,month,cumulative,Synthetic,Portfolio,Auto,2017-09,29,370841.3685848438
decreciente,Loss Incurred,month,cumulative,Synthetic,Portfolio,Auto,2017-09,30,369963.9756824905
decreciente,Loss Incurred,month,cumulative,Synthetic,Portfolio,Auto,2017-09,31,369145.6972354344
decreciente,Loss Incurred,month,cumulative,Synthetic,Portfolio,Auto,2017-09,32,368382.5503999397
decreciente,Loss Incurred,month,cumulative,Synthetic,Portfolio,Auto,2017-09,33,367670.82067685964
decreciente,Loss Incurred,month,cumulative,Synthetic,Portfolio,Auto,2017-09,34,367007.0438318869
decreciente,Loss Incurred,month,cumulative,Synthetic,Portfolio,Auto,2017-09,35,366387.989033929
decreciente,Loss Incurred,month,cumulative,Synthetic,Portfolio,Auto,2017-09,36,365810.64312953793
decreciente,Loss Incurred,month,cumulative,Synthetic,Portfolio,Auto,2017-09,37,365272.1959768516
decreciente,Loss Incurred,month,cumulative,Synthetic,Portfolio,Auto,2017-09,38,364770.02676766366
decreciente,Loss Incurred,month,cumulative,Synthetic,Portfolio,Auto,2017-09,39,364301.69127104455
decreciente,Loss Incurred,month,cumulative,Synthetic,Portfolio,Auto,2017-09,40,363864.90993642615
decreciente,Loss Incurred,month,cumulative,Synthetic,Portfolio,Auto,2017-09,41,363457.5567982414
decreciente,Loss Incurred,month,cumulative,Synthetic,Portfolio,Auto,2017-09,42,363077.6491281164
decreciente,Loss Incurred,month,cumulative,Synthetic,Portfolio,Auto,2017-09,43,362723.3377842468
decreciente,Loss Incurred,month,cumulative,Synthetic,Portfolio,Auto,2017-09,44,362392.89821098564
decreciente,Loss Incurred,month,cumulative,Synthetic,Portfolio,Auto,2017-09,45,362084.7220448362
decreciente,Loss Incurred,month,cumulative,Synthetic,Portfolio,Auto,2017-09,46,361797.30928599107
decreciente,Loss Incurred,month,cumulative,Synthetic,Portfolio,Auto,2017-09,47,361529.26099731564
decreciente,Loss Incurred,month,cumulative,Synthetic,Portfolio,Auto,2017-09,48,361279.27249523735
decreciente,Loss Incurred,month,cumulative,Synthetic,Portfolio,Auto,2017-09,49,361046.12699940096
decreciente,Loss Incurred,month,cumulative,Synthetic,Portfolio,Auto,2017-09,50,360828.6897101781
decreciente,Loss Incurred,month,cumulative,Synthetic,Portfolio,Auto,2017-09,51,360625.90228520567
decreciente,Loss Incurred,month,cumulative,Synthetic,Portfolio,Auto,2017-09,52,360436.7776880681
decreciente,Loss Incurred,month,cumulative,Synthetic,Portfolio,Auto,2017-09,53,360260.39538405044
decreciente,Loss Incurred,month,cumulative,Synthetic,Portfolio,Auto,2017-09,54,360095.8968595779
decreciente,Loss Incurred,month,cumulative,Synthetic,Portfolio,Auto,2017-09,55,359942.4814435342
decreciente,Loss Incurred,month,cumulative,Synthetic,Portfolio,Auto,2017-09,56,359799.40241011826
decreciente,Loss Incurred,month,cumulative,Synthetic,Portfolio,Auto,2017-09,57,359665.96334427234
decreciente,Loss Incurred,month,cumulative,Synthetic,Portfolio,Auto,2017-09,58,359541.5147519893
decreciente,Loss Incurred,month,cumulative,Synthetic,Portfolio,Auto,2017-09,59,359425.45089900104
decreciente,Loss Incurred,month,cumulative,Synthetic,Portfolio,Auto,2017-09,60,359317.20686246065
decreciente,Loss Incurred,month,cumulative,Synthetic,Portfolio,Auto,2017-09,61,359216.25578126806
decreciente,Loss Incurred,month,cumulative,Synthetic,Portfolio,Auto,2017-09,62,359122.10629165475
decreciente,Loss Incurred,month,cumulative,Synthetic,Portfolio,Auto,2017-09,63,359034.3001355469
decreciente,Loss Incurred,month,cumulative,Synthetic,Portfolio,Auto,2017-09,64,358952.4099300653
decreciente,Loss Incurred,month,cumulative,Synthetic,Portfolio,Auto,2017-09,65,358876.0370873048
decreciente,Loss Incurred,month,cumulative,Synthetic,Portfolio,Auto,2017-09,66,358804.8098742697
decreciente,Loss Incurred,month,cumulative,Synthetic,Portfolio,Auto,2017-09,67,358738.3816035211
decreciente,Loss Incurred,month,cumulative,Synthetic,Portfolio,Auto,2017-09,68,358676.4289457289
decreciente,Loss Incurred,month,cumulative,Synthetic,Portfolio,Auto,2017-09,69,358618.6503559169
decreciente,Loss Incurred,month,cumulative,Synthetic,Portfolio,Auto,2017-09,70,358564.76460573834
decreciente,Loss Incurred,month,cumulative,Synthetic,Portfolio,Auto,2017-09,71,358514.5094146419
decreciente,Loss Incurred,month,cumulative,Synthetic,Portfolio,Auto,2017-09,72,358467.6401732602
decreciente,Loss Incurred,month,cumulative,Synthetic,Portfolio,Auto,2017-09,73,358423.9287528126
decreciente,Loss Incurred,month,cumulative,Synthetic,Portfolio,Auto,2017-09,74,358383.1623947232
decreciente,Loss Incurred,month,cumulative,Synthetic,Portfolio,Auto,2017-09,75,358345.1426750513
decreciente,Loss Incurred,month,cumulative,Synthetic,Portfolio,Auto,2017-09,76,358309.68453869404
decreciente,Loss Incurred,month,cumulative,Synthetic,Portfolio,Auto,2017-09,77,358276.6153986586
decreciente,Loss Incurred,month,cumulative,Synthetic,Portfolio,Auto,2017-09,78,358245.77429602254
decreciente,Loss Incurred,month,cumulative,Synthetic,Portfolio,Auto,2017-09,79,358217.0111164906
decreciente,Loss Incurred,month,cumulative,Synthetic,Portfolio,Auto,2017-09,80,358190.1858597364
decreciente,Loss Incurred,month,cumulative,Synthetic,Portfolio,Auto,2017-09,81,358165.1679579734
decreciente,Loss Incurred,month,cumulative,Synthetic,Portfolio,Auto,2017-09,82,358141.83564043546
decreciente,Loss Incurred,month,cumulative,Synthetic,Portfolio,Auto,2017-09,83,358120.07534067705
decreciente,Loss Incurred,month,cumulative,Synthetic,Portfolio,Auto,2017-09,84,358099.7811438057
decreciente,Loss Incurred,month,cumulative,Synthetic,Portfolio,Auto,2017-09,85,358080.8542709583
decreciente,Loss Incurred,month,cumulative,Synthetic,Portfolio,Auto,2017-09,86,358063.2025985095
decreciente,Loss Incurred,month,cumulative,Synthetic,Portfolio,Auto,2017-09,87,358046.7402096748
decreciente,Loss Incurred,month,cumulative,Synthetic,Portfolio,Auto,2017-09,88,358031.3869763237
decreciente,Loss Incurred,month,cumulative,Synthetic,Portfolio,Auto,2017-09,89,358017.06816896814
decreciente,Loss Incurred,month,cumulative,Synthetic,Portfolio,Auto,2017-09,90,358003.7140930289
decreciente,Loss Incurred,month,cumulative,Synthetic,Portfolio,Auto,2017-09,91,357991.25974960753
decreciente,Loss Incurred,month,cumulative,Synthetic,Portfolio,Auto,2017-09,92,357979.64451911434
decreciente,Loss Incurred,month,cumulative,Synthetic,Portfolio,Auto,2017-09,93,357968.811866212
decreciente,Loss Incurred,month,cumulative,Synthetic,Portfolio,Auto,2017-09,94,357958.7090646385
decreciente,Loss Incurred,month,cumulative,Synthetic,Portfolio,Auto,2017-09,95,357949.28694057034
decreciente,Loss Incurred,month,cumulative,Synthetic,Portfolio,Auto,2017-09,96,357940.4996332765
decreciente,Loss Incurred,month,cumulative,Synthetic,Portfolio,Auto,2017-09,97,357932.3043718983
decreciente,Loss Incurred,month,cumulative,Synthetic,Portfolio,Auto,2017-09,98,357924.66126726876
decreciente,Loss Incurred,month,cumulative,Synthetic,Portfolio,Auto,2017-09,99,357917.5331177589
decreciente,Loss Incurred,month,cumulative,Synthetic,Portfolio,Auto,2017-10,0,434122.0315402994
decreciente,Loss Incurred,month,cumulative,Synthetic,Portfolio,Auto,2017-10,1,425630.83045648626
decreciente,Loss Incurred,month,cumulative,Synthetic,Portfolio,Auto,2017-10,2,417827.1459404249
decreciente,Loss Incurred,month,cumulative,Synthetic,Portfolio,Auto,2017-10,3,410655.31106981926
decreciente,Loss Incurred,month,cumulative,Synthetic,Portfolio,Auto,2017-10,4,404064.1661682831
decreciente,Loss Incurred,month,cumulative,Synthetic,Portfolio,Auto,2017-10,5,398006.693862123
decreciente,Loss Incurred,month,cumulative,Synthetic,Portfolio,Auto,2017-10,6,392439.6836858874
decreciente,Loss Incurred,month,cumulative,Synthetic,Portfolio,Auto,2017-10,7,387323.42384417163
decreciente,Loss Incurred,month,cumulative,Synthetic,Portfolio,Auto,2017-10,8,382621.41793089116
decreciente,Loss Incurred,month,cumulative,Synthetic,Portfolio,Auto,2017-10,9,378300.1245852603
decreciente,Loss Incurred,month,cumulative,Synthetic,Portfolio,Auto,2017-10,10,374328.7182273372
decreciente,Loss Incurred,month,cumulative,Synthetic,Portfolio,Auto,2017-10,11,370678.86916636146
decreciente,Loss Incurred,month,cumulative,Synthetic,Portfolio,Auto,2017-10,12,367324.54151330504
decreciente,Loss Incurred,month,cumulative,Synthetic,Portfolio,Auto,2017-10,13,364241.8074560641
decreciente,Loss Incurred,month,cumulative,Synthetic,Portfolio,Auto,2017-10,14,361408.67657243845
decreciente,Loss Incurred,month,cumulative,Synthetic,Portfolio,Auto,2017-10,15,358804.9389633185
decreciente,Loss Incurred,month,cumulative,Synthetic,Portfolio,Auto,2017-10,16,356412.0210870818
decreciente,Loss Incurred,month,cumulative,Synthetic,Portfolio,Auto,2017-10,17,354212.8532668083
decreciente,Loss Incurred,month,cumulative,Synthetic,Portfolio,Auto,2017-10,18,352191.74792518537
decreciente,Loss Incurred,month,cumulative,Synthetic,Portfolio,Auto,2017-10,19,350334.28767850506
decreciente,Loss Incurred,month,cumulative,Synthetic,Portfolio,Auto,2017-10,20,348627.2224914787
decreciente,Loss Incurred,month,cumulative,Synthetic,Portfolio,Auto,2017-10,21,347058.3751592326
decreciente,Loss Incurred,month,cumulative,Synthetic,Portfolio,Auto,2017-10,22,345616.5544422493
decreciente,Loss Incurred,month,cumulative,Synthetic,Portfolio,Auto,2017-10,23,344291.4752346084
decreciente,Loss Incurred,month,cumulative,Synthetic,Portfolio,Auto,2017-10,24,343073.6851960549
decreciente,Loss Incurred,month,cumulative,Synthetic,Portfolio,Auto,2017-10,25,341954.497324531
decreciente,Loss Incurred,month,cumulative,Synthetic,Portfolio,Auto,2017-10,26,340925.9279881832
decreciente,Loss Incurred,month,cumulative,Synthetic,Portfolio,Auto,2017-10,27,339980.6399748002
decreciente,Loss Incurred,month,cumulative,Synthetic,Portfolio,Auto,2017-10,28,339111.89015243197
decreciente,Loss Incurred,month,cumulative,Synthetic,Portfolio,Auto,2017-10,29,338313.48136782914
decreciente,Loss Incurred,month,cumulative,Synthetic,Portfolio,Auto,2017-10,30,337579.71823957504
decreciente,Loss Incurred,month,cumulative,Synthetic,Portfolio,Auto,2017-10,31,336905.3665305656
decreciente,Loss Incurred,month,cumulative,Synthetic,Portfolio,Auto,2017-10,32,336285.61581002164
decreciente,Loss Incurred,month,cumulative,Synthetic,Portfolio,Auto,2017-10,33,335716.04513868917
decreciente,Loss Incurred,month,cumulative,Synthetic,Portfolio,Auto,2017-10,34,335192.59153244336
decreciente,Loss Incurred,month,cumulative,Synthetic,Portfolio,Auto,2017-10,35,334711.52097933594
decreciente,Loss Incurred,month,cumulative,Synthetic,Portfolio,Auto,2017-10,36,334269.40180333686
decreciente,Loss Incurred,month,cumulative,Synthetic,Portfolio,Auto,2017-10,37,333863.0801847646
decreciente,Loss Incurred,month,cumulative,Synthetic,Portfolio,Auto,2017-10,38,333489.6576627803
decreciente,Loss Incurred,month,cumulative,Synthetic,Portfolio,Auto,2017-10,39,333146.4704594632
decreciente,Loss Incurred,month,cumulative,Synthetic,Portfolio,Auto,2017-10,40,332831.0704779762
decreciente,Loss Incurred,month,cumulative,Synthetic,Portfolio,Auto,2017-10,41,332541.20783927507
decreciente,Loss Incurred,month,cumulative,Synthetic,Portfolio,Auto,2017-10,42,332274.8148327865
decreciente,Loss Incurred,month,cumulative,Synthetic,Portfolio,Auto,2017-10,43,332029.9911665698
decreciente,Loss Incurred,month,cumulative,Synthetic,Portfolio,Auto,2017-10,44,331804.9904117458
decreciente,Loss Incurred,month,cumulative,Synthetic,Portfolio,Auto,2017-10,45,331598.207544494
decreciente,Loss Incurred,month,cumulative,Synthetic,Portfolio,Auto,2017-10,46,331408.16749675147
decreciente,Loss Incurred,month,cumulative,Synthetic,Portfolio,Auto,2017-10,47,331233.5146339395
decreciente,Loss Incurred,month,cumulative,Synthetic,Portfolio,Auto,2017-10,48,331073.0030846594
decreciente,Loss Incurred,month,cumulative,Synthetic,Portfolio,Auto,2017-10,49,330925.4878533744
decreciente,Loss Incurred,month,cumulative,Synthetic,Portfolio,Auto,2017-10,50,330789.91665268096
decreciente,Loss Incurred,month,cumulative,Synthetic,Portfolio,Auto,2017-10,51,330665.32239690586
decreciente,Loss Incurred,month,cumulative,Synthetic,Portfolio,Auto,2017-10,52,330550.81630348205
decreciente,Loss Incurred,month,cumulative,Synthetic,Portfolio,Auto,2017-10,53,330445.58155289426
decreciente,Loss Incurred,month,cumulative,Synthetic,Portfolio,Auto,2017-10,54,330348.8674619657
decreciente,Loss Incurred,month,cumulative,Synthetic,Portfolio,Auto,2017-10,55,330259.984128923
decreciente,Loss Incurred,month,cumulative,Synthetic,Portfolio,Auto,2017-10,56,330178.2975120411
decreciente,Loss Incurred,month,cumulative,Synthetic,Portfolio,Auto,2017-10,57,330103.2249067595
decreciente,Loss Incurred,month,cumulative,Synthetic,Portfolio,Auto,2017-10,58,330034.23078900954
decreciente,Loss Incurred,month,cumulative,Synthetic,Portfolio,Auto,2017-10,59,329970.82299509784
decreciente,Loss Incurred,month,cumulative,Synthetic,Portfolio,Auto,2017-10,60,329912.5492108991
decreciente,Loss Incurred,month,cumulative,Synthetic,Portfolio,Auto,2017-10,61,329858.9937453112
decreciente,Loss Incurred,month,cumulative,Synthetic,Portfolio,Auto,2017-10,62,329809.7745649581
decreciente,Loss Incurred,month,cumulative,Synthetic,Portfolio,Auto,2017-10,63,329764.5405689871
decreciente,Loss Incurred,month,cumulative,Synthetic,Portfolio,Auto,2017-10,64,329722.9690845204
decreciente,Loss Incurred,month,cumulative,Synthetic,Portfolio,Auto,2017-10,65,329684.763564896
decreciente,Loss Incurred,month,cumulative,Synthetic,Portfolio,Auto,2017-10,66,329649.6514742768
decreciente,Loss Incurred,month,cumulative,Synthetic,Portfolio,Auto,2017-10,67,329617.38234353927
decreciente,Loss Incurred,month,cumulative,Synthetic,Portfolio,Auto,2017-10,68,329587.7259835736
decreciente,Loss Incurred,month,cumulative,Synthetic,Portfolio,Auto,2017-10,69,329560.4708432486
decreciente,Loss Incurred,month,cumulative,Synthetic,Portfolio,Auto,2017-10,70,329535.4225003301
decreciente,Loss Incurred,month,cumulative,Synthetic,Portfolio,Auto,2017-10,71,329512.4022745862
decreciente,Loss Incurred,month,cumulative,Synthetic,Portfolio,Auto,2017-10,72,329491.2459531872
decreciente,Loss Incurred,month,cumulative,Synthetic,Portfolio,Auto,2017-10,73,329471.80261930655
decreciente,Loss Incurred,month,cumulative,Synthetic,Portfolio,Auto,2017-10,74,329453.9335755699
decreciente,Loss Incurred,month,cumulative,Synthetic,Portfolio,Auto,2017-10,75,329437.5113546675
decreciente,Loss Incurred,month,cumulative,Synthetic,Portfolio,Auto,2017-10,76,329422.418810078
decreciente,Loss Incurred,month,cumulative,Synthetic,Portfolio,Auto,2017-10,77,329408.5482804135
decreciente,Loss Incurred,month,cumulative,Synthetic,Portfolio,Auto,2017-10,78,329395.8008214257
decreciente,Loss Incurred,month,cumulative,Synthetic,Portfolio,Auto,2017-10,79,329384.0855001961
decreciente,Loss Incurred,month,cumulative,Synthetic,Portfolio,Auto,2017-10,80,329373.3187464733
decreciente,Loss Incurred,month,cumulative,Synthetic,Portfolio,Auto,2017-10,81,329363.42375653196
decreciente,Loss Incurred,month,cumulative,Synthetic,Portfolio,Auto,2017-10,82,329354.32994529954
decreciente,Loss Incurred,month,cumulative,Synthetic,Portfolio,Auto,2017-10,83,329345.9724428443
decreciente,Loss Incurred,month,cumulative,Synthetic,Portfolio,Auto,2017-10,84,329338.29163163045
decreciente,Loss Incurred,month,cumulative,Synthetic,Portfolio,Auto,2017-10,85,329331.2327212422
decreciente,Loss Incurred,month,cumulative,Synthetic,Portfolio,Auto,2017-10,86,329324.7453575402
decreciente,Loss Incurred,month,cumulative,Synthetic,Portfolio,Auto,2017-10,87,329318.7832634652
decreciente,Loss Incurred,month,cumulative,Synthetic,Portfolio,Auto,2017-10,88,329313.3039089243
decreciente,Loss Incurred,month,cumulative,Synthetic,Portfolio,Auto,2017-10,89,329308.2682074061
decreciente,Loss Incurred,month,cumulative,Synthetic,Portfolio,Auto,2017-10,90,329303.6402371606
decreciente,Loss Incurred,month,cumulative,Synthetic,Portfolio,Auto,2017-10,91,329299.386984954
decreciente,Loss Incurred,month,cumulative,Synthetic,Portfolio,Auto,2017-10,92,329295.47811057226
decreciente,Loss Incurred,month,cumulative,Synthetic,Portfolio,Auto,2017-10,93,329291.885730391
decreciente,Loss Incurred,month,cumulative,Synthetic,Portfolio,Auto,2017-10,94,329288.58421847067
decreciente,Loss Incurred,month,cumulative,Synthetic,Portfolio,Auto,2017-10,95,329285.55002375564
decreciente,Loss Incurred,month,cumulative,Synthetic,Portfolio,Auto,2017-10,96,329282.7615020752
decreciente,Loss Incurred,month,cumulative,Synthetic,Portfolio,Auto,2017-10,97,329280.19876174594
decreciente,Loss Incurred,month,cumulative,Synthetic,Portfolio,Auto,2017-10,98,329277.84352167696
decreciente,Loss Incurred,month,cumulative,Synthetic,Portfolio,Auto,2017-11,0,509148.5876505935
decreciente,Loss Incurred,month,cumulative,Synthetic,Portfolio,Auto,2017-11,1,500437.50345839676
decreciente,Loss Incurred,month,cumulative,Synthetic,Portfolio,Auto,2017-11,2,492348.19571806834
decreciente,Loss Incurred,month,cumulative,Synthetic,Portfolio,Auto,2017-11,3,484836.2835066863
decreciente,Loss Incurred,month,cumulative,Synthetic,Portfolio,Auto,2017-11,4,477860.5537059533
decreciente,Loss Incurred,month,cumulative,Synthetic,Portfolio,Auto,2017-11,5,471382.73489184317
decreciente,Loss Incurred,month,cumulative,Synthetic,Portfolio,Auto,2017-11,6,465367.2873634668
decreciente,Loss Incurred,month,cumulative,Synthetic,Portfolio,Auto,2017-11,7,459781.20815917855
decreciente,Loss Incurred,month,cumulative,Synthetic,Portfolio,Auto,2017-11,8,454593.84999016713
decreciente,Loss Incurred,month,cumulative,Synthetic,Portfolio,Auto,2017-11,9,449776.75309813744
decreciente,Loss Incurred,month,cumulative,Synthetic,Portfolio,Auto,2017-11,10,445303.48911458935
decreciente,Loss Incurred,month,cumulative,Synthetic,Portfolio,Auto,2017-11,11,441149.5160650505
decreciente,Loss Incurred,month,cumulative,Synthetic,Portfolio,Auto,2017-11,12,437292.0437227615
decreciente,Loss Incurred,month,cumulative,Synthetic,Portfolio,Auto,2017-11,13,433709.9085730938
decreciente,Loss Incurred,month,cumulative,Synthetic,Portfolio,Auto,2017-11,14,430383.4577027112
decreciente,Loss Incurred,month,cumulative,Synthetic,Portfolio,Auto,2017-11,15,427294.4409764449
decreciente,Loss Incurred,month,cumulative,Synthetic,Portfolio,Auto,2017-11,16,424425.91091032827
decreciente,Loss Incurred,month,cumulative,Synthetic,Portfolio,Auto,2017-11,17,421762.1296914544
decreciente,Loss Incurred,month,cumulative,Synthetic,Portfolio,Auto,2017-11,18,419288.4828345361
decreciente,Loss Incurred,month,cumulative,Synthetic,Portfolio,Auto,2017-11,19,416991.3990014544
decreciente,Loss Incurred,month,cumulative,Synthetic,Portfolio,Auto,2017-11,20,414858.2755438972
decreciente,Loss Incurred,month,cumulative,Synthetic,Portfolio,Auto,2017-11,21,412877.4093605865
decreciente,Loss Incurred,month,cumulative,Synthetic,Portfolio,Auto,2017-11,22,411037.9326897533
decreciente,Loss Incurred,month,cumulative,Synthetic,Portfolio,Auto,2017-11,23,409329.7534845914
decreciente,Loss Incurred,month,cumulative,Synthetic,Portfolio,Auto,2017-11,24,407743.5000445703
decreciente,Loss Incurred,month,cumulative,Synthetic,Portfolio,Auto,2017-11,25,406270.4695988333
decreciente,Loss Incurred,month,cumulative,Synthetic,Portfolio,Auto,2017-11,26,404902.580559589
decreciente,Loss Incurred,month,cumulative,Synthetic,Portfolio,Auto,2017-11,27,403632.3281835436
decreciente,Loss Incurred,month,cumulative,Synthetic,Portfolio,Auto,2017-11,28,402452.7433981135
decreciente,Loss Incurred,month,cumulative,Synthetic,Portfolio,Auto,2017-11,29,401357.35456652584
decreciente,Loss Incurred,month,cumulative,Synthetic,Portfolio,Auto,2017-11,30,400340.1519820336
decreciente,Loss Incurred,month,cumulative,Synthetic,Portfolio,Auto,2017-11,31,399395.55489645083
decreciente,Loss Incurred,month,cumulative,Synthetic,Portfolio,Auto,2017-11,32,398518.38090211136
decreciente,Loss Incurred,month,cumulative,Synthetic,Portfolio,Auto,2017-11,33,397703.81749927095
decreciente,Loss Incurred,month,cumulative,Synthetic,Portfolio,Auto,2017-11,34,396947.3956929603
decreciente,Loss Incurred,month,cumulative,Synthetic,Portfolio,Auto,2017-11,35,396244.96547443216
decreciente,Loss Incurred,month,cumulative,Synthetic,Portfolio,Auto,2017-11,36,395592.67305268394
decreciente,Loss Incurred,month,cumulative,Synthetic,Portfolio,Auto,2017-11,37,394986.9397111406
decreciente,Loss Incurred,month,cumulative,Synthetic,Portfolio,Auto,2017-11,38,394424.4421734963
decreciente,Loss Incurred,month,cumulative,Synthetic,Portfolio,Auto,2017-11,39,393902.0943709969
decreciente,Loss Incurred,month,cumulative,Synthetic,Portfolio,Auto,2017-11,40,393417.03051112895
decreciente,Loss Incurred,month,cumulative,Synthetic,Portfolio,Auto,2017-11,41,392966.5893548262
decreciente,Loss Incurred,month,cumulative,Synthetic,Portfolio,Auto,2017-11,42,392548.29961593164
decreciente,Loss Incurred,month,cumulative,Synthetic,Portfolio,Auto,2017-11,43,392159.866402811
decreciente,Loss Incurred,month,cumulative,Synthetic,Portfolio,Auto,2017-11,44,391799.15862773143
decreciente,Loss Incurred,month,cumulative,Synthetic,Portfolio,Auto,2017-11,45,391464.1973149294
decreciente,Loss Incurred,month,cumulative,Synthetic,Portfolio,Auto,2017-11,46,391153.1447432199
decreciente,Loss Incurred,month,cumulative,Synthetic,Portfolio,Auto,2017-11,47,390864.29436358146
decreciente,Loss Incurred,month,cumulative,Synthetic,Portfolio,Auto,2017-11,48,390596.06143639894
decreciente,Loss Incurred,month,cumulative,Synthetic,Portfolio,Auto,2017-11,49,390346.9743369985
decreciente,Loss Incurred,month,cumulative,Synthetic,Portfolio,Auto,2017-11,50,390115.6664817716
decreciente,Loss Incurred,month,cumulative,Synthetic,Portfolio,Auto,2017-11,51,389900.8688305951
decreciente,Loss Incurred,month,cumulative,Synthetic,Portfolio,Auto,2017-11,52,389701.40292440826
decreciente,Loss Incurred,month,cumulative,Synthetic,Portfolio,Auto,2017-11,53,389516.17441975273
decreciente,Loss Incurred,month,cumulative,Synthetic,Portfolio,Auto,2017-11,54,389344.16708480107
decreciente,Loss Incurred,month,cumulative,Synthetic,Portfolio,Auto,2017-11,55,389184.4372239343
decreciente,Loss Incurred,month,cumulative,Synthetic,Portfolio,Auto,2017-11,56,389036.1085002803
decreciente,Loss Incurred,month,cumulative,Synthetic,Portfolio,Auto,2017-11,57,388898.36712780665
decreciente,Loss Incurred,month,cumulative,Synthetic,Portfolio,Auto,2017-11,58,388770.45740659034
decreciente,Loss Incurred,month,cumulative,Synthetic,Portfolio,Auto,2017-11,59,388651.6775767703
decreciente,Loss Incurred,month,cumulative,Synthetic,Portfolio,Auto,2017-11,60,388541.3759684333
decreciente,Loss Incurred,month,cumulative,Synthetic,Portfolio,Auto,2017-11,61,388438.94742631324
decreciente,Loss Incurred,month,cumulative,Synthetic,Portfolio,Auto,2017-11,62,388343.8299896865
decreciente,Loss Incurred,month,cumulative,Synthetic,Portfolio,Auto,2017-11,63,388255.5018092477
decreciente,Loss Incurred,month,cumulative,Synthetic,Portfolio,Auto,2017-11,64,388173.478284053
decreciente,Loss Incurred,month,cumulative,Synthetic,Portfolio,Auto,2017-11,65,388097.30940281984
decreciente,Loss Incurred,month,cumulative,Synthetic,Portfolio,Auto,2017-11,66,388026.5772750001
decreciente,Loss Incurred,month,cumulative,Synthetic,Portfolio,Auto,2017-11,67,387960.8938380779
decreciente,Loss Incurred,month,cumulative,Synthetic,Portfolio,Auto,2017-11,68,387899.89872851595
decreciente,Loss Incurred,month,cumulative,Synthetic,Portfolio,Auto,2017-11,69,387843.2573046684
decreciente,Loss Incurred,month,cumulative,Synthetic,Portfolio,Auto,2017-11,70,387790.65881081356
decreciente,Loss Incurred,month,cumulative,Synthetic,Portfolio,Auto,2017-11,71,387741.8146722331
decreciente,Loss Incurred,month,cumulative,Synthetic,Portfolio,Auto,2017-11,72,387696.4569119851
decreciente,Loss Incurred,month,cumulative,Synthetic,Portfolio,Auto,2017-11,73,387654.3366806841
decreciente,Loss Incurred,month,cumulative,Synthetic,Portfolio,Auto,2017-11,74,387615.2228912213
decreciente,Loss Incurred,month,cumulative,Synthetic,Portfolio,Auto,2017-11,75,387578.9009509352
decreciente,Loss Incurred,month,cumulative,Synthetic,Portfolio,Auto,2017-11,76,387545.1715842781
decreciente,Loss Incurred,month,cumulative,Synthetic,Portfolio,Auto,2017-11,77,387513.84973951615
decreciente,Loss Incurred,month,cumulative,Synthetic,Portfolio,Auto,2017-11,78,387484.763573468
decreciente,Loss Incurred,month,cumulative,Synthetic,Portfolio,Auto,2017-11,79,387457.7535087092
decreciente,Loss Incurred,month,cumulative,Synthetic,Portfolio,Auto,2017-11,80,387432.6713580724
decreciente,Loss Incurred,month,cumulative,Synthetic,Portfolio,Auto,2017-11,81,387409.37951163686
decreciente,Loss Incurred,month,cumulative,Synthetic,Portfolio,Auto,2017-11,82,387387.75018175086
decreciente,Loss Incurred,month,cumulative,Synthetic,Portfolio,Auto,2017-11,83,387367.664701941
decreciente,Loss Incurred,month,cumulative,Synthetic,Portfolio,Auto,2017-11,84,387349.0128758641
decreciente,Loss Incurred,month,cumulative,Synthetic,Portfolio,Auto,2017-11,85,387331.69237272965
decreciente,Loss Incurred,month,cumulative,Synthetic,Portfolio,Auto,2017-11,86,387315.6081658755
decreciente,Loss Incurred,month,cumulative,Synthetic,Portfolio,Auto,2017-11,87,387300.6720114161
decreciente,Loss Incurred,month,cumulative,Synthetic,Portfolio,Auto,2017-11,88,387286.8019641048
decreciente,Loss Incurred,month,cumulative,Synthetic,Portfolio,Auto,2017-11,89,387273.9219277513
decreciente,Loss Incurred,month,cumulative,Synthetic,Portfolio,Auto,2017-11,90,387261.9612377302
decreciente,Loss Incurred,month,cumulative,Synthetic,Portfolio,Auto,2017-11,91,387250.85427328903
decreciente,Loss Incurred,month,cumulative,Synthetic,Portfolio,Auto,2017-11,92,387240.54009752814
decreciente,Loss Incurred,month,cumulative,Synthetic,Portfolio,Auto,2017-11,93,387230.962123079
decreciente,Loss Incurred,month,cumulative,Synthetic,Portfolio,Auto,2017-11,94,387222.0678016445
decreciente,Loss Incurred,month,cumulative,Synthetic,Portfolio,Auto,2017-11,95,387213.80833570013
decreciente,Loss Incurred,month,cumulative,Synthetic,Portfolio,Auto,2017-11,96,387206.1384107721
decreciente,Loss Incurred,month,cumulative,Synthetic,Portfolio,Auto,2017-11,97,387199.01594682626
decreciente,Loss Incurred,month,cumulative,Synthetic,Portfolio,Auto,2017-12,0,391473.5097878662
decreciente,Loss Incurred,month,cumulative,Synthetic,Portfolio,Auto,2017-12,1,386411.7726019896
decreciente,Loss Incurred,month,cumulative,Synthetic,Portfolio,Auto,2017-12,2,381679.34218450624
decreciente,Loss Incurred,month,cumulative,Synthetic,Portfolio,Auto,2017-12,3,377254.79447807634
decreciente,Loss Incurred,month,cumulative,Synthetic,Portfolio,Auto,2017-12,4,373118.0992328275
decreciente,Loss Incurred,month,cumulative,Synthetic,Portfolio,Auto,2017-12,5,369250.52932795417
decreciente,Loss Incurred,month,cumulative,Synthetic,Portfolio,Auto,2017-12,6,365634.5759926773
decreciente,Loss Incurred,month,cumulative,Synthetic,Portfolio,Auto,2017-12,7,362253.869542763
decreciente,Loss Incurred,month,cumulative,Synthetic,Portfolio,Auto,2017-12,8,359093.105273769
decreciente,Loss Incurred,month,cumulative,Synthetic,Portfolio,Auto,2017-12,9,356137.97417553305
decreciente,Loss Incurred,month,cumulative,Synthetic,Portfolio,Auto,2017-12,10,353375.0981542405
decreciente,Loss Incurred,month,cumulative,Synthetic,Portfolio,Auto,2017-12,11,350791.9694688196
decreciente,Loss Incurred,month,cumulative,Synthetic,Portfolio,Auto,2017-12,12,348376.8941074854
decreciente,Loss Incurred,month,cumulative,Synthetic,Portfolio,Auto,2017-12,13,346118.9388480969
decreciente,Loss Incurred,month,cumulative,Synthetic,Portfolio,Auto,2017-12,14,344007.88176266354
decreciente,Loss Incurred,month,cumulative,Synthetic,Portfolio,Auto,2017-12,15,342034.1659419321
decreciente,Loss Incurred,month,cumulative,Synthetic,Portfolio,Auto,2017-12,16,340188.8562305629
decreciente,Loss Incurred,month,cumulative,Synthetic,Portfolio,Auto,2017-12,17,338463.5987770294
decreciente,Loss Incurred,month,cumulative,Synthetic,Portfolio,Auto,2017-12,18,336850.58321512444
decreciente,Loss Incurred,month,cumulative,Synthetic,Portfolio,Auto,2017-12,19,335342.50730586314
decreciente,Loss Incurred,month,cumulative,Synthetic,Portfolio,Auto,2017-12,20,333932.54387971456
decreciente,Loss Incurred,month,cumulative,Synthetic,Portfolio,Auto,2017-12,21,332614.30992950825
decreciente,Loss Incurred,month,cumulative,Synthetic,Portfolio,Auto,2017-12,22,331381.83771409525
decreciente,Loss Incurred,month,cumulative,Synthetic,Portfolio,Auto,2017-12,23,330229.5477419494
decreciente,Loss Incurred,month,cumulative,Synthetic,Portfolio,Auto,2017-12,24,329152.2235124023
decreciente,Loss Incurred,month,cumulative,Synthetic,Portfolio,Auto,2017-12,25,328144.98790016514
decreciente,Loss Incurred,month,cumulative,Synthetic,Portfolio,Auto,2017-12,26,327203.28107622656
decreciente,Loss Incurred,month,cumulative,Synthetic,Portfolio,Auto,2017-12,27,326322.83986517484
decreciente,Loss Incurred,month,cumulative,Synthetic,Portfolio,Auto,2017-12,28,325499.6784454922
decreciente,Loss Incurred,month,cumulative,Synthetic,Portfolio,Auto,2017-12,29,324730.0703054499
decreciente,Loss Incurred,month,cumulative,Synthetic,Portfolio,Auto,2017-12,30,324010.53137291875
decreciente,Loss Incurred,month,cumulative,Synthetic,Portfolio,Auto,2017-12,31,323337.8042427203
decreciente,Loss Incurred,month,cumulative,Synthetic,Portfolio,Auto,2017-12,32,322708.84343011613
decreciente,Loss Incurred,month,cumulative,Synthetic,Portfolio,Auto,2017-12,33,322120.8015836769
decreciente,Loss Incurred,month,cumulative,Synthetic,Portfolio,Auto,2017-12,34,321571.0165951148
decreciente,Loss Incurred,month,cumulative,Synthetic,Portfolio,Auto,2017-12,35,321056.99954772496
decreciente,Loss Incurred,month,cumulative,Synthetic,Portfolio,Auto,2017-12,36,320576.4234488789
decreciente,Loss Incurred,month,cumulative,Synthetic,Portfolio,Auto,2017-12,37,320127.11269555887
decreciente,Loss Incurred,month,cumulative,Synthetic,Portfolio,Auto,2017-12,38,319707.0332252444
decreciente,Loss Incurred,month,cumulative,Synthetic,Portfolio,Auto,2017-12,39,319314.2833075633
decreciente,Loss Incurred,month,cumulative,Synthetic,Portfolio,Auto,2017-12,40,318947.0849350195
decreciente,Loss Incurred,month,cumulative,Synthetic,Portfolio,Auto,2017-12,41,318603.7757738237
decreciente,Loss Incurred,month,cumulative,Synthetic,Portfolio,Auto,2017-12,42,318282.80163838726
decreciente,Loss Incurred,month,cumulative,Synthetic,Portfolio,Auto,2017-12,43,317982.70945541037
decreciente,Loss Incurred,month,cumulative,Synthetic,Portfolio,Auto,2017-12,44,317702.1406857138
decreciente,Loss Incurred,month,cumulative,Synthetic,Portfolio,Auto,2017-12,45,317439.82517403277
decreciente,Loss Incurred,month,cumulative,Synthetic,Portfolio,Auto,2017-12,46,317194.57539893175
decreciente,Loss Incurred,month,cumulative,Synthetic,Portfolio,Auto,2017-12,47,316965.2810968081
decreciente,Loss Incurred,month,cumulative,Synthetic,Portfolio,Auto,2017-12,48,316750.90423564793
decreciente,Loss Incurred,month,cumulative,Synthetic,Portfolio,Auto,2017-12,49,316550.47431577975
decreciente,Loss Incurred,month,cumulative,Synthetic,Portfolio,Auto,2017-12,50,316363.08397635154
decreciente,Loss Incurred,month,cumulative,Synthetic,Portfolio,Auto,2017-12,51,316187.8848876421
decreciente,Loss Incurred,month,cumulative,Synthetic,Portfolio,Auto,2017-12,52,316024.0839106104
decreciente,Loss Incurred,month,cumulative,Synthetic,Portfolio,Auto,2017-12,53,315870.93950629776
decreciente,Loss Incurred,month,cumulative,Synthetic,Portfolio,Auto,2017-12,54,315727.7583788266
decreciente,Loss Incurred,month,cumulative,Synthetic,Portfolio,Auto,2017-12,55,315593.89233679965
decreciente,Loss Incurred,month,cumulative,Synthetic,Portfolio,Auto,2017-12,56,315468.73535889015
decreciente,Loss Incurred,month,cumulative,Synthetic,Portfolio,Auto,2017-12,57,315351.7208503392
decreciente,Loss Incurred,month,cumulative,Synthetic,Portfolio,Auto,2017-12,58,315242.31907794013
decreciente,Loss Incurred,month,cumulative,Synthetic,Portfolio,Auto,2017-12,59,315140.0347718974
decreciente,Loss Incurred,month,cumulative,Synthetic,Portfolio,Auto,2017-12,60,315044.4048837044
decreciente,Loss Incurred,month,cumulative,Synthetic,Portfolio,Auto,2017-12,61,314954.996489889
decreciente,Loss Incurred,month,cumulative,Synthetic,Portfolio,Auto,2017-12,62,314871.40483213734
decreciente,Loss Incurred,month,cumulative,Synthetic,Portfolio,Auto,2017-12,63,314793.25148492376
decreciente,Loss Incurred,month,cumulative,Synthetic,Portfolio,Auto,2017-12,64,314720.18264235056
decreciente,Loss Incurred,month,cumulative,Synthetic,Portfolio,Auto,2017-12,65,314651.86751644313
decreciente,Loss Incurred,month,cumulative,Synthetic,Portfolio,Auto,2017-12,66,314587.99683964846
decreciente,Loss Incurred,month,cumulative,Synthetic,Portfolio,Auto,2017-12,67,314528.2814647587
decreciente,Loss Incurred,month,cumulative,Synthetic,Portfolio,Auto,2017-12,68,314472.4510559203
decreciente,Loss Incurred,month,cumulative,Synthetic,Portfolio,Auto,2017-12,69,314420.2528648043
decreciente,Loss Incurred,month,cumulative,Synthetic,Portfolio,Auto,2017-12,70,314371.4505863959
decreciente,Loss Incurred,month,cumulative,Synthetic,Portfolio,Auto,2017-12,71,314325.8232892248
decreciente,Loss Incurred,month,cumulative,Synthetic,Portfolio,Auto,2017-12,72,314283.1644151919
decreciente,Loss Incurred,month,cumulative,Synthetic,Portfolio,Auto,2017-12,73,314243.280844466
decreciente,Loss Incurred,month,cumulative,Synthetic,Portfolio,Auto,2017-12,74,314205.9920212161
decreciente,Loss Incurred,month,cumulative,Synthetic,Portfolio,Auto,2017-12,75,314171.1291362224
decreciente,Loss Incurred,month,cumulative,Synthetic,Portfolio,Auto,2017-12,76,314138.53436266404
decreciente,Loss Incurred,month,cumulative,Synthetic,Portfolio,Auto,2017-12,77,314108.0601416261
decreciente,Loss Incurred,month,cumulative,Synthetic,Portfolio,Auto,2017-12,78,314079.5685140893
decreciente,Loss Incurred,month,cumulative,Synthetic,Portfolio,Auto,2017-12,79,314052.9304963797
decreciente,Loss Incurred,month,cumulative,Synthetic,Portfolio,Auto,2017-12,80,314028.02549624996
decreciente,Loss Incurred,month,cumulative,Synthetic,Portfolio,Auto,2017-12,81,314004.74076695
decreciente,Loss Incurred,month,cumulative,Synthetic,Portfolio,Auto,2017-12,82,313982.9708968134
decreciente,Loss Incurred,month,cumulative,Synthetic,Portfolio,Auto,2017-12,83,313962.61733205174
decreciente,Loss Incurred,month,cumulative,Synthetic,Portfolio,Auto,2017-12,84,313943.5879305942
decreciente,Loss Incurred,month,cumulative,Synthetic,Portfolio,Auto,2017-12,85,313925.79654495395
decreciente,Loss Incurred,month,cumulative,Synthetic,Portfolio,Auto,2017-12,86,313909.16263223154
decreciente,Loss Incurred,month,cumulative,Synthetic,Portfolio,Auto,2017-12,87,313893.61088949227
decreciente,Loss Incurred,month,cumulative,Synthetic,Portfolio,Auto,2017-12,88,313879.07091286324
decreciente,Loss Incurred,month,cumulative,Synthetic,Portfolio,Auto,2017-12,89,313865.476878811
decreciente,Loss Incurred,month,cumulative,Synthetic,Portfolio,Auto,2017-12,90,313852.7672461527
decreciente,Loss Incurred,month,cumulative,Synthetic,Portfolio,Auto,2017-12,91,313840.8844774553
decreciente,Loss Incurred,month,cumulative,Synthetic,Portfolio,Auto,2017-12,92,313829.7747785588
decreciente,Loss Incurred,month,cumulative,Synthetic,Portfolio,Auto,2017-12,93,313819.38785504707
decreciente,Loss Incurred,month,cumulative,Synthetic,Portfolio,Auto,2017-12,94,313809.67668456025
decreciente,Loss Incurred,month,cumulative,Synthetic,Portfolio,Auto,2017-12,95,313800.5973039222
decreciente,Loss Incurred,month,cumulative,Synthetic,Portfolio,Auto,2017-12,96,313792.10861011484
decreciente,Loss Incurred,month,cumulative,Synthetic,Portfolio,Auto,2018-01,0,549895.4831948172
decreciente,Loss Incurred,month,cumulative,Synthetic,Portfolio,Auto,2018-01,1,541234.807471367
decreciente,Loss Incurred,month,cumulative,Synthetic,Portfolio,Auto,2018-01,2,533208.9917098099
decreciente,Loss Incurred,month,cumulative,Synthetic,Portfolio,Auto,2018-01,3,525771.4982975984
decreciente,Loss Incurred,month,cumulative,Synthetic,Portfolio,Auto,2018-01,4,518879.2010034532
decreciente,Loss Incurred,month,cumulative,Synthetic,Portfolio,Auto,2018-01,5,512492.13491034106
decreciente,Loss Incurred,month,cumulative,Synthetic,Portfolio,Auto,2018-01,6,506573.26467930264
decreciente,Loss Incurred,month,cumulative,Synthetic,Portfolio,Auto,2018-01,7,501088.26980040915
decreciente,Loss Incurred,month,cumulative,Synthetic,Portfolio,Auto,2018-01,8,496005.345585629
decreciente,Loss Incurred,month,cumulative,Synthetic,Portfolio,Auto,2018-01,9,491295.01874966116
decreciente,Loss Incurred,month,cumulative,Synthetic,Portfolio,Auto,2018-01,10,486929.9765093846
decreciente,Loss Incurred,month,cumulative,Synthetic,Portfolio,Auto,2018-01,11,482884.9082109589
decreciente,Loss Incurred,month,cumulative,Synthetic,Portfolio,Auto,2018-01,12,479136.3585662497
decreciente,Loss Incurred,month,cumulative,Synthetic,Portfolio,Auto,2018-01,13,475662.5916475754
decreciente,Loss Incurred,month,cumulative,Synthetic,Portfolio,Auto,2018-01,14,472443.4648521472
decreciente,Loss Incurred,month,cumulative,Synthetic,Portfolio,Auto,2018-01,15,469460.3121053884
decreciente,Loss Incurred,month,cumulative,Synthetic,Portfolio,Auto,2018-01,16,466695.83562588657
decreciente,Loss Incurred,month,cumulative,Synthetic,Portfolio,Auto,2018-01,17,464134.00562438177
decreciente,Loss Incurred,month,cumulative,Synthetic,Portfolio,Auto,2018-01,18,461759.9673551926
decreciente,Loss Incurred,month,cumulative,Synthetic,Portfolio,Auto,2018-01,19,459559.95498112263
decreciente,Loss Incurred,month,cumulative,Synthetic,Portfolio,Auto,2018-01,20,457521.21175239014
decreciente,Loss Incurred,month,cumulative,Synthetic,Portfolio,Auto,2018-01,21,455631.9160367424
decreciente,Loss Incurred,month,cumulative,Synthetic,Portfolio,Auto,2018-01,22,453881.1127718387
decreciente,Loss Incurred,month,cumulative,Synthetic,Portfolio,Auto,2018-01,23,452258.6499424312
decreciente,Loss Incurred,month,cumulative,Synthetic,Portfolio,Auto,2018-01,24,450755.11971400556
decreciente,Loss Incurred,month,cumulative,Synthetic,Portfolio,Auto,2018-01,25,449361.8038815466
decreciente,Loss Incurred,month,cumulative,Synthetic,Portfolio,Auto,2018-01,26,448070.62331711355
decreciente,Loss Incurred,month,cumulative,Synthetic,Portfolio,Auto,2018-01,27,446874.0911230972
decreciente,Loss Incurred,month,cumulative,Synthetic,Portfolio,Auto,2018-01,28,445765.2692195194
decreciente,Loss Incurred,month,cumulative,Synthetic,Portfolio,Auto,2018-01,29,444737.7281136449
decreciente,Loss Incurred,month,cumulative,Synthetic,Portfolio,Auto,2018-01,30,443785.5096186322
decreciente,Loss Incurred,month,cumulative,Synthetic,Portfolio,Auto,2018-01,31,442903.0923050472
decreciente,Loss Incurred,month,cumulative,Synthetic,Portfolio,Auto,2018-01,32,442085.35948490864
decreciente,Loss Incurred,month,cumulative,Synthetic,Portfolio,Auto,2018-01,33,441327.56954262505
decreciente,Loss Incurred,month,cumulative,Synthetic,Portfolio,Auto,2018-01,34,440625.3284407833
decreciente,Loss Incurred,month,cumulative,Synthetic,Portfolio,Auto,2018-01,35,439974.5642413671
decreciente,Loss Incurred,month,cumulative,Synthetic,Portfolio,Auto,2018-01,36,439371.5034946646
decreciente,Loss Incurred,month,cumulative,Synthetic,Portfolio,Auto,2018-01,37,438812.64935895836
decreciente,Loss Incurred,month,cumulative,Synthetic,Portfolio,Auto,2018-01,38,438294.7613241232
decreciente,Loss Incurred,month,cumulative,Synthetic,Portfolio,Auto,2018-01,39,437814.8364215606
decreciente,Loss Incurred,month,cumulative,Synthetic,Portfolio,Auto,2018-01,40,437370.09181151586
decreciente,Loss Incurred,month,cumulative,Synthetic,Portfolio,Auto,2018-01,41,436957.94864680874
decreciente,Loss Incurred,month,cumulative,Synthetic,Portfolio,Auto,2018-01,42,436576.01711941435
decreciente,Loss Incurred,month,cumulative,Synthetic,Portfolio,Auto,2018-01,43,436222.08260318503
decreciente,Loss Incurred,month,cumulative,Synthetic,Portfolio,Auto,2018-01,44,435894.09281236306
decreciente,Loss Incurred,month,cumulative,Synthetic,Portfolio,Auto,2018-01,45,435590.1459014216
decreciente,Loss Incurred,month,cumulative,Synthetic,Portfolio,Auto,2018-01,46,435308.47943723266
decreciente,Loss Incurred,month,cumulative,Synthetic,Portfolio,Auto,2018-01,47,435047.46017961646
decreciente,Loss Incurred,month,cumulative,Synthetic,Portfolio,Auto,2018-01,48,434805.5746110142
decreciente,Loss Incurred,month,cumulative,Synthetic,Portfolio,Auto,2018-01,49,434581.42016037204
decreciente,Loss Incurred,month,cumulative,Synthetic,Portfolio,Auto,2018-01,50,434373.697070346
decreciente,Loss Incurred,month,cumulative,Synthetic,Portfolio,Auto,2018-01,51,434181.2008606732
decreciente,Loss Incurred,month,cumulative,Synthetic,Portfolio,Auto,2018-01,52,434002.8153440039
decreciente,Loss Incurred,month,cumulative,Synthetic,Portfolio,Auto,2018-01,53,433837.5061537013
decreciente,Loss Incurred,month,cumulative,Synthetic,Portfolio,Auto,2018-01,54,433684.31474607607
decreciente,Loss Incurred,month,cumulative,Synthetic,Portfolio,Auto,2018-01,55,433542.3528422808
decreciente,Loss Incurred,month,cumulative,Synthetic,Portfolio,Auto,2018-01,56,433410.7972776341
decreciente,Loss Incurred,month,cumulative,Synthetic,Portfolio,Auto,2018-01,57,433288.8852285081
decreciente,Loss Incurred,month,cumulative,Synthetic,Portfolio,Auto,2018-01,58,433175.90978910326
decreciente,Loss Incurred,month,cumulative,Synthetic,Portfolio,Auto,2018-01,59,433071.21587246243
decreciente,Loss Incurred,month,cumulative,Synthetic,Portfolio,Auto,2018-01,60,432974.19641195546
decreciente,Loss Incurred,month,cumulative,Synthetic,Portfolio,Auto,2018-01,61,432884.2888412094
decreciente,Loss Incurred,month,cumulative,Synthetic,Portfolio,Auto,2018-01,62,432800.9718320731
decreciente,Loss Incurred,month,cumulative,Synthetic,Portfolio,Auto,2018-01,63,432723.7622717012
decreciente,Loss Incurred,month,cumulative,Synthetic,Portfolio,Auto,2018-01,64,432652.2124612287
decreciente,Loss Incurred,month,cumulative,Synthetic,Portfolio,Auto,2018-01,65,432585.90751979424
decreciente,Loss Incurred,month,cumulative,Synthetic,Portfolio,Auto,2018-01,66,432524.46297885705
decreciente,Loss Incurred,month,cumulative,Synthetic,Portfolio,Auto,2018-01,67,432467.5225528599
decreciente,Loss Incurred,month,cumulative,Synthetic,Portfolio,Auto,2018-01,68,432414.75607331144
decreciente,Loss Incurred,month,cumulative,Synthetic,Portfolio,Auto,2018-01,69,432365.85757430695
decreciente,Loss Incurred,month,cumulative,Synthetic,Portfolio,Auto,2018-01,70,432320.5435183882
decreciente,Loss Incurred,month,cumulative,Synthetic,Portfolio,Auto,2018-01,71,432278.5511524543
decreciente,Loss Incurred,month,cumulative,Synthetic,Portfolio,Auto,2018-01,72,432239.6369841909
decreciente,Loss Incurred,month,cumulative,Synthetic,Portfolio,Auto,2018-01,73,432203.57537018193
decreciente,Loss Incurred,month,cumulative,Synthetic,Portfolio,Auto,2018-01,74,432170.15720751864
decreciente,Loss Incurred,month,cumulative,Synthetic,Portfolio,Auto,2018-01,75,432139.18872131855
decreciente,Loss Incurred,month,cumulative,Synthetic,Portfolio,Auto,2018-01,76,432110.4903411236
decreciente,Loss Incurred,month,cumulative,Synthetic,Portfolio,Auto,2018-01,77,432083.89565966284
decreciente,Loss Incurred,month,cumulative,Synthetic,Portfolio,Auto,2018-01,78,432059.2504679415
decreciente,Loss Incurred,month,cumulative,Synthetic,Portfolio,Auto,2018-01,79,432036.4118610614
decreciente,Loss Incurred,month,cumulative,Synthetic,Portfolio,Auto,2018-01,80,432015.24740958866
decreciente,Loss Incurred,month,cumulative,Synthetic,Portfolio,Auto,2018-01,81,431995.63439166266
decreciente,Loss Incurred,month,cumulative,Synthetic,Portfolio,Auto,2018-01,82,431977.45908139495
decreciente,Loss Incurred,month,cumulative,Synthetic,Portfolio,Auto,2018-01,83,431960.61608943046
decreciente,Loss Incurred,month,cumulative,Synthetic,Portfolio,Auto,2018-01,84,431945.00775184826
decreciente,Loss Incurred,month,cumulative,Synthetic,Portfolio,Auto,2018-01,85,431930.54356385896
decreciente,Loss Incurred,month,cumulative,Synthetic,Portfolio,Auto,2018-01,86,431917.1396550129
decreciente,Loss Incurred,month,cumulative,Synthetic,Portfolio,Auto,2018-01,87,431904.7183028784
decreciente,Loss Incurred,month,cumulative,Synthetic,Portfolio,Auto,2018-01,88,431893.20748236927
decreciente,Loss Incurred,month,cumulative,Synthetic,Portfolio,Auto,2018-01,89,431882.5404481076
decreciente,Loss Incurred,month,cumulative,Synthetic,Portfolio,Auto,2018-01,90,431872.6553474019
decreciente,Loss Incurred,month,cumulative,Synthetic,Portfolio,Auto,2018-01,91,431863.4948615943
decreciente,Loss Incurred,month,cumulative,Synthetic,Portfolio,Auto,2018-01,92,431855.0058736994
decreciente,Loss Incurred,month,cumulative,Synthetic,Portfolio,Auto,2018-01,93,431847.1391604056
decreciente,Loss Incurred,month,cumulative,Synthetic,Portfolio,Auto,2018-01,94,431839.8491066546
decreciente,Loss Incurred,month,cumulative,Synthetic,Portfolio,Auto,2018-01,95,431833.0934411423
decreciente,Loss Incurred,month,cumulative,Synthetic,Portfolio,Auto,2018-02,0,517955.40631591337
decreciente,Loss Incurred,month,cumulative,Synthetic,Portfolio,Auto,2018-02,1,510686.7396775145
decreciente,Loss Incurred,month,cumulative,Synthetic,Portfolio,Auto,2018-02,2,503928.47893283714
decreciente,Loss Incurred,month,cumulative,Synthetic,Portfolio,Auto,2018-02,3,497644.78337143123
decreciente,Loss Incurred,month,cumulative,Synthetic,Portfolio,Auto,2018-02,4,491802.32901813777
decreciente,Loss Incurred,month,cumulative,Synthetic,Portfolio,Auto,2018-02,5,486370.1319078944
decreciente,Loss Incurred,month,cumulative,Synthetic,Portfolio,Auto,2018-02,6,481319.38377018727
decreciente,Loss Incurred,month,cumulative,Synthetic,Portfolio,Auto,2018-02,7,476623.29925174284
decreciente,Loss Incurred,month,cumulative,Synthetic,Portfolio,Auto,2018-02,8,472256.97386724554
decreciente,Loss Incurred,month,cumulative,Synthetic,Portfolio,Auto,2018-02,9,468197.25192475785
decreciente,Loss Incurred,month,cumulative,Synthetic,Portfolio,Auto,2018-02,10,464422.6037254199
decreciente,Loss Incurred,month,cumulative,Synthetic,Portfolio,Auto,2018-02,11,460913.0113861885
decreciente,Loss Incurred,month,cumulative,Synthetic,Portfolio,Auto,2018-02,12,457649.86268010427
decreciente,Loss Incurred,month,cumulative,Synthetic,Portfolio,Auto,2018-02,13,454615.8523310988
decreciente,Loss Incurred,month,cumulative,Synthetic,Portfolio,Auto,2018-02,14,451794.8902398802
decreciente,Loss Incurred,month,cumulative,Synthetic,Portfolio,Auto,2018-02,15,449172.0161541999
decreciente,Loss Incurred,month,cumulative,Synthetic,Portfolio,Auto,2018-02,16,446733.320330974
decreciente,Loss Incurred,month,cumulative,Synthetic,Portfolio,Auto,2018-02,17,444465.86976951227
decreciente,Loss Incurred,month,cumulative,Synthetic,Portfolio,Auto,2018-02,18,442357.6396246505
decreciente,Loss Incurred,month,cumulative,Synthetic,Portfolio,Auto,2018-02,19,440397.4494360544
decreciente,Loss Incurred,month,cumulative,Synthetic,Portfolio,Auto,2018-02,20,438574.9038355028
decreciente,Loss Incurred,month,cumulative,Synthetic,Portfolio,Auto,2018-02,21,436880.33741770574
decreciente,Loss Incurred,month,cumulative,Synthetic,Portfolio,Auto,2018-02,22,435304.76348229573
decreciente,Loss Incurred,month,cumulative,Synthetic,Portfolio,Auto,2018-02,23,433839.826375156
decreciente,Loss Incurred,month,cumulative,Synthetic,Portfolio,Auto,2018-02,24,432477.757176343
decreciente,Loss Incurred,month,cumulative,Synthetic,Portfolio,Auto,2018-02,25,431211.33249960194
decreciente,Loss Incurred,month,cumulative,Synthetic,Portfolio,Auto,2018-02,26,430033.83618498285
decreciente,Loss Incurred,month,cumulative,Synthetic,Portfolio,Auto,2018-02,27,428939.02368140034
decreciente,Loss Incurred,month,cumulative,Synthetic,Portfolio,Auto,2018-02,28,427921.08893025125
decreciente,Loss Incurred,month,cumulative,Synthetic,Portfolio,Auto,2018-02,29,426974.63357446564
decreciente,Loss Incurred,month,cumulative,Synthetic,Portfolio,Auto,2018-02,30,426094.6383296974
decreciente,Loss Incurred,month,cumulative,Synthetic,Portfolio,Auto,2018-02,31,425276.4363658322
decreciente,Loss Incurred,month,cumulative,Synthetic,Portfolio,Auto,2018-02,32,424515.68855764467
decreciente,Loss Incurred,month,cumulative,Synthetic,Portfolio,Auto,2018-02,33,423808.3604733558
decreciente,Loss Incurred,month,cumulative,Synthetic,Portfolio,Auto,2018-02,34,423150.700979054
decreciente,Loss Incurred,month,cumulative,Synthetic,Portfolio,Auto,2018-02,35,422539.2223455143
decreciente,Loss Incurred,month,cumulative,Synthetic,Portfolio,Auto,2018-02,36,421970.68175191636
decreciente,Loss Incurred,month,cumulative,Synthetic,Portfolio,Auto,2018-02,37,421442.0640883727
decreciente,Loss Incurred,month,cumulative,Synthetic,Portfolio,Auto,2018-02,38,420950.56596606283
decreciente,Loss Incurred,month,cumulative,Synthetic,Portfolio,Auto,2018-02,39,420493.58085017616
decreciente,Loss Incurred,month,cumulative,Synthetic,Portfolio,Auto,2018-02,40,420068.68523682066
decreciente,Loss Incurred,month,cumulative,Synthetic,Portfolio,Auto,2018-02,41,419673.6258005886
decreciente,Loss Incurred,month,cumulative,Synthetic,Portfolio,Auto,2018-02,42,419306.3074446197
decreciente,Loss Incurred,month,cumulative,Synthetic,Portfolio,Auto,2018-02,43,418964.78218979103
decreciente,Loss Incurred,month,cumulative,Synthetic,Portfolio,Auto,2018-02,44,418647.23884410626
decreciente,Loss Incurred,month,cumulative,Synthetic,Portfolio,Auto,2018-02,45,418351.9933975016
decreciente,Loss Incurred,month,cumulative,Synthetic,Portfolio,Auto,2018-02,46,418077.48009112815
decreciente,Loss Incurred,month,cumulative,Synthetic,Portfolio,Auto,2018-02,47,417822.2431137499
decreciente,Loss Incurred,month,cumulative,Synthetic,Portfolio,Auto,2018-02,48,417584.9288812202
decreciente,Loss Incurred,month,cumulative,Synthetic,Portfolio,Auto,2018-02,49,417364.2788580941
decreciente,Loss Incurred,month,cumulative,Synthetic,Portfolio,Auto,2018-02,50,417159.1228833067
decreciente,Loss Incurred,month,cumulative,Synthetic,Portfolio,Auto,2018-02,51,416968.3729645229
decreciente,Loss Incurred,month,cumulative,Synthetic,Portfolio,Auto,2018-02,52,416791.0175082474
decreciente,Loss Incurred,month,cumulative,Synthetic,Portfolio,Auto,2018-02,53,416626.11595509754
decreciente,Loss Incurred,month,cumulative,Synthetic,Portfolio,Auto,2018-02,54,416472.7937917861
decreciente,Loss Incurred,month,cumulative,Synthetic,Portfolio,Auto,2018-02,55,416330.2379133637
decreciente,Loss Incurred,month,cumulative,Synthetic,Portfolio,Auto,2018-02,56,416197.6923111241
decreciente,Loss Incurred,month,cumulative,Synthetic,Portfolio,Auto,2018-02,57,416074.4540633053
decreciente,Loss Incurred,month,cumulative,Synthetic,Portfolio,Auto,2018-02,58,415959.8696073231
decreciente,Loss Incurred,month,cumulative,Synthetic,Portfolio,Auto,2018-02,59,415853.331273769
decreciente,Loss Incurred,month,cumulative,Synthetic,Portfolio,Auto,2018-02,60,415754.27406379086
decreciente,Loss Incurred,month,cumulative,Synthetic,Portfolio,Auto,2018-02,61,415662.1726527651
decreciente,Loss Incurred,month,cumulative,Synthetic,Portfolio,Auto,2018-02,62,415576.5386043721
decreciente,Loss Incurred,month,cumulative,Synthetic,Portfolio,Auto,2018-02,63,415496.9177802989
decreciente,Loss Incurred,month,cumulative,Synthetic,Portfolio,Auto,2018-02,64,415422.88793183264
decreciente,Loss Incurred,month,cumulative,Synthetic,Portfolio,Auto,2018-02,65,415354.0564605721
decreciente,Loss Incurred,month,cumulative,Synthetic,Portfolio,Auto,2018-02,66,415290.0583363822
decreciente,Loss Incurred,month,cumulative,Synthetic,Portfolio,Auto,2018-02,67,415230.5541615504
decreciente,Loss Incurred,month,cumulative,Synthetic,Portfolio,Auto,2018-02,68,415175.22837087716
decreciente,Loss Incurred,month,cumulative,Synthetic,Portfolio,Auto,2018-02,69,415123.78755815636
decreciente,Loss Incurred,month,cumulative,Synthetic,Portfolio,Auto,2018-02,70,415075.95892017096
decreciente,Loss Incurred,month,cumulative,Synthetic,Portfolio,Auto,2018-02,71,415031.48880995
decreciente,Loss Incurred,month,cumulative,Synthetic,Portfolio,Auto,2018-02,72,414990.1413916175
decreciente,Loss Incurred,month,cumulative,Synthetic,Portfolio,Auto,2018-02,73,414951.69738969643
decreciente,Loss Incurred,month,cumulative,Synthetic,Portfolio,Auto,2018-02,74,414915.9529262374
decreciente,Loss Incurred,month,cumulative,Synthetic,Portfolio,Auto,2018-02,75,414882.7184396044
decreciente,Loss Incurred,month,cumulative,Synthetic,Portfolio,Auto,2018-02,76,414851.81767918216
decreciente,Loss Incurred,month,cumulative,Synthetic,Portfolio,Auto,2018-02,77,414823.08677067707
decreciente,Loss Incurred,month,cumulative,Synthetic,Portfolio,Auto,2018-02,78,414796.3733470509
decreciente,Loss Incurred,month,cumulative,Synthetic,Portfolio,Auto,2018-02,79,414771.5357404815
decreciente,Loss Incurred,month,cumulative,Synthetic,Portfolio,Auto,2018-02,80,414748.4422310635
decreciente,Loss Incurred,month,cumulative,Synthetic,Portfolio,Auto,2018-02,81,414726.9703482658
decreciente,Loss Incurred,month,cumulative,Synthetic,Portfolio,Auto,2018-02,82,414707.00622143946
decreciente,Loss Incurred,month,cumulative,Synthetic,Portfolio,Auto,2018-02,83,414688.4439759351
decreciente,Loss Incurred,month,cumulative,Synthetic,Portfolio,Auto,2018-02,84,414671.18517162255
decreciente,Loss Incurred,month,cumulative,Synthetic,Portfolio,Auto,2018-02,85,414655.1382808393
decreciente,Loss Incurred,month,cumulative,Synthetic,Portfolio,Auto,2018-02,86,414640.21820299706
decreciente,Loss Incurred,month,cumulative,Synthetic,Portfolio,Auto,2018-02,87,414626.3458132722
decreciente,Loss Incurred,month,cumulative,Synthetic,Portfolio,Auto,2018-02,88,414613.44754298724
decreciente,Loss Incurred,month,cumulative,Synthetic,Portfolio,Auto,2018-02,89,414601.4549894589
decreciente,Loss Incurred,month,cumulative,Synthetic,Portfolio,Auto,2018-02,90,414590.3045532412
decreciente,Loss Incurred,month,cumulative,Synthetic,Portfolio,Auto,2018-02,91,414579.9371008424
decreciente,Loss Incurred,month,cumulative,Synthetic,Portfolio,Auto,2018-02,92,414570.29765112564
decreciente,Loss Incurred,month,cumulative,Synthetic,Portfolio,Auto,2018-02,93,414561.3350837302
decreciente,Loss Incurred,month,cumulative,Synthetic,Portfolio,Auto,2018-02,94,414553.0018679683
decreciente,Loss Incurred,month,cumulative,Synthetic,Portfolio,Auto,2018-03,0,586737.3157429016
decreciente,Loss Incurred,month,cumulative,Synthetic,Portfolio,Auto,2018-03,1,574734.8822673017
decreciente,Loss Incurred,month,cumulative,Synthetic,Portfolio,Auto,2018-03,2,563762.9516934463
decreciente,Loss Incurred,month,cumulative,Synthetic,Portfolio,Auto,2018-03,3,553733.0472776263
decreciente,Loss Incurred,month,cumulative,Synthetic,Portfolio,Auto,2018-03,4,544564.2886974185
decreciente,Loss Incurred,month,cumulative,Synthetic,Portfolio,Auto,2018-03,5,536182.7398394314
decreciente,Loss Incurred,month,cumulative,Synthetic,Portfolio,Auto,2018-03,6,528520.8125845824
decreciente,Loss Incurred,month,cumulative,Synthetic,Portfolio,Auto,2018-03,7,521516.7217830766
decreciente,Loss Incurred,month,cumulative,Synthetic,Portfolio,Auto,2018-03,8,515113.98702405236
decreciente,Loss Incurred,month,cumulative,Synthetic,Portfolio,Auto,2018-03,9,509260.97718220326
decreciente,Loss Incurred,month,cumulative,Synthetic,Portfolio,Auto,2018-03,10,503910.49406864034
decreciente,Loss Incurred,month,cumulative,Synthetic,Portfolio,Auto,2018-03,11,499019.39182858705
decreciente,Loss Incurred,month,cumulative,Synthetic,Portfolio,Auto,2018-03,12,494548.22901676304
decreciente,Loss Incurred,month,cumulative,Synthetic,Portfolio,Auto,2018-03,13,490460.9505448209
decreciente,Loss Incurred,month,cumulative,Synthetic,Portfolio,Auto,2018-03,14,486724.59693608567
decreciente,Loss Incurred,month,cumulative,Synthetic,Portfolio,Auto,2018-03,15,483309.0385430517
decreciente,Loss Incurred,month,cumulative,Synthetic,Portfolio,Auto,2018-03,16,480186.73258438904
decreciente,Loss Incurred,month,cumulative,Synthetic,Portfolio,Auto,2018-03,17,477332.5010422251
decreciente,Loss Incurred,month,cumulative,Synthetic,Portfolio,Auto,2018-03,18,474723.32762868406
decreciente,Loss Incurred,month,cumulative,Synthetic,Portfolio,Auto,2018-03,19,472338.17218443856
decreciente,Loss Incurred,month,cumulative,Synthetic,Portfolio,Auto,2018-03,20,470157.80101259943
decreciente,Loss Incurred,month,cumulative,Synthetic,Portfolio,Auto,2018-03,21,468164.6317797694
decreciente,Loss Incurred,month,cumulative,Synthetic,Portfolio,Auto,2018-03,22,466342.591733556
decreciente,Loss Incurred,month,cumulative,Synthetic,Portfolio,Auto,2018-03,23,464676.988093221
decreciente,Loss Incurred,month,cumulative,Synthetic,Portfolio,Auto,2018-03,24,463154.38956830784
decreciente,Loss Incurred,month,cumulative,Synthetic,Portfolio,Auto,2018-03,25,461762.5180498226
decreciente,Loss Incurred,month,cumulative,Synthetic,Portfolio,Auto,2018-03,26,460490.1496005751
decreciente,Loss Incurred,month,cumulative,Synthetic,Portfolio,Auto,2018-03,27,459327.0239462743
decreciente,Loss Incurred,month,cumulative,Synthetic,Portfolio,Auto,2018-03,28,458263.76173752284
decreciente,Loss Incurred,month,cumulative,Synthetic,Portfolio,Auto,2018-03,29,457291.7889155163
decreciente,Loss Incurred,month,cumulative,Synthetic,Portfolio,Auto,2018-03,30,456403.26757153973
decreciente,Loss Incurred,month,cumulative,Synthetic,Portfolio,Auto,2018-03,31,455591.03274271777
decreciente,Loss Incurred,month,cumulative,Synthetic,Portfolio,Auto,2018-03,32,454848.53463434515
decreciente,Loss Incurred,month,cumulative,Synthetic,Portfolio,Auto,2018-03,33,454169.7858028815
decreciente,Loss Incurred,month,cumulative,Synthetic,Portfolio,Auto,2018-03,34,453549.31287370063
decreciente,Loss Incurred,month,cumulative,Synthetic,Portfolio,Auto,2018-03,35,452982.11240424844
decreciente,Loss Incurred,month,cumulative,Synthetic,Portfolio,Auto,2018-03,36,452463.6105366947
decreciente,Loss Incurred,month,cumulative,Synthetic,Portfolio,Auto,2018-03,37,451989.62611472065
decreciente,Loss Incurred,month,cumulative,Synthetic,Portfolio,Auto,2018-03,38,451556.336967019
decreciente,Loss Incurred,month,cumulative,Synthetic,Portfolio,Auto,2018-03,39,451160.2490856197
decreciente,Loss Incurred,month,cumulative,Synthetic,Portfolio,Auto,2018-03,40,450798.16845049727
decreciente,Loss Incurred,month,cumulative,Synthetic,Portfolio,Auto,2018-03,41,450467.1752732573
decreciente,Loss Incurred,month,cumulative,Synthetic,Portfolio,Auto,2018-03,42,450164.60045220295
decreciente,Loss Incurred,month,cumulative,Synthetic,Portfolio,Auto,2018-03,43,449888.004048919
decreciente,Loss Incurred,month,cumulative,Synthetic,Portfolio,Auto,2018-03,44,449635.15561280993
decreciente,Loss Incurred,month,cumulative,Synthetic,Portfolio,Auto,2018-03,45,449404.0161949296
decreciente,Loss Incurred,month,cumulative,Synthetic,Portfolio,Auto,2018-03,46,449192.72190606565
decreciente,Loss Incurred,month,cumulative,Synthetic,Portfolio,Auto,2018-03,47,448999.5688864901
decreciente,Loss Incurred,month,cumulative,Synthetic,Portfolio,Auto,2018-03,48,448822.99956617487
decreciente,Loss Incurred,month,cumulative,Synthetic,Portfolio,Auto,2018-03,49,448661.59010467626
decreciente,Loss Incurred,month,cumulative,Synthetic,Portfolio,Auto,2018-03,50,448514.0389094018
decreciente,Loss Incurred,month,cumulative,Synthetic,Portfolio,Auto,2018-03,51,448379.15613967576
decreciente,Loss Incurred,month,cumulative,Synthetic,Portfolio,Auto,2018-03,52,448255.85411196185
decreciente,Loss Incurred,month,cumulative,Synthetic,Portfolio,Auto,2018-03,53,448143.1385288726
decreciente,Loss Incurred,month,cumulative,Synthetic,Portfolio,Auto,2018-03,54,448040.1004612373
decreciente,Loss Incurred,month,cumulative,Synthetic,Portfolio,Auto,2018-03,55,447945.9090185722
decreciente,Loss Incurred,month,cumulative,Synthetic,Portfolio,Auto,2018-03,56,447859.804648848
decreciente,Loss Incurred,month,cumulative,Synthetic,Portfolio,Auto,2018-03,57,447781.09301352507
decreciente,Loss Incurred,month,cumulative,Synthetic,Portfolio,Auto,2018-03,58,447709.13938846445
decreciente,Loss Incurred,month,cumulative,Synthetic,Portfolio,Auto,2018-03,59,447643.36354556505
decreciente,Loss Incurred,month,cumulative,Synthetic,Portfolio,Auto,2018-03,60,447583.2350738516
decreciente,Loss Incurred,month,cumulative,Synthetic,Portfolio,Auto,2018-03,61,447528.2691022849
decreciente,Loss Incurred,month,cumulative,Synthetic,Portfolio,Auto,2018-03,62,447478.0223898011
decreciente,Loss Incurred,month,cumulative,Synthetic,Portfolio,Auto,2018-03,63,447432.08975105267
decreciente,Loss Incurred,month,cumulative,Synthetic,Portfolio,Auto,2018-03,64,447390.10078902706
decreciente,Loss Incurred,month,cumulative,Synthetic,Portfolio,Auto,2018-03,65,447351.7169081957
decreciente,Loss Incurred,month,cumulative,Synthetic,Portfolio,Auto,2018-03,66,447316.62858410773
decreciente,Loss Incurred,month,cumulative,Synthetic,Portfolio,Auto,2018-03,67,447284.55286741
decreciente,Loss Incurred,month,cumulative,Synthetic,Portfolio,Auto,2018-03,68,447255.2311021673
decreciente,Loss Incurred,month,cumulative,Synthetic,Portfolio,Auto,2018-03,69,447228.4268400815
decreciente,Loss Incurred,month,cumulative,Synthetic,Portfolio,Auto,2018-03,70,447203.9239337928
decreciente,Loss Incurred,month,cumulative,Synthetic,Portfolio,Auto,2018-03,71,447181.5247938848
decreciente,Loss Incurred,month,cumulative,Synthetic,Portfolio,Auto,2018-03,72,447161.0487955396
decreciente,Loss Incurred,month,cumulative,Synthetic,Portfolio,Auto,2018-03,73,447142.33082199434
decreciente,Loss Incurred,month,cumulative,Synthetic,Portfolio,Auto,2018-03,74,447125.2199330536
decreciente,Loss Incurred,month,cumulative,Synthetic,Portfolio,Auto,2018-03,75,447109.5781479191
decreciente,Loss Incurred,month,cumulative,Synthetic,Portfolio,Auto,2018-03,76,447095.27933252504
decreciente,Loss Incurred,month,cumulative,Synthetic,Portfolio,Auto,2018-03,77,447082.2081824028
decreciente,Loss Incurred,month,cumulative,Synthetic,Portfolio,Auto,2018-03,78,447070.2592928753
decreciente,Loss Incurred,month,cumulative,Synthetic,Portfolio,Auto,2018-03,79,447059.3363090824
decreciente,Loss Incurred,month,cumulative,Synthetic,Portfolio,Auto,2018-03,80,447049.351148983
decreciente,Loss Incurred,month,cumulative,Synthetic,Portfolio,Auto,2018-03,81,447040.22329306917
decreciente,Loss Incurred,month,cumulative,Synthetic,Portfolio,Auto,2018-03,82,447031.8791350635
decreciente,Loss Incurred,month,cumulative,Synthetic,Portfolio,Auto,2018-03,83,447024.2513883634
decreciente,Loss Incurred,month,cumulative,Synthetic,Portfolio,Auto,2018-03,84,447017.2785434484
decreciente,Loss Incurred,month,cumulative,Synthetic,Portfolio,Auto,2018-03,85,447010.9043718719
decreciente,Loss Incurred,month,cumulative,Synthetic,Portfolio,Auto,2018-03,86,447005.0774728396
decreciente,Loss Incurred,month,cumulative,Synthetic,Portfolio,Auto,2018-03,87,446999.75085871824
decreciente,Loss Incurred,month,cumulative,Synthetic,Portfolio,Auto,2018-03,88,446994.88157613034
decreciente,Loss Incurred,month,cumulative,Synthetic,Portfolio,Auto,2018-03,89,446990.43035958277
decreciente,Loss Incurred,month,cumulative,Synthetic,Portfolio,Auto,2018-03,90,446986.3613148321
decreciente,Loss Incurred,month,cumulative,Synthetic,Portfolio,Auto,2018-03,91,446982.64162943687
decreciente,Loss Incurred,month,cumulative,Synthetic,Portfolio,Auto,2018-03,92,446979.24130816065
decreciente,Loss Incurred,month,cumulative,Synthetic,Portfolio,Auto,2018-03,93,446976.132931093
decreciente,Loss Incurred,month,cumulative,Synthetic,Portfolio,Auto,2018-04,0,501377.7949713114
decreciente,Loss Incurred,month,cumulative,Synthetic,Portfolio,Auto,2018-04,1,493579.1443625581
decreciente,Loss Incurred,month,cumulative,Synthetic,Portfolio,Auto,2018-04,2,486347.6128971033
decreciente,Loss Incurred,month,cumulative,Synthetic,Portfolio,Auto,2018-04,3,479641.95957841683
decreciente,Loss Incurred,month,cumulative,Synthetic,Portfolio,Auto,2018-04,4,473423.9424619577
decreciente,Loss Incurred,month,cumulative,Synthetic,Portfolio,Auto,2018-04,5,467658.1005636246
decreciente,Loss Incurred,month,cumulative,Synthetic,Portfolio,Auto,2018-04,6,462311.5516278595
decreciente,Loss Incurred,month,cumulative,Synthetic,Portfolio,Auto,2018-04,7,457353.8046020878
decreciente,Loss Incurred,month,cumulative,Synthetic,Portfolio,Auto,2018-04,8,452756.5857480476
decreciente,Loss Incurred,month,cumulative,Synthetic,Portfolio,Auto,2018-04,9,448493.6773983314
decreciente,Loss Incurred,month,cumulative,Synthetic,Portfolio,Auto,2018-04,10,444540.7684385785
decreciente,Loss Incurred,month,cumulative,Synthetic,Portfolio,Auto,2018-04,11,440875.31566262705
decreciente,Loss Incurred,month,cumulative,Synthetic,Portfolio,Auto,2018-04,12,437476.415209941
decreciente,Loss Incurred,month,cumulative,Synthetic,Portfolio,Auto,2018-04,13,434324.68335212965
decreciente,Loss Incurred,month,cumulative,Synthetic,Portfolio,Auto,2018-04,14,431402.1459486899
decreciente,Loss Incurred,month,cumulative,Synthetic,Portfolio,Auto,2018-04,15,428692.1359415457
decreciente,Loss Incurred,month,cumulative,Synthetic,Portfolio,Auto,2018-04,16,426179.19830380054
decreciente,Loss Incurred,month,cumulative,Synthetic,Portfolio,Auto,2018-04,17,423849.0019006326
decreciente,Loss Incurred,month,cumulative,Synthetic,Portfolio,Auto,2018-04,18,421688.2577596802
decreciente,Loss Incurred,month,cumulative,Synthetic,Portfolio,Auto,2018-04,19,419684.64328481763
decreciente,Loss Incurred,month,cumulative,Synthetic,Portfolio,Auto,2018-04,20,417826.73198111757
decreciente,Loss Incurred,month,cumulative,Synthetic,Portfolio,Auto,2018-04,21,416103.9282902265
decreciente,Loss Incurred,month,cumulative,Synthetic,Portfolio,Auto,2018-04,22,414506.4071645208
decreciente,Loss Incurred,month,cumulative,Synthetic,Portfolio,Auto,2018-04,23,413025.0580354416
decreciente,Loss Incurred,month,cumulative,Synthetic,Portfolio,Auto,2018-04,24,411651.43285646045
decreciente,Loss Incurred,month,cumulative,Synthetic,Portfolio,Auto,2018-04,25,410377.69792436925
decreciente,Loss Incurred,month,cumulative,Synthetic,Portfolio,Auto,2018-04,26,409196.589204134
decreciente,Loss Incurred,month,cumulative,Synthetic,Portfolio,Auto,2018-04,27,408101.3709025323
decreciente,Loss Incurred,month,cumulative,Synthetic,Portfolio,Auto,2018-04,28,407085.7970543225
decreciente,Loss Incurred,month,cumulative,Synthetic,Portfolio,Auto,2018-04,29,406144.07590187364
decreciente,Loss Incurred,month,cumulative,Synthetic,Portfolio,Auto,2018-04,30,405270.8368651132
decreciente,Loss Incurred,month,cumulative,Synthetic,Portfolio,Auto,2018-04,31,404461.0999134271
decreciente,Loss Incurred,month,cumulative,Synthetic,Portfolio,Auto,2018-04,32,403710.2471648392
decreciente,Loss Incurred,month,cumulative,Synthetic,Portfolio,Auto,2018-04,33,403013.9965505031
decreciente,Loss Incurred,month,cumulative,Synthetic,Portfolio,Auto,2018-04,34,402368.3773943171
decreciente,Loss Incurred,month,cumulative,Synthetic,Portfolio,Auto,2018-04,35,401769.70776839234
decreciente,Loss Incurred,month,cumulative,Synthetic,Portfolio,Auto,2018-04,36,401214.5734952365
decreciente,Loss Incurred,month,cumulative,Synthetic,Portfolio,Auto,2018-04,37,400699.80867690075
decreciente,Loss Incurred,month,cumulative,Synthetic,Portfolio,Auto,2018-04,38,400222.4776400511
decreciente,Loss Incurred,month,cumulative,Synthetic,Portfolio,Auto,2018-04,39,399779.858193997
decreciente,Loss Incurred,month,cumulative,Synthetic,Portfolio,Auto,2018-04,40,399369.42610619834
decreciente,Loss Incurred,month,cumulative,Synthetic,Portfolio,Auto,2018-04,41,398988.840706717
decreciente,Loss Incurred,month,cumulative,Synthetic,Portfolio,Auto,2018-04,42,398635.9315395139
decreciente,Loss Incurred,month,cumulative,Synthetic,Portfolio,Auto,2018-04,43,398308.68598446733
decreciente,Loss Incurred,month,cumulative,Synthetic,Portfolio,Auto,2018-04,44,398005.2377795184
decreciente,Loss Incurred,month,cumulative,Synthetic,Portfolio,Auto,2018-04,45,397723.8563774897
decreciente,Loss Incurred,month,cumulative,Synthetic,Portfolio,Auto,2018-04,46,397462.9370768762
decreciente,Loss Incurred,month,cumulative,Synthetic,Portfolio,Auto,2018-04,47,397220.9918703281
decreciente,Loss Incurred,month,cumulative,Synthetic,Portfolio,Auto,2018-04,48,396996.64095863263
decreciente,Loss Incurred,month,cumulative,Synthetic,Portfolio,Auto,2018-04,49,396788.60488180054
decreciente,Loss Incurred,month,cumulative,Synthetic,Portfolio,Auto,2018-04,50,396595.69722238154
decreciente,Loss Incurred,month,cumulative,Synthetic,Portfolio,Auto,2018-04,51,396416.8178393957
decreciente,Loss Incurred,month,cumulative,Synthetic,Portfolio,Auto,2018-04,52,396250.9465942945
decreciente,Loss Incurred,month,cumulative,Synthetic,Portfolio,Auto,2018-04,53,396097.1375331709
decreciente,Loss Incurred,month,cumulative,Synthetic,Portfolio,Auto,2018-04,54,395954.5134920401
decreciente,Loss Incurred,month,cumulative,Synthetic,Portfolio,Auto,2018-04,55,395822.2610944254
decreciente,Loss Incurred,month,cumulative,Synthetic,Portfolio,Auto,2018-04,56,395699.6261127197
decreciente,Loss Incurred,month,cumulative,Synthetic,Portfolio,Auto,2018-04,57,395585.9091668709
decreciente,Loss Incurred,month,cumulative,Synthetic,Portfolio,Auto,2018-04,58,395480.4617358578
decreciente,Loss Incurred,month,cumulative,Synthetic,Portfolio,Auto,2018-04,59,395382.68245921395
decreciente,Loss Incurred,month,cumulative,Synthetic,Portfolio,Auto,2018-04,60,395292.01370750373
decreciente,Loss Incurred,month,cumulative,Synthetic,Portfolio,Auto,2018-04,61,395207.93840219517
decreciente,Loss Incurred,month,cumulative,Synthetic,Portfolio,Auto,2018-04,62,395129.9770667913
decreciente,Loss Incurred,month,cumulative,Synthetic,Portfolio,Auto,2018-04,63,395057.6850924042
decreciente,Loss Incurred,month,cumulative,Synthetic,Portfolio,Auto,2018-04,64,394990.6502021767
decreciente,Loss Incurred,month,cumulative,Synthetic,Portfolio,Auto,2018-04,65,394928.49010009196
decreciente,Loss Incurred,month,cumulative,Synthetic,Portfolio,Auto,2018-04,66,394870.85029076174
decreciente,Loss Incurred,month,cumulative,Synthetic,Portfolio,Auto,2018-04,67,394817.4020577601
decreciente,Loss Incurred,month,cumulative,Synthetic,Portfolio,Auto,2018-04,68,394767.84058897354
decreciente,Loss Incurred,month,cumulative,Synthetic,Portfolio,Auto,2018-04,69,394721.88323827455
decreciente,Loss Incurred,month,cumulative,Synthetic,Portfolio,Auto,2018-04,70,394679.2679136087
decreciente,Loss Incurred,month,cumulative,Synthetic,Portfolio,Auto,2018-04,71,394639.7515822979
decreciente,Loss Incurred,month,cumulative,Synthetic,Portfolio,Auto,2018-04,72,394603.1088850405
decreciente,Loss Incurred,month,cumulative,Synthetic,Portfolio,Auto,2018-04,73,394569.1308506997
decreciente,Loss Incurred,month,cumulative,Synthetic,Portfolio,Auto,2018-04,74,394537.6237045538
decreciente,Loss Incurred,month,cumulative,Synthetic,Portfolio,Auto,2018-04,75,394508.4077632108
decreciente,Loss Incurred,month,cumulative,Synthetic,Portfolio,Auto,2018-04,76,394481.3164098839
decreciente,Loss Incurred,month,cumulative,Synthetic,Portfolio,Auto,2018-04,77,394456.1951441864
decreciente,Loss Incurred,month,cumulative,Synthetic,Portfolio,Auto,2018-04,78,394432.9007010245
decreciente,Loss Incurred,month,cumulative,Synthetic,Portfolio,Auto,2018-04,79,394411.3002335661
decreciente,Loss Incurred,month,cumulative,Synthetic,Portfolio,Auto,2018-04,80,394391.27055562154
decreciente,Loss Incurred,month,cumulative,Synthetic,Portfolio,Auto,2018-04,81,394372.69743912166
decreciente,Loss Incurred,month,cumulative,Synthetic,Portfolio,Auto,2018-04,82,394355.4749626807
decreciente,Loss Incurred,month,cumulative,Synthetic,Portfolio,Auto,2018-04,83,394339.50490753347
decreciente,Loss Incurred,month,cumulative,Synthetic,Portfolio,Auto,2018-04,84,394324.6961973993
decreciente,Loss Incurred,month,cumulative,Synthetic,Portfolio,Auto,2018-04,85,394310.96437907964
decreciente,Loss Incurred,month,cumulative,Synthetic,Portfolio,Auto,2018-04,86,394298.23114082625
decreciente,Loss Incurred,month,cumulative,Synthetic,Portfolio,Auto,2018-04,87,394286.4238657339
decreciente,Loss Incurred,month,cumulative,Synthetic,Portfolio,Auto,2018-04,88,394275.4752176106
decreciente,Loss Incurred,month,cumulative,Synthetic,Portfolio,Auto,2018-04,89,394265.32275696326
decreciente,Loss Incurred,month,cumulative,Synthetic,Portfolio,Auto,2018-04,90,394255.9085849089
decreciente,Loss Incurred,month,cumulative,Synthetic,Portfolio,Auto,2018-04,91,394247.17901298066
decreciente,Loss Incurred,month,cumulative,Synthetic,Portfolio,Auto,2018-04,92,394239.0842569457
decreciente,Loss Incurred,month,cumulative,Synthetic,Portfolio,Auto,2018-05,0,466875.01093695057
decreciente,Loss Incurred,month,cumulative,Synthetic,Portfolio,Auto,2018-05,1,460393.42885830003
decreciente,Loss Incurred,month,cumulative,Synthetic,Portfolio,Auto,2018-05,2,454336.7037220164
decreciente,Loss Incurred,month,cumulative,Synthetic,Portfolio,Auto,2018-05,3,448676.9868610169
decreciente,Loss Incurred,month,cumulative,Synthetic,Portfolio,Auto,2018-05,4,443388.2550421026
decreciente,Loss Incurred,month,cumulative,Synthetic,Portfolio,Auto,2018-05,5,438446.1908117981
decreciente,Loss Incurred,month,cumulative,Synthetic,Portfolio,Auto,2018-05,6,433828.0706853233
decreciente,Loss Incurred,month,cumulative,Synthetic,Portfolio,Auto,2018-05,7,429512.6606645927
decreciente,Loss Incurred,month,cumulative,Synthetic,Portfolio,Auto,2018-05,8,425480.11860483495
decreciente,Loss Incurred,month,cumulative,Synthetic,Portfolio,Auto,2018-05,9,421711.9029809204
decreciente,Loss Incurred,month,cumulative,Synthetic,Portfolio,Auto,2018-05,10,418190.6876339026
decreciente,Loss Incurred,month,cumulative,Synthetic,Portfolio,Auto,2018-05,11,414900.28210578323
decreciente,Loss Incurred,month,cumulative,Synthetic,Portfolio,Auto,2018-05,12,411825.55719620123
decreciente,Loss Incurred,month,cumulative,Synthetic,Portfolio,Auto,2018-05,13,408952.37539875647
decreciente,Loss Incurred,month,cumulative,Synthetic,Portfolio,Auto,2018-05,14,406267.52589711756
decreciente,Loss Incurred,month,cumulative,Synthetic,Portfolio,Auto,2018-05,15,403758.6638220267
decreciente,Loss Incurred,month,cumulative,Synthetic,Portfolio,Auto,2018-05,16,401414.2534899068
decreciente,Loss Incurred,month,cumulative,Synthetic,Portfolio,Auto,2018-05,17,399223.51536208374
decreciente,Loss Incurred,month,cumulative,Synthetic,Portfolio,Auto,2018-05,18,397176.376480744
decreciente,Loss Incurred,month,cumulative,Synthetic,Portfolio,Auto,2018-05,19,395263.42415373196
decreciente,Loss Incurred,month,cumulative,Synthetic,Portfolio,Auto,2018-05,20,393475.86267523275
decreciente,Loss Incurred,month,cumulative,Synthetic,Portfolio,Auto,2018-05,21,391805.47288334224
decreciente,Loss Incurred,month,cumulative,Synthetic,Portfolio,Auto,2018-05,22,390244.5743685708
decreciente,Loss Incurred,month,cumulative,Synthetic,Portfolio,Auto,2018-05,23,388785.9901595172
decreciente,Loss Incurred,month,cumulative,Synthetic,Portfolio,Auto,2018-05,24,387423.01372333826
decreciente,Loss Incurred,month,cumulative,Synthetic,Portfolio,Auto,2018-05,25,386149.3781292817
decreciente,Loss Incurred,month,cumulative,Synthetic,Portfolio,Auto,2018-05,26,384959.2272335001
decreciente,Loss Incurred,month,cumulative,Synthetic,Portfolio,Auto,2018-05,27,383847.08875265083
decreciente,Loss Incurred,month,cumulative,Synthetic,Portfolio,Auto,2018-05,28,382807.8491024772
decreciente,Loss Incurred,month,cumulative,Synthetic,Portfolio,Auto,2018-05,29,381836.72988567944
decreciente,Loss Incurred,month,cumulative,Synthetic,Portfolio,Auto,2018-05,30,380929.26592096617
decreciente,Loss Incurred,month,cumulative,Synthetic,Portfolio,Auto,2018-05,31,380081.2847122649
decreciente,Loss Incurred,month,cumulative,Synthetic,Portfolio,Auto,2018-05,32,379288.8872636922
decreciente,Loss Incurred,month,cumulative,Synthetic,Portfolio,Auto,2018-05,33,378548.4301520704
decreciente,Loss Incurred,month,cumulative,Synthetic,Portfolio,Auto,2018-05,34,377856.508774561
decreciente,Loss Incurred,month,cumulative,Synthetic,Portfolio,Auto,2018-05,35,377209.9416943882
decreciente,Loss Incurred,month,cumulative,Synthetic,Portfolio,Auto,2018-05,36,376605.7560126741
decreciente,Loss Incurred,month,cumulative,Synthetic,Portfolio,Auto,2018-05,37,376041.17369912524
decreciente,Loss Incurred,month,cumulative,Synthetic,Portfolio,Auto,2018-05,38,375513.59881872137
decreciente,Loss Incurred,month,cumulative,Synthetic,Portfolio,Auto,2018-05,39,375020.6055956718
decreciente,Loss Incurred,month,cumulative,Synthetic,Portfolio,Auto,2018-05,40,374559.927259761
decreciente,Loss Incurred,month,cumulative,Synthetic,Portfolio,Auto,2018-05,41,374129.44562379713
decreciente,Loss Incurred,month,cumulative,Synthetic,Portfolio,Auto,2018-05,42,373727.18134424114
decreciente,Loss Incurred,month,cumulative,Synthetic,Portfolio,Auto,2018-05,43,373351.28482023644
decreciente,Loss Incurred,month,cumulative,Synthetic,Portfolio,Auto,2018-05,44,373000.0276891912
decreciente,Loss Incurred,month,cumulative,Synthetic,Portfolio,Auto,2018-05,45,372671.7948798116
decreciente,Loss Incurred,month,cumulative,Synthetic,Portfolio,Auto,2018-05,46,372365.07718604495
decreciente,Loss Incurred,month,cumulative,Synthetic,Portfolio,Auto,2018-05,47,372078.46432778955
decreciente,Loss Incurred,month,cumulative,Synthetic,Portfolio,Auto,2018-05,48,371810.63846646226
decreciente,Loss Incurred,month,cumulative,Synthetic,Portfolio,Auto,2018-05,49,371560.368145611
decreciente,Loss Incurred,month,cumulative,Synthetic,Portfolio,Auto,2018-05,50,371326.50262870913
decreciente,Loss Incurred,month,cumulative,Synthetic,Portfolio,Auto,2018-05,51,371107.9666080985
decreciente,Loss Incurred,month,cumulative,Synthetic,Portfolio,Auto,2018-05,52,370903.7552607523
decreciente,Loss Incurred,month,cumulative,Synthetic,Portfolio,Auto,2018-05,53,370712.9296281247
decreciente,Loss Incurred,month,cumulative,Synthetic,Portfolio,Auto,2018-05,54,370534.6122988434
decreciente,Loss Incurred,month,cumulative,Synthetic,Portfolio,Auto,2018-05,55,370367.9833743945
decreciente,Loss Incurred,month,cumulative,Synthetic,Portfolio,Auto,2018-05,56,370212.2766992502
decreciente,Loss Incurred,month,cumulative,Synthetic,Portfolio,Auto,2018-05,57,370066.77633810526
decreciente,Loss Incurred,month,cumulative,Synthetic,Portfolio,Auto,2018-05,58,369930.8132840251
decreciente,Loss Incurred,month,cumulative,Synthetic,Portfolio,Auto,2018-05,59,369803.7623823686
decreciente,Loss Incurred,month,cumulative,Synthetic,Portfolio,Auto,2018-05,60,369685.03945634334
decreciente,Loss Incurred,month,cumulative,Synthetic,Portfolio,Auto,2018-05,61,369574.0986209755
decreciente,Loss Incurred,month,cumulative,Synthetic,Portfolio,Auto,2018-05,62,369470.429773145
decreciente,Loss Incurred,month,cumulative,Synthetic,Portfolio,Auto,2018-05,63,369373.5562461442
decreciente,Loss Incurred,month,cumulative,Synthetic,Portfolio,Auto,2018-05,64,369283.03261797637
decreciente,Loss Incurred,month,cumulative,Synthetic,Portfolio,Auto,2018-05,65,369198.44266331743
decreciente,Loss Incurred,month,cumulative,Synthetic,Portfolio,Auto,2018-05,66,369119.39743972186
decreciente,Loss Incurred,month,cumulative,Synthetic,Portfolio,Auto,2018-05,67,369045.53349927574
decreciente,Loss Incurred,month,cumulative,Synthetic,Portfolio,Auto,2018-05,68,368976.51121747214
decreciente,Loss Incurred,month,cumulative,Synthetic,Portfolio,Auto,2018-05,69,368912.013231627
decreciente,Loss Incurred,month,cumulative,Synthetic,Portfolio,Auto,2018-05,70,368851.74298165285
decreciente,Loss Incurred,month,cumulative,Synthetic,Portfolio,Auto,2018-05,71,368795.42334648373
decreciente,Loss Incurred,month,cumulative,Synthetic,Portfolio,Auto,2018-05,72,368742.7953698792
decreciente,Loss Incurred,month,cumulative,Synthetic,Portfolio,Auto,2018-05,73,368693.6170697507
decreciente,Loss Incurred,month,cumulative,Synthetic,Portfolio,Auto,2018-05,74,368647.6623255332
decreciente,Loss Incurred,month,cumulative,Synthetic,Portfolio,Auto,2018-05,75,368604.7198384898
decreciente,Loss Incurred,month,cumulative,Synthetic,Portfolio,Auto,2018-05,76,368564.5921601646
decreciente,Loss Incurred,month,cumulative,Synthetic,Portfolio,Auto,2018-05,77,368527.0947845203
decreciente,Loss Incurred,month,cumulative,Synthetic,Portfolio,Auto,2018-05,78,368492.0552995837
decreciente,Loss Incurred,month,cumulative,Synthetic,Portfolio,Auto,2018-05,79,368459.31259470055
decreciente,Loss Incurred,month,cumulative,Synthetic,Portfolio,Auto,2018-05,80,368428.71611975203
decreciente,Loss Incurred,month,cumulative,Synthetic,Portfolio,Auto,2018-05,81,368400.12519293
decreciente,Loss Incurred,month,cumulative,Synthetic,Portfolio,Auto,2018-05,82,368373.4083538849
decreciente,Loss Incurred,month,cumulative,Synthetic,Portfolio,Auto,2018-05,83,368348.44275927485
decreciente,Loss Incurred,month,cumulative,Synthetic,Portfolio,Auto,2018-05,84,368325.1136179354
decreciente,Loss Incurred,month,cumulative,Synthetic,Portfolio,Auto,2018-05,85,368303.3136630719
decreciente,Loss Incurred,month,cumulative,Synthetic,Portfolio,Auto,2018-05,86,368282.9426590501
decreciente,Loss Incurred,month,cumulative,Synthetic,Portfolio,Auto,2018-05,87,368263.90694051515
decreciente,Loss Incurred,month,cumulative,Synthetic,Portfolio,Auto,2018-05,88,368246.1189817207
decreciente,Loss Incurred,month,cumulative,Synthetic,Portfolio,Auto,2018-05,89,368229.49699408776
decreciente,Loss Incurred,month,cumulative,Synthetic,Portfolio,Auto,2018-05,90,368213.9645501428
decreciente,Loss Incurred,month,cumulative,Synthetic,Portfolio,Auto,2018-05,91,368199.45023210626
decreciente,Loss Incurred,month,cumulative,Synthetic,Portfolio,Auto,2018-06,0,414451.7011579387
decreciente,Loss Incurred,month,cumulative,Synthetic,Portfolio,Auto,2018-06,1,407476.3406801791
decreciente,Loss Incurred,month,cumulative,Synthetic,Portfolio,Auto,2018-06,2,401032.3368989455
decreciente,Loss Incurred,month,cumulative,Synthetic,Portfolio,Auto,2018-06,3,395079.2130618401
decreciente,Loss Incurred,month,cumulative,Synthetic,Portfolio,Auto,2018-06,4,389579.57578305376
decreciente,Loss Incurred,month,cumulative,Synthetic,Portfolio,Auto,2018-06,5,384498.88016410917
decreciente,Loss Incurred,month,cumulative,Synthetic,Portfolio,Auto,2018-06,6,379805.2128068213
decreciente,Loss Incurred,month,cumulative,Synthetic,Portfolio,Auto,2018-06,7,375469.0913555137
decreciente,Loss Incurred,month,cumulative,Synthetic,Portfolio,Auto,2018-06,8,371463.27930935426
decreciente,Loss Incurred,month,cumulative,Synthetic,Portfolio,Auto,2018-06,9,367762.614941589
decreciente,Loss Incurred,month,cumulative,Synthetic,Portfolio,Auto,2018-06,10,364343.85325106554
decreciente,Loss Incurred,month,cumulative,Synthetic,Portfolio,Auto,2018-06,11,361185.5199532936
decreciente,Loss Incurred,month,cumulative,Synthetic,Portfolio,Auto,2018-06,12,358267.77659391746
decreciente,Loss Incurred,month,cumulative,Synthetic,Portfolio,Auto,2018-06,13,355572.2959373352
decreciente,Loss Incurred,month,cumulative,Synthetic,Portfolio,Auto,2018-06,14,353082.1468477447
decreciente,Loss Incurred,month,cumulative,Synthetic,Portfolio,Auto,2018-06,15,350781.6879395178
decreciente,Loss Incurred,month,cumulative,Synthetic,Portfolio,Auto,2018-06,16,348656.4693288878
decreciente,Loss Incurred,month,cumulative,Synthetic,Portfolio,Auto,2018-06,17,346693.1418698249
decreciente,Loss Incurred,month,cumulative,Synthetic,Portfolio,Auto,2018-06,18,344879.37330397946
decreciente,Loss Incurred,month,cumulative,Synthetic,Portfolio,Auto,2018-06,19,343203.7707980076
decreciente,Loss Incurred,month,cumulative,Synthetic,Portfolio,Auto,2018-06,20,341655.8093817117
decreciente,Loss Incurred,month,cumulative,Synthetic,Portfolio,Auto,2018-06,21,340225.7658374935
decreciente,Loss Incurred,month,cumulative,Synthetic,Portfolio,Auto,2018-06,22,338904.65762586024
decreciente,Loss Incurred,month,cumulative,Synthetic,Portfolio,Auto,2018-06,23,337684.1864633551
decreciente,Loss Incurred,month,cumulative,Synthetic,Portfolio,Auto,2018-06,24,336556.6861985092
decreciente,Loss Incurred,month,cumulative,Synthetic,Portfolio,Auto,2018-06,25,335515.0746584067
decreciente,Loss Incurred,month,cumulative,Synthetic,Portfolio,Auto,2018-06,26,334552.8091633977
decreciente,Loss Incurred,month,cumulative,Synthetic,Portfolio,Auto,2018-06,27,333663.8454305327
decreciente,Loss Incurred,month,cumulative,Synthetic,Portfolio,Auto,2018-06,28,332842.5996075783
decreciente,Loss Incurred,month,cumulative,Synthetic,Portfolio,Auto,2018-06,29,332083.91319913894
decreciente,Loss Incurred,month,cumulative,Synthetic,Portfolio,Auto,2018-06,30,331383.02066457516
decreciente,Loss Incurred,month,cumulative,Synthetic,Portfolio,Auto,2018-06,31,330735.51948418905
decreciente,Loss Incurred,month,cumulative,Synthetic,Portfolio,Auto,2018-06,32,330137.34250565653
decreciente,Loss Incurred,month,cumulative,Synthetic,Portfolio,Auto,2018-06,33,329584.7323970032
decreciente,Loss Incurred,month,cumulative,Synthetic,Portfolio,Auto,2018-06,34,329074.21804565703
decreciente,Loss Incurred,month,cumulative,Synthetic,Portfolio,Auto,2018-06,35,328602.5927553314
decreciente,Loss Incurred,month,cumulative,Synthetic,Portfolio,Auto,2018-06,36,328166.8941037888
decreciente,Loss Incurred,month,cumulative,Synthetic,Portfolio,Auto,2018-06,37,327764.385334963
decreciente,Loss Incurred,month,cumulative,Synthetic,Portfolio,Auto,2018-06,38,327392.5381685602
decreciente,Loss Incurred,month,cumulative,Synthetic,Portfolio,Auto,2018-06,39,327049.0169191594
decreciente,Loss Incurred,month,cumulative,Synthetic,Portfolio,Auto,2018-06,40,326731.6638250604
decreciente,Loss Incurred,month,cumulative,Synthetic,Portfolio,Auto,2018-06,41,326438.48549472465
decreciente,Loss Incurred,month,cumulative,Synthetic,Portfolio,Auto,2018-06,42,326167.6403856749
decreciente,Loss Incurred,month,cumulative,Synthetic,Portfolio,Auto,2018-06,43,325917.4272372061
decreciente,Loss Incurred,month,cumulative,Synthetic,Portfolio,Auto,2018-06,44,325686.2743842477
decreciente,Loss Incurred,month,cumulative,Synthetic,Portfolio,Auto,2018-06,45,325472.7298852565
decreciente,Loss Incurred,month,cumulative,Synthetic,Portfolio,Auto,2018-06,46,325275.4524021287
decreciente,Loss Incurred,month,cumulative,Synthetic,Portfolio,Auto,2018-06,47,325093.2027748469
decreciente,Loss Incurred,month,cumulative,Synthetic,Portfolio,Auto,2018-06,48,324924.8362379379
decreciente,Loss Incurred,month,cumulative,Synthetic,Portfolio,Auto,2018-06,49,324769.2952298519
decreciente,Loss Incurred,month,cumulative,Synthetic,Portfolio,Auto,2018-06,50,324625.6027500955
decreciente,Loss Incurred,month,cumulative,Synthetic,Portfolio,Auto,2018-06,51,324492.85622239456
decreciente,Loss Incurred,month,cumulative,Synthetic,Portfolio,Auto,2018-06,52,324370.22182533686
decreciente,Loss Incurred,month,cumulative,Synthetic,Portfolio,Auto,2018-06,53,324256.92925488565
decreciente,Loss Incurred,month,cumulative,Synthetic,Portfolio,Auto,2018-06,54,324152.26688586525
decreciente,Loss Incurred,month,cumulative,Synthetic,Portfolio,Auto,2018-06,55,324055.57730202645
decreciente,Loss Incurred,month,cumulative,Synthetic,Portfolio,Auto,2018-06,56,323966.25316661445
decreciente,Loss Incurred,month,cumulative,Synthetic,Portfolio,Auto,2018-06,57,323883.73340750154
decreciente,Loss Incurred,month,cumulative,Synthetic,Portfolio,Auto,2018-06,58,323807.49969292205
decreciente,Loss Incurred,month,cumulative,Synthetic,Portfolio,Auto,2018-06,59,323737.07317567273
decreciente,Loss Incurred,month,cumulative,Synthetic,Portfolio,Auto,2018-06,60,323672.011485327
decreciente,Loss Incurred,month,cumulative,Synthetic,Portfolio,Auto,2018-06,61,323611.9059495718
decreciente,Loss Incurred,month,cumulative,Synthetic,Portfolio,Auto,2018-06,62,323556.37902721204
decreciente,Loss Incurred,month,cumulative,Synthetic,Portfolio,Auto,2018-06,63,323505.0819367195
decreciente,Loss Incurred,month,cumulative,Synthetic,Portfolio,Auto,2018-06,64,323457.69246542914
decreciente,Loss Incurred,month,cumulative,Synthetic,Portfolio,Auto,2018-06,65,323413.9129456237
decreciente,Loss Incurred,month,cumulative,Synthetic,Portfolio,Auto,2018-06,66,323373.4683847919
decreciente,Loss Incurred,month,cumulative,Synthetic,Portfolio,Auto,2018-06,67,323336.1047383164
decreciente,Loss Incurred,month,cumulative,Synthetic,Portfolio,Auto,2018-06,68,323301.58731374214
decreciente,Loss Incurred,month,cumulative,Synthetic,Portfolio,Auto,2018-06,69,323269.6992966019
decreciente,Loss Incurred,month,cumulative,Synthetic,Portfolio,Auto,2018-06,70,323240.2403885377
decreciente,Loss Incurred,month,cumulative,Synthetic,Portfolio,Auto,2018-06,71,323213.0255491669
decreciente,Loss Incurred,month,cumulative,Synthetic,Portfolio,Auto,2018-06,72,323187.88383378595
decreciente,Loss Incurred,month,cumulative,Synthetic,Portfolio,Auto,2018-06,73,323164.6573196153
decreciente,Loss Incurred,month,cumulative,Synthetic,Portfolio,Auto,2018-06,74,323143.2001138383
decreciente,Loss Incurred,month,cumulative,Synthetic,Portfolio,Auto,2018-06,75,323123.37743720354
decreciente,Loss Incurred,month,cumulative,Synthetic,Portfolio,Auto,2018-06,76,323105.06477743544
decreciente,Loss Incurred,month,cumulative,Synthetic,Portfolio,Auto,2018-06,77,323088.1471071349
decreciente,Loss Incurred,month,cumulative,Synthetic,Portfolio,Auto,2018-06,78,323072.51816125703
decreciente,Loss Incurred,month,cumulative,Synthetic,Portfolio,Auto,2018-06,79,323058.07976962754
decreciente,Loss Incurred,month,cumulative,Synthetic,Portfolio,Auto,2018-06,80,323044.7412403069
decreciente,Loss Incurred,month,cumulative,Synthetic,Portfolio,Auto,2018-06,81,323032.4187899257
decreciente,Loss Incurred,month,cumulative,Synthetic,Portfolio,Auto,2018-06,82,323021.0350174161
decreciente,Loss Incurred,month,cumulative,Synthetic,Portfolio,Auto,2018-06,83,323010.51841783244
decreciente,Loss Incurred,month,cumulative,Synthetic,Portfolio,Auto,2018-06,84,323000.80293320643
decreciente,Loss Incurred,month,cumulative,Synthetic,Portfolio,Auto,2018-06,85,322991.827537617
decreciente,Loss Incurred,month,cumulative,Synthetic,Portfolio,Auto,2018-06,86,322983.5358538681
decreciente,Loss Incurred,month,cumulative,Synthetic,Portfolio,Auto,2018-06,87,322975.8757993661
decreciente,Loss Incurred,month,cumulative,Synthetic,Portfolio,Auto,2018-06,88,322968.7992589733
decreciente,Loss Incurred,month,cumulative,Synthetic,Portfolio,Auto,2018-06,89,322962.2617827819
decreciente,Loss Incurred,month,cumulative,Synthetic,Portfolio,Auto,2018-06,90,322956.22230691096
decreciente,Loss Incurred,month,cumulative,Synthetic,Portfolio,Auto,2018-07,0,621602.415585974
decreciente,Loss Incurred,month,cumulative,Synthetic,Portfolio,Auto,2018-07,1,612198.7969687079
decreciente,Loss Incurred,month,cumulative,Synthetic,Portfolio,Auto,2018-07,2,603408.885944373
decreciente,Loss Incurred,month,cumulative,Synthetic,Portfolio,Auto,2018-07,3,595192.6301645115
decreciente,Loss Incurred,month,cumulative,Synthetic,Portfolio,Auto,2018-07,4,587512.5912138085
decreciente,Loss Incurred,month,cumulative,Synthetic,Portfolio,Auto,2018-07,5,580333.7740171865
decreciente,Loss Incurred,month,cumulative,Synthetic,Portfolio,Auto,2018-07,6,573623.467380291
decreciente,Loss Incurred,month,cumulative,Synthetic,Portfolio,Auto,2018-07,7,567351.0949367707
decreciente,Loss Incurred,month,cumulative,Synthetic,Portfolio,Auto,2018-07,8,561488.075823171
decreciente,Loss Incurred,month,cumulative,Synthetic,Portfolio,Auto,2018-07,9,556007.694446592
decreciente,Loss Incurred,month,cumulative,Synthetic,Portfolio,Auto,2018-07,10,550884.9787516888
decreciente,Loss Incurred,month,cumulative,Synthetic,Portfolio,Auto,2018-07,11,546096.5864323231
decreciente,Loss Incurred,month,cumulative,Synthetic,Portfolio,Auto,2018-07,12,541620.698569373
decreciente,Loss Incurred,month,cumulative,Synthetic,Portfolio,Auto,2018-07,13,537436.9202100512
decreciente,Loss Incurred,month,cumulative,Synthetic,Portfolio,Auto,2018-07,14,533526.187435707
decreciente,Loss Incurred,month,cumulative,Synthetic,Portfolio,Auto,2018-07,15,529870.6804946535
decreciente,Loss Incurred,month,cumulative,Synthetic,Portfolio,Auto,2018-07,16,526453.7426042013
decreciente,Loss Incurred,month,cumulative,Synthetic,Portfolio,Auto,2018-07,17,523259.8040519075
decreciente,Loss Incurred,month,cumulative,Synthetic,Portfolio,Auto,2018-07,18,520274.3112501994
decreciente,Loss Incurred,month,cumulative,Synthetic,Portfolio,Auto,2018-07,19,517483.6604211002
decreciente,Loss Incurred,month,cumulative,Synthetic,Portfolio,Auto,2018-07,20,514875.1356088828
decreciente,Loss Incurred,month,cumulative,Synthetic,Portfolio,Auto,2018-07,21,512436.85073819896
decreciente,Loss Incurred,month,cumulative,Synthetic,Portfolio,Auto,2018-07,22,510157.6954536641
decreciente,Loss Incurred,month,cumulative,Synthetic,Portfolio,Auto,2018-07,23,508027.2844941085
decreciente,Loss Incurred,month,cumulative,Synthetic,Portfolio,Auto,2018-07,24,506035.91037081316
decreciente,Loss Incurred,month,cumulative,Synthetic,Portfolio,Auto,2018-07,25,504174.4991341017
decreciente,Loss Incurred,month,cumulative,Synthetic,Portfolio,Auto,2018-07,26,502434.5690267333
decreciente,Loss Incurred,month,cumulative,Synthetic,Portfolio,Auto,2018-07,27,500808.1918356966
decreciente,Loss Incurred,month,cumulative,Synthetic,Portfolio,Auto,2018-07,28,499287.95676629763
decreciente,Loss Incurred,month,cumulative,Synthetic,Portfolio,Auto,2018-07,29,497866.9366739308
decreciente,Loss Incurred,month,cumulative,Synthetic,Portfolio,Auto,2018-07,30,496538.65649966226
decreciente,Loss Incurred,month,cumulative,Synthetic,Portfolio,Auto,2018-07,31,495297.0637658001
decreciente,Loss Incurred,month,cumulative,Synthetic,Portfolio,Auto,2018-07,32,494136.50099700905
decreciente,Loss Incurred,month,cumulative,Synthetic,Portfolio,Auto,2018-07,33,493051.67994130426
decreciente,Loss Incurred,month,cumulative,Synthetic,Portfolio,Auto,2018-07,34,492037.6574734574
decreciente,Loss Incurred,month,cumulative,Synthetic,Portfolio,Auto,2018-07,35,491089.81307101797
decreciente,Loss Incurred,month,cumulative,Synthetic,Portfolio,Auto,2018-07,36,490203.8277603144
decreciente,Loss Incurred,month,cumulative,Synthetic,Portfolio,Auto,2018-07,37,489375.66443650064
decreciente,Loss Incurred,month,cumulative,Synthetic,Portfolio,Auto,2018-07,38,488601.54946797417
decreciente,Loss Incurred,month,cumulative,Synthetic,Portfolio,Auto,2018-07,39,487877.955501343
decreciente,Loss Incurred,month,cumulative,Synthetic,Portfolio,Auto,2018-07,40,487201.58538859145
decreciente,Loss Incurred,month,cumulative,Synthetic,Portfolio,Auto,2018-07,41,486569.35716320504
decreciente,Loss Incurred,month,cumulative,Synthetic,Portfolio,Auto,2018-07,42,485978.3899967977
decreciente,Loss Incurred,month,cumulative,Synthetic,Portfolio,Auto,2018-07,43,485425.9910722511
decreciente,Loss Incurred,month,cumulative,Synthetic,Portfolio,Auto,2018-07,44,484909.6433135504
decreciente,Loss Incurred,month,cumulative,Synthetic,Portfolio,Auto,2018-07,45,484426.99391640647
decreciente,Loss Incurred,month,cumulative,Synthetic,Portfolio,Auto,2018-07,46,483975.84362740454
decreciente,Loss Incurred,month,cumulative,Synthetic,Portfolio,Auto,2018-07,47,483554.13672282547
decreciente,Loss Incurred,month,cumulative,Synthetic,Portfolio,Auto,2018-07,48,483159.95164147887
decreciente,Loss Incurred,month,cumulative,Synthetic,Portfolio,Auto,2018-07,49,482791.49222886574
decreciente,Loss Incurred,month,cumulative,Synthetic,Portfolio,Auto,2018-07,50,482447.07955277094
decreciente,Loss Incurred,month,cumulative,Synthetic,Portfolio,Auto,2018-07,51,482125.1442529951
decreciente,Loss Incurred,month,cumulative,Synthetic,Portfolio,Auto,2018-07,52,481824.21939036547
decreciente,Loss Incurred,month,cumulative,Synthetic,Portfolio,Auto,2018-07,53,481542.93376244046
decreciente,Loss Incurred,month,cumulative,Synthetic,Portfolio,Auto,2018-07,54,481280.0056554515
decreciente,Loss Incurred,month,cumulative,Synthetic,Portfolio,Auto,2018-07,55,481034.23700401053
decreciente,Loss Incurred,month,cumulative,Synthetic,Portfolio,Auto,2018-07,56,480804.5079319734
decreciente,Loss Incurred,month,cumulative,Synthetic,Portfolio,Auto,2018-07,57,480589.7716495807
decreciente,Loss Incurred,month,cumulative,Synthetic,Portfolio,Auto,2018-07,58,480389.04968362785
decreciente,Loss Incurred,month,cumulative,Synthetic,Portfolio,Auto,2018-07,59,480201.42741892696
decreciente,Loss Incurred,month,cumulative,Synthetic,Portfolio,Auto,2018-07,60,480026.0499307463
decreciente,Loss Incurred,month,cumulative,Synthetic,Portfolio,Auto,2018-07,61,479862.1180892371
decreciente,Loss Incurred,month,cumulative,Synthetic,Portfolio,Auto,2018-07,62,479708.8849180963
decreciente,Loss Incurred,month,cumulative,Synthetic,Portfolio,Auto,2018-07,63,479565.6521908746
decreciente,Loss Incurred,month,cumulative,Synthetic,Portfolio,Auto,2018-07,64,479431.76724941813
decreciente,Loss Incurred,month,cumulative,Synthetic,Portfolio,Auto,2018-07,65,479306.6200299489
decreciente,Loss Incurred,month,cumulative,Synthetic,Portfolio,Auto,2018-07,66,479189.6402832311
decreciente,Loss Incurred,month,cumulative,Synthetic,Portfolio,Auto,2018-07,67,479080.2949761586
decreciente,Loss Incurred,month,cumulative,Synthetic,Portfolio,Auto,2018-07,68,478978.08586292085
decreciente,Loss Incurred,month,cumulative,Synthetic,Portfolio,Auto,2018-07,69,478882.5472146832
decreciente,Loss Incurred,month,cumulative,Synthetic,Portfolio,Auto,2018-07,70,478793.2436974338
decreciente,Loss Incurred,month,cumulative,Synthetic,Portfolio,Auto,2018-07,71,478709.7683883288
decreciente,Loss Incurred,month,cumulative,Synthetic,Portfolio,Auto,2018-07,72,478631.7409214965
decreciente,Loss Incurred,month,cumulative,Synthetic,Portfolio,Auto,2018-07,73,478558.80575485213
decreciente,Loss Incurred,month,cumulative,Synthetic,Portfolio,Auto,2018-07,74,478490.6305500249
decreciente,Loss Incurred,month,cumulative,Synthetic,Portfolio,Auto,2018-07,75,478426.90465801593
decreciente,Loss Incurred,month,cumulative,Synthetic,Portfolio,Auto,2018-07,76,478367.3377036867
decreciente,Loss Incurred,month,cumulative,Synthetic,Portfolio,Auto,2018-07,77,478311.65826262726
decreciente,Loss Incurred,month,cumulative,Synthetic,Portfolio,Auto,2018-07,78,478259.6126243771
decreciente,Loss Incurred,month,cumulative,Synthetic,Portfolio,Auto,2018-07,79,478210.9636363606
decreciente,Loss Incurred,month,cumulative,Synthetic,Portfolio,Auto,2018-07,80,478165.48962327116
decreciente,Loss Incurred,month,cumulative,Synthetic,Portfolio,Auto,2018-07,81,478122.9833769798
decreciente,Loss Incurred,month,cumulative,Synthetic,Portfolio,Auto,2018-07,82,478083.2512123647
decreciente,Loss Incurred,month,cumulative,Synthetic,Portfolio,Auto,2018-07,83,478046.11208476016
decreciente,Loss Incurred,month,cumulative,Synthetic,Portfolio,Auto,2018-07,84,478011.39676500374
decreciente,Loss Incurred,month,cumulative,Synthetic,Portfolio,Auto,2018-07,85,477978.94706832204
decreciente,Loss Incurred,month,cumulative,Synthetic,Portfolio,Auto,2018-07,86,477948.6151335417
decreciente,Loss Incurred,month,cumulative,Synthetic,Portfolio,Auto,2018-07,87,477920.2627493408
decreciente,Loss Incurred,month,cumulative,Synthetic,Portfolio,Auto,2018-07,88,477893.7607244718
decreciente,Loss Incurred,month,cumulative,Synthetic,Portfolio,Auto,2018-07,89,477868.98829908494
decreciente,Loss Incurred,month,cumulative,Synthetic,Portfolio,Auto,2018-08,0,468980.5512059653
decreciente,Loss Incurred,month,cumulative,Synthetic,Portfolio,Auto,2018-08,1,462358.69394406903
decreciente,Loss Incurred,month,cumulative,Synthetic,Portfolio,Auto,2018-08,2,456168.7777241009
decreciente,Loss Incurred,month,cumulative,Synthetic,Portfolio,Auto,2018-08,3,450382.62720849
decreciente,Loss Incurred,month,cumulative,Synthetic,Portfolio,Auto,2018-08,4,444973.9049254155
decreciente,Loss Incurred,month,cumulative,Synthetic,Portfolio,Auto,2018-08,5,439917.9913855761
decreciente,Loss Incurred,month,cumulative,Synthetic,Portfolio,Auto,2018-08,6,435191.87301889213
decreciente,Loss Incurred,month,cumulative,Synthetic,Portfolio,Auto,2018-08,7,430774.03742105124
decreciente,Loss Incurred,month,cumulative,Synthetic,Portfolio,Auto,2018-08,8,426644.3754330795
decreciente,Loss Incurred,month,cumulative,Synthetic,Portfolio,Auto,2018-08,9,422784.0896082215
decreciente,Loss Incurred,month,cumulative,Synthetic,Portfolio,Auto,2018-08,10,419175.60864948836
decreciente,Loss Incurred,month,cumulative,Synthetic,Portfolio,Auto,2018-08,11,415802.50742841006
decreciente,Loss Incurred,month,cumulative,Synthetic,Portfolio,Auto,2018-08,12,412649.4322209317
decreciente,Loss Incurred,month,cumulative,Synthetic,Portfolio,Auto,2018-08,13,409702.0308201408
decreciente,Loss Incurred,month,cumulative,Synthetic,Portfolio,Auto,2018-08,14,406946.8872077146
decreciente,Loss Incurred,month,cumulative,Synthetic,Portfolio,Auto,2018-08,15,404371.46048672026
decreciente,Loss Incurred,month,cumulative,Synthetic,Portfolio,Auto,2018-08,16,401964.0277978046
decreciente,Loss Incurred,month,cumulative,Synthetic,Portfolio,Auto,2018-08,17,399713.6309589376
decreciente,Loss Incurred,month,cumulative,Synthetic,Portfolio,Auto,2018-08,18,397610.02658582263
decreciente,Loss Incurred,month,cumulative,Synthetic,Portfolio,Auto,2018-08,19,395643.63946593314
decreciente,Loss Incurred,month,cumulative,Synthetic,Portfolio,Auto,2018-08,20,393805.51897394075
decreciente,Loss Incurred,month,cumulative,Synthetic,Portfolio,Auto,2018-08,21,392087.2983301479
decreciente,Loss Incurred,month,cumulative,Synthetic,Portfolio,Auto,2018-08,22,390481.15651647624
decreciente,Loss Incurred,month,cumulative,Synthetic,Portfolio,Auto,2018-08,23,388979.7826766589
decreciente,Loss Incurred,month,cumulative,Synthetic,Portfolio,Auto,2018-08,24,387576.34283859463
decreciente,Loss Incurred,month,cumulative,Synthetic,Portfolio,Auto,2018-08,25,386264.448807388
decreciente,Loss Incurred,month,cumulative,Synthetic,Portfolio,Auto,2018-08,26,385038.1290874852
decreciente,Loss Incurred,month,cumulative,Synthetic,Portfolio,Auto,2018-08,27,383891.80170154583
decreciente,Loss Incurred,month,cumulative,Synthetic,Portfolio,Auto,2018-08,28,382820.24878232944
decreciente,Loss Incurred,month,cumulative,Synthetic,Portfolio,Auto,2018-08,29,381818.59282194223
decreciente,Loss Incurred,month,cumulative,Synthetic,Portfolio,Auto,2018-08,30,380882.27447033627
decreciente,Loss Incurred,month,cumulative,Synthetic,Portfolio,Auto,2018-08,31,380007.03178200324
decreciente,Loss Incurred,month,cumulative,Synthetic,Portfolio,Auto,2018-08,32,379188.88081639796
decreciente,Loss Incurred,month,cumulative,Synthetic,Portfolio,Auto,2018-08,33,378424.0975037881
decreciente,Loss Incurred,month,cumulative,Synthetic,Portfolio,Auto,2018-08,34,377709.20069398754
decreciente,Loss Incurred,month,cumulative,Synthetic,Portfolio,Auto,2018-08,35,377040.9363108134
decreciente,Loss Incurred,month,cumulative,Synthetic,Portfolio,Auto,2018-08,36,376416.26254014205
decreciente,Loss Incurred,month,cumulative,Synthetic,Portfolio,Auto,2018-08,37,375832.33598414133
decreciente,Loss Incurred,month,cumulative,Synthetic,Portfolio,Auto,2018-08,38,375286.49871865724
decreciente,Loss Incurred,month,cumulative,Synthetic,Portfolio,Auto,2018-08,39,374776.26619484194
decreciente,Loss Incurred,month,cumulative,Synthetic,Portfolio,Auto,2018-08,40,374299.3159299527
decreciente,Loss Incurred,month,cumulative,Synthetic,Portfolio,Auto,2018-08,41,373853.4769358469
decreciente,Loss Incurred,month,cumulative,Synthetic,Portfolio,Auto,2018-08,42,373436.7198370508
decreciente,Loss Incurred,month,cumulative,Synthetic,Portfolio,Auto,2018-08,43,373047.1476334232
decreciente,Loss Incurred,month,cumulative,Synthetic,Portfolio,Auto,2018-08,44,372682.9870653664
decreciente,Loss Incurred,month,cumulative,Synthetic,Portfolio,Auto,2018-08,45,372342.5805422813
decreciente,Loss Incurred,month,cumulative,Synthetic,Portfolio,Auto,2018-08,46,372024.378597526
decreciente,Loss Incurred,month,cumulative,Synthetic,Portfolio,Auto,2018-08,47,371726.9328355342
decreciente,Loss Incurred,month,cumulative,Synthetic,Portfolio,Auto,2018-08,48,371448.88933899003
decreciente,Loss Incurred,month,cumulative,Synthetic,Portfolio,Auto,2018-08,49,371188.9825060507
decreciente,Loss Incurred,month,cumulative,Synthetic,Portfolio,Auto,2018-08,50,370946.02928956435
decreciente,Loss Incurred,month,cumulative,Synthetic,Portfolio,Auto,2018-08,51,370718.92381206097
decreciente,Loss Incurred,month,cumulative,Synthetic,Portfolio,Auto,2018-08,52,370506.63233200577
decreciente,Loss Incurred,month,cumulative,Synthetic,Portfolio,Auto,2018-08,53,370308.18853840185
decreciente,Loss Incurred,month,cumulative,Synthetic,Portfolio,Auto,2018-08,54,370122.6891523233
decreciente,Loss Incurred,month,cumulative,Synthetic,Portfolio,Auto,2018-08,55,369949.28981535963
decreciente,Loss Incurred,month,cumulative,Synthetic,Portfolio,Auto,2018-08,56,369787.20124625386
decreciente,Loss Incurred,month,cumulative,Synthetic,Portfolio,Auto,2018-08,57,369635.68564824294
decreciente,Loss Incurred,month,cumulative,Synthetic,Portfolio,Auto,2018-08,58,369494.0533507449
decreciente,Loss Incurred,month,cumulative,Synthetic,Portfolio,Auto,2018-08,59,369361.6596701081
decreciente,Loss Incurred,month,cumulative,Synthetic,Portfolio,Auto,2018-08,60,369237.9019751317
decreciente,Loss Incurred,month,cumulative,Synthetic,Portfolio,Auto,2018-08,61,369122.21694400173
decreciente,Loss Incurred,month,cumulative,Synthetic,Portfolio,Auto,2018-08,62,369014.0780001561
decreciente,Loss Incurred,month,cumulative,Synthetic,Portfolio,Auto,2018-08,63,368912.9929154061
decreciente,Loss Incurred,month,cumulative,Synthetic,Portfolio,Auto,2018-08,64,368818.501569407
decreciente,Loss Incurred,month,cumulative,Synthetic,Portfolio,Auto,2018-08,65,368730.17385527573
decreciente,Loss Incurred,month,cumulative,Synthetic,Portfolio,Auto,2018-08,66,368647.6077218256
decreciente,Loss Incurred,month,cumulative,Synthetic,Portfolio,Auto,2018-08,67,368570.42734350427
decreciente,Loss Incurred,month,cumulative,Synthetic,Portfolio,Auto,2018-08,68,368498.2814097066
decreciente,Loss Incurred,month,cumulative,Synthetic,Portfolio,Auto,2018-08,69,368430.8415256745
decreciente,Loss Incurred,month,cumulative,Synthetic,Portfolio,Auto,2018-08,70,368367.8007177059
decreciente,Loss Incurred,month,cumulative,Synthetic,Portfolio,Auto,2018-08,71,368308.8720358676
decreciente,Loss Incurred,month,cumulative,Synthetic,Portfolio,Auto,2018-08,72,368253.7872478534
decreciente,Loss Incurred,month,cumulative,Synthetic,Portfolio,Auto,2018-08,73,368202.2956180406
decreciente,Loss Incurred,month,cumulative,Synthetic,Portfolio,Auto,2018-08,74,368154.16276618873
decreciente,Loss Incurred,month,cumulative,Synthetic,Portfolio,Auto,2018-08,75,368109.16960058466
decreciente,Loss Incurred,month,cumulative,Synthetic,Portfolio,Auto,2018-08,76,368067.11132077797
decreciente,Loss Incurred,month,cumulative,Synthetic,Portfolio,Auto,2018-08,77,368027.79648536816
decreciente,Loss Incurred,month,cumulative,Synthetic,Portfolio,Auto,2018-08,78,367991.04614059866
decreciente,Loss Incurred,month,cumulative,Synthetic,Portfolio,Auto,2018-08,79,367956.69300579367
decreciente,Loss Incurred,month,cumulative,Synthetic,Portfolio,Auto,2018-08,80,367924.58071192703
decreciente,Loss Incurred,month,cumulative,Synthetic,Portfolio,Auto,2018-08,81,367894.56308986066
decreciente,Loss Incurred,month,cumulative,Synthetic,Portfolio,Auto,2018-08,82,367866.5035050093
decreciente,Loss Incurred,month,cumulative,Synthetic,Portfolio,Auto,2018-08,83,367840.274235406
decreciente,Loss Incurred,month,cumulative,Synthetic,Portfolio,Auto,2018-08,84,367815.7558903353
decreciente,Loss Incurred,month,cumulative,Synthetic,Portfolio,Auto,2018-08,85,367792.8368668897
decreciente,Loss Incurred,month,cumulative,Synthetic,Portfolio,Auto,2018-08,86,367771.41284197324
decreciente,Loss Incurred,month,cumulative,Synthetic,Portfolio,Auto,2018-08,87,367751.3862974431
decreciente,Loss Incurred,month,cumulative,Synthetic,Portfolio,Auto,2018-08,88,367732.66607622505
decreciente,Loss Incurred,month,cumulative,Synthetic,Portfolio,Auto,2018-09,0,469493.62957165024
decreciente,Loss Incurred,month,cumulative,Synthetic,Portfolio,Auto,2018-09,1,462560.89758375695
decreciente,Loss Incurred,month,cumulative,Synthetic,Portfolio,Auto,2018-09,2,456123.1939877428
decreciente,Loss Incurred,month,cumulative,Synthetic,Portfolio,Auto,2018-09,3,450145.1715194708
decreciente,Loss Incurred,month,cumulative,Synthetic,Portfolio,Auto,2018-09,4,444594.0068691923
decreciente,Loss Incurred,month,cumulative,Synthetic,Portfolio,Auto,2018-09,5,439439.22045979806
decreciente,Loss Incurred,month,cumulative,Synthetic,Portfolio,Auto,2018-09,6,434652.5090937171
decreciente,Loss Incurred,month,cumulative,Synthetic,Portfolio,Auto,2018-09,7,430207.5905495826
decreciente,Loss Incurred,month,cumulative,Synthetic,Portfolio,Auto,2018-09,8,426080.0592753986
decreciente,Loss Incurred,month,cumulative,Synthetic,Portfolio,Auto,2018-09,9,422247.2523858668
decreciente,Loss Incurred,month,cumulative,Synthetic,Portfolio,Auto,2018-09,10,418688.125228109
decreciente,Loss Incurred,month,cumulative,Synthetic,Portfolio,Auto,2018-09,11,415383.13583256025
decreciente,Loss Incurred,month,cumulative,Synthetic,Portfolio,Auto,2018-09,12,412314.13761458953
decreciente,Loss Incurred,month,cumulative,Synthetic,Portfolio,Auto,2018-09,13,409464.2797377102
decreciente,Loss Incurred,month,cumulative,Synthetic,Portfolio,Auto,2018-09,14,406817.91459130694
decreciente,Loss Incurred,month,cumulative,Synthetic,Portfolio,Auto,2018-09,15,404360.5118748717
decreciente,Loss Incurred,month,cumulative,Synthetic,Portfolio,Auto,2018-09,16,402078.57881701266
decreciente,Loss Incurred,month,cumulative,Synthetic,Portfolio,Auto,2018-09,17,399959.5860911873
decreciente,Loss Incurred,month,cumulative,Synthetic,Portfolio,Auto,2018-09,18,397991.8990213863
decreciente,Loss Incurred,month,cumulative,Synthetic,Portfolio,Auto,2018-09,19,396164.7137000425
decreciente,Loss Incurred,month,cumulative,Synthetic,Portfolio,Auto,2018-09,20,394467.9976674106
decreciente,Loss Incurred,month,cumulative,Synthetic,Portfolio,Auto,2018-09,21,392892.4348267058
decreciente,Loss Incurred,month,cumulative,Synthetic,Portfolio,Auto,2018-09,22,391429.3742925522
decreciente,Loss Incurred,month,cumulative,Synthetic,Portfolio,Auto,2018-09,23,390070.7828918813
decreciente,Loss Incurred,month,cumulative,Synthetic,Portfolio,Auto,2018-09,24,388809.20105648285
decreciente,Loss Incurred,month,cumulative,Synthetic,Portfolio,Auto,2018-09,25,387637.70186502486
decreciente,Loss Incurred,month,cumulative,Synthetic,Portfolio,Auto,2018-09,26,386549.8530096608
decreciente,Loss Incurred,month,cumulative,Synthetic,Portfolio,Auto,2018-09,27,385539.6814783903
decreciente,Loss Incurred,month,cumulative,Synthetic,Portfolio,Auto,2018-09,28,384601.6407592615
decreciente,Loss Incurred,month,cumulative,Synthetic,Portfolio,Auto,2018-09,29,383730.58038633934
decreciente,Loss Incurred,month,cumulative,Synthetic,Portfolio,Auto,2018-09,30,382921.71766023093
decreciente,Loss Incurred,month,cumulative,Synthetic,Portfolio,Auto,2018-09,31,382170.6113878923
decreciente,Loss Incurred,month,cumulative,Synthetic,Portfolio,Auto,2018-09,32,381473.13749753166
decreciente,Loss Incurred,month,cumulative,Synthetic,Portfolio,Auto,2018-09,33,380825.46639471926
decreciente,Loss Incurred,month,cumulative,Synthetic,Portfolio,Auto,2018-09,34,380224.0419353734
decreciente,Loss Incurred,month,cumulative,Synthetic,Portfolio,Auto,2018-09,35,379665.56190016883
decreciente,Loss Incurred,month,cumulative,Synthetic,Portfolio,Auto,2018-09,36,379146.95986316283
decreciente,Loss Incurred,month,cumulative,Synthetic,Portfolio,Auto,2018-09,37,378665.3883550813
decreciente,Loss Incurred,month,cumulative,Synthetic,Portfolio,Auto,2018-09,38,378218.20322882413
decreciente,Loss Incurred,month,cumulative,Synthetic,Portfolio,Auto,2018-09,39,377802.949141342
decreciente,Loss Incurred,month,cumulative,Synthetic,Portfolio,Auto,2018-09,40,377417.3460721752
decreciente,Loss Incurred,month,cumulative,Synthetic,Portfolio,Auto,2018-09,41,377059.2768046275
decreciente,Loss Incurred,month,cumulative,Synthetic,Portfolio,Auto,2018-09,42,376726.7753008423
decreciente,Loss Incurred,month,cumulative,Synthetic,Portfolio,Auto,2018-09,43,376418.0159069503
decreciente,Loss Incurred,month,cumulative,Synthetic,Portfolio,Auto,2018-09,44,376131.30332901806
decreciente,Loss Incurred,month,cumulative,Synthetic,Portfolio,Auto,2018-09,45,375865.06332475995
decreciente,Loss Incurred,month,cumulative,Synthetic,Portfolio,Auto,2018-09,46,375617.83405990334
decreciente,Loss Incurred,month,cumulative,Synthetic,Portfolio,Auto,2018-09,47,375388.2580817483
decreciente,Loss Incurred,month,cumulative,Synthetic,Portfolio,Auto,2018-09,48,375175.07486585184
decreciente,Loss Incurred,month,cumulative,Synthetic,Portfolio,Auto,2018-09,49,374977.1138949124
decreciente,Loss Incurred,month,cumulative,Synthetic,Portfolio,Auto,2018-09,50,374793.28823185293
decreciente,Loss Incurred,month,cumulative,Synthetic,Portfolio,Auto,2018-09,51,374622.5885518158
decreciente,Loss Incurred,month,cumulative,Synthetic,Portfolio,Auto,2018-09,52,374464.0776002986
decreciente,Loss Incurred,month,cumulative,Synthetic,Portfolio,Auto,2018-09,53,374316.88504700636
decreciente,Loss Incurred,month,cumulative,Synthetic,Portfolio,Auto,2018-09,54,374180.20270715945
decreciente,Loss Incurred,month,cumulative,Synthetic,Portfolio,Auto,2018-09,55,374053.28010402404
decreciente,Loss Incurred,month,cumulative,Synthetic,Portfolio,Auto,2018-09,56,373935.42034829606
decreciente,Loss Incurred,month,cumulative,Synthetic,Portfolio,Auto,2018-09,57,373825.9763117171
decreciente,Loss Incurred,month,cumulative,Synthetic,Portfolio,Auto,2018-09,58,373724.3470739105
decreciente,Loss Incurred,month,cumulative,Synthetic,Portfolio,Auto,2018-09,59,373629.97462293017
decreciente,Loss Incurred,month,cumulative,Synthetic,Portfolio,Auto,2018-09,60,373542.34079140436
decreciente,Loss Incurred,month,cumulative,Synthetic,Portfolio,Auto,2018-09,61,373460.9644114531
decreciente,Loss Incurred,month,cumulative,Synthetic,Portfolio,Auto,2018-09,62,373385.3986727577
decreciente,Loss Incurred,month,cumulative,Synthetic,Portfolio,Auto,2018-09,63,373315.2286692751
decreciente,Loss Incurred,month,cumulative,Synthetic,Portfolio,Auto,2018-09,64,373250.06912112853
decreciente,Loss Incurred,month,cumulative,Synthetic,Portfolio,Auto,2018-09,65,373189.5622591655
decreciente,Loss Incurred,month,cumulative,Synthetic,Portfolio,Auto,2018-09,66,373133.3758605677
decreciente,Loss Incurred,month,cumulative,Synthetic,Portfolio,Auto,2018-09,67,373081.20142472757
decreciente,Loss Incurred,month,cumulative,Synthetic,Portfolio,Auto,2018-09,68,373032.7524793746
decreciente,Loss Incurred,month,cumulative,Synthetic,Portfolio,Auto,2018-09,69,372987.7630076531
decreciente,Loss Incurred,month,cumulative,Synthetic,Portfolio,Auto,2018-09,70,372945.9859875129
decreciente,Loss Incurred,month,cumulative,Synthetic,Portfolio,Auto,2018-09,71,372907.1920353947
decreciente,Loss Incurred,month,cumulative,Synthetic,Portfolio,Auto,2018-09,72,372871.16814676166
decreciente,Loss Incurred,month,cumulative,Synthetic,Portfolio,Auto,2018-09,73,372837.7165265633
decreciente,Loss Incurred,month,cumulative,Synthetic,Portfolio,Auto,2018-09,74,372806.6535032098
decreciente,Loss Incurred,month,cumulative,Synthetic,Portfolio,Auto,2018-09,75,372777.8085200928
decreciente,Loss Incurred,month,cumulative,Synthetic,Portfolio,Auto,2018-09,76,372751.0231991163
decreciente,Loss Incurred,month,cumulative,Synthetic,Portfolio,Auto,2018-09,77,372726.15047109633
decreciente,Loss Incurred,month,cumulative,Synthetic,Portfolio,Auto,2018-09,78,372703.0537682529
decreciente,Loss Incurred,month,cumulative,Synthetic,Portfolio,Auto,2018-09,79,372681.606274363
decreciente,Loss Incurred,month,cumulative,Synthetic,Portfolio,Auto,2018-09,80,372661.69022845465
decreciente,Loss Incurred,month,cumulative,Synthetic,Portfolio,Auto,2018-09,81,372643.1962782218
decreciente,Loss Incurred,month,cumulative,Synthetic,Portfolio,Auto,2018-09,82,372626.0228796068
decreciente,Loss Incurred,month,cumulative,Synthetic,Portfolio,Auto,2018-09,83,372610.0757392569
decreciente,Loss Incurred,month,cumulative,Synthetic,Portfolio,Auto,2018-09,84,372595.2672967906
decreciente,Loss Incurred,month,cumulative,Synthetic,Portfolio,Auto,2018-09,85,372581.51624403347
decreciente,Loss Incurred,month,cumulative,Synthetic,Portfolio,Auto,2018-09,86,372568.74707858206
decreciente,Loss Incurred,month,cumulative,Synthetic,Portfolio,Auto,2018-09,87,372556.8896892458
decreciente,Loss Incurred,month,cumulative,Synthetic,Portfolio,Auto,2018-10,0,480164.0891120697
decreciente,Loss Incurred,month,cumulative,Synthetic,Portfolio,Auto,2018-10,1,472070.2284693807
decreciente,Loss Incurred,month,cumulative,Synthetic,Portfolio,Auto,2018-10,2,464596.02735658205
decreciente,Loss Incurred,month,cumulative,Synthetic,Portfolio,Auto,2018-10,3,457694.04513317667
decreciente,Loss Incurred,month,cumulative,Synthetic,Portfolio,Auto,2018-10,4,451320.4731763516
decreciente,Loss Incurred,month,cumulative,Synthetic,Portfolio,Auto,2018-10,5,445434.8568165946
decreciente,Loss Incurred,month,cumulative,Synthetic,Portfolio,Auto,2018-10,6,439999.83856169815
decreciente,Loss Incurred,month,cumulative,Synthetic,Portfolio,Auto,2018-10,7,434980.92097933026
decreciente,Loss Incurred,month,cumulative,Synthetic,Portfolio,Auto,2018-10,8,430346.24773312575
decreciente,Loss Incurred,month,cumulative,Synthetic,Portfolio,Auto,2018-10,9,426066.401382481
decreciente,Loss Incurred,month,cumulative,Synthetic,Portfolio,Auto,2018-10,10,422114.21666263527
decreciente,Loss Incurred,month,cumulative,Synthetic,Portfolio,Auto,2018-10,11,418464.6080598803
decreciente,Loss Incurred,month,cumulative,Synthetic,Portfolio,Auto,2018-10,12,415094.4105874753
decreciente,Loss Incurred,month,cumulative,Synthetic,Portfolio,Auto,2018-10,13,411982.23275162943
decreciente,Loss Incurred,month,cumulative,Synthetic,Portfolio,Auto,2018-10,14,409108.32077429426
decreciente,Loss Incurred,month,cumulative,Synthetic,Portfolio,Auto,2018-10,15,406454.4332109488
decreciente,Loss Incurred,month,cumulative,Synthetic,Portfolio,Auto,2018-10,16,404003.72516754834
decreciente,Loss Incurred,month,cumulative,Synthetic,Portfolio,Auto,2018-10,17,401740.6413817319
decreciente,Loss Incurred,month,cumulative,Synthetic,Portfolio,Auto,2018-10,18,399650.81748964597
decreciente,Loss Incurred,month,cumulative,Synthetic,Portfolio,Auto,2018-10,19,397720.9888517028
decreciente,Loss Incurred,month,cumulative,Synthetic,Portfolio,Auto,2018-10,20,395938.90635856596
decreciente,Loss Incurred,month,cumulative,Synthetic,Portfolio,Auto,2018-10,21,394293.25868296216
decreciente,Loss Incurred,month,cumulative,Synthetic,Portfolio,Auto,2018-10,22,392773.60048383276
decreciente,Loss Incurred,month,cumulative,Synthetic,Portfolio,Auto,2018-10,23,391370.2861071187
decreciente,Loss Incurred,month,cumulative,Synthetic,Portfolio,Auto,2018-10,24,390074.40836235957
decreciente,Loss Incurred,month,cumulative,Synthetic,Portfolio,Auto,2018-10,25,388877.7419865085
decreciente,Loss Incurred,month,cumulative,Synthetic,Portfolio,Auto,2018-10,26,387772.6914361123
decreciente,Loss Incurred,month,cumulative,Synthetic,Portfolio,Auto,2018-10,27,386752.2426764797
decreciente,Loss Incurred,month,cumulative,Synthetic,Portfolio,Auto,2018-10,28,385809.9186618342
decreciente,Loss Incurred,month,cumulative,Synthetic,Portfolio,Auto,2018-10,29,384939.7382238695
decreciente,Loss Incurred,month,cumulative,Synthetic,Portfolio,Auto,2018-10,30,384136.1781077652
decreciente,Loss Incurred,month,cumulative,Synthetic,Portfolio,Auto,2018-10,31,383394.13791469473
decreciente,Loss Incurred,month,cumulative,Synthetic,Portfolio,Auto,2018-10,32,382708.90772830654
decreciente,Loss Incurred,month,cumulative,Synthetic,Portfolio,Auto,2018-10,33,382076.1382196974
decreciente,Loss Incurred,month,cumulative,Synthetic,Portfolio,Auto,2018-10,34,381491.8130411235
decreciente,Loss Incurred,month,cumulative,Synthetic,Portfolio,Auto,2018-10,35,380952.22333322826
decreciente,Loss Incurred,month,cumulative,Synthetic,Portfolio,Auto,2018-10,36,380453.944183976
decreciente,Loss Incurred,month,cumulative,Synthetic,Portfolio,Auto,2018-10,37,379993.812889871
decreciente,Loss Incurred,month,cumulative,Synthetic,Portfolio,Auto,2018-10,38,379568.9088814806
decreciente,Loss Incurred,month,cumulative,Synthetic,Portfolio,Auto,2018-10,39,379176.5351858433
decreciente,Loss Incurred,month,cumulative,Synthetic,Portfolio,Auto,2018-10,40,378814.2013081018
decreciente,Loss Incurred,month,cumulative,Synthetic,Portfolio,Auto,2018-10,41,378479.60742370295
decreciente,Loss Incurred,month,cumulative,Synthetic,Portfolio,Auto,2018-10,42,378170.62978083134
decreciente,Loss Incurred,month,cumulative,Synthetic,Portfolio,Auto,2018-10,43,377885.30722042045
decreciente,Loss Incurred,month,cumulative,Synthetic,Portfolio,Auto,2018-10,44,377621.8287281813
decreciente,Loss Incurred,month,cumulative,Synthetic,Portfolio,Auto,2018-10,45,377378.52193963766
decreciente,Loss Incurred,month,cumulative,Synthetic,Portfolio,Auto,2018-10,46,377153.84252520674
decreciente,Loss Incurred,month,cumulative,Synthetic,Portfolio,Auto,2018-10,47,376946.3643879499
decreciente,Loss Incurred,month,cumulative,Synthetic,Portfolio,Auto,2018-10,48,376754.7706117749
decreciente,Loss Incurred,month,cumulative,Synthetic,Portfolio,Auto,2018-10,49,376577.8451026378
decreciente,Loss Incurred,month,cumulative,Synthetic,Portfolio,Auto,2018-10,50,376414.46486968687
decreciente,Loss Incurred,month,cumulative,Synthetic,Portfolio,Auto,2018-10,51,376263.59289735625
decreciente,Loss Incurred,month,cumulative,Synthetic,Portfolio,Auto,2018-10,52,376124.2715631668
decreciente,Loss Incurred,month,cumulative,Synthetic,Portfolio,Auto,2018-10,53,375995.61655945407
decreciente,Loss Incurred,month,cumulative,Synthetic,Portfolio,Auto,2018-10,54,375876.81128044473
decreciente,Loss Incurred,month,cumulative,Synthetic,Portfolio,Auto,2018-10,55,375767.1016390539
decreciente,Loss Incurred,month,cumulative,Synthetic,Portfolio,Auto,2018-10,56,375665.79128050327
decreciente,Loss Incurred,month,cumulative,Synthetic,Portfolio,Auto,2018-10,57,375572.23716238287
decreciente,Loss Incurred,month,cumulative,Synthetic,Portfolio,Auto,2018-10,58,375485.84547309746
decreciente,Loss Incurred,month,cumulative,Synthetic,Portfolio,Auto,2018-10,59,375406.0678627952
decreciente,Loss Incurred,month,cumulative,Synthetic,Portfolio,Auto,2018-10,60,375332.3979628524
decreciente,Loss Incurred,month,cumulative,Synthetic,Portfolio,Auto,2018-10,61,375264.3681718244
decreciente,Loss Incurred,month,cumulative,Synthetic,Portfolio,Auto,2018-10,62,375201.54668746085
decreciente,Loss Incurred,month,cumulative,Synthetic,Portfolio,Auto,2018-10,63,375143.53476594825
decreciente,Loss Incurred,month,cumulative,Synthetic,Portfolio,Auto,2018-10,64,375089.96419098205
decreciente,Loss Incurred,month,cumulative,Synthetic,Portfolio,Auto,2018-10,65,375040.494936605
decreciente,Loss Incurred,month,cumulative,Synthetic,Portfolio,Auto,2018-10,66,374994.8130089766
decreciente,Loss Incurred,month,cumulative,Synthetic,Portfolio,Auto,2018-10,67,374952.62845337467
decreciente,Loss Incurred,month,cumulative,Synthetic,Portfolio,Auto,2018-10,68,374913.6735137801
decreciente,Loss Incurred,month,cumulative,Synthetic,Portfolio,Auto,2018-10,69,374877.7009333615
decreciente,Loss Incurred,month,cumulative,Synthetic,Portfolio,Auto,2018-10,70,374844.4823850735
decreciente,Loss Incurred,month,cumulative,Synthetic,Portfolio,Auto,2018-10,71,374813.80702240794
decreciente,Loss Incurred,month,cumulative,Synthetic,Portfolio,Auto,2018-10,72,374785.48014109716
decreciente,Loss Incurred,month,cumulative,Synthetic,Portfolio,Auto,2018-10,73,374759.3219432777
decreciente,Loss Incurred,month,cumulative,Synthetic,Portfolio,Auto,2018-10,74,374735.1663962672
decreciente,Loss Incurred,month,cumulative,Synthetic,Portfolio,Auto,2018-10,75,374712.8601787133
decreciente,Loss Incurred,month,cumulative,Synthetic,Portfolio,Auto,2018-10,76,374692.26170742465
decreciente,Loss Incurred,month,cumulative,Synthetic,Portfolio,Auto,2018-10,77,374673.24023870594
decreciente,Loss Incurred,month,cumulative,Synthetic,Portfolio,Auto,2018-10,78,374655.6750384955
decreciente,Loss Incurred,month,cumulative,Synthetic,Portfolio,Auto,2018-10,79,374639.4546160352
decreciente,Loss Incurred,month,cumulative,Synthetic,Portfolio,Auto,2018-10,80,374624.4760162107
decreciente,Loss Incurred,month,cumulative,Synthetic,Portfolio,Auto,2018-10,81,374610.644166069
decreciente,Loss Incurred,month,cumulative,Synthetic,Portfolio,Auto,2018-10,82,374597.8712713672
decreciente,Loss Incurred,month,cumulative,Synthetic,Portfolio,Auto,2018-10,83,374586.07625931926
decreciente,Loss Incurred,month,cumulative,Synthetic,Portfolio,Auto,2018-10,84,374575.18426400755
decreciente,Loss Incurred,month,cumulative,Synthetic,Portfolio,Auto,2018-10,85,374565.12615118927
decreciente,Loss Incurred,month,cumulative,Synthetic,Portfolio,Auto,2018-10,86,374555.83807948435
decreciente,Loss Incurred,month,cumulative,Synthetic,Portfolio,Auto,2018-11,0,548232.1315312759
decreciente,Loss Incurred,month,cumulative,Synthetic,Portfolio,Auto,2018-11,1,537464.7142406455
decreciente,Loss Incurred,month,cumulative,Synthetic,Portfolio,Auto,2018-11,2,527568.4889859414
decreciente,Loss Incurred,month,cumulative,Synthetic,Portfolio,Auto,2018-11,3,518472.9675950257
decreciente,Loss Incurred,month,cumulative,Synthetic,Portfolio,Auto,2018-11,4,510113.36509575165
decreciente,Loss Incurred,month,cumulative,Synthetic,Portfolio,Auto,2018-11,5,502430.13826989126
decreciente,Loss Incurred,month,cumulative,Synthetic,Portfolio,Auto,2018-11,6,495368.5615426789
decreciente,Loss Incurred,month,cumulative,Synthetic,Portfolio,Auto,2018-11,7,488878.33718714275
decreciente,Loss Incurred,month,cumulative,Synthetic,Portfolio,Auto,2018-11,8,482913.2370668155
decreciente,Loss Incurred,month,cumulative,Synthetic,Portfolio,Auto,2018-11,9,477430.7733650521
decreciente,Loss Incurred,month,cumulative,Synthetic,Portfolio,Auto,2018-11,10,472391.89595564763
decreciente,Loss Incurred,month,cumulative,Synthetic,Portfolio,Auto,2018-11,11,467760.71425920684
decreciente,Loss Incurred,month,cumulative,Synthetic,Portfolio,Auto,2018-11,12,463504.2416041234
decreciente,Loss Incurred,month,cumulative,Synthetic,Portfolio,Auto,2018-11,13,459592.1602713186
decreciente,Loss Incurred,month,cumulative,Synthetic,Portfolio,Auto,2018-11,14,455996.60554921743
decreciente,Loss Incurred,month,cumulative,Synthetic,Portfolio,Auto,2018-11,15,452691.96726084256
decreciente,Loss Incurred,month,cumulative,Synthetic,Portfolio,Auto,2018-11,16,449654.70734935603
decreciente,Loss Incurred,month,cumulative,Synthetic,Portfolio,Auto,2018-11,17,446863.19222276116
decreciente,Loss Incurred,month,cumulative,Synthetic,Portfolio,Auto,2018-11,18,444297.53866359853
decreciente,Loss Incurred,month,cumulative,Synthetic,Portfolio,Auto,2018-11,19,441939.47220609226
decreciente,Loss Incurred,month,cumulative,Synthetic,Portfolio,Auto,2018-11,20,439772.1969720071
decreciente,Loss Incurred,month,cumulative,Synthetic,Portfolio,Auto,2018-11,21,437780.27603808814
decreciente,Loss Incurred,month,cumulative,Synthetic,Portfolio,Auto,2018-11,22,435949.5214829752
decreciente,Loss Incurred,month,cumulative,Synthetic,Portfolio,Auto,2018-11,23,434266.89333042473
decreciente,Loss Incurred,month,cumulative,Synthetic,Portfolio,Auto,2018-11,24,432720.4066690379
decreciente,Loss Incurred,month,cumulative,Synthetic,Portfolio,Auto,2018-11,25,431299.0462869343
decreciente,Loss Incurred,month,cumulative,Synthetic,Portfolio,Auto,2018-11,26,429992.6882133367
decreciente,Loss Incurred,month,cumulative,Synthetic,Portfolio,Auto,2018-11,27,428792.0276082282
decreciente,Loss Incurred,month,cumulative,Synthetic,Portfolio,Auto,2018-11,28,427688.51248645963
decreciente,Loss Incurred,month,cumulative,Synthetic,Portfolio,Auto,2018-11,29,426674.2828042408
decreciente,Loss Incurred,month,cumulative,Synthetic,Portfolio,Auto,2018-11,30,425742.1144741457
decreciente,Loss Incurred,month,cumulative,Synthetic,Portfolio,Auto,2018-11,31,424885.3679098651
decreciente,Loss Incurred,month,cumulative,Synthetic,Portfolio,Auto,2018-11,32,424097.94073420495
decreciente,Loss Incurred,month,cumulative,Synthetic,Portfolio,Auto,2018-11,33,423374.2243134819
decreciente,Loss Incurred,month,cumulative,Synthetic,Portfolio,Auto,2018-11,34,422709.0638087211
decreciente,Loss Incurred,month,cumulative,Synthetic,Portfolio,Auto,2018-11,35,422097.721459115
decreciente,Loss Incurred,month,cumulative,Synthetic,Portfolio,Auto,2018-11,36,421535.84283621545
decreciente,Loss Incurred,month,cumulative,Synthetic,Portfolio,Auto,2018-11,37,421019.4258285033
decreciente,Loss Incurred,month,cumulative,Synthetic,Portfolio,Auto,2018-11,38,420544.7921354145
decreciente,Loss Incurred,month,cumulative,Synthetic,Portfolio,Auto,2018-11,39,420108.5610677873
decreciente,Loss Incurred,month,cumulative,Synthetic,Portfolio,Auto,2018-11,40,419707.62546811526
decreciente,Loss Incurred,month,cumulative,Synthetic,Portfolio,Auto,2018-11,41,419339.12957909296
decreciente,Loss Incurred,month,cumulative,Synthetic,Portfolio,Auto,2018-11,42,419000.4487028191
decreciente,Loss Incurred,month,cumulative,Synthetic,Portfolio,Auto,2018-11,43,418689.17050577333
decreciente,Loss Incurred,month,cumulative,Synthetic,Portfolio,Auto,2018-11,44,418403.07783640834
decreciente,Loss Incurred,month,cumulative,Synthetic,Portfolio,Auto,2018-11,45,418140.1329329709
decreciente,Loss Incurred,month,cumulative,Synthetic,Portfolio,Auto,2018-11,46,417898.46290906856
decreciente,Loss Incurred,month,cumulative,Synthetic,Portfolio,Auto,2018-11,47,417676.34641359956
decreciente,Loss Incurred,month,cumulative,Synthetic,Portfolio,Auto,2018-11,48,417472.2013700282
decreciente,Loss Incurred,month,cumulative,Synthetic,Portfolio,Auto,2018-11,49,417284.57370767585
decreciente,Loss Incurred,month,cumulative,Synthetic,Portfolio,Auto,2018-11,50,417112.1270047632
decreciente,Loss Incurred,month,cumulative,Synthetic,Portfolio,Auto,2018-11,51,416953.6329694351
decreciente,Loss Incurred,month,cumulative,Synthetic,Portfolio,Auto,2018-11,52,416807.9626909647
decreciente,Loss Incurred,month,cumulative,Synthetic,Portfolio,Auto,2018-11,53,416674.0785988237
decreciente,Loss Incurred,month,cumulative,Synthetic,Portfolio,Auto,2018-11,54,416551.0270723446
decreciente,Loss Incurred,month,cumulative,Synthetic,Portfolio,Auto,2018-11,55,416437.931648335
decreciente,Loss Incurred,month,cumulative,Synthetic,Portfolio,Auto,2018-11,56,416333.98677826405
decreciente,Loss Incurred,month,cumulative,Synthetic,Portfolio,Auto,2018-11,57,416238.4520905549
decreciente,Loss Incurred,month,cumulative,Synthetic,Portfolio,Auto,2018-11,58,416150.6471171162
decreciente,Loss Incurred,month,cumulative,Synthetic,Portfolio,Auto,2018-11,59,416069.9464465489
decreciente,Loss Incurred,month,cumulative,Synthetic,Portfolio,Auto,2018-11,60,415995.7752695077
decreciente,Loss Incurred,month,cumulative,Synthetic,Portfolio,Auto,2018-11,61,415927.60528448765
decreciente,Loss Incurred,month,cumulative,Synthetic,Portfolio,Auto,2018-11,62,415864.9509348736
decreciente,Loss Incurred,month,cumulative,Synthetic,Portfolio,Auto,2018-11,63,415807.36595044954
decreciente,Loss Incurred,month,cumulative,Synthetic,Portfolio,Auto,2018-11,64,415754.4401687354
decreciente,Loss Incurred,month,cumulative,Synthetic,Portfolio,Auto,2018-11,65,415705.79661350884
decreciente,Loss Incurred,month,cumulative,Synthetic,Portfolio,Auto,2018-11,66,415661.08880970423
decreciente,Loss Incurred,month,cumulative,Synthetic,Portfolio,Auto,2018-11,67,415619.9983155633
decreciente,Loss Incurred,month,cumulative,Synthetic,Portfolio,Auto,2018-11,68,415582.2324544594
decreciente,Loss Incurred,month,cumulative,Synthetic,Portfolio,Auto,2018-11,69,415547.52223023993
decreciente,Loss Incurred,month,cumulative,Synthetic,Portfolio,Auto,2018-11,70,415515.6204112387
decreciente,Loss Incurred,month,cumulative,Synthetic,Portfolio,Auto,2018-11,71,415486.29976931034
decreciente,Loss Incurred,month,cumulative,Synthetic,Portfolio,Auto,2018-11,72,415459.3514613454
decreciente,Loss Incurred,month,cumulative,Synthetic,Portfolio,Auto,2018-11,73,415434.58354173606
decreciente,Loss Incurred,month,cumulative,Synthetic,Portfolio,Auto,2018-11,74,415411.8195951992
decreciente,Loss Incurred,month,cumulative,Synthetic,Portfolio,Auto,2018-11,75,415390.89748021704
decreciente,Loss Incurred,month,cumulative,Synthetic,Portfolio,Auto,2018-11,76,415371.6681741468
decreciente,Loss Incurred,month,cumulative,Synthetic,Portfolio,Auto,2018-11,77,415353.9947117717
decreciente,Loss Incurred,month,cumulative,Synthetic,Portfolio,Auto,2018-11,78,415337.7512097346
decreciente,Loss Incurred,month,cumulative,Synthetic,Portfolio,Auto,2018-11,79,415322.8219699043
decreciente,Loss Incurred,month,cumulative,Synthetic,Portfolio,Auto,2018-11,80,415309.1006552887
decreciente,Loss Incurred,month,cumulative,Synthetic,Portfolio,Auto,2018-11,81,415296.4895326248
decreciente,Loss Incurred,month,cumulative,Synthetic,Portfolio,Auto,2018-11,82,415284.8987762503
decreciente,Loss Incurred,month,cumulative,Synthetic,Portfolio,Auto,2018-11,83,415274.2458283003
decreciente,Loss Incurred,month,cumulative,Synthetic,Portfolio,Auto,2018-11,84,415264.45481066854
decreciente,Loss Incurred,month,cumulative,Synthetic,Portfolio,Auto,2018-11,85,415255.4559845489
decreciente,Loss Incurred,month,cumulative,Synthetic,Portfolio,Auto,2018-12,0,519021.2086352659
decreciente,Loss Incurred,month,cumulative,Synthetic,Portfolio,Auto,2018-12,1,511448.6889811322
decreciente,Loss Incurred,month,cumulative,Synthetic,Portfolio,Auto,2018-12,2,504388.43630830094
decreciente,Loss Incurred,month,cumulative,Synthetic,Portfolio,Auto,2018-12,3,497805.79670075513
decreciente,Loss Incurred,month,cumulative,Synthetic,Portfolio,Auto,2018-12,4,491668.4605159504
decreciente,Loss Incurred,month,cumulative,Synthetic,Portfolio,Auto,2018-12,5,485946.3037990408
decreciente,Loss Incurred,month,cumulative,Synthetic,Portfolio,Auto,2018-12,6,480611.2404251389
decreciente,Loss Incurred,month,cumulative,Synthetic,Portfolio,Auto,2018-12,7,475637.08424388006
decreciente,Loss Incurred,month,cumulative,Synthetic,Portfolio,Auto,2018-12,8,470999.42054965085
decreciente,Loss Incurred,month,cumulative,Synthetic,Portfolio,Auto,2018-12,9,466675.4862466213
decreciente,Loss Incurred,month,cumulative,Synthetic,Portfolio,Auto,2018-12,10,462644.0581203904
decreciente,Loss Incurred,month,cumulative,Synthetic,Portfolio,Auto,2018-12,11,458885.3486678489
decreciente,Loss Incurred,month,cumulative,Synthetic,Portfolio,Auto,2018-12,12,455380.9089739598
decreciente,Loss Incurred,month,cumulative,Synthetic,Portfolio,Auto,2018-12,13,452113.5381587451
decreciente,Loss Incurred,month,cumulative,Synthetic,Portfolio,Auto,2018-12,14,449067.1989500171
decreciente,Loss Incurred,month,cumulative,Synthetic,Portfolio,Auto,2018-12,15,446226.9389674589
decreciente,Loss Incurred,month,cumulative,Synthetic,Portfolio,Auto,2018-12,16,443578.8173316905
decreciente,Loss Incurred,month,cumulative,Synthetic,Portfolio,Auto,2018-12,17,441109.8362380978
decreciente,Loss Incurred,month,cumulative,Synthetic,Portfolio,Auto,2018-12,18,438807.8771595641
decreciente,Loss Incurred,month,cumulative,Synthetic,Portfolio,Auto,2018-12,19,436661.64136497054
decreciente,Loss Incurred,month,cumulative,Synthetic,Portfolio,Auto,2018-12,20,434660.59446150897
decreciente,Loss Incurred,month,cumulative,Synthetic,Portfolio,Auto,2018-12,21,432794.9146886064
decreciente,Loss Incurred,month,cumulative,Synthetic,Portfolio,Auto,2018-12,22,431055.4447096686
decreciente,Loss Incurred,month,cumulative,Synthetic,Portfolio,Auto,2018-12,23,429433.6466650241
decreciente,Loss Incurred,month,cumulative,Synthetic,Portfolio,Auto,2018-12,24,427921.56026545394
decreciente,Loss Incurred,month,cumulative,Synthetic,Portfolio,Auto,2018-12,25,426511.76372061565
decreciente,Loss Incurred,month,cumulative,Synthetic,Portfolio,Auto,2018-12,26,425197.33731058874
decreciente,Loss Incurred,month,cumulative,Synthetic,Portfolio,Auto,2018-12,27,423971.829421736
decreciente,Loss Incurred,month,cumulative,Synthetic,Portfolio,Auto,2018-12,28,422829.2248801783
decreciente,Loss Incurred,month,cumulative,Synthetic,Portfolio,Auto,2018-12,29,421763.9154274497
decreciente,Loss Incurred,month,cumulative,Synthetic,Portfolio,Auto,2018-12,30,420770.6721934207
decreciente,Loss Incurred,month,cumulative,Synthetic,Portfolio,Auto,2018-12,31,419844.6200313776
decreciente,Loss Incurred,month,cumulative,Synthetic,Portfolio,Auto,2018-12,32,418981.2135892858
decreciente,Loss Incurred,month,cumulative,Synthetic,Portfolio,Auto,2018-12,33,418176.2149997885
decreciente,Loss Incurred,month,cumulative,Synthetic,Portfolio,Auto,2018-12,34,417425.67307943554
decreciente,Loss Incurred,month,cumulative,Synthetic,Portfolio,Auto,2018-12,35,416725.9039350464
decreciente,Loss Incurred,month,cumulative,Synthetic,Portfolio,Auto,2018-12,36,416073.4728820161
decreciente,Loss Incurred,month,cumulative,Synthetic,Portfolio,Auto,2018-12,37,415465.17758581566
decreciente,Loss Incurred,month,cumulative,Synthetic,Portfolio,Auto,2018-12,38,414898.03234393767
decreciente,Loss Incurred,month,cumulative,Synthetic,Portfolio,Auto,2018-12,39,414369.25343113986
decreciente,Loss Incurred,month,cumulative,Synthetic,Portfolio,Auto,2018-12,40,413876.24543605593
decreciente,Loss Incurred,month,cumulative,Synthetic,Portfolio,Auto,2018-12,41,413416.58852210955
decreciente,Loss Incurred,month,cumulative,Synthetic,Portfolio,Auto,2018-12,42,412988.02655020315
decreciente,Loss Incurred,month,cumulative,Synthetic,Portfolio,Auto,2018-12,43,412588.4560048861
decreciente,Loss Incurred,month,cumulative,Synthetic,Portfolio,Auto,2018-12,44,412215.9156696466
decreciente,Loss Incurred,month,cumulative,Synthetic,Portfolio,Auto,2018-12,45,411868.5770006505
decreciente,Loss Incurred,month,cumulative,Synthetic,Portfolio,Auto,2018-12,46,411544.73515168054
decreciente,Loss Incurred,month,cumulative,Synthetic,Portfolio,Auto,2018-12,47,411242.80060621956
decreciente,Loss Incurred,month,cumulative,Synthetic,Portfolio,Auto,2018-12,48,410961.29137561
decreciente,Loss Incurred,month,cumulative,Synthetic,Portfolio,Auto,2018-12,49,410698.82572499226
decreciente,Loss Incurred,month,cumulative,Synthetic,Portfolio,Auto,2018-12,50,410454.11539132043
decreciente,Loss Incurred,month,cumulative,Synthetic,Portfolio,Auto,2018-12,51,410225.9592601662
decreciente,Loss Incurred,month,cumulative,Synthetic,Portfolio,Auto,2018-12,52,410013.23747027613
decreciente,Loss Incurred,month,cumulative,Synthetic,Portfolio,Auto,2018-12,53,409814.9059169444
decreciente,Loss Incurred,month,cumulative,Synthetic,Portfolio,Auto,2018-12,54,409629.99112722126
decreciente,Loss Incurred,month,cumulative,Synthetic,Portfolio,Auto,2018-12,55,409457.5854818063
decreciente,Loss Incurred,month,cumulative,Synthetic,Portfolio,Auto,2018-12,56,409296.84276016976
decreciente,Loss Incurred,month,cumulative,Synthetic,Portfolio,Auto,2018-12,57,409146.97398703906
decreciente,Loss Incurred,month,cumulative,Synthetic,Portfolio,Auto,2018-12,58,409007.24355986324
decreciente,Loss Incurred,month,cumulative,Synthetic,Portfolio,Auto,2018-12,59,408876.9656382462
decreciente,Loss Incurred,month,cumulative,Synthetic,Portfolio,Auto,2018-12,60,408755.50077762944
decreciente,Loss Incurred,month,cumulative,Synthetic,Portfolio,Auto,2018-12,61,408642.2527906986
decreciente,Loss Incurred,month,cumulative,Synthetic,Portfolio,Auto,2018-12,62,408536.6658211112
decreciente,Loss Incurred,month,cumulative,Synthetic,Portfolio,Auto,2018-12,63,408438.2216151805
decreciente,Loss Incurred,month,cumulative,Synthetic,Portfolio,Auto,2018-12,64,408346.4369781255
decreciente,Loss Incurred,month,cumulative,Synthetic,Portfolio,Auto,2018-12,65,408260.86140240036
decreciente,Loss Incurred,month,cumulative,Synthetic,Portfolio,Auto,2018-12,66,408181.0748564634
decreciente,Loss Incurred,month,cumulative,Synthetic,Portfolio,Auto,2018-12,67,408106.6857231318
decreciente,Loss Incurred,month,cumulative,Synthetic,Portfolio,Auto,2018-12,68,408037.32887740264
decreciente,Loss Incurred,month,cumulative,Synthetic,Portfolio,Auto,2018-12,69,407972.66389430524
decreciente,Loss Incurred,month,cumulative,Synthetic,Portfolio,Auto,2018-12,70,407912.3733779904
decreciente,Loss Incurred,month,cumulative,Synthetic,Portfolio,Auto,2018-12,71,407856.1614038523
decreciente,Loss Incurred,month,cumulative,Synthetic,Portfolio,Auto,2018-12,72,407803.7520660388
decreciente,Loss Incurred,month,cumulative,Synthetic,Portfolio,Auto,2018-12,73,407754.8881232192
decreciente,Loss Incurred,month,cumulative,Synthetic,Portfolio,Auto,2018-12,74,407709.3297359645
decreciente,Loss Incurred,month,cumulative,Synthetic,Portfolio,Auto,2018-12,75,407666.85328954033
decreciente,Loss Incurred,month,cumulative,Synthetic,Portfolio,Auto,2018-12,76,407627.2502963364
decreciente,Loss Incurred,month,cumulative,Synthetic,Portfolio,Auto,2018-12,77,407590.32637254486
decreciente,Loss Incurred,month,cumulative,Synthetic,Portfolio,Auto,2018-12,78,407555.90028406336
decreciente,Loss Incurred,month,cumulative,Synthetic,Portfolio,Auto,2018-12,79,407523.8030569424
decreciente,Loss Incurred,month,cumulative,Synthetic,Portfolio,Auto,2018-12,80,407493.8771480083
decreciente,Loss Incurred,month,cumulative,Synthetic,Portfolio,Auto,2018-12,81,407465.97567159246
decreciente,Loss Incurred,month,cumulative,Synthetic,Portfolio,Auto,2018-12,82,407439.9616785704
decreciente,Loss Incurred,month,cumulative,Synthetic,Portfolio,Auto,2018-12,83,407415.7074841737
decreciente,Loss Incurred,month,cumulative,Synthetic,Portfolio,Auto,2018-12,84,407393.09404127253
decreciente,Loss Incurred,month,cumulative,Synthetic,Portfolio,Auto,2019-01,0,537786.0842001024
decreciente,Loss Incurred,month,cumulative,Synthetic,Portfolio,Auto,2019-01,1,528436.6554043109
decreciente,Loss Incurred,month,cumulative,Synthetic,Portfolio,Auto,2019-01,2,519781.4189420175
decreciente,Loss Incurred,month,cumulative,Synthetic,Portfolio,Auto,2019-01,3,511768.83123698714
decreciente,Loss Incurred,month,cumulative,Synthetic,Portfolio,Auto,2019-01,4,504351.17580833455
decreciente,Loss Incurred,month,cumulative,Synthetic,Portfolio,Auto,2019-01,5,497484.27910982154
decreciente,Loss Incurred,month,cumulative,Synthetic,Portfolio,Auto,2019-01,6,491127.24746800336
decreciente,Loss Incurred,month,cumulative,Synthetic,Portfolio,Auto,2019-01,7,485242.2235526401
decreciente,Loss Incurred,month,cumulative,Synthetic,Portfolio,Auto,2019-01,8,479794.1609291085
decreciente,Loss Incurred,month,cumulative,Synthetic,Portfolio,Auto,2019-01,9,474750.61535023054
decreciente,Loss Incurred,month,cumulative,Synthetic,Portfolio,Auto,2019-01,10,470081.55154462205
decreciente,Loss Incurred,month,cumulative,Synthetic,Portfolio,Auto,2019-01,11,465759.1643509499
decreciente,Loss Incurred,month,cumulative,Synthetic,Portfolio,Auto,2019-01,12,461757.7131329182
decreciente,Loss Incurred,month,cumulative,Synthetic,Portfolio,Auto,2019-01,13,458053.3684888918
decreciente,Loss Incurred,month,cumulative,Synthetic,Portfolio,Auto,2019-01,14,454624.07034328615
decreciente,Loss Incurred,month,cumulative,Synthetic,Portfolio,Auto,2019-01,15,451449.3965746296
decreciente,Loss Incurred,month,cumulative,Synthetic,Portfolio,Auto,2019-01,16,448510.44139795273
decreciente,Loss Incurred,month,cumulative,Synthetic,Portfolio,Auto,2019-01,17,445789.70277725
decreciente,Loss Incurred,month,cumulative,Synthetic,Portfolio,Auto,2019-01,18,443270.9781975328
decreciente,Loss Incurred,month,cumulative,Synthetic,Portfolio,Auto,2019-01,19,440939.2681757765
decreciente,Loss Incurred,month,cumulative,Synthetic,Portfolio,Auto,2019-01,20,438780.6869361521
decreciente,Loss Incurred,month,cumulative,Synthetic,Portfolio,Auto,2019-01,21,436782.37971759454
decreciente,Loss Incurred,month,cumulative,Synthetic,Portfolio,Auto,2019-01,22,434932.4462212605
decreciente,Loss Incurred,month,cumulative,Synthetic,Portfolio,Auto,2019-01,23,433219.86974198994
decreciente,Loss Incurred,month,cumulative,Synthetic,Portfolio,Auto,2019-01,24,431634.4515617348
decreciente,Loss Incurred,month,cumulative,Synthetic,Portfolio,Auto,2019-01,25,430166.75021425734
decreciente,Loss Incurred,month,cumulative,Synthetic,Portfolio,Auto,2019-01,26,428808.02525940636
decreciente,Loss Incurred,month,cumulative,Synthetic,Portfolio,Auto,2019-01,27,427550.1852321367
decreciente,Loss Incurred,month,cumulative,Synthetic,Portfolio,Auto,2019-01,28,426385.73945629876
decreciente,Loss Incurred,month,cumulative,Synthetic,Portfolio,Auto,2019-01,29,425307.7534362402
decreciente,Loss Incurred,month,cumulative,Synthetic,Portfolio,Auto,2019-01,30,424309.80756056774
decreciente,Loss Incurred,month,cumulative,Synthetic,Portfolio,Auto,2019-01,31,423385.95887214266
decreciente,Loss Incurred,month,cumulative,Synthetic,Portfolio,Auto,2019-01,32,422530.7056766429
decreciente,Loss Incurred,month,cumulative,Synthetic,Portfolio,Auto,2019-01,33,421738.9547789286
decreciente,Loss Incurred,month,cumulative,Synthetic,Portfolio,Auto,2019-01,34,421005.99115209887
decreciente,Loss Incurred,month,cumulative,Synthetic,Portfolio,Auto,2019-01,35,420327.44985861075
decreciente,Loss Incurred,month,cumulative,Synthetic,Portfolio,Auto,2019-01,36,419699.29005624785
decreciente,Loss Incurred,month,cumulative,Synthetic,Portfolio,Auto,2019-01,37,419117.7709341378
decreciente,Loss Incurred,month,cumulative,Synthetic,Portfolio,Auto,2019-01,38,418579.42943551356
decreciente,Loss Incurred,month,cumulative,Synthetic,Portfolio,Auto,2019-01,39,418081.05963455245
decreciente,Loss Incurred,month,cumulative,Synthetic,Portfolio,Auto,2019-01,40,417619.69364447973
decreciente,Loss Incurred,month,cumulative,Synthetic,Portfolio,Auto,2019-01,41,417192.58394323924
decreciente,Loss Incurred,month,cumulative,Synthetic,Portfolio,Auto,2019-01,42,416797.1870114781
decreciente,Loss Incurred,month,cumulative,Synthetic,Portfolio,Auto,2019-01,43,416431.14818540576
decreciente,Loss Incurred,month,cumulative,Synthetic,Portfolio,Auto,2019-01,44,416092.28763432463
decreciente,Loss Incurred,month,cumulative,Synthetic,Portfolio,Auto,2019-01,45,415778.5873793239
decreciente,Loss Incurred,month,cumulative,Synthetic,Portfolio,Auto,2019-01,46,415488.17927583255
decreciente,Loss Incurred,month,cumulative,Synthetic,Portfolio,Auto,2019-01,47,415219.33388846356
decreciente,Loss Incurred,month,cumulative,Synthetic,Portfolio,Auto,2019-01,48,414970.4501918977
decreciente,Loss Incurred,month,cumulative,Synthetic,Portfolio,Auto,2019-01,49,414740.0460364741
decreciente,Loss Incurred,month,cumulative,Synthetic,Portfolio,Auto,2019-01,50,414526.7493217075
decreciente,Loss Incurred,month,cumulative,Synthetic,Portfolio,Auto,2019-01,51,414329.2898251696
decreciente,Loss Incurred,month,cumulative,Synthetic,Portfolio,Auto,2019-01,52,414146.4916380727
decreciente,Loss Incurred,month,cumulative,Synthetic,Portfolio,Auto,2019-01,53,413977.2661625106
decreciente,Loss Incurred,month,cumulative,Synthetic,Portfolio,Auto,2019-01,54,413820.60562865075
decreciente,Loss Incurred,month,cumulative,Synthetic,Portfolio,Auto,2019-01,55,413675.5770932736
decreciente,Loss Incurred,month,cumulative,Synthetic,Portfolio,Auto,2019-01,56,413541.31688391895
decreciente,Loss Incurred,month,cumulative,Synthetic,Portfolio,Auto,2019-01,57,413417.0254555522
decreciente,Loss Incurred,month,cumulative,Synthetic,Portfolio,Auto,2019-01,58,413301.9626291222
decreciente,Loss Incurred,month,cumulative,Synthetic,Portfolio,Auto,2019-01,59,413195.44318365405
decreciente,Loss Incurred,month,cumulative,Synthetic,Portfolio,Auto,2019-01,60,413096.83277562837
decreciente,Loss Incurred,month,cumulative,Synthetic,Portfolio,Auto,2019-01,61,413005.54416134546
decreciente,Loss Incurred,month,cumulative,Synthetic,Portfolio,Auto,2019-01,62,412921.03369977704
decreciente,Loss Incurred,month,cumulative,Synthetic,Portfolio,Auto,2019-01,63,412842.798115081
decreciente,Loss Incurred,month,cumulative,Synthetic,Portfolio,Auto,2019-01,64,412770.3714994984
decreciente,Loss Incurred,month,cumulative,Synthetic,Portfolio,Auto,2019-01,65,412703.32253878395
decreciente,Loss Incurred,month,cumulative,Synthetic,Portfolio,Auto,2019-01,66,412641.25194364815
decreciente,Loss Incurred,month,cumulative,Synthetic,Portfolio,Auto,2019-01,67,412583.79007191357
decreciente,Loss Incurred,month,cumulative,Synthetic,Portfolio,Auto,2019-01,68,412530.5947272255
decreciente,Loss Incurred,month,cumulative,Synthetic,Portfolio,Auto,2019-01,69,412481.3491212078
decreciente,Loss Incurred,month,cumulative,Synthetic,Portfolio,Auto,2019-01,70,412435.75998692773
decreciente,Loss Incurred,month,cumulative,Synthetic,Portfolio,Auto,2019-01,71,412393.55583243625
decreciente,Loss Incurred,month,cumulative,Synthetic,Portfolio,Auto,2019-01,72,412354.4853239813
decreciente,Loss Incurred,month,cumulative,Synthetic,Portfolio,Auto,2019-01,73,412318.315789268
decreciente,Loss Incurred,month,cumulative,Synthetic,Portfolio,Auto,2019-01,74,412284.8318318506
decreciente,Loss Incurred,month,cumulative,Synthetic,Portfolio,Auto,2019-01,75,412253.8340484061
decreciente,Loss Incurred,month,cumulative,Synthetic,Portfolio,Auto,2019-01,76,412225.13784124964
decreciente,Loss Incurred,month,cumulative,Synthetic,Portfolio,Auto,2019-01,77,412198.57231901994
decreciente,Loss Incurred,month,cumulative,Synthetic,Portfolio,Auto,2019-01,78,412173.9792789889
decreciente,Loss Incurred,month,cumulative,Synthetic,Portfolio,Auto,2019-01,79,412151.2122649343
decreciente,Loss Incurred,month,cumulative,Synthetic,Portfolio,Auto,2019-01,80,412130.1356949655
decreciente,Loss Incurred,month,cumulative,Synthetic,Portfolio,Auto,2019-01,81,412110.62405410723
decreciente,Loss Incurred,month,cumulative,Synthetic,Portfolio,Auto,2019-01,82,412092.56114683405
decreciente,Loss Incurred,month,cumulative,Synthetic,Portfolio,Auto,2019-01,83,412075.839405104
decreciente,Loss Incurred,month,cumulative,Synthetic,Portfolio,Auto,2019-02,0,526224.8337436581
decreciente,Loss Incurred,month,cumulative,Synthetic,Portfolio,Auto,2019-02,1,517392.2017403998
decreciente,Loss Incurred,month,cumulative,Synthetic,Portfolio,Auto,2019-02,2,509217.0349951589
decreciente,Loss Incurred,month,cumulative,Synthetic,Portfolio,Auto,2019-02,3,501650.39446401945
decreciente,Loss Incurred,month,cumulative,Synthetic,Portfolio,Auto,2019-02,4,494646.9839267589
decreciente,Loss Incurred,month,cumulative,Synthetic,Portfolio,Auto,2019-02,5,488164.87882984534
decreciente,Loss Incurred,month,cumulative,Synthetic,Portfolio,Auto,2019-02,6,482165.275313261
decreciente,Loss Incurred,month,cumulative,Synthetic,Portfolio,Auto,2019-02,7,476612.25791874964
decreciente,Loss Incurred,month,cumulative,Synthetic,Portfolio,Auto,2019-02,8,471472.5845889192
decreciente,Loss Incurred,month,cumulative,Synthetic,Portfolio,Auto,2019-02,9,466715.48767013755
decreciente,Loss Incurred,month,cumulative,Synthetic,Portfolio,Auto,2019-02,10,462312.4897279652
decreciente,Loss Incurred,month,cumulative,Synthetic,Portfolio,Auto,2019-02,11,458237.2330725386
decreciente,Loss Incurred,month,cumulative,Synthetic,Portfolio,Auto,2019-02,12,454465.3219733924
decreciente,Loss Incurred,month,cumulative,Synthetic,Portfolio,Auto,2019-02,13,450974.1766191683
decreciente,Loss Incurred,month,cumulative,Synthetic,Portfolio,Auto,2019-02,14,447742.897947972
decreciente,Loss Incurred,month,cumulative,Synthetic,Portfolio,Auto,2019-02,15,444752.14253920753
decreciente,Loss Incurred,month,cumulative,Synthetic,Portfolio,Auto,2019-02,16,441984.0068179569
decreciente,Loss Incurred,month,cumulative,Synthetic,Portfolio,Auto,2019-02,17,439421.91987871466
decreciente,Loss Incurred,month,cumulative,Synthetic,Portfolio,Auto,2019-02,18,437050.5442868884
decreciente,Loss Incurred,month,cumulative,Synthetic,Portfolio,Auto,2019-02,19,434855.6842642335
decreciente,Loss Incurred,month,cumulative,Synthetic,Portfolio,Auto,2019-02,20,432824.20070859033
decreciente,Loss Incurred,month,cumulative,Synthetic,Portfolio,Auto,2019-02,21,430943.9325392075
decreciente,Loss Incurred,month,cumulative,Synthetic,Portfolio,Auto,2019-02,22,429203.62389680033
decreciente,Loss Incurred,month,cumulative,Synthetic,Portfolio,Auto,2019-02,23,427592.85676254024
decreciente,Loss Incurred,month,cumulative,Synthetic,Portfolio,Auto,2019-02,24,426101.9885926139
decreciente,Loss Incurred,month,cumulative,Synthetic,Portfolio,Auto,2019-02,25,424722.09459501226
decreciente,Loss Incurred,month,cumulative,Synthetic,Portfolio,Auto,2019-02,26,423444.91430300084
decreciente,Loss Incurred,month,cumulative,Synthetic,Portfolio,Auto,2019-02,27,422262.8021254442
decreciente,Loss Incurred,month,cumulative,Synthetic,Portfolio,Auto,2019-02,28,421168.6815779629
decreciente,Loss Incurred,month,cumulative,Synthetic,Portfolio,Auto,2019-02,29,420156.0029209381
decreciente,Loss Incurred,month,cumulative,Synthetic,Portfolio,Auto,2019-02,30,419218.7039507704
decreciente,Loss Incurred,month,cumulative,Synthetic,Portfolio,Auto,2019-02,31,418351.17370967835
decreciente,Loss Incurred,month,cumulative,Synthetic,Portfolio,Auto,2019-02,32,417548.21889679244
decreciente,Loss Incurred,month,cumulative,Synthetic,Portfolio,Auto,2019-02,33,416805.03277947044
decreciente,Loss Incurred,month,cumulative,Synthetic,Portfolio,Auto,2019-02,34,416117.1664187283
decreciente,Loss Incurred,month,cumulative,Synthetic,Portfolio,Auto,2019-02,35,415480.50203653343
decreciente,Loss Incurred,month,cumulative,Synthetic,Portfolio,Auto,2019-02,36,414891.2283655281
decreciente,Loss Incurred,month,cumulative,Synthetic,Portfolio,Auto,2019-02,37,414345.8178336197
decreciente,Loss Incurred,month,cumulative,Synthetic,Portfolio,Auto,2019-02,38,413841.00544685696
decreciente,Loss Incurred,month,cumulative,Synthetic,Portfolio,Auto,2019-02,39,413373.76924417954
decreciente,Loss Incurred,month,cumulative,Synthetic,Portfolio,Auto,2019-02,40,412941.3122070369
decreciente,Loss Incurred,month,cumulative,Synthetic,Portfolio,Auto,2019-02,41,412541.0455155808
decreciente,Loss Incurred,month,cumulative,Synthetic,Portfolio,Auto,2019-02,42,412170.5730511995
decreciente,Loss Incurred,month,cumulative,Synthetic,Portfolio,Auto,2019-02,43,411827.6770526206
decreciente,Loss Incurred,month,cumulative,Synthetic,Portfolio,Auto,2019-02,44,411510.3048397146
decreciente,Loss Incurred,month,cumulative,Synthetic,Portfolio,Auto,2019-02,45,411216.5565255252
decreciente,Loss Incurred,month,cumulative,Synthetic,Portfolio,Auto,2019-02,46,410944.6736429658
decreciente,Loss Incurred,month,cumulative,Synthetic,Portfolio,Auto,2019-02,47,410693.02861809894
decreciente,Loss Incurred,month,cumulative,Synthetic,Portfolio,Auto,2019-02,48,410460.1150269816
decreciente,Loss Incurred,month,cumulative,Synthetic,Portfolio,Auto,2019-02,49,410244.5385777517
decreciente,Loss Incurred,month,cumulative,Synthetic,Portfolio,Auto,2019-02,50,410045.0087639713
decreciente,Loss Incurred,month,cumulative,Synthetic,Portfolio,Auto,2019-02,51,409860.3311392609
decreciente,Loss Incurred,month,cumulative,Synthetic,Portfolio,Auto,2019-02,52,409689.4001669794
decreciente,Loss Incurred,month,cumulative,Synthetic,Portfolio,Auto,2019-02,53,409531.1926021434
decreciente,Loss Incurred,month,cumulative,Synthetic,Portfolio,Auto,2019-02,54,409384.76136597106
decreciente,Loss Incurred,month,cumulative,Synthetic,Portfolio,Auto,2019-02,55,409249.22987637896
decreciente,Loss Incurred,month,cumulative,Synthetic,Portfolio,Auto,2019-02,56,409123.7868004941
decreciente,Loss Incurred,month,cumulative,Synthetic,Portfolio,Auto,2019-02,57,409007.68119776837
decreciente,Loss Incurred,month,cumulative,Synthetic,Portfolio,Auto,2019-02,58,408900.218024618
decreciente,Loss Incurred,month,cumulative,Synthetic,Portfolio,Auto,2019-02,59,408800.75397368125
decreciente,Loss Incurred,month,cumulative,Synthetic,Portfolio,Auto,2019-02,60,408708.69362278417
decreciente,Loss Incurred,month,cumulative,Synthetic,Portfolio,Auto,2019-02,61,408623.4858705613
decreciente,Loss Incurred,month,cumulative,Synthetic,Portfolio,Auto,2019-02,62,408544.62063739507
decreciente,Loss Incurred,month,cumulative,Synthetic,Portfolio,Auto,2019-02,63,408471.62581192295
decreciente,Loss Incurred,month,cumulative,Synthetic,Portfolio,Auto,2019-02,64,408404.0644248355
decreciente,Loss Incurred,month,cumulative,Synthetic,Portfolio,Auto,2019-02,65,408341.53203304374
decreciente,Loss Incurred,month,cumulative,Synthetic,Portfolio,Auto,2019-02,66,408283.65429856005
decreciente,Loss Incurred,month,cumulative,Synthetic,Portfolio,Auto,2019-02,67,408230.0847475965
decreciente,Loss Incurred,month,cumulative,Synthetic,Portfolio,Auto,2019-02,68,408180.5026964669
decreciente,Loss Incurred,month,cumulative,Synthetic,Portfolio,Auto,2019-02,69,408134.61133187637
decreciente,Loss Incurred,month,cumulative,Synthetic,Portfolio,Auto,2019-02,70,408092.13593410637
decreciente,Loss Incurred,month,cumulative,Synthetic,Portfolio,Auto,2019-02,71,408052.8222324587
decreciente,Loss Incurred,month,cumulative,Synthetic,Portfolio,Auto,2019-02,72,408016.4348831132
decreciente,Loss Incurred,month,cumulative,Synthetic,Portfolio,Auto,2019-02,73,407982.7560602881
decreciente,Loss Incurred,month,cumulative,Synthetic,Portfolio,Auto,2019-02,74,407951.58415226836
decreciente,Loss Incurred,month,cumulative,Synthetic,Portfolio,Auto,2019-02,75,407922.73255449603
decreciente,Loss Incurred,month,cumulative,Synthetic,Portfolio,Auto,2019-02,76,407896.0285524988
decreciente,Loss Incurred,month,cumulative,Synthetic,Portfolio,Auto,2019-02,77,407871.31228796835
decreciente,Loss Incurred,month,cumulative,Synthetic,Portfolio,Auto,2019-02,78,407848.4358017997
decreciente,Loss Incurred,month,cumulative,Synthetic,Portfolio,Auto,2019-02,79,407827.2621483626
decreciente,Loss Incurred,month,cumulative,Synthetic,Portfolio,Auto,2019-02,80,407807.6645757036
decreciente,Loss Incurred,month,cumulative,Synthetic,Portfolio,Auto,2019-02,81,407789.5257667699
decreciente,Loss Incurred,month,cumulative,Synthetic,Portfolio,Auto,2019-02,82,407772.7371371135
decreciente,Loss Incurred,month,cumulative,Synthetic,Portfolio,Auto,2019-03,0,546962.6877684776
decreciente,Loss Incurred,month,cumulative,Synthetic,Portfolio,Auto,2019-03,1,539731.9968202088
decreciente,Loss Incurred,month,cumulative,Synthetic,Portfolio,Auto,2019-03,2,532999.2786984098
decreciente,Loss Incurred,month,cumulative,Synthetic,Portfolio,Auto,2019-03,3,526730.2383491673
decreciente,Loss Incurred,month,cumulative,Synthetic,Portfolio,Auto,2019-03,4,520892.94259588374
decreciente,Loss Incurred,month,cumulative,Synthetic,Portfolio,Auto,2019-03,5,515457.6574783748
decreciente,Loss Incurred,month,cumulative,Synthetic,Portfolio,Auto,2019-03,6,510396.6967943121
decreciente,Loss Incurred,month,cumulative,Synthetic,Portfolio,Auto,2019-03,7,505684.28107151604
decreciente,Loss Incurred,month,cumulative,Synthetic,Portfolio,Auto,2019-03,8,501296.4062527318
decreciente,Loss Incurred,month,cumulative,Synthetic,Portfolio,Auto,2019-03,9,497210.72142399667
decreciente,Loss Incurred,month,cumulative,Synthetic,Portfolio,Auto,2019-03,10,493406.4149637724
decreciente,Loss Incurred,month,cumulative,Synthetic,Portfolio,Auto,2019-03,11,489864.1085329103
decreciente,Loss Incurred,month,cumulative,Synthetic,Portfolio,Auto,2019-03,12,486565.7583654563
decreciente,Loss Incurred,month,cumulative,Synthetic,Portfolio,Auto,2019-03,13,483494.56335749204
decreciente,Loss Incurred,month,cumulative,Synthetic,Portfolio,Auto,2019-03,14,480634.87948583503
decreciente,Loss Incurred,month,cumulative,Synthetic,Portfolio,Auto,2019-03,15,477972.1401206668
decreciente,Loss Incurred,month,cumulative,Synthetic,Portfolio,Auto,2019-03,16,475492.7818261753
decreciente,Loss Incurred,month,cumulative,Synthetic,Portfolio,Auto,2019-03,17,473184.1752712577
decreciente,Loss Incurred,month,cumulative,Synthetic,Portfolio,Auto,2019-03,18,471034.5608983576
decreciente,Loss Incurred,month,cumulative,Synthetic,Portfolio,Auto,2019-03,19,469032.9890227446
decreciente,Loss Incurred,month,cumulative,Synthetic,Portfolio,Auto,2019-03,20,467169.2640571175
decreciente,Loss Incurred,month,cumulative,Synthetic,Portfolio,Auto,2019-03,21,465433.8925774208
decreciente,Loss Incurred,month,cumulative,Synthetic,Portfolio,Auto,2019-03,22,463818.03496533394
decreciente,Loss Incurred,month,cumulative,Synthetic,Portfolio,Auto,2019-03,23,462313.46038110997
decreciente,Loss Incurred,month,cumulative,Synthetic,Portfolio,Auto,2019-03,24,460912.50483740383
decreciente,Loss Incurred,month,cumulative,Synthetic,Portfolio,Auto,2019-03,25,459608.0321605287
decreciente,Loss Incurred,month,cumulative,Synthetic,Portfolio,Auto,2019-03,26,458393.3976402839
decreciente,Loss Incurred,month,cumulative,Synthetic,Portfolio,Auto,2019-03,27,457262.414183195
decreciente,Loss Incurred,month,cumulative,Synthetic,Portfolio,Auto,2019-03,28,456209.3207967572
decreciente,Loss Incurred,month,cumulative,Synthetic,Portfolio,Auto,2019-03,29,455228.7532441481
decreciente,Loss Incurred,month,cumulative,Synthetic,Portfolio,Auto,2019-03,30,454315.71671993047
decreciente,Loss Incurred,month,cumulative,Synthetic,Portfolio,Auto,2019-03,31,453465.56040756084
decreciente,Loss Incurred,month,cumulative,Synthetic,Portfolio,Auto,2019-03,32,452673.95378910576
decreciente,Loss Incurred,month,cumulative,Synthetic,Portfolio,Auto,2019-03,33,451936.8645864918
decreciente,Loss Incurred,month,cumulative,Synthetic,Portfolio,Auto,2019-03,34,451250.53822192625
decreciente,Loss Incurred,month,cumulative,Synthetic,Portfolio,Auto,2019-03,35,450611.4786928663
decreciente,Loss Incurred,month,cumulative,Synthetic,Portfolio,Auto,2019-03,36,450016.43076411466
decreciente,Loss Incurred,month,cumulative,Synthetic,Portfolio,Auto,2019-03,37,449462.36338633473
decreciente,Loss Incurred,month,cumulative,Synthetic,Portfolio,Auto,2019-03,38,448946.4542565205
decreciente,Loss Incurred,month,cumulative,Synthetic,Portfolio,Auto,2019-03,39,448466.07544177753
decreciente,Loss Incurred,month,cumulative,Synthetic,Portfolio,Auto,2019-03,40,448018.77999318385
decreciente,Loss Incurred,month,cumulative,Synthetic,Portfolio,Auto,2019-03,41,447602.28948154533
decreciente,Loss Incurred,month,cumulative,Synthetic,Portfolio,Auto,2019-03,42,447214.4823915551
decreciente,Loss Incurred,month,cumulative,Synthetic,Portfolio,Auto,2019-03,43,446853.3833152402
decreciente,Loss Incurred,month,cumulative,Synthetic,Portfolio,Auto,2019-03,44,446517.1528896468
decreciente,Loss Incurred,month,cumulative,Synthetic,Portfolio,Auto,2019-03,45,446204.0784275119
decreciente,Loss Incurred,month,cumulative,Synthetic,Portfolio,Auto,2019-03,46,445912.5651931933
decreciente,Loss Incurred,month,cumulative,Synthetic,Portfolio,Auto,2019-03,47,445641.1282794208
decreciente,Loss Incurred,month,cumulative,Synthetic,Portfolio,Auto,2019-03,48,445388.3850434899
decreciente,Loss Incurred,month,cumulative,Synthetic,Portfolio,Auto,2019-03,49,445153.04806437023
decreciente,Loss Incurred,month,cumulative,Synthetic,Portfolio,Auto,2019-03,50,444933.9185848524
decreciente,Loss Incurred,month,cumulative,Synthetic,Portfolio,Auto,2019-03,51,444729.88040533045
decreciente,Loss Incurred,month,cumulative,Synthetic,Portfolio,Auto,2019-03,52,444539.8941981154
decreciente,Loss Incurred,month,cumulative,Synthetic,Portfolio,Auto,2019-03,53,444362.9922133175
decreciente,Loss Incurred,month,cumulative,Synthetic,Portfolio,Auto,2019-03,54,444198.27334933175
decreciente,Loss Incurred,month,cumulative,Synthetic,Portfolio,Auto,2019-03,55,444044.89856281504
decreciente,Loss Incurred,month,cumulative,Synthetic,Portfolio,Auto,2019-03,56,443902.0865947754
decreciente,Loss Incurred,month,cumulative,Synthetic,Portfolio,Auto,2019-03,57,443769.1099910029
decreciente,Loss Incurred,month,cumulative,Synthetic,Portfolio,Auto,2019-03,58,443645.2913965698
decreciente,Loss Incurred,month,cumulative,Synthetic,Portfolio,Auto,2019-03,59,443530.0001055273
decreciente,Loss Incurred,month,cumulative,Synthetic,Portfolio,Auto,2019-03,60,443422.64884822123
decreciente,Loss Incurred,month,cumulative,Synthetic,Portfolio,Auto,2019-03,61,443322.69079986424
decreciente,Loss Incurred,month,cumulative,Synthetic,Portfolio,Auto,2019-03,62,443229.61679512425
decreciente,Loss Incurred,month,cumulative,Synthetic,Portfolio,Auto,2019-03,63,443142.9527345434
decreciente,Loss Incurred,month,cumulative,Synthetic,Portfolio,Auto,2019-03,64,443062.2571695752
decreciente,Loss Incurred,month,cumulative,Synthetic,Portfolio,Auto,2019-03,65,442987.11905393767
decreciente,Loss Incurred,month,cumulative,Synthetic,Portfolio,Auto,2019-03,66,442917.15564983006
decreciente,Loss Incurred,month,cumulative,Synthetic,Portfolio,Auto,2019-03,67,442852.01057834696
decreciente,Loss Incurred,month,cumulative,Synthetic,Portfolio,Auto,2019-03,68,442791.3520041583
decreciente,Loss Incurred,month,cumulative,Synthetic,Portfolio,Auto,2019-03,69,442734.8709452105
decreciente,Loss Incurred,month,cumulative,Synthetic,Portfolio,Auto,2019-03,70,442682.27969883627
decreciente,Loss Incurred,month,cumulative,Synthetic,Portfolio,Auto,2019-03,71,442633.31037625775
decreciente,Loss Incurred,month,cumulative,Synthetic,Portfolio,Auto,2019-03,72,442587.713538017
decreciente,Loss Incurred,month,cumulative,Synthetic,Portfolio,Auto,2019-03,73,442545.2569233841
decreciente,Loss Incurred,month,cumulative,Synthetic,Portfolio,Auto,2019-03,74,442505.7242672696
decreciente,Loss Incurred,month,cumulative,Synthetic,Portfolio,Auto,2019-03,75,442468.914198615
decreciente,Loss Incurred,month,cumulative,Synthetic,Portfolio,Auto,2019-03,76,442434.6392146518
decreciente,Loss Incurred,month,cumulative,Synthetic,Portfolio,Auto,2019-03,77,442402.72472580074
decreciente,Loss Incurred,month,cumulative,Synthetic,Portfolio,Auto,2019-03,78,442373.0081663498
decreciente,Loss Incurred,month,cumulative,Synthetic,Portfolio,Auto,2019-03,79,442345.33816637826
decreciente,Loss Incurred,month,cumulative,Synthetic,Portfolio,Auto,2019-03,80,442319.5737807101
decreciente,Loss Incurred,month,cumulative,Synthetic,Portfolio,Auto,2019-03,81,442295.5837709689
decreciente,Loss Incurred,month,cumulative,Synthetic,Portfolio,Auto,2019-04,0,593316.8512765039
decreciente,Loss Incurred,month,cumulative,Synthetic,Portfolio,Auto,2019-04,1,582622.569899457
decreciente,Loss Incurred,month,cumulative,Synthetic,Portfolio,Auto,2019-04,2,572736.8398901282
decreciente,Loss Incurred,month,cumulative,Synthetic,Portfolio,Auto,2019-04,3,563598.5299493505
decreciente,Loss Incurred,month,cumulative,Synthetic,Portfolio,Auto,2019-04,4,555151.1306682741
decreciente,Loss Incurred,month,cumulative,Synthetic,Portfolio,Auto,2019-04,5,547342.4050859313
decreciente,Loss Incurred,month,cumulative,Synthetic,Portfolio,Auto,2019-04,6,540124.065666729
decreciente,Loss Incurred,month,cumulative,Synthetic,Portfolio,Auto,2019-04,7,533451.4757003676
decreciente,Loss Incurred,month,cumulative,Synthetic,Portfolio,Auto,2019-04,8,527283.3732777043
decreciente,Loss Incurred,month,cumulative,Synthetic,Portfolio,Auto,2019-04,9,521581.61613568565
decreciente,Loss Incurred,month,cumulative,Synthetic,Portfolio,Auto,2019-04,10,516310.94579352153
decreciente,Loss Incurred,month,cumulative,Synthetic,Portfolio,Auto,2019-04,11,511438.769521571
decreciente,Loss Incurred,month,cumulative,Synthetic,Portfolio,Auto,2019-04,12,506934.9587946775
decreciente,Loss Incurred,month,cumulative,Synthetic,Portfolio,Auto,2019-04,13,502771.6629836333
decreciente,Loss Incurred,month,cumulative,Synthetic,Portfolio,Auto,2019-04,14,498923.1371326782
decreciente,Loss Incurred,month,cumulative,Synthetic,Portfolio,Auto,2019-04,15,495365.5827580457
decreciente,Loss Incurred,month,cumulative,Synthetic,Portfolio,Auto,2019-04,16,492077.00068308687
decreciente,Loss Incurred,month,cumulative,Synthetic,Portfolio,Auto,2019-04,17,489037.0549999353
decreciente,Loss Incurred,month,cumulative,Synthetic,Portfolio,Auto,2019-04,18,486226.94731648115
decreciente,Loss Incurred,month,cumulative,Synthetic,Portfolio,Auto,2019-04,19,483629.3005110218
decreciente,Loss Incurred,month,cumulative,Synthetic,Portfolio,Auto,2019-04,20,481228.0512757547
decreciente,Loss Incurred,month,cumulative,Synthetic,Portfolio,Auto,2019-04,21,479008.35078462056
decreciente,Loss Incurred,month,cumulative,Synthetic,Portfolio,Auto,2019-04,22,476956.47287125053
decreciente,Loss Incurred,month,cumulative,Synthetic,Portfolio,Auto,2019-04,23,475059.729149207
decreciente,Loss Incurred,month,cumulative,Synthetic,Portfolio,Auto,2019-04,24,473306.3905496396
decreciente,Loss Incurred,month,cumulative,Synthetic,Portfolio,Auto,2019-04,25,471685.6147911618
decreciente,Loss Incurred,month,cumulative,Synthetic,Portfolio,Auto,2019-04,26,470187.3793334371
decreciente,Loss Incurred,month,cumulative,Synthetic,Portfolio,Auto,2019-04,27,468802.4193998731
decreciente,Loss Incurred,month,cumulative,Synthetic,Portfolio,Auto,2019-04,28,467522.1706861692
decreciente,Loss Incurred,month,cumulative,Synthetic,Portfolio,Auto,2019-04,29,466338.7164004393
decreciente,Loss Incurred,month,cumulative,Synthetic,Portfolio,Auto,2019-04,30,465244.7383074169
decreciente,Loss Incurred,month,cumulative,Synthetic,Portfolio,Auto,2019-04,31,464233.47147400887
decreciente,Loss Incurred,month,cumulative,Synthetic,Portfolio,Auto,2019-04,32,463298.6624363565
decreciente,Loss Incurred,month,cumulative,Synthetic,Portfolio,Auto,2019-04,33,462434.53052971466
decreciente,Loss Incurred,month,cumulative,Synthetic,Portfolio,Auto,2019-04,34,461635.7321420228
decreciente,Loss Incurred,month,cumulative,Synthetic,Portfolio,Auto,2019-04,35,460897.32767011906
decreciente,Loss Incurred,month,cumulative,Synthetic,Portfolio,Auto,2019-04,36,460214.7509742611
decreciente,Loss Incurred,month,cumulative,Synthetic,Portfolio,Auto,2019-04,37,459583.7811420668
decreciente,Loss Incurred,month,cumulative,Synthetic,Portfolio,Auto,2019-04,38,459000.5163872708
decreciente,Loss Incurred,month,cumulative,Synthetic,Portfolio,Auto,2019-04,39,458461.34992188803
decreciente,Loss Incurred,month,cumulative,Synthetic,Portfolio,Auto,2019-04,40,457962.9476525876
decreciente,Loss Incurred,month,cumulative,Synthetic,Portfolio,Auto,2019-04,41,457502.22756335215
decreciente,Loss Incurred,month,cumulative,Synthetic,Portfolio,Auto,2019-04,42,457076.34065693227
decreciente,Loss Incurred,month,cumulative,Synthetic,Portfolio,Auto,2019-04,43,456682.6533372389
decreciente,Loss Incurred,month,cumulative,Synthetic,Portfolio,Auto,2019-04,44,456318.73112373357
decreciente,Loss Incurred,month,cumulative,Synthetic,Portfolio,Auto,2019-04,45,455982.32359710603
decreciente,Loss Incurred,month,cumulative,Synthetic,Portfolio,Auto,2019-04,46,455671.35048314964
decreciente,Loss Incurred,month,cumulative,Synthetic,Portfolio,Auto,2019-04,47,455383.88878877787
decreciente,Loss Incurred,month,cumulative,Synthetic,Portfolio,Auto,2019-04,48,455118.1609106354
decreciente,Loss Incurred,month,cumulative,Synthetic,Portfolio,Auto,2019-04,49,454872.52364276734
decreciente,Loss Incurred,month,cumulative,Synthetic,Portfolio,Auto,2019-04,50,454645.45801537664
decreciente,Loss Incurred,month,cumulative,Synthetic,Portfolio,Auto,2019-04,51,454435.5599018296
decreciente,Loss Incurred,month,cumulative,Synthetic,Portfolio,Auto,2019-04,52,454241.5313358292
decreciente,Loss Incurred,month,cumulative,Synthetic,Portfolio,Auto,2019-04,53,454062.17248506105
decreciente,Loss Incurred,month,cumulative,Synthetic,Portfolio,Auto,2019-04,54,453896.37423168035
decreciente,Loss Incurred,month,cumulative,Synthetic,Portfolio,Auto,2019-04,55,453743.1113137569
decreciente,Loss Incurred,month,cumulative,Synthetic,Portfolio,Auto,2019-04,56,453601.43598526926
decreciente,Loss Incurred,month,cumulative,Synthetic,Portfolio,Auto,2019-04,57,453470.4721554397
decreciente,Loss Incurred,month,cumulative,Synthetic,Portfolio,Auto,2019-04,58,453349.4099711717
decreciente,Loss Incurred,month,cumulative,Synthetic,Portfolio,Auto,2019-04,59,453237.5008090861
decreciente,Loss Incurred,month,cumulative,Synthetic,Portfolio,Auto,2019-04,60,453134.05264619
decreciente,Loss Incurred,month,cumulative,Synthetic,Portfolio,Auto,2019-04,61,453038.42578055075
decreciente,Loss Incurred,month,cumulative,Synthetic,Portfolio,Auto,2019-04,62,452950.0288755117
decreciente,Loss Incurred,month,cumulative,Synthetic,Portfolio,Auto,2019-04,63,452868.31530298945
decreciente,Loss Incurred,month,cumulative,Synthetic,Portfolio,Auto,2019-04,64,452792.7797632396
decreciente,Loss Incurred,month,cumulative,Synthetic,Portfolio,Auto,2019-04,65,452722.9551601878
decreciente,Loss Incurred,month,cumulative,Synthetic,Portfolio,Auto,2019-04,66,452658.4097130052
decreciente,Loss Incurred,month,cumulative,Synthetic,Portfolio,Auto,2019-04,67,452598.74428606505
decreciente,Loss Incurred,month,cumulative,Synthetic,Portfolio,Auto,2019-04,68,452543.5899207716
decreciente,Loss Incurred,month,cumulative,Synthetic,Portfolio,Auto,2019-04,69,452492.6055539961
decreciente,Loss Incurred,month,cumulative,Synthetic,Portfolio,Auto,2019-04,70,452445.47590901394
decreciente,Loss Incurred,month,cumulative,Synthetic,Portfolio,Auto,2019-04,71,452401.9095458988
decreciente,Loss Incurred,month,cumulative,Synthetic,Portfolio,Auto,2019-04,72,452361.6370593183
decreciente,Loss Incurred,month,cumulative,Synthetic,Portfolio,Auto,2019-04,73,452324.40941258793
decreciente,Loss Incurred,month,cumulative,Synthetic,Portfolio,Auto,2019-04,74,452289.99639768
decreciente,Loss Incurred,month,cumulative,Synthetic,Portfolio,Auto,2019-04,75,452258.18521166453
decreciente,Loss Incurred,month,cumulative,Synthetic,Portfolio,Auto,2019-04,76,452228.7791407806
decreciente,Loss Incurred,month,cumulative,Synthetic,Portfolio,Auto,2019-04,77,452201.59634399944
decreciente,Loss Incurred,month,cumulative,Synthetic,Portfolio,Auto,2019-04,78,452176.46872855676
decreciente,Loss Incurred,month,cumulative,Synthetic,Portfolio,Auto,2019-04,79,452153.24091050285
decreciente,Loss Incurred,month,cumulative,Synthetic,Portfolio,Auto,2019-04,80,452131.7692538396
decreciente,Loss Incurred,month,cumulative,Synthetic,Portfolio,Auto,2019-05,0,520380.0353324739
decreciente,Loss Incurred,month,cumulative,Synthetic,Portfolio,Auto,2019-05,1,513467.0139917573
decreciente,Loss Incurred,month,cumulative,Synthetic,Portfolio,Auto,2019-05,2,507022.03695239365
decreciente,Loss Incurred,month,cumulative,Synthetic,Portfolio,Auto,2019-05,3,501013.4153974051
decreciente,Loss Incurred,month,cumulative,Synthetic,Portfolio,Auto,2019-05,4,495411.6059928775
decreciente,Loss Incurred,month,cumulative,Synthetic,Portfolio,Auto,2019-05,5,490189.06562859024
decreciente,Loss Incurred,month,cumulative,Synthetic,Portfolio,Auto,2019-05,6,485320.11599339463
decreciente,Loss Incurred,month,cumulative,Synthetic,Portfolio,Auto,2019-05,7,480780.81731948064
decreciente,Loss Incurred,month,cumulative,Synthetic,Portfolio,Auto,2019-05,8,476548.8506747549
decreciente,Loss Incurred,month,cumulative,Synthetic,Portfolio,Auto,2019-05,9,472603.4082245827
decreciente,Loss Incurred,month,cumulative,Synthetic,Portfolio,Auto,2019-05,10,468925.0909233294
decreciente,Loss Incurred,month,cumulative,Synthetic,Portfolio,Auto,2019-05,11,465495.81313267036
decreciente,Loss Incurred,month,cumulative,Synthetic,Portfolio,Auto,2019-05,12,462298.71369769215
decreciente,Loss Incurred,month,cumulative,Synthetic,Portfolio,Auto,2019-05,13,459318.07304356375
decreciente,Loss Incurred,month,cumulative,Synthetic,Portfolio,Auto,2019-05,14,456539.2358851557
decreciente,Loss Incurred,month,cumulative,Synthetic,Portfolio,Auto,2019-05,15,453948.5391695841
decreciente,Loss Incurred,month,cumulative,Synthetic,Portfolio,Auto,2019-05,16,451533.24489738635
decreciente,Loss Incurred,month,cumulative,Synthetic,Portfolio,Auto,2019-05,17,449281.47749202093
decreciente,Loss Incurred,month,cumulative,Synthetic,Portfolio,Auto,2019-05,18,447182.1654097493
decreciente,Loss Incurred,month,cumulative,Synthetic,Portfolio,Auto,2019-05,19,445224.98670280544
decreciente,Loss Incurred,month,cumulative,Synthetic,Portfolio,Auto,2019-05,20,443400.3182681963
decreciente,Loss Incurred,month,cumulative,Synthetic,Portfolio,Auto,2019-05,21,441699.18853259966
decreciente,Loss Incurred,month,cumulative,Synthetic,Portfolio,Auto,2019-05,22,440113.23334071785
decreciente,Loss Incurred,month,cumulative,Synthetic,Portfolio,Auto,2019-05,23,438634.65483019955
decreciente,Loss Incurred,month,cumulative,Synthetic,Portfolio,Auto,2019-05,24,437256.183090924
decreciente,Loss Incurred,month,cumulative,Synthetic,Portfolio,Auto,2019-05,25,435971.04042013304
decreciente,Loss Incurred,month,cumulative,Synthetic,Portfolio,Auto,2019-05,26,434772.90799766104
decreciente,Loss Incurred,month,cumulative,Synthetic,Portfolio,Auto,2019-05,27,433655.8948174082
decreciente,Loss Incurred,month,cumulative,Synthetic,Portfolio,Auto,2019-05,28,432614.50872230175
decreciente,Loss Incurred,month,cumulative,Synthetic,Portfolio,Auto,2019-05,29,431643.62940032675
decreciente,Loss Incurred,month,cumulative,Synthetic,Portfolio,Auto,2019-05,30,430738.48320885375
decreciente,Loss Incurred,month,cumulative,Synthetic,Portfolio,Auto,2019-05,31,429894.6197034785
decreciente,Loss Incurred,month,cumulative,Synthetic,Portfolio,Auto,2019-05,32,429107.88975597086
decreciente,Loss Incurred,month,cumulative,Synthetic,Portfolio,Auto,2019-05,33,428374.4251537423
decreciente,Loss Incurred,month,cumulative,Synthetic,Portfolio,Auto,2019-05,34,427690.61958052544
decreciente,Loss Incurred,month,cumulative,Synthetic,Portfolio,Auto,2019-05,35,427053.1108847524
decreciente,Loss Incurred,month,cumulative,Synthetic,Portfolio,Auto,2019-05,36,426458.7645484476
decreciente,Loss Incurred,month,cumulative,Synthetic,Portfolio,Auto,2019-05,37,425904.65827535494
decreciente,Loss Incurred,month,cumulative,Synthetic,Portfolio,Auto,2019-05,38,425388.06762252195
decreciente,Loss Incurred,month,cumulative,Synthetic,Portfolio,Auto,2019-05,39,424906.4526046933
decreciente,Loss Incurred,month,cumulative,Synthetic,Portfolio,Auto,2019-05,40,424457.44520565117
decreciente,Loss Incurred,month,cumulative,Synthetic,Portfolio,Auto,2019-05,41,424038.837735096
decreciente,Loss Incurred,month,cumulative,Synthetic,Portfolio,Auto,2019-05,42,423648.5719738226
decreciente,Loss Incurred,month,cumulative,Synthetic,Portfolio,Auto,2019-05,43,423284.72905381845
decreciente,Loss Incurred,month,cumulative,Synthetic,Portfolio,Auto,2019-05,44,422945.52002352814
decreciente,Loss Incurred,month,cumulative,Synthetic,Portfolio,Auto,2019-05,45,422629.27705189283
decreciente,Loss Incurred,month,cumulative,Synthetic,Portfolio,Auto,2019-05,46,422334.44522791944
decreciente,Loss Incurred,month,cumulative,Synthetic,Portfolio,Auto,2019-05,47,422059.57491545717
decreciente,Loss Incurred,month,cumulative,Synthetic,Portfolio,Auto,2019-05,48,421803.31462559116
decreciente,Loss Incurred,month,cumulative,Synthetic,Portfolio,Auto,2019-05,49,421564.4043716099
decreciente,Loss Incurred,month,cumulative,Synthetic,Portfolio,Auto,2019-05,50,421341.66947387316
decreciente,Loss Incurred,month,cumulative,Synthetic,Portfolio,Auto,2019-05,51,421134.0147841178
decreciente,Loss Incurred,month,cumulative,Synthetic,Portfolio,Auto,2019-05,52,420940.41930080764
decreciente,Loss Incurred,month,cumulative,Synthetic,Portfolio,Auto,2019-05,53,420759.9311490483
decreciente,Loss Incurred,month,cumulative,Synthetic,Portfolio,Auto,2019-05,54,420591.6629003863
decreciente,Loss Incurred,month,cumulative,Synthetic,Portfolio,Auto,2019-05,55,420434.7872094791
decreciente,Loss Incurred,month,cumulative,Synthetic,Portfolio,Auto,2019-05,56,420288.53274618444
decreciente,Loss Incurred,month,cumulative,Synthetic,Portfolio,Auto,2019-05,57,420152.1804030654
decreciente,Loss Incurred,month,cumulative,Synthetic,Portfolio,Auto,2019-05,58,420025.05975966604
decreciente,Loss Incurred,month,cumulative,Synthetic,Portfolio,Auto,2019-05,59,419906.54578617186
decreciente,Loss Incurred,month,cumulative,Synthetic,Portfolio,Auto,2019-05,60,419796.05577024864
decreciente,Loss Incurred,month,cumulative,Synthetic,Portfolio,Auto,2019-05,61,419693.0464519481
decreciente,Loss Incurred,month,cumulative,Synthetic,Portfolio,Auto,2019-05,62,419597.0113525947
decreciente,Loss Incurred,month,cumulative,Synthetic,Portfolio,Auto,2019-05,63,419507.4782845193
decreciente,Loss Incurred,month,cumulative,Synthetic,Portfolio,Auto,2019-05,64,419424.00702939514
decreciente,Loss Incurred,month,cumulative,Synthetic,Portfolio,Auto,2019-05,65,419346.1871737622
decreciente,Loss Incurred,month,cumulative,Synthetic,Portfolio,Auto,2019-05,66,419273.63609109627
decreciente,Loss Incurred,month,cumulative,Synthetic,Portfolio,Auto,2019-05,67,419205.9970605022
decreciente,Loss Incurred,month,cumulative,Synthetic,Portfolio,Auto,2019-05,68,419142.9375127794
decreciente,Loss Incurred,month,cumulative,Synthetic,Portfolio,Auto,2019-05,69,419084.1473952381
decreciente,Loss Incurred,month,cumulative,Synthetic,Portfolio,Auto,2019-05,70,419029.3376472248
decreciente,Loss Incurred,month,cumulative,Synthetic,Portfolio,Auto,2019-05,71,418978.2387788619
decreciente,Loss Incurred,month,cumulative,Synthetic,Portfolio,Auto,2019-05,72,418930.5995460136
decreciente,Loss Incurred,month,cumulative,Synthetic,Portfolio,Auto,2019-05,73,418886.18571496225
decreciente,Loss Incurred,month,cumulative,Synthetic,Portfolio,Auto,2019-05,74,418844.7789107231
decreciente,Loss Incurred,month,cumulative,Synthetic,Portfolio,Auto,2019-05,75,418806.17554333253
decreciente,Loss Incurred,month,cumulative,Synthetic,Portfolio,Auto,2019-05,76,418770.1858068321
decreciente,Loss Incurred,month,cumulative,Synthetic,Portfolio,Auto,2019-05,77,418736.63274602615
decreciente,Loss Incurred,month,cumulative,Synthetic,Portfolio,Auto,2019-05,78,418705.3513864242
decreciente,Loss Incurred,month,cumulative,Synthetic,Portfolio,Auto,2019-05,79,418676.1879230906
decreciente,Loss Incurred,month,cumulative,Synthetic,Portfolio,Auto,2019-06,0,532212.4558204326
decreciente,Loss Incurred,month,cumulative,Synthetic,Portfolio,Auto,2019-06,1,522654.7389346776
decreciente,Loss Incurred,month,cumulative,Synthetic,Portfolio,Auto,2019-06,2,513872.54795728804
decreciente,Loss Incurred,month,cumulative,Synthetic,Portfolio,Auto,2019-06,3,505802.9556806751
decreciente,Loss Incurred,month,cumulative,Synthetic,Portfolio,Auto,2019-06,4,498388.140894886
decreciente,Loss Incurred,month,cumulative,Synthetic,Portfolio,Auto,2019-06,5,491574.97408013913
decreciente,Loss Incurred,month,cumulative,Synthetic,Portfolio,Auto,2019-06,6,485314.6367168199
decreciente,Loss Incurred,month,cumulative,Synthetic,Portfolio,Auto,2019-06,7,479562.2714851714
decreciente,Loss Incurred,month,cumulative,Synthetic,Portfolio,Auto,2019-06,8,474276.66084824974
decreciente,Loss Incurred,month,cumulative,Synthetic,Portfolio,Auto,2019-06,9,469419.9317150869
decreciente,Loss Incurred,month,cumulative,Synthetic,Portfolio,Auto,2019-06,10,464957.2840678798
decreciente,Loss Incurred,month,cumulative,Synthetic,Portfolio,Auto,2019-06,11,460856.74160873
decreciente,Loss Incurred,month,cumulative,Synthetic,Portfolio,Auto,2019-06,12,457088.9226392416
decreciente,Loss Incurred,month,cumulative,Synthetic,Portfolio,Auto,2019-06,13,453626.82953125297
decreciente,Loss Incurred,month,cumulative,Synthetic,Portfolio,Auto,2019-06,14,450445.65528019564
decreciente,Loss Incurred,month,cumulative,Synthetic,Portfolio,Auto,2019-06,15,447522.6057549708
decreciente,Loss Incurred,month,cumulative,Synthetic,Portfolio,Auto,2019-06,16,444836.7363707089
decreciente,Loss Incurred,month,cumulative,Synthetic,Portfolio,Auto,2019-06,17,442368.8020141192
decreciente,Loss Incurred,month,cumulative,Synthetic,Portfolio,Auto,2019-06,18,440101.1191460973
decreciente,Loss Incurred,month,cumulative,Synthetic,Portfolio,Auto,2019-06,19,438017.43909351004
decreciente,Loss Incurred,month,cumulative,Synthetic,Portfolio,Auto,2019-06,20,436102.831622256
decreciente,Loss Incurred,month,cumulative,Synthetic,Portfolio,Auto,2019-06,21,434343.57795736135
decreciente,Loss Incurred,month,cumulative,Synthetic,Portfolio,Auto,2019-06,22,432727.0724835693
decreciente,Loss Incurred,month,cumulative,Synthetic,Portfolio,Auto,2019-06,23,431241.7324220745
decreciente,Loss Incurred,month,cumulative,Synthetic,Portfolio,Auto,2019-06,24,429876.91483620775
decreciente,Loss Incurred,month,cumulative,Synthetic,Portfolio,Auto,2019-06,25,428622.8403713901
decreciente,Loss Incurred,month,cumulative,Synthetic,Portfolio,Auto,2019-06,26,427470.5231829294
decreciente,Loss Incurred,month,cumulative,Synthetic,Portfolio,Auto,2019-06,27,426411.70654956857
decreciente,Loss Incurred,month,cumulative,Synthetic,Portfolio,Auto,2019-06,28,425438.80371143686
decreciente,Loss Incurred,month,cumulative,Synthetic,Portfolio,Auto,2019-06,29,424544.84350848803
decreciente,Loss Incurred,month,cumulative,Synthetic,Portfolio,Auto,2019-06,30,423723.42042990914
decreciente,Loss Incurred,month,cumulative,Synthetic,Portfolio,Auto,2019-06,31,422968.64871658635
decreciente,Loss Incurred,month,cumulative,Synthetic,Portfolio,Auto,2019-06,32,422275.12018775835
decreciente,Loss Incurred,month,cumulative,Synthetic,Portfolio,Auto,2019-06,33,421637.86548967107
decreciente,Loss Incurred,month,cumulative,Synthetic,Portfolio,Auto,2019-06,34,421052.31848856853
decreciente,Loss Incurred,month,cumulative,Synthetic,Portfolio,Auto,2019-06,35,420514.2835528837
decreciente,Loss Incurred,month,cumulative,Synthetic,Portfolio,Auto,2019-06,36,420019.90549019666
decreciente,Loss Incurred,month,cumulative,Synthetic,Portfolio,Auto,2019-06,37,419565.6419235471
decreciente,Loss Incurred,month,cumulative,Synthetic,Portfolio,Auto,2019-06,38,419148.23790917074
decreciente,Loss Incurred,month,cumulative,Synthetic,Portfolio,Auto,2019-06,39,418764.702613786
decreciente,Loss Incurred,month,cumulative,Synthetic,Portfolio,Auto,2019-06,40,418412.28788431664
decreciente,Loss Incurred,month,cumulative,Synthetic,Portfolio,Auto,2019-06,41,418088.4685564959
decreciente,Loss Incurred,month,cumulative,Synthetic,Portfolio,Auto,2019-06,42,417790.92436125735
decreciente,Loss Incurred,month,cumulative,Synthetic,Portfolio,Auto,2019-06,43,417517.5232992637
decreciente,Loss Incurred,month,cumulative,Synthetic,Portfolio,Auto,2019-06,44,417266.3063644508
decreciente,Loss Incurred,month,cumulative,Synthetic,Portfolio,Auto,2019-06,45,417035.47350712173
decreciente,Loss Incurred,month,cumulative,Synthetic,Portfolio,Auto,2019-06,46,416823.37073601515
decreciente,Loss Incurred,month,cumulative,Synthetic,Portfolio,Auto,2019-06,47,416628.478266929
decreciente,Loss Incurred,month,cumulative,Synthetic,Portfolio,Auto,2019-06,48,416449.3996329803
decreciente,Loss Incurred,month,cumulative,Synthetic,Portfolio,Auto,2019-06,49,416284.8516784733
decreciente,Loss Incurred,month,cumulative,Synthetic,Portfolio,Auto,2019-06,50,416133.65536467865
decreciente,Loss Incurred,month,cumulative,Synthetic,Portfolio,Auto,2019-06,51,415994.7273216435
decreciente,Loss Incurred,month,cumulative,Synthetic,Portfolio,Auto,2019-06,52,415867.07208549936
decreciente,Loss Incurred,month,cumulative,Synthetic,Portfolio,Auto,2019-06,53,415749.7749656451
decreciente,Loss Incurred,month,cumulative,Synthetic,Portfolio,Auto,2019-06,54,415641.99549069616
decreciente,Loss Incurred,month,cumulative,Synthetic,Portfolio,Auto,2019-06,55,415542.96138623805
decreciente,Loss Incurred,month,cumulative,Synthetic,Portfolio,Auto,2019-06,56,415451.9630412335
decreciente,Loss Incurred,month,cumulative,Synthetic,Portfolio,Auto,2019-06,57,415368.3484234321
decreciente,Loss Incurred,month,cumulative,Synthetic,Portfolio,Auto,2019-06,58,415291.51840735076
decreciente,Loss Incurred,month,cumulative,Synthetic,Portfolio,Auto,2019-06,59,415220.92248134804
decreciente,Loss Incurred,month,cumulative,Synthetic,Portfolio,Auto,2019-06,60,415156.0548030319
decreciente,Loss Incurred,month,cumulative,Synthetic,Portfolio,Auto,2019-06,61,415096.4505747374
decreciente,Loss Incurred,month,cumulative,Synthetic,Portfolio,Auto,2019-06,62,415041.68271310284
decreciente,Loss Incurred,month,cumulative,Synthetic,Portfolio,Auto,2019-06,63,414991.3587888804
decreciente,Loss Incurred,month,cumulative,Synthetic,Portfolio,Auto,2019-06,64,414945.1182150555
decreciente,Loss Incurred,month,cumulative,Synthetic,Portfolio,Auto,2019-06,65,414902.6296631254
decreciente,Loss Incurred,month,cumulative,Synthetic,Portfolio,Auto,2019-06,66,414863.58868902415
decreciente,Loss Incurred,month,cumulative,Synthetic,Portfolio,Auto,2019-06,67,414827.715551684
decreciente,Loss Incurred,month,cumulative,Synthetic,Portfolio,Auto,2019-06,68,414794.753208601
decreciente,Loss Incurred,month,cumulative,Synthetic,Portfolio,Auto,2019-06,69,414764.4654740429
decreciente,Loss Incurred,month,cumulative,Synthetic,Portfolio,Auto,2019-06,70,414736.6353267032
decreciente,Loss Incurred,month,cumulative,Synthetic,Portfolio,Auto,2019-06,71,414711.0633546739
decreciente,Loss Incurred,month,cumulative,Synthetic,Portfolio,Auto,2019-06,72,414687.56632659555
decreciente,Loss Incurred,month,cumulative,Synthetic,Portfolio,Auto,2019-06,73,414665.9758787457
decreciente,Loss Incurred,month,cumulative,Synthetic,Portfolio,Auto,2019-06,74,414646.13730865926
decreciente,Loss Incurred,month,cumulative,Synthetic,Portfolio,Auto,2019-06,75,414627.9084666356
decreciente,Loss Incurred,month,cumulative,Synthetic,Portfolio,Auto,2019-06,76,414611.1587371906
decreciente,Loss Incurred,month,cumulative,Synthetic,Portfolio,Auto,2019-06,77,414595.7681031548
decreciente,Loss Incurred,month,cumulative,Synthetic,Portfolio,Auto,2019-06,78,414581.6262857124
decreciente,Loss Incurred,month,cumulative,Synthetic,Portfolio,Auto,2019-07,0,442477.40144870634
decreciente,Loss Incurred,month,cumulative,Synthetic,Portfolio,Auto,2019-07,1,436641.8318677719
decreciente,Loss Incurred,month,cumulative,Synthetic,Portfolio,Auto,2019-07,2,431180.7648655629
decreciente,Loss Incurred,month,cumulative,Synthetic,Portfolio,Auto,2019-07,3,426070.1664245723
decreciente,Loss Incurred,month,cumulative,Synthetic,Portfolio,Auto,2019-07,4,421287.5449305508
decreciente,Loss Incurred,month,cumulative,Synthetic,Portfolio,Auto,2019-07,5,416811.85218748293
decreciente,Loss Incurred,month,cumulative,Synthetic,Portfolio,Auto,2019-07,6,412623.390785009
decreciente,Loss Incurred,month,cumulative,Synthetic,Portfolio,Auto,2019-07,7,408703.727410622
decreciente,Loss Incurred,month,cumulative,Synthetic,Portfolio,Auto,2019-07,8,405035.61172512546
decreciente,Loss Incurred,month,cumulative,Synthetic,Portfolio,Auto,2019-07,9,401602.9004443282
decreciente,Loss Incurred,month,cumulative,Synthetic,Portfolio,Auto,2019-07,10,398390.4862928598
decreciente,Loss Incurred,month,cumulative,Synthetic,Portfolio,Auto,2019-07,11,395384.23151743406
decreciente,Loss Incurred,month,cumulative,Synthetic,Portfolio,Auto,2019-07,12,392570.9056669553
decreciente,Loss Incurred,month,cumulative,Synthetic,Portfolio,Auto,2019-07,13,389938.127365638
decreciente,Loss Incurred,month,cumulative,Synthetic,Portfolio,Auto,2019-07,14,387474.3098228861
decreciente,Loss Incurred,month,cumulative,Synthetic,Portfolio,Auto,2019-07,15,385168.6098401208
decreciente,Loss Incurred,month,cumulative,Synthetic,Portfolio,Auto,2019-07,16,383010.8800901386
decreciente,Loss Incurred,month,cumulative,Synthetic,Portfolio,Auto,2019-07,17,380991.62445898127
decreciente,Loss Incurred,month,cumulative,Synthetic,Portfolio,Auto,2019-07,18,379101.9562537788
decreciente,Loss Incurred,month,cumulative,Synthetic,Portfolio,Auto,2019-07,19,377333.55909263965
decreciente,Loss Incurred,month,cumulative,Synthetic,Portfolio,Auto,2019-07,20,375678.65030446433
decreciente,Loss Incurred,month,cumulative,Synthetic,Portfolio,Auto,2019-07,21,374129.9466776072
decreciente,Loss Incurred,month,cumulative,Synthetic,Portfolio,Auto,2019-07,22,372680.63240664685
decreciente,Loss Incurred,month,cumulative,Synthetic,Portfolio,Auto,2019-07,23,371324.3290961986
decreciente,Loss Incurred,month,cumulative,Synthetic,Portfolio,Auto,2019-07,24,370055.06768975855
decreciente,Loss Incurred,month,cumulative,Synthetic,Portfolio,Auto,2019-07,25,368867.26220003684
decreciente,Loss Incurred,month,cumulative,Synthetic,Portfolio,Auto,2019-07,26,367755.6851251691
decreciente,Loss Incurred,month,cumulative,Synthetic,Portfolio,Auto,2019-07,27,366715.44444261346
decreciente,Loss Incurred,month,cumulative,Synthetic,Portfolio,Auto,2019-07,28,365741.962079483
decreciente,Loss Incurred,month,cumulative,Synthetic,Portfolio,Auto,2019-07,29,364830.95376456337
decreciente,Loss Incurred,month,cumulative,Synthetic,Portfolio,Auto,2019-07,30,363978.41017334297
decreciente,Loss Incurred,month,cumulative,Synthetic,Portfolio,Auto,2019-07,31,363180.5792830784
decreciente,Loss Incurred,month,cumulative,Synthetic,Portfolio,Auto,2019-07,32,362433.9498602363
decreciente,Loss Incurred,month,cumulative,Synthetic,Portfolio,Auto,2019-07,33,361735.2360076448
decreciente,Loss Incurred,month,cumulative,Synthetic,Portfolio,Auto,2019-07,34,361081.36270334205
decreciente,Loss Incurred,month,cumulative,Synthetic,Portfolio,Auto,2019-07,35,360469.45226748346
decreciente,Loss Incurred,month,cumulative,Synthetic,Portfolio,Auto,2019-07,36,359896.811697745
decreciente,Loss Incurred,month,cumulative,Synthetic,Portfolio,Auto,2019-07,37,359360.92081748846
decreciente,Loss Incurred,month,cumulative,Synthetic,Portfolio,Auto,2019-07,38,358859.4211845281
decreciente,Loss Incurred,month,cumulative,Synthetic,Portfolio,Auto,2019-07,39,358390.10571168584
decreciente,Loss Incurred,month,cumulative,Synthetic,Portfolio,Auto,2019-07,40,357950.9089534571
decreciente,Loss Incurred,month,cumulative,Synthetic,Portfolio,Auto,2019-07,41,357539.89801603695
decreciente,Loss Incurred,month,cumulative,Synthetic,Portfolio,Auto,2019-07,42,357155.2640507038
decreciente,Loss Incurred,month,cumulative,Synthetic,Portfolio,Auto,2019-07,43,356795.314293122
decreciente,Loss Incurred,month,cumulative,Synthetic,Portfolio,Auto,2019-07,44,356458.46461352846
decreciente,Loss Incurred,month,cumulative,Synthetic,Portfolio,Auto,2019-07,45,356143.23254501837
decreciente,Loss Incurred,month,cumulative,Synthetic,Portfolio,Auto,2019-07,46,355848.2307592452
decreciente,Loss Incurred,month,cumulative,Synthetic,Portfolio,Auto,2019-07,47,355572.1609608246
decreciente,Loss Incurred,month,cumulative,Synthetic,Portfolio,Auto,2019-07,48,355313.80817356845
decreciente,Loss Incurred,month,cumulative,Synthetic,Portfolio,Auto,2019-07,49,355072.0353934062
decreciente,Loss Incurred,month,cumulative,Synthetic,Portfolio,Auto,2019-07,50,354845.77858445805
decreciente,Loss Incurred,month,cumulative,Synthetic,Portfolio,Auto,2019-07,51,354634.0419962408
decreciente,Loss Incurred,month,cumulative,Synthetic,Portfolio,Auto,2019-07,52,354435.8937813945
decreciente,Loss Incurred,month,cumulative,Synthetic,Portfolio,Auto,2019-07,53,354250.4618946461
decreciente,Loss Incurred,month,cumulative,Synthetic,Portfolio,Auto,2019-07,54,354076.9302549606
decreciente,Loss Incurred,month,cumulative,Synthetic,Portfolio,Auto,2019-07,55,353914.53515398846
decreciente,Loss Incurred,month,cumulative,Synthetic,Portfolio,Auto,2019-07,56,353762.561895005
decreciente,Loss Incurred,month,cumulative,Synthetic,Portfolio,Auto,2019-07,57,353620.341647548
decreciente,Loss Incurred,month,cumulative,Synthetic,Portfolio,Auto,2019-07,58,353487.24850391195
decreciente,Loss Incurred,month,cumulative,Synthetic,Portfolio,Auto,2019-07,59,353362.69672454405
decreciente,Loss Incurred,month,cumulative,Synthetic,Portfolio,Auto,2019-07,60,353246.138160219
decreciente,Loss Incurred,month,cumulative,Synthetic,Portfolio,Auto,2019-07,61,353137.0598396485
decreciente,Loss Incurred,month,cumulative,Synthetic,Portfolio,Auto,2019-07,62,353034.9817119075
decreciente,Loss Incurred,month,cumulative,Synthetic,Portfolio,Auto,2019-07,63,352939.45453374233
decreciente,Loss Incurred,month,cumulative,Synthetic,Portfolio,Auto,2019-07,64,352850.0578924622
decreciente,Loss Incurred,month,cumulative,Synthetic,Portfolio,Auto,2019-07,65,352766.39835571387
decreciente,Loss Incurred,month,cumulative,Synthetic,Portfolio,Auto,2019-07,66,352688.107739996
decreciente,Loss Incurred,month,cumulative,Synthetic,Portfolio,Auto,2019-07,67,352614.84149029234
decreciente,Loss Incurred,month,cumulative,Synthetic,Portfolio,Auto,2019-07,68,352546.2771636944
decreciente,Loss Incurred,month,cumulative,Synthetic,Portfolio,Auto,2019-07,69,352482.11301033804
decreciente,Loss Incurred,month,cumulative,Synthetic,Portfolio,Auto,2019-07,70,352422.0666454101
decreciente,Loss Incurred,month,cumulative,Synthetic,Portfolio,Auto,2019-07,71,352365.87380638
decreciente,Loss Incurred,month,cumulative,Synthetic,Portfolio,Auto,2019-07,72,352313.28718998696
decreciente,Loss Incurred,month,cumulative,Synthetic,Portfolio,Auto,2019-07,73,352264.07536386454
decreciente,Loss Incurred,month,cumulative,Synthetic,Portfolio,Auto,2019-07,74,352218.02174801304
decreciente,Loss Incurred,month,cumulative,Synthetic,Portfolio,Auto,2019-07,75,352174.9236616357
decreciente,Loss Incurred,month,cumulative,Synthetic,Portfolio,Auto,2019-07,76,352134.5914311468
decreciente,Loss Incurred,month,cumulative,Synthetic,Portfolio,Auto,2019-07,77,352096.84755542147
decreciente,Loss Incurred,month,cumulative,Synthetic,Portfolio,Auto,2019-08,0,521617.65163673327
decreciente,Loss Incurred,month,cumulative,Synthetic,Portfolio,Auto,2019-08,1,512336.38910531404
decreciente,Loss Incurred,month,cumulative,Synthetic,Portfolio,Auto,2019-08,2,503814.8430278171
decreciente,Loss Incurred,month,cumulative,Synthetic,Portfolio,Auto,2019-08,3,495990.8269195475
decreciente,Loss Incurred,month,cumulative,Synthetic,Portfolio,Auto,2019-08,4,488807.2445618678
decreciente,Loss Incurred,month,cumulative,Synthetic,Portfolio,Auto,2019-08,5,482211.6733391776
decreciente,Loss Incurred,month,cumulative,Synthetic,Portfolio,Auto,2019-08,6,476155.9816817871
decreciente,Loss Incurred,month,cumulative,Synthetic,Portfolio,Auto,2019-08,7,470595.9778229505
decreciente,Loss Incurred,month,cumulative,Synthetic,Portfolio,Auto,2019-08,8,465491.08730684395
decreciente,Loss Incurred,month,cumulative,Synthetic,Portfolio,Auto,2019-08,9,460804.0568940833
decreciente,Loss Incurred,month,cumulative,Synthetic,Portfolio,Auto,2019-08,10,456500.6827040137
decreciente,Loss Incurred,month,cumulative,Synthetic,Portfolio,Auto,2019-08,11,452549.56060987536
decreciente,Loss Incurred,month,cumulative,Synthetic,Portfolio,Auto,2019-08,12,448921.8570653375
decreciente,Loss Incurred,month,cumulative,Synthetic,Portfolio,Auto,2019-08,13,445591.09868999495
decreciente,Loss Incurred,month,cumulative,Synthetic,Portfolio,Auto,2019-08,14,442532.9790783142
decreciente,Loss Incurred,month,cumulative,Synthetic,Portfolio,Auto,2019-08,15,439725.18142220716
decreciente,Loss Incurred,month,cumulative,Synthetic,Portfolio,Auto,2019-08,16,437147.2156528081
decreciente,Loss Incurred,month,cumulative,Synthetic,Portfolio,Auto,2019-08,17,434780.2689129894
decreciente,Loss Incurred,month,cumulative,Synthetic,Portfolio,Auto,2019-08,18,432607.0682694277
decreciente,Loss Incurred,month,cumulative,Synthetic,Portfolio,Auto,2019-08,19,430611.75466235477
decreciente,Loss Incurred,month,cumulative,Synthetic,Portfolio,Auto,2019-08,20,428779.7671731346
decreciente,Loss Incurred,month,cumulative,Synthetic,Portfolio,Auto,2019-08,21,427097.73676510126
decreciente,Loss Incurred,month,cumulative,Synthetic,Portfolio,Auto,2019-08,22,425553.3887222261
decreciente,Loss Incurred,month,cumulative,Synthetic,Portfolio,Auto,2019-08,23,424135.4530736544
decreciente,Loss Incurred,month,cumulative,Synthetic,Portfolio,Auto,2019-08,24,422833.5823504284
decreciente,Loss Incurred,month,cumulative,Synthetic,Portfolio,Auto,2019-08,25,421638.2760742231
decreciente,Loss Incurred,month,cumulative,Synthetic,Portfolio,Auto,2019-08,26,420540.81142704573
decreciente,Loss Incurred,month,cumulative,Synthetic,Portfolio,Auto,2019-08,27,419533.1795959573
decreciente,Loss Incurred,month,cumulative,Synthetic,Portfolio,Auto,2019-08,28,418608.0273282885
decreciente,Loss Incurred,month,cumulative,Synthetic,Portfolio,Auto,2019-08,29,417758.6032708445
decreciente,Loss Incurred,month,cumulative,Synthetic,Portfolio,Auto,2019-08,30,416978.7087015077
decreciente,Loss Incurred,month,cumulative,Synthetic,Portfolio,Auto,2019-08,31,416262.65229369735
decreciente,Loss Incurred,month,cumulative,Synthetic,Portfolio,Auto,2019-08,32,415605.2085835786
decreciente,Loss Incurred,month,cumulative,Synthetic,Portfolio,Auto,2019-08,33,415001.579836932
decreciente,Loss Incurred,month,cumulative,Synthetic,Portfolio,Auto,2019-08,34,414447.3610374059
decreciente,Loss Incurred,month,cumulative,Synthetic,Portfolio,Auto,2019-08,35,413938.5077406492
decreciente,Loss Incurred,month,cumulative,Synthetic,Portfolio,Auto,2019-08,36,413471.306559741
decreciente,Loss Incurred,month,cumulative,Synthetic,Portfolio,Auto,2019-08,37,413042.34806653025
decreciente,Loss Incurred,month,cumulative,Synthetic,Portfolio,Auto,2019-08,38,412648.5019111334
decreciente,Loss Incurred,month,cumulative,Synthetic,Portfolio,Auto,2019-08,39,412286.8939780211
decreciente,Loss Incurred,month,cumulative,Synthetic,Portfolio,Auto,2019-08,40,411954.88541199104
decreciente,Loss Incurred,month,cumulative,Synthetic,Portfolio,Auto,2019-08,41,411650.05336096656
decreciente,Loss Incurred,month,cumulative,Synthetic,Portfolio,Auto,2019-08,42,411370.1732950909
decreciente,Loss Incurred,month,cumulative,Synthetic,Portfolio,Auto,2019-08,43,411113.2027730894
decreciente,Loss Incurred,month,cumulative,Synthetic,Portfolio,Auto,2019-08,44,410877.2665374338
decreciente,Loss Incurred,month,cumulative,Synthetic,Portfolio,Auto,2019-08,45,410660.64282954007
decreciente,Loss Incurred,month,cumulative,Synthetic,Portfolio,Auto,2019-08,46,410461.75082513393
decreciente,Loss Incurred,month,cumulative,Synthetic,Portfolio,Auto,2019-08,47,410279.13909809187
decreciente,Loss Incurred,month,cumulative,Synthetic,Portfolio,Auto,2019-08,48,410111.47502857423
decreciente,Loss Incurred,month,cumulative,Synthetic,Portfolio,Auto,2019-08,49,409957.53507815266
decreciente,Loss Incurred,month,cumulative,Synthetic,Portfolio,Auto,2019-08,50,409816.19586096704
decreciente,Loss Incurred,month,cumulative,Synthetic,Portfolio,Auto,2019-08,51,409686.42594575055
decreciente,Loss Incurred,month,cumulative,Synthetic,Portfolio,Auto,2019-08,52,409567.27832889924
decreciente,Loss Incurred,month,cumulative,Synthetic,Portfolio,Auto,2019-08,53,409457.8835236575
decreciente,Loss Incurred,month,cumulative,Synthetic,Portfolio,Auto,2019-08,54,409357.44321498706
decreciente,Loss Incurred,month,cumulative,Synthetic,Portfolio,Auto,2019-08,55,409265.22443381645
decreciente,Loss Incurred,month,cumulative,Synthetic,Portfolio,Auto,2019-08,56,409180.55420815514
decreciente,Loss Incurred,month,cumulative,Synthetic,Portfolio,Auto,2019-08,57,409102.8146520417
decreciente,Loss Incurred,month,cumulative,Synthetic,Portfolio,Auto,2019-08,58,409031.438456484
decreciente,Loss Incurred,month,cumulative,Synthetic,Portfolio,Auto,2019-08,59,408965.9047494887
decreciente,Loss Incurred,month,cumulative,Synthetic,Portfolio,Auto,2019-08,60,408905.7352949668
decreciente,Loss Incurred,month,cumulative,Synthetic,Portfolio,Auto,2019-08,61,408850.491002778
decreciente,Loss Incurred,month,cumulative,Synthetic,Portfolio,Auto,2019-08,62,408799.7687244445
decreciente,Loss Incurred,month,cumulative,Synthetic,Portfolio,Auto,2019-08,63,408753.1983111509
decreciente,Loss Incurred,month,cumulative,Synthetic,Portfolio,Auto,2019-08,64,408710.4399125616
decreciente,Loss Incurred,month,cumulative,Synthetic,Portfolio,Auto,2019-08,65,408671.1814967433
decreciente,Loss Incurred,month,cumulative,Synthetic,Portfolio,Auto,2019-08,66,408635.13657309266
decreciente,Loss Incurred,month,cumulative,Synthetic,Portfolio,Auto,2019-08,67,408602.0421016554
decreciente,Loss Incurred,month,cumulative,Synthetic,Portfolio,Auto,2019-08,68,408571.6565735757
decreciente,Loss Incurred,month,cumulative,Synthetic,Portfolio,Auto,2019-08,69,408543.75824867183
decreciente,Loss Incurred,month,cumulative,Synthetic,Portfolio,Auto,2019-08,70,408518.1435372735
decreciente,Loss Incurred,month,cumulative,Synthetic,Portfolio,Auto,2019-08,71,408494.625514515
decreciente,Loss Incurred,month,cumulative,Synthetic,Portfolio,Auto,2019-08,72,408473.0325562391
decreciente,Loss Incurred,month,cumulative,Synthetic,Portfolio,Auto,2019-08,73,408453.20708656026
decreciente,Loss Incurred,month,cumulative,Synthetic,Portfolio,Auto,2019-08,74,408435.0044279453
decreciente,Loss Incurred,month,cumulative,Synthetic,Portfolio,Auto,2019-08,75,408418.29174542
decreciente,Loss Incurred,month,cumulative,Synthetic,Portfolio,Auto,2019-08,76,408402.9470771989
decreciente,Loss Incurred,month,cumulative,Synthetic,Portfolio,Auto,2019-09,0,479421.47853387945
decreciente,Loss Incurred,month,cumulative,Synthetic,Portfolio,Auto,2019-09,1,472143.5196154503
decreciente,Loss Incurred,month,cumulative,Synthetic,Portfolio,Auto,2019-09,2,465370.12552049296
decreciente,Loss Incurred,month,cumulative,Synthetic,Portfolio,Auto,2019-09,3,459066.31588377873
decreciente,Loss Incurred,month,cumulative,Synthetic,Portfolio,Auto,2019-09,4,453199.5354515704
decreciente,Loss Incurred,month,cumulative,Synthetic,Portfolio,Auto,2019-09,5,447739.48595399666
decreciente,Loss Incurred,month,cumulative,Synthetic,Portfolio,Auto,2019-09,6,442657.9696333435
decreciente,Loss Incurred,month,cumulative,Synthetic,Portfolio,Auto,2019-09,7,437928.7436201839
decreciente,Loss Incurred,month,cumulative,Synthetic,Portfolio,Auto,2019-09,8,433527.38440528896
decreciente,Loss Incurred,month,cumulative,Synthetic,Portfolio,Auto,2019-09,9,429431.16170740244
decreciente,Loss Incurred,month,cumulative,Synthetic,Portfolio,Auto,2019-09,10,425618.9210854832
decreciente,Loss Incurred,month,cumulative,Synthetic,Portfolio,Auto,2019-09,11,422070.97468918253
decreciente,Loss Incurred,month,cumulative,Synthetic,Portfolio,Auto,2019-09,12,418768.99958334956
decreciente,Loss Incurred,month,cumulative,Synthetic,Portfolio,Auto,2019-09,13,415695.9431214737
decreciente,Loss Incurred,month,cumulative,Synthetic,Portfolio,Auto,2019-09,14,412835.9348793781
decreciente,Loss Incurred,month,cumulative,Synthetic,Portfolio,Auto,2019-09,15,410174.2046943552
decreciente,Loss Incurred,month,cumulative,Synthetic,Portfolio,Auto,2019-09,16,407697.00638646807
decreciente,Loss Incurred,month,cumulative,Synthetic,Portfolio,Auto,2019-09,17,405391.5467680862
decreciente,Loss Incurred,month,cumulative,Synthetic,Portfolio,Auto,2019-09,18,403245.91957503225
decreciente,Loss Incurred,month,cumulative,Synthetic,Portfolio,Auto,2019-09,19,401249.04397813784
decreciente,Loss Incurred,month,cumulative,Synthetic,Portfolio,Auto,2019-09,20,399390.60735765623
decreciente,Loss Incurred,month,cumulative,Synthetic,Portfolio,Auto,2019-09,21,397661.01204499963
decreciente,Loss Incurred,month,cumulative,Synthetic,Portfolio,Auto,2019-09,22,396051.32575675345
decreciente,Loss Incurred,month,cumulative,Synthetic,Portfolio,Auto,2019-09,23,394553.23546499154
decreciente,Loss Incurred,month,cumulative,Synthetic,Portfolio,Auto,2019-09,24,393159.00446566025
decreciente,Loss Incurred,month,cumulative,Synthetic,Portfolio,Auto,2019-09,25,391861.43242331693
decreciente,Loss Incurred,month,cumulative,Synthetic,Portfolio,Auto,2019-09,26,390653.8181858781
decreciente,Loss Incurred,month,cumulative,Synthetic,Portfolio,Auto,2019-09,27,389529.92517733935
decreciente,Loss Incurred,month,cumulative,Synthetic,Portfolio,Auto,2019-09,28,388483.9491897416
decreciente,Loss Incurred,month,cumulative,Synthetic,Portfolio,Auto,2019-09,29,387510.48840804864
decreciente,Loss Incurred,month,cumulative,Synthetic,Portfolio,Auto,2019-09,30,386604.5155131352
decreciente,Loss Incurred,month,cumulative,Synthetic,Portfolio,Auto,2019-09,31,385761.35171881097
decreciente,Loss Incurred,month,cumulative,Synthetic,Portfolio,Auto,2019-09,32,384976.64260880265
decreciente,Loss Incurred,month,cumulative,Synthetic,Portfolio,Auto,2019-09,33,384246.3356489034
decreciente,Loss Incurred,month,cumulative,Synthetic,Portfolio,Auto,2019-09,34,383566.6592581557
decreciente,Loss Incurred,month,cumulative,Synthetic,Portfolio,Auto,2019-09,35,382934.1033309829
decreciente,Loss Incurred,month,cumulative,Synthetic,Portfolio,Auto,2019-09,36,382345.4011096784
decreciente,Loss Incurred,month,cumulative,Synthetic,Portfolio,Auto,2019-09,37,381797.5123136348
decreciente,Loss Incurred,month,cumulative,Synthetic,Portfolio,Auto,2019-09,38,381287.6074381872
decreciente,Loss Incurred,month,cumulative,Synthetic,Portfolio,Auto,2019-09,39,380813.05314198177
decreciente,Loss Incurred,month,cumulative,Synthetic,Portfolio,Auto,2019-09,40,380371.39864740707
decreciente,Loss Incurred,month,cumulative,Synthetic,Portfolio,Auto,2019-09,41,379960.3630838524
decreciente,Loss Incurred,month,cumulative,Synthetic,Portfolio,Auto,2019-09,42,379577.82370843104
decreciente,Loss Incurred,month,cumulative,Synthetic,Portfolio,Auto,2019-09,43,379221.8049433338
decreciente,Loss Incurred,month,cumulative,Synthetic,Portfolio,Auto,2019-09,44,378890.4681731992
decreciente,Loss Incurred,month,cumulative,Synthetic,Portfolio,Auto,2019-09,45,378582.10224980995
decreciente,Loss Incurred,month,cumulative,Synthetic,Portfolio,Auto,2019-09,46,378295.11465507606
decreciente,Loss Incurred,month,cumulative,Synthetic,Portfolio,Auto,2019-09,47,378028.02327667136
decreciente,Loss Incurred,month,cumulative,Synthetic,Portfolio,Auto,2019-09,48,377779.4487538447
decreciente,Loss Incurred,month,cumulative,Synthetic,Portfolio,Auto,2019-09,49,377548.1073538805
decreciente,Loss Incurred,month,cumulative,Synthetic,Portfolio,Auto,2019-09,50,377332.80434241827
decreciente,Loss Incurred,month,cumulative,Synthetic,Portfolio,Auto,2019-09,51,377132.4278133928
decreciente,Loss Incurred,month,cumulative,Synthetic,Portfolio,Auto,2019-09,52,376945.9429467315
decreciente,Loss Incurred,month,cumulative,Synthetic,Portfolio,Auto,2019-09,53,376772.3866641529
decreciente,Loss Incurred,month,cumulative,Synthetic,Portfolio,Auto,2019-09,54,376610.86265546636
decreciente,Loss Incurred,month,cumulative,Synthetic,Portfolio,Auto,2019-09,55,376460.5367496879
decreciente,Loss Incurred,month,cumulative,Synthetic,Portfolio,Auto,2019-09,56,376320.63260706625
decreciente,Loss Incurred,month,cumulative,Synthetic,Portfolio,Auto,2019-09,57,376190.42770977085
decreciente,Loss Incurred,month,cumulative,Synthetic,Portfolio,Auto,2019-09,58,376069.2496305374
decreciente,Loss Incurred,month,cumulative,Synthetic,Portfolio,Auto,2019-09,59,375956.4725599992
decreciente,Loss Incurred,month,cumulative,Synthetic,Portfolio,Auto,2019-09,60,375851.5140747712
decreciente,Loss Incurred,month,cumulative,Synthetic,Portfolio,Auto,2019-09,61,375753.83212959574
decreciente,Loss Incurred,month,cumulative,Synthetic,Portfolio,Auto,2019-09,62,375662.9222580162
decreciente,Loss Incurred,month,cumulative,Synthetic,Portfolio,Auto,2019-09,63,375578.3149671217
decreciente,Loss Incurred,month,cumulative,Synthetic,Portfolio,Auto,2019-09,64,375499.57331290806
decreciente,Loss Incurred,month,cumulative,Synthetic,Portfolio,Auto,2019-09,65,375426.2906437347
decreciente,Loss Incurred,month,cumulative,Synthetic,Portfolio,Auto,2019-09,66,375358.08850022085
decreciente,Loss Incurred,month,cumulative,Synthetic,Portfolio,Auto,2019-09,67,375294.6146607395
decreciente,Loss Incurred,month,cumulative,Synthetic,Portfolio,Auto,2019-09,68,375235.5413224114
decreciente,Loss Incurred,month,cumulative,Synthetic,Portfolio,Auto,2019-09,69,375180.56340820686
decreciente,Loss Incurred,month,cumulative,Synthetic,Portfolio,Auto,2019-09,70,375129.3969914134
decreciente,Loss Incurred,month,cumulative,Synthetic,Portfolio,Auto,2019-09,71,375081.7778293306
decreciente,Loss Incurred,month,cumulative,Synthetic,Portfolio,Auto,2019-09,72,375037.4599986209
decreciente,Loss Incurred,month,cumulative,Synthetic,Portfolio,Auto,2019-09,73,374996.21462526906
decreciente,Loss Incurred,month,cumulative,Synthetic,Portfolio,Auto,2019-09,74,374957.8287025898
decreciente,Loss Incurred,month,cumulative,Synthetic,Portfolio,Auto,2019-09,75,374922.10399118107
decreciente,Loss Incurred,month,cumulative,Synthetic,Portfolio,Auto,2019-10,0,531927.2373062522
decreciente,Loss Incurred,month,cumulative,Synthetic,Portfolio,Auto,2019-10,1,523061.3223249544
decreciente,Loss Incurred,month,cumulative,Synthetic,Portfolio,Auto,2019-10,2,514919.60070546
decreciente,Loss Incurred,month,cumulative,Synthetic,Portfolio,Auto,2019-10,3,507442.91825709766
decreciente,Loss Incurred,month,cumulative,Synthetic,Portfolio,Auto,2019-10,4,500576.9526731355
decreciente,Loss Incurred,month,cumulative,Synthetic,Portfolio,Auto,2019-10,5,494271.81884864374
decreciente,Loss Incurred,month,cumulative,Synthetic,Portfolio,Auto,2019-10,6,488481.7064371264
decreciente,Loss Incurred,month,cumulative,Synthetic,Portfolio,Auto,2019-10,7,483164.54701256665
decreciente,Loss Incurred,month,cumulative,Synthetic,Portfolio,Auto,2019-10,8,478281.7084186307
decreciente,Loss Incurred,month,cumulative,Synthetic,Portfolio,Auto,2019-10,9,473797.7140843053
decreciente,Loss Incurred,month,cumulative,Synthetic,Portfolio,Auto,2019-10,10,469679.9852666392
decreciente,Loss Incurred,month,cumulative,Synthetic,Portfolio,Auto,2019-10,11,465898.6043478365
decreciente,Loss Incurred,month,cumulative,Synthetic,Portfolio,Auto,2019-10,12,462426.09746692196
decreciente,Loss Incurred,month,cumulative,Synthetic,Portfolio,Auto,2019-10,13,459237.2349066761
decreciente,Loss Incurred,month,cumulative,Synthetic,Portfolio,Auto,2019-10,14,456308.8477855365
decreciente,Loss Incurred,month,cumulative,Synthetic,Portfolio,Auto,2019-10,15,453619.6597226322
decreciente,Loss Incurred,month,cumulative,Synthetic,Portfolio,Auto,2019-10,16,451150.13225289894
decreciente,Loss Incurred,month,cumulative,Synthetic,Portfolio,Auto,2019-10,17,448882.3228691325
decreciente,Loss Incurred,month,cumulative,Synthetic,Portfolio,Auto,2019-10,18,446799.75465957366
decreciente,Loss Incurred,month,cumulative,Synthetic,Portfolio,Auto,2019-10,19,444887.29659386864
decreciente,Loss Incurred,month,cumulative,Synthetic,Portfolio,Auto,2019-10,20,443131.053587617
decreciente,Loss Incurred,month,cumulative,Synthetic,Portfolio,Auto,2019-10,21,441518.2655467607
decreciente,Loss Incurred,month,cumulative,Synthetic,Portfolio,Auto,2019-10,22,440037.2146583189
decreciente,Loss Incurred,month,cumulative,Synthetic,Portfolio,Auto,2019-10,23,438677.1402538796
decreciente,Loss Incurred,month,cumulative,Synthetic,Portfolio,Auto,2019-10,24,437428.16062728676
decreciente,Loss Incurred,month,cumulative,Synthetic,Portfolio,Auto,2019-10,25,436281.20123848267
decreciente,Loss Incurred,month,cumulative,Synthetic,Portfolio,Auto,2019-10,26,435227.9287818658
decreciente,Loss Incurred,month,cumulative,Synthetic,Portfolio,Auto,2019-10,27,434260.6906401347
decreciente,Loss Incurred,month,cumulative,Synthetic,Portfolio,Auto,2019-10,28,433372.459283716
decreciente,Loss Incurred,month,cumulative,Synthetic,Portfolio,Auto,2019-10,29,432556.78121180553
decreciente,Loss Incurred,month,cumulative,Synthetic,Portfolio,Auto,2019-10,30,431807.7300640526
decreciente,Loss Incurred,month,cumulative,Synthetic,Portfolio,Auto,2019-10,31,431119.86356221593
decreciente,Loss Incurred,month,cumulative,Synthetic,Portfolio,Auto,2019-10,32,430488.18396894843
decreciente,Loss Incurred,month,cumulative,Synthetic,Portfolio,Auto,2019-10,33,429908.10177642264
decreciente,Loss Incurred,month,cumulative,Synthetic,Portfolio,Auto,2019-10,34,429375.4023609722
decreciente,Loss Incurred,month,cumulative,Synthetic,Portfolio,Auto,2019-10,35,428886.2153614787
decreciente,Loss Incurred,month,cumulative,Synthetic,Portfolio,Auto,2019-10,36,428436.98655901966
decreciente,Loss Incurred,month,cumulative,Synthetic,Portfolio,Auto,2019-10,37,428024.4520534672
decreciente,Loss Incurred,month,cumulative,Synthetic,Portfolio,Auto,2019-10,38,427645.61454941606
decreciente,Loss Incurred,month,cumulative,Synthetic,Portfolio,Auto,2019-10,39,427297.72157914576
decreciente,Loss Incurred,month,cumulative,Synthetic,Portfolio,Auto,2019-10,40,426978.24550439266
decreciente,Loss Incurred,month,cumulative,Synthetic,Portfolio,Auto,2019-10,41,426684.8651516354
decreciente,Loss Incurred,month,cumulative,Synthetic,Portfolio,Auto,2019-10,42,426415.4489474628
decreciente,Loss Incurred,month,cumulative,Synthetic,Portfolio,Auto,2019-10,43,426168.03943149274
decreciente,Loss Incurred,month,cumulative,Synthetic,Portfolio,Auto,2019-10,44,425940.83903432096
decreciente,Loss Incurred,month,cumulative,Synthetic,Portfolio,Auto,2019-10,45,425732.1970171673
decreciente,Loss Incurred,month,cumulative,Synthetic,Portfolio,Auto,2019-10,46,425540.5974783291
decreciente,Loss Incurred,month,cumulative,Synthetic,Portfolio,Auto,2019-10,47,425364.64833930234
decreciente,Loss Incurred,month,cumulative,Synthetic,Portfolio,Auto,2019-10,48,425203.0712305473
decreciente,Loss Incurred,month,cumulative,Synthetic,Portfolio,Auto,2019-10,49,425054.69220341474
decreciente,Loss Incurred,month,cumulative,Synthetic,Portfolio,Auto,2019-10,50,424918.4332007473
decreciente,Loss Incurred,month,cumulative,Synthetic,Portfolio,Auto,2019-10,51,424793.30422418844
decreciente,Loss Incurred,month,cumulative,Synthetic,Portfolio,Auto,2019-10,52,424678.39614128624
decreciente,Loss Incurred,month,cumulative,Synthetic,Portfolio,Auto,2019-10,53,424572.8740801349
decreciente,Loss Incurred,month,cumulative,Synthetic,Portfolio,Auto,2019-10,54,424475.97136355995
decreciente,Loss Incurred,month,cumulative,Synthetic,Portfolio,Auto,2019-10,55,424386.9839387775
decreciente,Loss Incurred,month,cumulative,Synthetic,Portfolio,Auto,2019-10,56,424305.26526205416
decreciente,Loss Incurred,month,cumulative,Synthetic,Portfolio,Auto,2019-10,57,424230.22160120256
decreciente,Loss Incurred,month,cumulative,Synthetic,Portfolio,Auto,2019-10,58,424161.30772178347
decreciente,Loss Incurred,month,cumulative,Synthetic,Portfolio,Auto,2019-10,59,424098.02292567
decreciente,Loss Incurred,month,cumulative,Synthetic,Portfolio,Auto,2019-10,60,424039.9074131947
decreciente,Loss Incurred,month,cumulative,Synthetic,Portfolio,Auto,2019-10,61,423986.5389424449
decreciente,Loss Incurred,month,cumulative,Synthetic,Portfolio,Auto,2019-10,62,423937.52976143884
decreciente,Loss Incurred,month,cumulative,Synthetic,Portfolio,Auto,2019-10,63,423892.5237908885
decreciente,Loss Incurred,month,cumulative,Synthetic,Portfolio,Auto,2019-10,64,423851.1940370832
decreciente,Loss Incurred,month,cumulative,Synthetic,Portfolio,Auto,2019-10,65,423813.2402160962
decreciente,Loss Incurred,month,cumulative,Synthetic,Portfolio,Auto,2019-10,66,423778.3865720534
decreciente,Loss Incurred,month,cumulative,Synthetic,Portfolio,Auto,2019-10,67,423746.3798736111
decreciente,Loss Incurred,month,cumulative,Synthetic,Portfolio,Auto,2019-10,68,423716.9875740881
decreciente,Loss Incurred,month,cumulative,Synthetic,Portfolio,Auto,2019-10,69,423689.99612188287
decreciente,Loss Incurred,month,cumulative,Synthetic,Portfolio,Auto,2019-10,70,423665.20940890117
decreciente,Loss Incurred,month,cumulative,Synthetic,Portfolio,Auto,2019-10,71,423642.44734572055
decreciente,Loss Incurred,month,cumulative,Synthetic,Portfolio,Auto,2019-10,72,423621.5445531387
decreciente,Loss Incurred,month,cumulative,Synthetic,Portfolio,Auto,2019-10,73,423602.34916060104
decreciente,Loss Incurred,month,cumulative,Synthetic,Portfolio,Auto,2019-10,74,423584.7217027754
decreciente,Loss Incurred,month,cumulative,Synthetic,Portfolio,Auto,2019-11,0,340407.02222056367
decreciente,Loss Incurred,month,cumulative,Synthetic,Portfolio,Auto,2019-11,1,335518.07570206193
decreciente,Loss Incurred,month,cumulative,Synthetic,Portfolio,Auto,2019-11,2,330953.6682741157
decreciente,Loss Incurred,month,cumulative,Synthetic,Portfolio,Auto,2019-11,3,326692.2563135949
decreciente,Loss Incurred,month,cumulative,Synthetic,Portfolio,Auto,2019-11,4,322713.7263107548
decreciente,Loss Incurred,month,cumulative,Synthetic,Portfolio,Auto,2019-11,5,318999.29993514466
decreciente,Loss Incurred,month,cumulative,Synthetic,Portfolio,Auto,2019-11,6,315531.44540345104
decreciente,Loss Incurred,month,cumulative,Synthetic,Portfolio,Auto,2019-11,7,312293.79473093967
decreciente,Loss Incurred,month,cumulative,Synthetic,Portfolio,Auto,2019-11,8,309271.0664759301
decreciente,Loss Incurred,month,cumulative,Synthetic,Portfolio,Auto,2019-11,9,306448.9936126629
decreciente,Loss Incurred,month,cumulative,Synthetic,Portfolio,Auto,2019-11,10,303814.2561921256
decreciente,Loss Incurred,month,cumulative,Synthetic,Portfolio,Auto,2019-11,11,301354.4184730021
decreciente,Loss Incurred,month,cumulative,Synthetic,Portfolio,Auto,2019-11,12,299057.87022600876
decreciente,Loss Incurred,month,cumulative,Synthetic,Portfolio,Auto,2019-11,13,296913.77193457854
decreciente,Loss Incurred,month,cumulative,Synthetic,Portfolio,Auto,2019-11,14,294912.0036332452
decreciente,Loss Incurred,month,cumulative,Synthetic,Portfolio,Auto,2019-11,15,293043.11714224855
decreciente,Loss Incurred,month,cumulative,Synthetic,Portfolio,Auto,2019-11,16,291298.2914729124
decreciente,Loss Incurred,month,cumulative,Synthetic,Portfolio,Auto,2019-11,17,289669.2911933124
decreciente,Loss Incurred,month,cumulative,Synthetic,Portfolio,Auto,2019-11,18,288148.42755772255
decreciente,Loss Incurred,month,cumulative,Synthetic,Portfolio,Auto,2019-11,19,286728.52221637574
decreciente,Loss Incurred,month,cumulative,Synthetic,Portfolio,Auto,2019-11,20,285402.8733342501
decreciente,Loss Incurred,month,cumulative,Synthetic,Portfolio,Auto,2019-11,21,284165.2239589657
decreciente,Loss Incurred,month,cumulative,Synthetic,Portfolio,Auto,2019-11,22,283009.7324884899
decreciente,Loss Incurred,month,cumulative,Synthetic,Portfolio,Auto,2019-11,23,281930.9450992622
decreciente,Loss Incurred,month,cumulative,Synthetic,Portfolio,Auto,2019-11,24,280923.7700046009
decreciente,Loss Incurred,month,cumulative,Synthetic,Portfolio,Auto,2019-11,25,279983.4534218941
decreciente,Loss Incurred,month,cumulative,Synthetic,Portfolio,Auto,2019-11,26,279105.5571351409
decreciente,Loss Incurred,month,cumulative,Synthetic,Portfolio,Auto,2019-11,27,278285.9375469415
decreciente,Loss Incurred,month,cumulative,Synthetic,Portfolio,Auto,2019-11,28,277520.7261210629
decreciente,Loss Incurred,month,cumulative,Synthetic,Portfolio,Auto,2019-11,29,276806.31112326897
decreciente,Loss Incurred,month,cumulative,Synthetic,Portfolio,Auto,2019-11,30,276139.3205742364
decreciente,Loss Incurred,month,cumulative,Synthetic,Portfolio,Auto,2019-11,31,275516.6063340922
decreciente,Loss Incurred,month,cumulative,Synthetic,Portfolio,Auto,2019-11,32,274935.22924345615
decreciente,Loss Incurred,month,cumulative,Synthetic,Portfolio,Auto,2019-11,33,274392.4452508527
decreciente,Loss Incurred,month,cumulative,Synthetic,Portfolio,Auto,2019-11,34,273885.69246101676
decreciente,Loss Incurred,month,cumulative,Synthetic,Portfolio,Auto,2019-11,35,273412.5790429611
decreciente,Loss Incurred,month,cumulative,Synthetic,Portfolio,Auto,2019-11,36,272970.87194073334
decreciente,Loss Incurred,month,cumulative,Synthetic,Portfolio,Auto,2019-11,37,272558.48633357737
decreciente,Loss Incurred,month,cumulative,Synthetic,Portfolio,Auto,2019-11,38,272173.47579575353
decreciente,Loss Incurred,month,cumulative,Synthetic,Portfolio,Auto,2019-11,39,271814.02310957044
decreciente,Loss Incurred,month,cumulative,Synthetic,Portfolio,Auto,2019-11,40,271478.43168826925
decreciente,Loss Incurred,month,cumulative,Synthetic,Portfolio,Auto,2019-11,41,271165.11756827525
decreciente,Loss Incurred,month,cumulative,Synthetic,Portfolio,Auto,2019-11,42,270872.60193302156
decreciente,Loss Incurred,month,cumulative,Synthetic,Portfolio,Auto,2019-11,43,270599.504133058
decreciente,Loss Incurred,month,cumulative,Synthetic,Portfolio,Auto,2019-11,44,270344.5351695007
decreciente,Loss Incurred,month,cumulative,Synthetic,Portfolio,Auto,2019-11,45,270106.4916100647
decreciente,Loss Incurred,month,cumulative,Synthetic,Portfolio,Auto,2019-11,46,269884.24990896345
decreciente,Loss Incurred,month,cumulative,Synthetic,Portfolio,Auto,2019-11,47,269676.7611038667
decreciente,Loss Incurred,month,cumulative,Synthetic,Portfolio,Auto,2019-11,48,269483.0458648852
decreciente,Loss Incurred,month,cumulative,Synthetic,Portfolio,Auto,2019-11,49,269302.1898722153
decreciente,Loss Incurred,month,cumulative,Synthetic,Portfolio,Auto,2019-11,50,269133.33950062573
decreciente,Loss Incurred,month,cumulative,Synthetic,Portfolio,Auto,2019-11,51,268975.6977904171
decreciente,Loss Incurred,month,cumulative,Synthetic,Portfolio,Auto,2019-11,52,268828.52068583894
decreciente,Loss Incurred,month,cumulative,Synthetic,Portfolio,Auto,2019-11,53,268691.11352320836
decreciente,Loss Incurred,month,cumulative,Synthetic,Portfolio,Auto,2019-11,54,268562.82775215514
decreciente,Loss Incurred,month,cumulative,Synthetic,Portfolio,Auto,2019-11,55,268443.05787451804
decreciente,Loss Incurred,month,cumulative,Synthetic,Portfolio,Auto,2019-11,56,268331.238586444
decreciente,Loss Incurred,month,cumulative,Synthetic,Portfolio,Auto,2019-11,57,268226.8421102008
decreciente,Loss Incurred,month,cumulative,Synthetic,Portfolio,Auto,2019-11,58,268129.3757031104
decreciente,Loss Incurred,month,cumulative,Synthetic,Portfolio,Auto,2019-11,59,268038.37933184404
decreciente,Loss Incurred,month,cumulative,Synthetic,Portfolio,Auto,2019-11,60,267953.4235011037
decreciente,Loss Incurred,month,cumulative,Synthetic,Portfolio,Auto,2019-11,61,267874.10722643987
decreciente,Loss Incurred,month,cumulative,Synthetic,Portfolio,Auto,2019-11,62,267800.0561416382
decreciente,Loss Incurred,month,cumulative,Synthetic,Portfolio,Auto,2019-11,63,267730.9207317421
decreciente,Loss Incurred,month,cumulative,Synthetic,Portfolio,Auto,2019-11,64,267666.3746833717
decreciente,Loss Incurred,month,cumulative,Synthetic,Portfolio,Auto,2019-11,65,267606.1133445513
decreciente,Loss Incurred,month,cumulative,Synthetic,Portfolio,Auto,2019-11,66,267549.8522867775
decreciente,Loss Incurred,month,cumulative,Synthetic,Portfolio,Auto,2019-11,67,267497.32596254087
decreciente,Loss Incurred,month,cumulative,Synthetic,Portfolio,Auto,2019-11,68,267448.286451963
decreciente,Loss Incurred,month,cumulative,Synthetic,Portfolio,Auto,2019-11,69,267402.502292636
decreciente,Loss Incurred,month,cumulative,Synthetic,Portfolio,Auto,2019-11,70,267359.7573871388
decreciente,Loss Incurred,month,cumulative,Synthetic,Portfolio,Auto,2019-11,71,267319.84998307534
decreciente,Loss Incurred,month,cumulative,Synthetic,Portfolio,Auto,2019-11,72,267282.5917208203
decreciente,Loss Incurred,month,cumulative,Synthetic,Portfolio,Auto,2019-11,73,267247.8067444771
decreciente,Loss Incurred,month,cumulative,Synthetic,Portfolio,Auto,2019-12,0,432984.72474281193
decreciente,Loss Incurred,month,cumulative,Synthetic,Portfolio,Auto,2019-12,1,426873.437220705
decreciente,Loss Incurred,month,cumulative,Synthetic,Portfolio,Auto,2019-12,2,421116.08775957563
decreciente,Loss Incurred,month,cumulative,Synthetic,Portfolio,Auto,2019-12,3,415692.17787190294
decreciente,Loss Incurred,month,cumulative,Synthetic,Portfolio,Auto,2019-12,4,410582.3962496107
decreciente,Loss Incurred,month,cumulative,Synthetic,Portfolio,Auto,2019-12,5,405768.55000801693
decreciente,Loss Incurred,month,cumulative,Synthetic,Portfolio,Auto,2019-12,6,401233.4999118232
decreciente,Loss Incurred,month,cumulative,Synthetic,Portfolio,Auto,2019-12,7,396961.09935251944
decreciente,Loss Incurred,month,cumulative,Synthetic,Portfolio,Auto,2019-12,8,392936.13685994205
decreciente,Loss Incurred,month,cumulative,Synthetic,Portfolio,Auto,2019-12,9,389144.28194330144
decreciente,Loss Incurred,month,cumulative,Synthetic,Portfolio,Auto,2019-12,10,385572.0340688511
decreciente,Loss Incurred,month,cumulative,Synthetic,Portfolio,Auto,2019-12,11,382206.6745925395
decreciente,Loss Incurred,month,cumulative,Synthetic,Portfolio,Auto,2019-12,12,379036.2214765046
decreciente,Loss Incurred,month,cumulative,Synthetic,Portfolio,Auto,2019-12,13,376049.3866281834
decreciente,Loss Incurred,month,cumulative,Synthetic,Portfolio,Auto,2019-12,14,373235.53571014723
decreciente,Loss Incurred,month,cumulative,Synthetic,Portfolio,Auto,2019-12,15,370584.6502775683
decreciente,Loss Incurred,month,cumulative,Synthetic,Portfolio,Auto,2019-12,16,368087.292108514
decreciente,Loss Incurred,month,cumulative,Synthetic,Portfolio,Auto,2019-12,17,365734.56960006704
decreciente,Loss Incurred,month,cumulative,Synthetic,Portfolio,Auto,2019-12,18,363518.10611063143
decreciente,Loss Incurred,month,cumulative,Synthetic,Portfolio,Auto,2019-12,19,361430.0101357073
decreciente,Loss Incurred,month,cumulative,Synthetic,Portfolio,Auto,2019-12,20,359462.84721095086
decreciente,Loss Incurred,month,cumulative,Synthetic,Portfolio,Auto,2019-12,21,357609.61344248056
decreciente,Loss Incurred,month,cumulative,Synthetic,Portfolio,Auto,2019-12,22,355863.7105701884
decreciente,Loss Incurred,month,cumulative,Synthetic,Portfolio,Auto,2019-12,23,354218.92247527157
decreciente,Loss Incurred,month,cumulative,Synthetic,Portfolio,Auto,2019-12,24,352669.3930483405
decreciente,Loss Incurred,month,cumulative,Synthetic,Portfolio,Auto,2019-12,25,351209.6053393063
decreciente,Loss Incurred,month,cumulative,Synthetic,Portfolio,Auto,2019-12,26,349834.3619148121
decreciente,Loss Incurred,month,cumulative,Synthetic,Portfolio,Auto,2019-12,27,348538.76635327266
decreciente,Loss Incurred,month,cumulative,Synthetic,Portfolio,Auto,2019-12,28,347318.2058116375
decreciente,Loss Incurred,month,cumulative,Synthetic,Portfolio,Auto,2019-12,29,346168.3346018084
decreciente,Loss Incurred,month,cumulative,Synthetic,Portfolio,Auto,2019-12,30,345085.0587182356
decreciente,Loss Incurred,month,cumulative,Synthetic,Portfolio,Auto,2019-12,31,344064.5212616061
decreciente,Loss Incurred,month,cumulative,Synthetic,Portfolio,Auto,2019-12,32,343103.08870672574
decreciente,Loss Incurred,month,cumulative,Synthetic,Portfolio,Auto,2019-12,33,342197.33796570275
decreciente,Loss Incurred,month,cumulative,Synthetic,Portfolio,Auto,2019-12,34,341344.0442003738
decreciente,Loss Incurred,month,cumulative,Synthetic,Portfolio,Auto,2019-12,35,340540.1693405787
decreciente,Loss Incurred,month,cumulative,Synthetic,Portfolio,Auto,2019-12,36,339782.8512674044
decreciente,Loss Incurred,month,cumulative,Synthetic,Portfolio,Auto,2019-12,37,339069.3936228864
decreciente,Loss Incurred,month,cumulative,Synthetic,Portfolio,Auto,2019-12,38,338397.2562098871
decreciente,Loss Incurred,month,cumulative,Synthetic,Portfolio,Auto,2019-12,39,337764.045947968
decreciente,Loss Incurred,month,cumulative,Synthetic,Portfolio,Auto,2019-12,40,337167.50835305796
decreciente,Loss Incurred,month,cumulative,Synthetic,Portfolio,Auto,2019-12,41,336605.51951058
decreciente,Loss Incurred,month,cumulative,Synthetic,Portfolio,Auto,2019-12,42,336076.0785134584
decreciente,Loss Incurred,month,cumulative,Synthetic,Portfolio,Auto,2019-12,43,335577.30033808184
decreciente,Loss Incurred,month,cumulative,Synthetic,Portfolio,Auto,2019-12,44,335107.4091328588
decreciente,Loss Incurred,month,cumulative,Synthetic,Portfolio,Auto,2019-12,45,334664.7318954692
decreciente,Loss Incurred,month,cumulative,Synthetic,Portfolio,Auto,2019-12,46,334247.6925163007
decreciente,Loss Incurred,month,cumulative,Synthetic,Portfolio,Auto,2019-12,47,333854.8061668629
decreciente,Loss Incurred,month,cumulative,Synthetic,Portfolio,Auto,2019-12,48,333484.6740131984
decreciente,Loss Incurred,month,cumulative,Synthetic,Portfolio,Auto,2019-12,49,333135.9782354693
decreciente,Loss Incurred,month,cumulative,Synthetic,Portfolio,Auto,2019-12,50,332807.47733598703
decreciente,Loss Incurred,month,cumulative,Synthetic,Portfolio,Auto,2019-12,51,332498.0017189795
decreciente,Loss Incurred,month,cumulative,Synthetic,Portfolio,Auto,2019-12,52,332206.449526358
decreciente,Loss Incurred,month,cumulative,Synthetic,Portfolio,Auto,2019-12,53,331931.7827146577
decreciente,Loss Incurred,month,cumulative,Synthetic,Portfolio,Auto,2019-12,54,331673.0233591843
decreciente,Loss Incurred,month,cumulative,Synthetic,Portfolio,Auto,2019-12,55,331429.2501722073
decreciente,Loss Incurred,month,cumulative,Synthetic,Portfolio,Auto,2019-12,56,331199.5952228039
decreciente,Loss Incurred,month,cumulative,Synthetic,Portfolio,Auto,2019-12,57,330983.24084667425
decreciente,Loss Incurred,month,cumulative,Synthetic,Portfolio,Auto,2019-12,58,330779.4167349275
decreciente,Loss Incurred,month,cumulative,Synthetic,Portfolio,Auto,2019-12,59,330587.3971914703
decreciente,Loss Incurred,month,cumulative,Synthetic,Portfolio,Auto,2019-12,60,330406.4985492365
decreciente,Loss Incurred,month,cumulative,Synthetic,Portfolio,Auto,2019-12,61,330236.0767360562
decreciente,Loss Incurred,month,cumulative,Synthetic,Portfolio,Auto,2019-12,62,330075.5249814989
decreciente,Loss Incurred,month,cumulative,Synthetic,Portfolio,Auto,2019-12,63,329924.2716565261
decreciente,Loss Incurred,month,cumulative,Synthetic,Portfolio,Auto,2019-12,64,329781.7782382609
decreciente,Loss Incurred,month,cumulative,Synthetic,Portfolio,Auto,2019-12,65,329647.53739262954
decreciente,Loss Incurred,month,cumulative,Synthetic,Portfolio,Auto,2019-12,66,329521.07116804743
decreciente,Loss Incurred,month,cumulative,Synthetic,Portfolio,Auto,2019-12,67,329401.9292937181
decreciente,Loss Incurred,month,cumulative,Synthetic,Portfolio,Auto,2019-12,68,329289.68757648807
decreciente,Loss Incurred,month,cumulative,Synthetic,Portfolio,Auto,2019-12,69,329183.9463905476
decreciente,Loss Incurred,month,cumulative,Synthetic,Portfolio,Auto,2019-12,70,329084.32925460185
decreciente,Loss Incurred,month,cumulative,Synthetic,Portfolio,Auto,2019-12,71,328990.4814914452
decreciente,Loss Incurred,month,cumulative,Synthetic,Portfolio,Auto,2019-12,72,328902.06896516774
decreciente,Loss Incurred,month,cumulative,Synthetic,Portfolio,Auto,2020-01,0,457729.2309578821
decreciente,Loss Incurred,month,cumulative,Synthetic,Portfolio,Auto,2020-01,1,450129.167838114
decreciente,Loss Incurred,month,cumulative,Synthetic,Portfolio,Auto,2020-01,2,443097.8421756603
decreciente,Loss Incurred,month,cumulative,Synthetic,Portfolio,Auto,2020-01,3,436592.6934956598
decreciente,Loss Incurred,month,cumulative,Synthetic,Portfolio,Auto,2020-01,4,430574.34626209625
decreciente,Loss Incurred,month,cumulative,Synthetic,Portfolio,Auto,2020-01,5,425006.3715384595
decreciente,Loss Incurred,month,cumulative,Synthetic,Portfolio,Auto,2020-01,6,419855.0664841147
decreciente,Loss Incurred,month,cumulative,Synthetic,Portfolio,Auto,2020-01,7,415089.25035167614
decreciente,Loss Incurred,month,cumulative,Synthetic,Portfolio,Auto,2020-01,8,410680.07575056126
decreciente,Loss Incurred,month,cumulative,Synthetic,Portfolio,Auto,2020-01,9,406600.85403430735
decreciente,Loss Incurred,month,cumulative,Synthetic,Portfolio,Auto,2020-01,10,402826.8937547236
decreciente,Loss Incurred,month,cumulative,Synthetic,Portfolio,Auto,2020-01,11,399335.3512050443
decreciente,Loss Incurred,month,cumulative,Synthetic,Portfolio,Auto,2020-01,12,396105.09214742505
decreciente,Loss Incurred,month,cumulative,Synthetic,Portfolio,Auto,2020-01,13,393116.56388781965
decreciente,Loss Incurred,month,cumulative,Synthetic,Portfolio,Auto,2020-01,14,390351.67692391074
decreciente,Loss Incurred,month,cumulative,Synthetic,Portfolio,Auto,2020-01,15,387793.6954497108
decreciente,Loss Incurred,month,cumulative,Synthetic,Portfolio,Auto,2020-01,16,385427.13605406054
decreciente,Loss Incurred,month,cumulative,Synthetic,Portfolio,Auto,2020-01,17,383237.6739998473
decreciente,Loss Incurred,month,cumulative,Synthetic,Portfolio,Auto,2020-01,18,381212.05651665624
decreciente,Loss Incurred,month,cumulative,Synthetic,Portfolio,Auto,2020-01,19,379338.022582013
decreciente,Loss Incurred,month,cumulative,Synthetic,Portfolio,Auto,2020-01,20,377604.2287056579
decreciente,Loss Incurred,month,cumulative,Synthetic,Portfolio,Auto,2020-01,21,376000.1802676243
decreciente,Loss Incurred,month,cumulative,Synthetic,Portfolio,Auto,2020-01,22,374516.16799451195
decreciente,Loss Incurred,month,cumulative,Synthetic,Portfolio,Auto,2020-01,23,373143.20918944746
decreciente,Loss Incurred,month,cumulative,Synthetic,Portfolio,Auto,2020-01,24,371872.9933599984
decreciente,Loss Incurred,month,cumulative,Synthetic,Portfolio,Auto,2020-01,25,370697.831914927
decreciente,Loss Incurred,month,cumulative,Synthetic,Portfolio,Auto,2020-01,26,369610.6116253002
decreciente,Loss Incurred,month,cumulative,Synthetic,Portfolio,Auto,2020-01,27,368604.7515682554
decreciente,Loss Incurred,month,cumulative,Synthetic,Portfolio,Auto,2020-01,28,367674.1632928055
decreciente,Loss Incurred,month,cumulative,Synthetic,Portfolio,Auto,2020-01,29,366813.213966565
decreciente,Loss Incurred,month,cumulative,Synthetic,Portfolio,Auto,2020-01,30,366016.6922803277
decreciente,Loss Incurred,month,cumulative,Synthetic,Portfolio,Auto,2020-01,31,365279.7769041154
decreciente,Loss Incurred,month,cumulative,Synthetic,Portfolio,Auto,2020-01,32,364598.00730376295
decreciente,Loss Incurred,month,cumulative,Synthetic,Portfolio,Auto,2020-01,33,363967.2567413931
decreciente,Loss Incurred,month,cumulative,Synthetic,Portfolio,Auto,2020-01,34,363383.7072963547
decreciente,Loss Incurred,month,cumulative,Synthetic,Portfolio,Auto,2020-01,35,362843.82675542386
decreciente,Loss Incurred,month,cumulative,Synthetic,Portfolio,Auto,2020-01,36,362344.34723238763
decreciente,Loss Incurred,month,cumulative,Synthetic,Portfolio,Auto,2020-01,37,361882.2453875938
decreciente,Loss Incurred,month,cumulative,Synthetic,Portfolio,Auto,2020-01,38,361454.7241277355
decreciente,Loss Incurred,month,cumulative,Synthetic,Portfolio,Auto,2020-01,39,361059.195675101
decreciente,Loss Incurred,month,cumulative,Synthetic,Portfolio,Auto,2020-01,40,360693.26590380655
decreciente,Loss Incurred,month,cumulative,Synthetic,Portfolio,Auto,2020-01,41,360354.71984820004
decreciente,Loss Incurred,month,cumulative,Synthetic,Portfolio,Auto,2020-01,42,360041.5082957174
decreciente,Loss Incurred,month,cumulative,Synthetic,Portfolio,Auto,2020-01,43,359751.7353830399
decreciente,Loss Incurred,month,cumulative,Synthetic,Portfolio,Auto,2020-01,44,359483.64712047094
decreciente,Loss Incurred,month,cumulative,Synthetic,Portfolio,Auto,2020-01,45,359235.6207750711
decreciente,Loss Incurred,month,cumulative,Synthetic,Portfolio,Auto,2020-01,46,359006.15504828806
decreciente,Loss Incurred,month,cumulative,Synthetic,Portfolio,Auto,2020-01,47,358793.860988626
decreciente,Loss Incurred,month,cumulative,Synthetic,Portfolio,Auto,2020-01,48,358597.45358434995
decreciente,Loss Incurred,month,cumulative,Synthetic,Portfolio,Auto,2020-01,49,358415.743985335
decreciente,Loss Incurred,month,cumulative,Synthetic,Portfolio,Auto,2020-01,50,358247.63230697985
decreciente,Loss Incurred,month,cumulative,Synthetic,Portfolio,Auto,2020-01,51,358092.100972628
decreciente,Loss Incurred,month,cumulative,Synthetic,Portfolio,Auto,2020-01,52,357948.2085541953
decreciente,Loss Incurred,month,cumulative,Synthetic,Portfolio,Auto,2020-01,53,357815.0840737253
decreciente,Loss Incurred,month,cumulative,Synthetic,Portfolio,Auto,2020-01,54,357691.9217313765
decreciente,Loss Incurred,month,cumulative,Synthetic,Portfolio,Auto,2020-01,55,357577.976027932
decreciente,Loss Incurred,month,cumulative,Synthetic,Portfolio,Auto,2020-01,56,357472.5572523073
decreciente,Loss Incurred,month,cumulative,Synthetic,Portfolio,Auto,2020-01,57,357375.0273067433
decreciente,Loss Incurred,month,cumulative,Synthetic,Portfolio,Auto,2020-01,58,357284.79584441264
decreciente,Loss Incurred,month,cumulative,Synthetic,Portfolio,Auto,2020-01,59,357201.31669606245
decreciente,Loss Incurred,month,cumulative,Synthetic,Portfolio,Auto,2020-01,60,357124.08456406236
decreciente,Loss Incurred,month,cumulative,Synthetic,Portfolio,Auto,2020-01,61,357052.63196384837
decreciente,Loss Incurred,month,cumulative,Synthetic,Portfolio,Auto,2020-01,62,356986.52639424766
decreciente,Loss Incurred,month,cumulative,Synthetic,Portfolio,Auto,2020-01,63,356925.3677195577
decreciente,Loss Incurred,month,cumulative,Synthetic,Portfolio,Auto,2020-01,64,356868.785747533
decreciente,Loss Incurred,month,cumulative,Synthetic,Portfolio,Auto,2020-01,65,356816.43798861833
decreciente,Loss Incurred,month,cumulative,Synthetic,Portfolio,Auto,2020-01,66,356768.00758286664
decreciente,Loss Incurred,month,cumulative,Synthetic,Portfolio,Auto,2020-01,67,356723.2013819919
decreciente,Loss Incurred,month,cumulative,Synthetic,Portfolio,Auto,2020-01,68,356681.74817494844
decreciente,Loss Incurred,month,cumulative,Synthetic,Portfolio,Auto,2020-01,69,356643.3970462957
decreciente,Loss Incurred,month,cumulative,Synthetic,Portfolio,Auto,2020-01,70,356607.9158574119
decreciente,Loss Incurred,month,cumulative,Synthetic,Portfolio,Auto,2020-01,71,356575.0898413643
decreciente,Loss Incurred,month,cumulative,Synthetic,Portfolio,Auto,2020-02,0,555176.7883485729
decreciente,Loss Incurred,month,cumulative,Synthetic,Portfolio,Auto,2020-02,1,546336.1466705309
decreciente,Loss Incurred,month,cumulative,Synthetic,Portfolio,Auto,2020-02,2,538211.4946524325
decreciente,Loss Incurred,month,cumulative,Synthetic,Portfolio,Auto,2020-02,3,530744.8454182323
decreciente,Loss Incurred,month,cumulative,Synthetic,Portfolio,Auto,2020-02,4,523882.90835774114
decreciente,Loss Incurred,month,cumulative,Synthetic,Portfolio,Auto,2020-02,5,517576.70878344384
decreciente,Loss Incurred,month,cumulative,Synthetic,Portfolio,Auto,2020-02,6,511781.2383907117
decreciente,Loss Incurred,month,cumulative,Synthetic,Portfolio,Auto,2020-02,7,506455.13402669353
decreciente,Loss Incurred,month,cumulative,Synthetic,Portfolio,Auto,2020-02,8,501560.3824752079
decreciente,Loss Incurred,month,cumulative,Synthetic,Portfolio,Auto,2020-02,9,497062.0491506438
decreciente,Loss Incurred,month,cumulative,Synthetic,Portfolio,Auto,2020-02,10,492928.0287645133
decreciente,Loss Incurred,month,cumulative,Synthetic,Portfolio,Auto,2020-02,11,489128.8161851303
decreciente,Loss Incurred,month,cumulative,Synthetic,Portfolio,Auto,2020-02,12,485637.2958550013
decreciente,Loss Incurred,month,cumulative,Synthetic,Portfolio,Auto,2020-02,13,482428.5482629717
decreciente,Loss Incurred,month,cumulative,Synthetic,Portfolio,Auto,2020-02,14,479479.67208988755
decreciente,Loss Incurred,month,cumulative,Synthetic,Portfolio,Auto,2020-02,15,476769.62075840135
decreciente,Loss Incurred,month,cumulative,Synthetic,Portfolio,Auto,2020-02,16,474279.05222035083
decreciente,Loss Incurred,month,cumulative,Synthetic,Portfolio,Auto,2020-02,17,471990.1909096222
decreciente,Loss Incurred,month,cumulative,Synthetic,Portfolio,Auto,2020-02,18,469886.70087523403
decreciente,Loss Incurred,month,cumulative,Synthetic,Portfolio,Auto,2020-02,19,467953.5691891721
decreciente,Loss Incurred,month,cumulative,Synthetic,Portfolio,Auto,2020-02,20,466176.9987968416
decreciente,Loss Incurred,month,cumulative,Synthetic,Portfolio,Auto,2020-02,21,464544.31004539126
decreciente,Loss Incurred,month,cumulative,Synthetic,Portfolio,Auto,2020-02,22,463043.85018710466
decreciente,Loss Incurred,month,cumulative,Synthetic,Portfolio,Auto,2020-02,23,461664.91021196876
decreciente,Loss Incurred,month,cumulative,Synthetic,Portfolio,Auto,2020-02,24,460397.6484158426
decreciente,Loss Incurred,month,cumulative,Synthetic,Portfolio,Auto,2020-02,25,459233.0201587185
decreciente,Loss Incurred,month,cumulative,Synthetic,Portfolio,Auto,2020-02,26,458162.71331175294
decreciente,Loss Incurred,month,cumulative,Synthetic,Portfolio,Auto,2020-02,27,457179.0889323392
decreciente,Loss Incurred,month,cumulative,Synthetic,Portfolio,Auto,2020-02,28,456275.1267438135
decreciente,Loss Incurred,month,cumulative,Synthetic,Portfolio,Auto,2020-02,29,455444.3750306735
decreciente,Loss Incurred,month,cumulative,Synthetic,Portfolio,Auto,2020-02,30,454680.9045917046
decreciente,Loss Incurred,month,cumulative,Synthetic,Portfolio,Auto,2020-02,31,453979.2664223697
decreciente,Loss Incurred,month,cumulative,Synthetic,Portfolio,Auto,2020-02,32,453334.4528244359
decreciente,Loss Incurred,month,cumulative,Synthetic,Portfolio,Auto,2020-02,33,452741.8616652713
decreciente,Loss Incurred,month,cumulative,Synthetic,Portfolio,Auto,2020-02,34,452197.26353172486
decreciente,Loss Incurred,month,cumulative,Synthetic,Portfolio,Auto,2020-02,35,451696.7715441624
decreciente,Loss Incurred,month,cumulative,Synthetic,Portfolio,Auto,2020-02,36,451236.81361521577
decreciente,Loss Incurred,month,cumulative,Synthetic,Portfolio,Auto,2020-02,37,450814.1069552526
decreciente,Loss Incurred,month,cumulative,Synthetic,Portfolio,Auto,2020-02,38,450425.6346426077
decreciente,Loss Incurred,month,cumulative,Synthetic,Portfolio,Auto,2020-02,39,450068.624091355
decreciente,Loss Incurred,month,cumulative,Synthetic,Portfolio,Auto,2020-02,40,449740.52726294013
decreciente,Loss Incurred,month,cumulative,Synthetic,Portfolio,Auto,2020-02,41,449439.00248044234
decreciente,Loss Incurred,month,cumulative,Synthetic,Portfolio,Auto,2020-02,42,449161.8977156704
decreciente,Loss Incurred,month,cumulative,Synthetic,Portfolio,Auto,2020-02,43,448907.2352298102
decreciente,Loss Incurred,month,cumulative,Synthetic,Portfolio,Auto,2020-02,44,448673.1974580026
decreciente,Loss Incurred,month,cumulative,Synthetic,Portfolio,Auto,2020-02,45,448458.11403710674
decreciente,Loss Incurred,month,cumulative,Synthetic,Portfolio,Auto,2020-02,46,448260.44988406444
decreciente,Loss Incurred,month,cumulative,Synthetic,Portfolio,Auto,2020-02,47,448078.794239779
decreciente,Loss Incurred,month,cumulative,Synthetic,Portfolio,Auto,2020-02,48,447911.8506003136
decreciente,Loss Incurred,month,cumulative,Synthetic,Portfolio,Auto,2020-02,49,447758.427463545
decreciente,Loss Incurred,month,cumulative,Synthetic,Portfolio,Auto,2020-02,50,447617.4298252327
decreciente,Loss Incurred,month,cumulative,Synthetic,Portfolio,Auto,2020-02,51,447487.8513638065
decreciente,Loss Incurred,month,cumulative,Synthetic,Portfolio,Auto,2020-02,52,447368.7672580969
decreciente,Loss Incurred,month,cumulative,Synthetic,Portfolio,Auto,2020-02,53,447259.3275867459
decreciente,Loss Incurred,month,cumulative,Synthetic,Portfolio,Auto,2020-02,54,447158.75126218895
decreciente,Loss Incurred,month,cumulative,Synthetic,Portfolio,Auto,2020-02,55,447066.32045591465
decreciente,Loss Incurred,month,cumulative,Synthetic,Portfolio,Auto,2020-02,56,446981.3754752129
decreciente,Loss Incurred,month,cumulative,Synthetic,Portfolio,Auto,2020-02,57,446903.3100548488
decreciente,Loss Incurred,month,cumulative,Synthetic,Portfolio,Auto,2020-02,58,446831.5670300545
decreciente,Loss Incurred,month,cumulative,Synthetic,Portfolio,Auto,2020-02,59,446765.63435996027
decreciente,Loss Incurred,month,cumulative,Synthetic,Portfolio,Auto,2020-02,60,446705.04147308087
decreciente,Loss Incurred,month,cumulative,Synthetic,Portfolio,Auto,2020-02,61,446649.355908775
decreciente,Loss Incurred,month,cumulative,Synthetic,Portfolio,Auto,2020-02,62,446598.18023070856
decreciente,Loss Incurred,month,cumulative,Synthetic,Portfolio,Auto,2020-02,63,446551.14919029054
decreciente,Loss Incurred,month,cumulative,Synthetic,Portfolio,Auto,2020-02,64,446507.9271198391
decreciente,Loss Incurred,month,cumulative,Synthetic,Portfolio,Auto,2020-02,65,446468.20553686935
decreciente,Loss Incurred,month,cumulative,Synthetic,Portfolio,Auto,2020-02,66,446431.7009424078
decreciente,Loss Incurred,month,cumulative,Synthetic,Portfolio,Auto,2020-02,67,446398.15279761655
decreciente,Loss Incurred,month,cumulative,Synthetic,Portfolio,Auto,2020-02,68,446367.32166428847
decreciente,Loss Incurred,month,cumulative,Synthetic,Portfolio,Auto,2020-02,69,446338.98749594
decreciente,Loss Incurred,month,cumulative,Synthetic,Portfolio,Auto,2020-02,70,446312.948067306
decreciente,Loss Incurred,month,cumulative,Synthetic,Portfolio,Auto,2020-03,0,534422.5158787202
decreciente,Loss Incurred,month,cumulative,Synthetic,Portfolio,Auto,2020-03,1,527639.3883405988
decreciente,Loss Incurred,month,cumulative,Synthetic,Portfolio,Auto,2020-03,2,521306.8194598998
decreciente,Loss Incurred,month,cumulative,Synthetic,Portfolio,Auto,2020-03,3,515394.8815811817
decreciente,Loss Incurred,month,cumulative,Synthetic,Portfolio,Auto,2020-03,4,509875.63494679466
decreciente,Loss Incurred,month,cumulative,Synthetic,Portfolio,Auto,2020-03,5,504722.9956538733
decreciente,Loss Incurred,month,cumulative,Synthetic,Portfolio,Auto,2020-03,6,499912.61238208
decreciente,Loss Incurred,month,cumulative,Synthetic,Portfolio,Auto,2020-03,7,495421.75130951515
decreciente,Loss Incurred,month,cumulative,Synthetic,Portfolio,Auto,2020-03,8,491229.18867290835
decreciente,Loss Incurred,month,cumulative,Synthetic,Portfolio,Auto,2020-03,9,487315.1104643319
decreciente,Loss Incurred,month,cumulative,Synthetic,Portfolio,Auto,2020-03,10,483661.0187904021
decreciente,Loss Incurred,month,cumulative,Synthetic,Portfolio,Auto,2020-03,11,480249.6444514263
decreciente,Loss Incurred,month,cumulative,Synthetic,Portfolio,Auto,2020-03,12,477064.8653273415
decreciente,Loss Incurred,month,cumulative,Synthetic,Portfolio,Auto,2020-03,13,474091.63018474175
decreciente,Loss Incurred,month,cumulative,Synthetic,Portfolio,Auto,2020-03,14,471315.88754490326
decreciente,Loss Incurred,month,cumulative,Synthetic,Portfolio,Auto,2020-03,15,468724.51927663997
decreciente,Loss Incurred,month,cumulative,Synthetic,Portfolio,Auto,2020-03,16,466305.2786001512
decreciente,Loss Incurred,month,cumulative,Synthetic,Portfolio,Auto,2020-03,17,464046.7322088657
decreciente,Loss Incurred,month,cumulative,Synthetic,Portfolio,Auto,2020-03,18,461938.20623575244
decreciente,Loss Incurred,month,cumulative,Synthetic,Portfolio,Auto,2020-03,19,459969.73580873455
decreciente,Loss Incurred,month,cumulative,Synthetic,Portfolio,Auto,2020-03,20,458132.01795680664
decreciente,Loss Incurred,month,cumulative,Synthetic,Portfolio,Auto,2020-03,21,456416.36764428933
decreciente,Loss Incurred,month,cumulative,Synthetic,Portfolio,Auto,2020-03,22,454814.67672543955
decreciente,Loss Incurred,month,cumulative,Synthetic,Portfolio,Auto,2020-03,23,453319.3756254377
decreciente,Loss Incurred,month,cumulative,Synthetic,Portfolio,Auto,2020-03,24,451923.39756665437
decreciente,Loss Incurred,month,cumulative,Synthetic,Portfolio,Auto,2020-03,25,450620.1451711322
decreciente,Loss Incurred,month,cumulative,Synthetic,Portfolio,Auto,2020-03,26,449403.4592814451
decreciente,Loss Incurred,month,cumulative,Synthetic,Portfolio,Auto,2020-03,27,448267.58985258394
decreciente,Loss Incurred,month,cumulative,Synthetic,Portfolio,Auto,2020-03,28,447207.168777303
decreciente,Loss Incurred,month,cumulative,Synthetic,Portfolio,Auto,2020-03,29,446217.1845164997
decreciente,Loss Incurred,month,cumulative,Synthetic,Portfolio,Auto,2020-03,30,445292.95841473294
decreciente,Loss Incurred,month,cumulative,Synthetic,Portfolio,Auto,2020-03,31,444430.1225889454
decreciente,Loss Incurred,month,cumulative,Synthetic,Portfolio,Auto,2020-03,32,443624.59928589273
decreciente,Loss Incurred,month,cumulative,Synthetic,Portfolio,Auto,2020-03,33,442872.5816107244
decreciente,Loss Incurred,month,cumulative,Synthetic,Portfolio,Auto,2020-03,34,442170.51553563686
decreciente,Loss Incurred,month,cumulative,Synthetic,Portfolio,Auto,2020-03,35,441515.0831035755
decreciente,Loss Incurred,month,cumulative,Synthetic,Portfolio,Auto,2020-03,36,440903.1867476031
decreciente,Loss Incurred,month,cumulative,Synthetic,Portfolio,Auto,2020-03,37,440331.93465183064
decreciente,Loss Incurred,month,cumulative,Synthetic,Portfolio,Auto,2020-03,38,439798.627084725
decreciente,Loss Incurred,month,cumulative,Synthetic,Portfolio,Auto,2020-03,39,439300.7436402056
decreciente,Loss Incurred,month,cumulative,Synthetic,Portfolio,Auto,2020-03,40,438835.93132623105
decreciente,Loss Incurred,month,cumulative,Synthetic,Portfolio,Auto,2020-03,41,438401.99344458303
decreciente,Loss Incurred,month,cumulative,Synthetic,Portfolio,Auto,2020-03,42,437996.87920929294
decreciente,Loss Incurred,month,cumulative,Synthetic,Portfolio,Auto,2020-03,43,437618.6740546489
decreciente,Loss Incurred,month,cumulative,Synthetic,Portfolio,Auto,2020-03,44,437265.5905869772
decreciente,Loss Incurred,month,cumulative,Synthetic,Portfolio,Auto,2020-03,45,436935.96013743896
decreciente,Loss Incurred,month,cumulative,Synthetic,Portfolio,Auto,2020-03,46,436628.22487591754
decreciente,Loss Incurred,month,cumulative,Synthetic,Portfolio,Auto,2020-03,47,436340.93044872995
decreciente,Loss Incurred,month,cumulative,Synthetic,Portfolio,Auto,2020-03,48,436072.7191053665
decreciente,Loss Incurred,month,cumulative,Synthetic,Portfolio,Auto,2020-03,49,435822.3232817749
decreciente,Loss Incurred,month,cumulative,Synthetic,Portfolio,Auto,2020-03,50,435588.5596098667
decreciente,Loss Incurred,month,cumulative,Synthetic,Portfolio,Auto,2020-03,51,435370.32332493115
decreciente,Loss Incurred,month,cumulative,Synthetic,Portfolio,Auto,2020-03,52,435166.5830445287
decreciente,Loss Incurred,month,cumulative,Synthetic,Portfolio,Auto,2020-03,53,434976.3758941884
decreciente,Loss Incurred,month,cumulative,Synthetic,Portfolio,Auto,2020-03,54,434798.8029568726
decreciente,Loss Incurred,month,cumulative,Synthetic,Portfolio,Auto,2020-03,55,434633.0250247048
decreciente,Loss Incurred,month,cumulative,Synthetic,Portfolio,Auto,2020-03,56,434478.2586328816
decreciente,Loss Incurred,month,cumulative,Synthetic,Portfolio,Auto,2020-03,57,434333.7723570257
decreciente,Loss Incurred,month,cumulative,Synthetic,Portfolio,Auto,2020-03,58,434198.8833564828
decreciente,Loss Incurred,month,cumulative,Synthetic,Portfolio,Auto,2020-03,59,434072.95414722257
decreciente,Loss Incurred,month,cumulative,Synthetic,Portfolio,Auto,2020-03,60,433955.3895890964
decreciente,Loss Incurred,month,cumulative,Synthetic,Portfolio,Auto,2020-03,61,433845.6340732111
decreciente,Loss Incurred,month,cumulative,Synthetic,Portfolio,Auto,2020-03,62,433743.16889612656
decreciente,Loss Incurred,month,cumulative,Synthetic,Portfolio,Auto,2020-03,63,433647.5098084691
decreciente,Loss Incurred,month,cumulative,Synthetic,Portfolio,Auto,2020-03,64,433558.2047263737
decreciente,Loss Incurred,month,cumulative,Synthetic,Portfolio,Auto,2020-03,65,433474.8315949402
decreciente,Loss Incurred,month,cumulative,Synthetic,Portfolio,Auto,2020-03,66,433396.99639360653
decreciente,Loss Incurred,month,cumulative,Synthetic,Portfolio,Auto,2020-03,67,433324.3312740111
decreciente,Loss Incurred,month,cumulative,Synthetic,Portfolio,Auto,2020-03,68,433256.49282154563
decreciente,Loss Incurred,month,cumulative,Synthetic,Portfolio,Auto,2020-03,69,433193.1604323809
decreciente,Loss Incurred,month,cumulative,Synthetic,Portfolio,Auto,2020-04,0,580241.6040856084
decreciente,Loss Incurred,month,cumulative,Synthetic,Portfolio,Auto,2020-04,1,570464.2517402654
decreciente,Loss Incurred,month,cumulative,Synthetic,Portfolio,Auto,2020-04,2,561359.3234725281
decreciente,Loss Incurred,month,cumulative,Synthetic,Portfolio,Auto,2020-04,3,552880.5742332079
decreciente,Loss Incurred,month,cumulative,Synthetic,Portfolio,Auto,2020-04,4,544984.939413326
decreciente,Loss Incurred,month,cumulative,Synthetic,Portfolio,Auto,2020-04,5,537632.3161136742
decreciente,Loss Incurred,month,cumulative,Synthetic,Portfolio,Auto,2020-04,6,530785.359457263
decreciente,Loss Incurred,month,cumulative,Synthetic,Portfolio,Auto,2020-04,7,524409.2929101037
decreciente,Loss Incurred,month,cumulative,Synthetic,Portfolio,Auto,2020-04,8,518471.73164692003
decreciente,Loss Incurred,month,cumulative,Synthetic,Portfolio,Auto,2020-04,9,512942.5180646426
decreciente,Loss Incurred,month,cumulative,Synthetic,Portfolio,Auto,2020-04,10,507793.5686082375
decreciente,Loss Incurred,month,cumulative,Synthetic,Portfolio,Auto,2020-04,11,502998.73113088054
decreciente,Loss Incurred,month,cumulative,Synthetic,Portfolio,Auto,2020-04,12,498533.65206399106
decreciente,Loss Incurred,month,cumulative,Synthetic,Portfolio,Auto,2020-04,13,494375.65272246505
decreciente,Loss Incurred,month,cumulative,Synthetic,Portfolio,Auto,2020-04,14,490503.61411684746
decreciente,Loss Incurred,month,cumulative,Synthetic,Portfolio,Auto,2020-04,15,486897.8696873905
decreciente,Loss Incurred,month,cumulative,Synthetic,Portfolio,Auto,2020-04,16,483540.10541518073
decreciente,Loss Incurred,month,cumulative,Synthetic,Portfolio,Auto,2020-04,17,480413.266802987
decreciente,Loss Incurred,month,cumulative,Synthetic,Portfolio,Auto,2020-04,18,477501.47225337406
decreciente,Loss Incurred,month,cumulative,Synthetic,Portfolio,Auto,2020-04,19,474789.932404118
decreciente,Loss Incurred,month,cumulative,Synthetic,Portfolio,Auto,2020-04,20,472264.8750112189
decreciente,Loss Incurred,month,cumulative,Synthetic,Portfolio,Auto,2020-04,21,469913.4749979814
decreciente,Loss Incurred,month,cumulative,Synthetic,Portfolio,Auto,2020-04,22,467723.78931487503
decreciente,Loss Incurred,month,cumulative,Synthetic,Portfolio,Auto,2020-04,23,465684.6962793182
decreciente,Loss Incurred,month,cumulative,Synthetic,Portfolio,Auto,2020-04,24,463785.8390872859
decreciente,Loss Incurred,month,cumulative,Synthetic,Portfolio,Auto,2020-04,25,462017.57320983027
decreciente,Loss Incurred,month,cumulative,Synthetic,Portfolio,Auto,2020-04,26,460370.91740733274
decreciente,Loss Incurred,month,cumulative,Synthetic,Portfolio,Auto,2020-04,27,458837.50811268523
decreciente,Loss Incurred,month,cumulative,Synthetic,Portfolio,Auto,2020-04,28,457409.55695170467
decreciente,Loss Incurred,month,cumulative,Synthetic,Portfolio,Auto,2020-04,29,456079.8111850245
decreciente,Loss Incurred,month,cumulative,Synthetic,Portfolio,Auto,2020-04,30,454841.5168705401
decreciente,Loss Incurred,month,cumulative,Synthetic,Portfolio,Auto,2020-04,31,453688.38455930667
decreciente,Loss Incurred,month,cumulative,Synthetic,Portfolio,Auto,2020-04,32,452614.55735065637
decreciente,Loss Incurred,month,cumulative,Synthetic,Portfolio,Auto,2020-04,33,451614.58114427957
decreciente,Loss Incurred,month,cumulative,Synthetic,Portfolio,Auto,2020-04,34,450683.37693817954
decreciente,Loss Incurred,month,cumulative,Synthetic,Portfolio,Auto,2020-04,35,449816.2150317976
decreciente,Loss Incurred,month,cumulative,Synthetic,Portfolio,Auto,2020-04,36,449008.6910032825
decreciente,Loss Incurred,month,cumulative,Synthetic,Portfolio,Auto,2020-04,37,448256.7033388914
decreciente,Loss Incurred,month,cumulative,Synthetic,Portfolio,Auto,2020-04,38,447556.432600897
decreciente,Loss Incurred,month,cumulative,Synthetic,Portfolio,Auto,2020-04,39,446904.3220281946
decreciente,Loss Incurred,month,cumulative,Synthetic,Portfolio,Auto,2020-04,40,446297.05947107536
decreciente,Loss Incurred,month,cumulative,Synthetic,Portfolio,Auto,2020-04,41,445731.56056841125
decreciente,Loss Incurred,month,cumulative,Synthetic,Portfolio,Auto,2020-04,42,445204.9530818052
decreciente,Loss Incurred,month,cumulative,Synthetic,Portfolio,Auto,2020-04,43,444714.56230714073
decreciente,Loss Incurred,month,cumulative,Synthetic,Portfolio,Auto,2020-04,44,444257.8974894298
decreciente,Loss Incurred,month,cumulative,Synthetic,Portfolio,Auto,2020-04,45,443832.63917196344
decreciente,Loss Incurred,month,cumulative,Synthetic,Portfolio,Auto,2020-04,46,443436.62741550524
decreciente,Loss Incurred,month,cumulative,Synthetic,Portfolio,Auto,2020-04,47,443067.85082769516
decreciente,Loss Incurred,month,cumulative,Synthetic,Portfolio,Auto,2020-04,48,442724.4363469404
decreciente,Loss Incurred,month,cumulative,Synthetic,Portfolio,Auto,2020-04,49,442404.63972890575
decreciente,Loss Incurred,month,cumulative,Synthetic,Portfolio,Auto,2020-04,50,442106.83668728196
decreciente,Loss Incurred,month,cumulative,Synthetic,Portfolio,Auto,2020-04,51,441829.5146438363
decreciente,Loss Incurred,month,cumulative,Synthetic,Portfolio,Auto,2020-04,52,441571.26504584186
decreciente,Loss Incurred,month,cumulative,Synthetic,Portfolio,Auto,2020-04,53,441330.7762118651
decreciente,Loss Incurred,month,cumulative,Synthetic,Portfolio,Auto,2020-04,54,441106.82666957483
decreciente,Loss Incurred,month,cumulative,Synthetic,Portfolio,Auto,2020-04,55,440898.2789517341
decreciente,Loss Incurred,month,cumulative,Synthetic,Portfolio,Auto,2020-04,56,440704.07381886453
decreciente,Loss Incurred,month,cumulative,Synthetic,Portfolio,Auto,2020-04,57,440523.2248792387
decreciente,Loss Incurred,month,cumulative,Synthetic,Portfolio,Auto,2020-04,58,440354.8135788754
decreciente,Loss Incurred,month,cumulative,Synthetic,Portfolio,Auto,2020-04,59,440197.9845360911
decreciente,Loss Incurred,month,cumulative,Synthetic,Portfolio,Auto,2020-04,60,440051.9411969115
decreciente,Loss Incurred,month,cumulative,Synthetic,Portfolio,Auto,2020-04,61,439915.9417892761
decreciente,Loss Incurred,month,cumulative,Synthetic,Portfolio,Auto,2020-04,62,439789.29555548594
decreciente,Loss Incurred,month,cumulative,Synthetic,Portfolio,Auto,2020-04,63,439671.35924376175
decreciente,Loss Incurred,month,cumulative,Synthetic,Portfolio,Auto,2020-04,64,439561.533841088
decreciente,Loss Incurred,month,cumulative,Synthetic,Portfolio,Auto,2020-04,65,439459.26153075276
decreciente,Loss Incurred,month,cumulative,Synthetic,Portfolio,Auto,2020-04,66,439364.02285912796
decreciente,Loss Incurred,month,cumulative,Synthetic,Portfolio,Auto,2020-04,67,439275.3340973006
decreciente,Loss Incurred,month,cumulative,Synthetic,Portfolio,Auto,2020-04,68,439192.7447841542
decreciente,Loss Incurred,month,cumulative,Synthetic,Portfolio,Auto,2020-05,0,602052.294018043
decreciente,Loss Incurred,month,cumulative,Synthetic,Portfolio,Auto,2020-05,1,592763.7301274494
decreciente,Loss Incurred,month,cumulative,Synthetic,Portfolio,Auto,2020-05,2,584196.6202468422
decreciente,Loss Incurred,month,cumulative,Synthetic,Portfolio,Auto,2020-05,3,576294.9281692622
decreciente,Loss Incurred,month,cumulative,Synthetic,Portfolio,Auto,2020-05,4,569006.9700878301
decreciente,Loss Incurred,month,cumulative,Synthetic,Portfolio,Auto,2020-05,5,562285.0765395585
decreciente,Loss Incurred,month,cumulative,Synthetic,Portfolio,Auto,2020-05,6,556085.2806063999
decreciente,Loss Incurred,month,cumulative,Synthetic,Portfolio,Auto,2020-05,7,550367.0303340944
decreciente,Loss Incurred,month,cumulative,Synthetic,Portfolio,Auto,2020-05,8,545092.9234877967
decreciente,Loss Incurred,month,cumulative,Synthetic,Portfolio,Auto,2020-05,9,540228.4629095526
decreciente,Loss Incurred,month,cumulative,Synthetic,Portfolio,Auto,2020-05,10,535741.8308774574
decreciente,Loss Incurred,month,cumulative,Synthetic,Portfolio,Auto,2020-05,11,531603.6809906125
decreciente,Loss Incurred,month,cumulative,Synthetic,Portfolio,Auto,2020-05,12,527786.9462186287
decreciente,Loss Incurred,month,cumulative,Synthetic,Portfolio,Auto,2020-05,13,524266.661860157
decreciente,Loss Incurred,month,cumulative,Synthetic,Portfolio,Auto,2020-05,14,521019.80225244624
decreciente,Loss Incurred,month,cumulative,Synthetic,Portfolio,Auto,2020-05,15,518025.1301638651
decreciente,Loss Incurred,month,cumulative,Synthetic,Portfolio,Auto,2020-05,16,515263.05788429093
decreciente,Loss Incurred,month,cumulative,Synthetic,Portfolio,Auto,2020-05,17,512715.5191047757
decreciente,Loss Incurred,month,cumulative,Synthetic,Portfolio,Auto,2020-05,18,510365.850748474
decreciente,Loss Incurred,month,cumulative,Synthetic,Portfolio,Auto,2020-05,19,508198.6839799052
decreciente,Loss Incurred,month,cumulative,Synthetic,Portfolio,Auto,2020-05,20,506199.84367965907
decreciente,Loss Incurred,month,cumulative,Synthetic,Portfolio,Auto,2020-05,21,504356.25572702236
decreciente,Loss Incurred,month,cumulative,Synthetic,Portfolio,Auto,2020-05,22,502655.86148407625
decreciente,Loss Incurred,month,cumulative,Synthetic,Portfolio,Auto,2020-05,23,501087.53892191756
decreciente,Loss Incurred,month,cumulative,Synthetic,Portfolio,Auto,2020-05,24,499641.02987310145
decreciente,Loss Incurred,month,cumulative,Synthetic,Portfolio,Auto,2020-05,25,498306.8729344762
decreciente,Loss Incurred,month,cumulative,Synthetic,Portfolio,Auto,2020-05,26,497076.3415815346
decreciente,Loss Incurred,month,cumulative,Synthetic,Portfolio,Auto,2020-05,27,495941.3870894995
decreciente,Loss Incurred,month,cumulative,Synthetic,Portfolio,Auto,2020-05,28,494894.58588779817
decreciente,Loss Incurred,month,cumulative,Synthetic,Portfolio,Auto,2020-05,29,493929.0910035773
decreciente,Loss Incurred,month,cumulative,Synthetic,Portfolio,Auto,2020-05,30,493038.58727665973
decreciente,Loss Incurred,month,cumulative,Synthetic,Portfolio,Auto,2020-05,31,492217.2500530102
decreciente,Loss Incurred,month,cumulative,Synthetic,Portfolio,Auto,2020-05,32,491459.707086528
decreciente,Loss Incurred,month,cumulative,Synthetic,Portfolio,Auto,2020-05,33,490761.0033999758
decreciente,Loss Incurred,month,cumulative,Synthetic,Portfolio,Auto,2020-05,34,490116.56887520076
decreciente,Loss Incurred,month,cumulative,Synthetic,Portfolio,Auto,2020-05,35,489522.1883606632
decreciente,Loss Incurred,month,cumulative,Synthetic,Portfolio,Auto,2020-05,36,488973.9741007504
decreciente,Loss Incurred,month,cumulative,Synthetic,Portfolio,Auto,2020-05,37,488468.3403065376
decreciente,Loss Incurred,month,cumulative,Synthetic,Portfolio,Auto,2020-05,38,488001.97970166977
decreciente,Loss Incurred,month,cumulative,Synthetic,Portfolio,Auto,2020-05,39,487571.8418899535
decreciente,Loss Incurred,month,cumulative,Synthetic,Portfolio,Auto,2020-05,40,487175.1134031622
decreciente,Loss Incurred,month,cumulative,Synthetic,Portfolio,Auto,2020-05,41,486809.19929855573
decreciente,Loss Incurred,month,cumulative,Synthetic,Portfolio,Auto,2020-05,42,486471.70618573955
decreciente,Loss Incurred,month,cumulative,Synthetic,Portfolio,Auto,2020-05,43,486160.42657185084
decreciente,Loss Incurred,month,cumulative,Synthetic,Portfolio,Auto,2020-05,44,485873.32442267175
decreciente,Loss Incurred,month,cumulative,Synthetic,Portfolio,Auto,2020-05,45,485608.52184522833
decreciente,Loss Incurred,month,cumulative,Synthetic,Portfolio,Auto,2020-05,46,485364.2868047694
decreciente,Loss Incurred,month,cumulative,Synthetic,Portfolio,Auto,2020-05,47,485139.02179578075
decreciente,Loss Incurred,month,cumulative,Synthetic,Portfolio,Auto,2020-05,48,484931.25339293684
decreciente,Loss Incurred,month,cumulative,Synthetic,Portfolio,Auto,2020-05,49,484739.62261364225
decreciente,Loss Incurred,month,cumulative,Synthetic,Portfolio,Auto,2020-05,50,484562.876029126
decreciente,Loss Incurred,month,cumulative,Synthetic,Portfolio,Auto,2020-05,51,484399.85756594833
decreciente,Loss Incurred,month,cumulative,Synthetic,Portfolio,Auto,2020-05,52,484249.5009442939
decreciente,Loss Incurred,month,cumulative,Synthetic,Portfolio,Auto,2020-05,53,484110.8227035925
decreciente,Loss Incurred,month,cumulative,Synthetic,Portfolio,Auto,2020-05,54,483982.9157698476
decreciente,Loss Incurred,month,cumulative,Synthetic,Portfolio,Auto,2020-05,55,483864.94352259923
decreciente,Loss Incurred,month,cumulative,Synthetic,Portfolio,Auto,2020-05,56,483756.1343227118
decreciente,Loss Incurred,month,cumulative,Synthetic,Portfolio,Auto,2020-05,57,483655.7764651962
decreciente,Loss Incurred,month,cumulative,Synthetic,Portfolio,Auto,2020-05,58,483563.21352405206
decreciente,Loss Incurred,month,cumulative,Synthetic,Portfolio,Auto,2020-05,59,483477.84005868173
decreciente,Loss Incurred,month,cumulative,Synthetic,Portfolio,Auto,2020-05,60,483399.09765379207
decreciente,Loss Incurred,month,cumulative,Synthetic,Portfolio,Auto,2020-05,61,483326.4712668826
decreciente,Loss Incurred,month,cumulative,Synthetic,Portfolio,Auto,2020-05,62,483259.48585942725
decreciente,Loss Incurred,month,cumulative,Synthetic,Portfolio,Auto,2020-05,63,483197.70328971837
decreciente,Loss Incurred,month,cumulative,Synthetic,Portfolio,Auto,2020-05,64,483140.719447045
decreciente,Loss Incurred,month,cumulative,Synthetic,Portfolio,Auto,2020-05,65,483088.161608465
decreciente,Loss Incurred,month,cumulative,Synthetic,Portfolio,Auto,2020-05,66,483039.68600087863
decreciente,Loss Incurred,month,cumulative,Synthetic,Portfolio,Auto,2020-05,67,482994.975552459
decreciente,Loss Incurred,month,cumulative,Synthetic,Portfolio,Auto,2020-06,0,512256.6234697791
decreciente,Loss Incurred,month,cumulative,Synthetic,Portfolio,Auto,2020-06,1,504277.2522665208
decreciente,Loss Incurred,month,cumulative,Synthetic,Portfolio,Auto,2020-06,2,496858.76704833173
decreciente,Loss Incurred,month,cumulative,Synthetic,Portfolio,Auto,2020-06,3,489961.74201583065
decreciente,Loss Incurred,month,cumulative,Synthetic,Portfolio,Auto,2020-06,4,483549.5226880474
decreciente,Loss Incurred,month,cumulative,Synthetic,Portfolio,Auto,2020-06,5,477588.03110090044
decreciente,Loss Incurred,month,cumulative,Synthetic,Portfolio,Auto,2020-06,6,472045.5846986639
decreciente,Loss Incurred,month,cumulative,Synthetic,Portfolio,Auto,2020-06,7,466892.727955916
decreciente,Loss Incurred,month,cumulative,Synthetic,Portfolio,Auto,2020-06,8,462102.07583511836
decreciente,Loss Incurred,month,cumulative,Synthetic,Portfolio,Auto,2020-06,9,457648.1682478748
decreciente,Loss Incurred,month,cumulative,Synthetic,Portfolio,Auto,2020-06,10,453507.3347464012
decreciente,Loss Incurred,month,cumulative,Synthetic,Portfolio,Auto,2020-06,11,449657.5687261011
decreciente,Loss Incurred,month,cumulative,Synthetic,Portfolio,Auto,2020-06,12,446078.41047069605
decreciente,Loss Incurred,month,cumulative,Synthetic,Portfolio,Auto,2020-06,13,442750.83841834683
decreciente,Loss Incurred,month,cumulative,Synthetic,Portfolio,Auto,2020-06,14,439657.16807089746
decreciente,Loss Incurred,month,cumulative,Synthetic,Portfolio,Auto,2020-06,15,436780.95800899033
decreciente,Loss Incurred,month,cumulative,Synthetic,Portfolio,Auto,2020-06,16,434106.9225135678
decreciente,Loss Incurred,month,cumulative,Synthetic,Portfolio,Auto,2020-06,17,431620.85032938304
decreciente,Loss Incurred,month,cumulative,Synthetic,Portfolio,Auto,2020-06,18,429309.5291387866
decreciente,Loss Incurred,month,cumulative,Synthetic,Portfolio,Auto,2020-06,19,427160.6753444018
decreciente,Loss Incurred,month,cumulative,Synthetic,Portfolio,Auto,2020-06,20,425162.86878751614
decreciente,Loss Incurred,month,cumulative,Synthetic,Portfolio,Auto,2020-06,21,423305.49205524864
decreciente,Loss Incurred,month,cumulative,Synthetic,Portfolio,Auto,2020-06,22,421578.6740539369
decreciente,Loss Incurred,month,cumulative,Synthetic,Portfolio,Auto,2020-06,23,419973.2375488645
decreciente,Loss Incurred,month,cumulative,Synthetic,Portfolio,Auto,2020-06,24,418480.6503915259
decreciente,Loss Incurred,month,cumulative,Synthetic,Portfolio,Auto,2020-06,25,417092.98017522437
decreciente,Loss Incurred,month,cumulative,Synthetic,Portfolio,Auto,2020-06,26,415802.8520780192
decreciente,Loss Incurred,month,cumulative,Synthetic,Portfolio,Auto,2020-06,27,414603.4096689757
decreciente,Loss Incurred,month,cumulative,Synthetic,Portfolio,Auto,2020-06,28,413488.278469424
decreciente,Loss Incurred,month,cumulative,Synthetic,Portfolio,Auto,2020-06,29,412451.5320755681
decreciente,Loss Incurred,month,cumulative,Synthetic,Portfolio,Auto,2020-06,30,411487.6606624057
decreciente,Loss Incurred,month,cumulative,Synthetic,Portfolio,Auto,2020-06,31,410591.54170157085
decreciente,Loss Incurred,month,cumulative,Synthetic,Portfolio,Auto,2020-06,32,409758.4127374768
decreciente,Loss Incurred,month,cumulative,Synthetic,Portfolio,Auto,2020-06,33,408983.84607707965
decreciente,Loss Incurred,month,cumulative,Synthetic,Portfolio,Auto,2020-06,34,408263.7252587485
decreciente,Loss Incurred,month,cumulative,Synthetic,Portfolio,Auto,2020-06,35,407594.22317518597
decreciente,Loss Incurred,month,cumulative,Synthetic,Portfolio,Auto,2020-06,36,406971.7817341326
decreciente,Loss Incurred,month,cumulative,Synthetic,Portfolio,Auto,2020-06,37,406393.0929487612
decreciente,Loss Incurred,month,cumulative,Synthetic,Portfolio,Auto,2020-06,38,405855.0813572641
decreciente,Loss Incurred,month,cumulative,Synthetic,Portfolio,Auto,2020-06,39,405354.8876782051
decreciente,Loss Incurred,month,cumulative,Synthetic,Portfolio,Auto,2020-06,40,404889.85361476714
decreciente,Loss Incurred,month,cumulative,Synthetic,Portfolio,Auto,2020-06,41,404457.5077271413
decreciente,Loss Incurred,month,cumulative,Synthetic,Portfolio,Auto,2020-06,42,404055.5522979732
decreciente,Loss Incurred,month,cumulative,Synthetic,Portfolio,Auto,2020-06,43,403681.8511210638
decreciente,Loss Incurred,month,cumulative,Synthetic,Portfolio,Auto,2020-06,44,403334.41814842686
decreciente,Loss Incurred,month,cumulative,Synthetic,Portfolio,Auto,2020-06,45,403011.40693536703
decreciente,Loss Incurred,month,cumulative,Synthetic,Portfolio,Auto,2020-06,46,402711.1008274853
decreciente,Loss Incurred,month,cumulative,Synthetic,Portfolio,Auto,2020-06,47,402431.903837459
decreciente,Loss Incurred,month,cumulative,Synthetic,Portfolio,Auto,2020-06,48,402172.33216311113
decreciente,Loss Incurred,month,cumulative,Synthetic,Portfolio,Auto,2020-06,49,401931.00630169193
decreciente,Loss Incurred,month,cumulative,Synthetic,Portfolio,Auto,2020-06,50,401706.643718463
decreciente,Loss Incurred,month,cumulative,Synthetic,Portfolio,Auto,2020-06,51,401498.0520306219
decreciente,Loss Incurred,month,cumulative,Synthetic,Portfolio,Auto,2020-06,52,401304.12267034163
decreciente,Loss Incurred,month,cumulative,Synthetic,Portfolio,Auto,2020-06,53,401123.82499324845
decreciente,Loss Incurred,month,cumulative,Synthetic,Portfolio,Auto,2020-06,54,400956.2008010259
decreciente,Loss Incurred,month,cumulative,Synthetic,Portfolio,Auto,2020-06,55,400800.3592490367
decreciente,Loss Incurred,month,cumulative,Synthetic,Portfolio,Auto,2020-06,56,400655.4721118975
decreciente,Loss Incurred,month,cumulative,Synthetic,Portfolio,Auto,2020-06,57,400520.76938184595
decreciente,Loss Incurred,month,cumulative,Synthetic,Portfolio,Auto,2020-06,58,400395.53517650795
decreciente,Loss Incurred,month,cumulative,Synthetic,Portfolio,Auto,2020-06,59,400279.1039343154
decreciente,Loss Incurred,month,cumulative,Synthetic,Portfolio,Auto,2020-06,60,400170.8568773557
decreciente,Loss Incurred,month,cumulative,Synthetic,Portfolio,Auto,2020-06,61,400070.2187228555
decreciente,Loss Incurred,month,cumulative,Synthetic,Portfolio,Auto,2020-06,62,399976.6546258198
decreciente,Loss Incurred,month,cumulative,Synthetic,Portfolio,Auto,2020-06,63,399889.66733657965
decreciente,Loss Incurred,month,cumulative,Synthetic,Portfolio,Auto,2020-06,64,399808.79455814126
decreciente,Loss Incurred,month,cumulative,Synthetic,Portfolio,Auto,2020-06,65,399733.6064892927
decreciente,Loss Incurred,month,cumulative,Synthetic,Portfolio,Auto,2020-06,66,399663.70354041003
decreciente,Loss Incurred,month,cumulative,Synthetic,Portfolio,Auto,2020-07,0,585708.6455167639
decreciente,Loss Incurred,month,cumulative,Synthetic,Portfolio,Auto,2020-07,1,577026.9194507108
decreciente,Loss Incurred,month,cumulative,Synthetic,Portfolio,Auto,2020-07,2,568974.1990804649
decreciente,Loss Incurred,month,cumulative,Synthetic,Portfolio,Auto,2020-07,3,561504.911882504
decreciente,Loss Incurred,month,cumulative,Synthetic,Portfolio,Auto,2020-07,4,554576.7871394964
decreciente,Loss Incurred,month,cumulative,Synthetic,Portfolio,Auto,2020-07,5,548150.6167188734
decreciente,Loss Incurred,month,cumulative,Synthetic,Portfolio,Auto,2020-07,6,542190.0331833981
decreciente,Loss Incurred,month,cumulative,Synthetic,Portfolio,Auto,2020-07,7,536661.3039779975
decreciente,Loss Incurred,month,cumulative,Synthetic,Portfolio,Auto,2020-07,8,531533.1405281062
decreciente,Loss Incurred,month,cumulative,Synthetic,Portfolio,Auto,2020-07,9,526776.521169156
decreciente,Loss Incurred,month,cumulative,Synthetic,Portfolio,Auto,2020-07,10,522364.52690512384
decreciente,Loss Incurred,month,cumulative,Synthetic,Portfolio,Auto,2020-07,11,518272.1890666493
decreciente,Loss Incurred,month,cumulative,Synthetic,Portfolio,Auto,2020-07,12,514476.3480065784
decreciente,Loss Incurred,month,cumulative,Synthetic,Portfolio,Auto,2020-07,13,510955.5220332538
decreciente,Loss Incurred,month,cumulative,Synthetic,Portfolio,Auto,2020-07,14,507689.7858398091
decreciente,Loss Incurred,month,cumulative,Synthetic,Portfolio,Auto,2020-07,15,504660.65774146566
decreciente,Loss Incurred,month,cumulative,Synthetic,Portfolio,Auto,2020-07,16,501850.99508267787
decreciente,Loss Incurred,month,cumulative,Synthetic,Portfolio,Auto,2020-07,17,499244.89722220646
decreciente,Loss Incurred,month,cumulative,Synthetic,Portfolio,Auto,2020-07,18,496827.6155470875
decreciente,Loss Incurred,month,cumulative,Synthetic,Portfolio,Auto,2020-07,19,494585.4700062409
decreciente,Loss Incurred,month,cumulative,Synthetic,Portfolio,Auto,2020-07,20,492505.77169135964
decreciente,Loss Incurred,month,cumulative,Synthetic,Portfolio,Auto,2020-07,21,490576.75102694414
decreciente,Loss Incurred,month,cumulative,Synthetic,Portfolio,Auto,2020-07,22,488787.4911630902
decreciente,Loss Incurred,month,cumulative,Synthetic,Portfolio,Auto,2020-07,23,487127.8661940809
decreciente,Loss Incurred,month,cumulative,Synthetic,Portfolio,Auto,2020-07,24,485588.48385314684
decreciente,Loss Incurred,month,cumulative,Synthetic,Portfolio,Auto,2020-07,25,484160.6323590864
decreciente,Loss Incurred,month,cumulative,Synthetic,Portfolio,Auto,2020-07,26,482836.2311139394
decreciente,Loss Incurred,month,cumulative,Synthetic,Portfolio,Auto,2020-07,27,481607.7849726959
decreciente,Loss Incurred,month,cumulative,Synthetic,Portfolio,Auto,2020-07,28,480468.3418262437
decreciente,Loss Incurred,month,cumulative,Synthetic,Portfolio,Auto,2020-07,29,479411.45325750025
decreciente,Loss Incurred,month,cumulative,Synthetic,Portfolio,Auto,2020-07,30,478431.1380480767
decreciente,Loss Incurred,month,cumulative,Synthetic,Portfolio,Auto,2020-07,31,477521.8483289442
decreciente,Loss Incurred,month,cumulative,Synthetic,Portfolio,Auto,2020-07,32,476678.4381835419
decreciente,Loss Incurred,month,cumulative,Synthetic,Portfolio,Auto,2020-07,33,475896.1345256425
decreciente,Loss Incurred,month,cumulative,Synthetic,Portfolio,Auto,2020-07,34,475170.5100871662
decreciente,Loss Incurred,month,cumulative,Synthetic,Portfolio,Auto,2020-07,35,474497.45836307254
decreciente,Loss Incurred,month,cumulative,Synthetic,Portfolio,Auto,2020-07,36,473873.17037153704
decreciente,Loss Incurred,month,cumulative,Synthetic,Portfolio,Auto,2020-07,37,473294.1130978923
decreciente,Loss Incurred,month,cumulative,Synthetic,Portfolio,Auto,2020-07,38,472757.0095003427
decreciente,Loss Incurred,month,cumulative,Synthetic,Portfolio,Auto,2020-07,39,472258.81996429735
decreciente,Loss Incurred,month,cumulative,Synthetic,Portfolio,Auto,2020-07,40,471796.725100369
decreciente,Loss Incurred,month,cumulative,Synthetic,Portfolio,Auto,2020-07,41,471368.10978868674
decreciente,Loss Incurred,month,cumulative,Synthetic,Portfolio,Auto,2020-07,42,470970.54837922467
decreciente,Loss Incurred,month,cumulative,Synthetic,Portfolio,Auto,2020-07,43,470601.79096439254
decreciente,Loss Incurred,month,cumulative,Synthetic,Portfolio,Auto,2020-07,44,470259.7506461994
decreciente,Loss Incurred,month,cumulative,Synthetic,Portfolio,Auto,2020-07,45,469942.4917259337
decreciente,Loss Incurred,month,cumulative,Synthetic,Portfolio,Auto,2020-07,46,469648.21874951985
decreciente,Loss Incurred,month,cumulative,Synthetic,Portfolio,Auto,2020-07,47,469375.26634655875
decreciente,Loss Incurred,month,cumulative,Synthetic,Portfolio,Auto,2020-07,48,469122.0898055449
decreciente,Loss Incurred,month,cumulative,Synthetic,Portfolio,Auto,2020-07,49,468887.2563319269
decreciente,Loss Incurred,month,cumulative,Synthetic,Portfolio,Auto,2020-07,50,468669.43693953526
decreciente,Loss Incurred,month,cumulative,Synthetic,Portfolio,Auto,2020-07,51,468467.39892948954
decreciente,Loss Incurred,month,cumulative,Synthetic,Portfolio,Auto,2020-07,52,468279.9989140226
decreciente,Loss Incurred,month,cumulative,Synthetic,Portfolio,Auto,2020-07,53,468106.176345739
decreciente,Loss Incurred,month,cumulative,Synthetic,Portfolio,Auto,2020-07,54,467944.94751569116
decreciente,Loss Incurred,month,cumulative,Synthetic,Portfolio,Auto,2020-07,55,467795.3999863037
decreciente,Loss Incurred,month,cumulative,Synthetic,Portfolio,Auto,2020-07,56,467656.6874276424
decreciente,Loss Incurred,month,cumulative,Synthetic,Portfolio,Auto,2020-07,57,467528.02482780424
decreciente,Loss Incurred,month,cumulative,Synthetic,Portfolio,Auto,2020-07,58,467408.68405032274
decreciente,Loss Incurred,month,cumulative,Synthetic,Portfolio,Auto,2020-07,59,467297.98971344595
decreciente,Loss Incurred,month,cumulative,Synthetic,Portfolio,Auto,2020-07,60,467195.3153679695
decreciente,Loss Incurred,month,cumulative,Synthetic,Portfolio,Auto,2020-07,61,467100.0799519901
decreciente,Loss Incurred,month,cumulative,Synthetic,Portfolio,Auto,2020-07,62,467011.7445025193
decreciente,Loss Incurred,month,cumulative,Synthetic,Portfolio,Auto,2020-07,63,466929.80910534656
decreciente,Loss Incurred,month,cumulative,Synthetic,Portfolio,Auto,2020-07,64,466853.8100658885
decreciente,Loss Incurred,month,cumulative,Synthetic,Portfolio,Auto,2020-07,65,466783.3172850168
decreciente,Loss Incurred,month,cumulative,Synthetic,Portfolio,Auto,2020-08,0,465936.1100692616
decreciente,Loss Incurred,month,cumulative,Synthetic,Portfolio,Auto,2020-08,1,458556.2132610151
decreciente,Loss Incurred,month,cumulative,Synthetic,Portfolio,Auto,2020-08,2,451730.9178932027
decreciente,Loss Incurred,month,cumulative,Synthetic,Portfolio,Auto,2020-08,3,445418.54550259875
decreciente,Loss Incurred,month,cumulative,Synthetic,Portfolio,Auto,2020-08,4,439580.54977488716
decreciente,Loss Incurred,month,cumulative,Synthetic,Portfolio,Auto,2020-08,5,434181.281162739
decreciente,Loss Incurred,month,cumulative,Synthetic,Portfolio,Auto,2020-08,6,429187.76919291157
decreciente,Loss Incurred,month,cumulative,Synthetic,Portfolio,Auto,2020-08,7,424569.52113303426
decreciente,Loss Incurred,month,cumulative,Synthetic,Portfolio,Auto,2020-08,8,420298.3357886449
decreciente,Loss Incurred,month,cumulative,Synthetic,Portfolio,Auto,2020-08,9,416348.1312934339
decreciente,Loss Incurred,month,cumulative,Synthetic,Portfolio,Auto,2020-08,10,412694.78584110335
decreciente,Loss Incurred,month,cumulative,Synthetic,Portfolio,Auto,2020-08,11,409315.9903862745
decreciente,Loss Incurred,month,cumulative,Synthetic,Portfolio,Auto,2020-08,12,406191.11241496465
decreciente,Loss Incurred,month,cumulative,Synthetic,Portfolio,Auto,2020-08,13,403301.06995275477
decreciente,Loss Incurred,month,cumulative,Synthetic,Portfolio,Auto,2020-08,14,400628.21504127956
decreciente,Loss Incurred,month,cumulative,Synthetic,Portfolio,Auto,2020-08,15,398156.2259714945
decreciente,Loss Incurred,month,cumulative,Synthetic,Portfolio,Auto,2020-08,16,395870.00761564524
decreciente,Loss Incurred,month,cumulative,Synthetic,Portfolio,Auto,2020-08,17,393755.5992493184
decreciente,Loss Incurred,month,cumulative,Synthetic,Portfolio,Auto,2020-08,18,391800.089300693
decreciente,Loss Incurred,month,cumulative,Synthetic,Portfolio,Auto,2020-08,19,389991.53650641144
decreciente,Loss Incurred,month,cumulative,Synthetic,Portfolio,Auto,2020-08,20,388318.89699260955
decreciente,Loss Incurred,month,cumulative,Synthetic,Portfolio,Auto,2020-08,21,386771.956835829
decreciente,Loss Incurred,month,cumulative,Synthetic,Portfolio,Auto,2020-08,22,385341.2696919982
decreciente,Loss Incurred,month,cumulative,Synthetic,Portfolio,Auto,2020-08,23,384018.0991126121
decreciente,Loss Incurred,month,cumulative,Synthetic,Portfolio,Auto,2020-08,24,382794.36519586976
decreciente,Loss Incurred,month,cumulative,Synthetic,Portfolio,Auto,2020-08,25,381662.59524699417
decreciente,Loss Incurred,month,cumulative,Synthetic,Portfolio,Auto,2020-08,26,380615.8781464437
decreciente,Loss Incurred,month,cumulative,Synthetic,Portfolio,Auto,2020-08,27,379647.82214736595
decreciente,Loss Incurred,month,cumulative,Synthetic,Portfolio,Auto,2020-08,28,378752.51584458613
decreciente,Loss Incurred,month,cumulative,Synthetic,Portfolio,Auto,2020-08,29,377924.4920767865
decreciente,Loss Incurred,month,cumulative,Synthetic,Portfolio,Auto,2020-08,30,377158.6945414489
decreciente,Loss Incurred,month,cumulative,Synthetic,Portfolio,Auto,2020-08,31,376450.44691869325
decreciente,Loss Incurred,month,cumulative,Synthetic,Portfolio,Auto,2020-08,32,375795.42431546986
decreciente,Loss Incurred,month,cumulative,Synthetic,Portfolio,Auto,2020-08,33,375189.626855728
decreciente,Loss Incurred,month,cumulative,Synthetic,Portfolio,Auto,2020-08,34,374629.355255292
decreciente,Loss Incurred,month,cumulative,Synthetic,Portfolio,Auto,2020-08,35,374111.1882322925
decreciente,Loss Incurred,month,cumulative,Synthetic,Portfolio,Auto,2020-08,36,373631.9616152102
decreciente,Loss Incurred,month,cumulative,Synthetic,Portfolio,Auto,2020-08,37,373188.74902095704
decreciente,Loss Incurred,month,cumulative,Synthetic,Portfolio,Auto,2020-08,38,372778.8439850043
decreciente,Loss Incurred,month,cumulative,Synthetic,Portfolio,Auto,2020-08,39,372399.7434344376
decreciente,Loss Incurred,month,cumulative,Synthetic,Portfolio,Auto,2020-08,40,372049.13240301685
decreciente,Loss Incurred,month,cumulative,Synthetic,Portfolio,Auto,2020-08,41,371724.8698949035
decreciente,Loss Incurred,month,cumulative,Synthetic,Portfolio,Auto,2020-08,42,371424.97581073304
decreciente,Loss Incurred,month,cumulative,Synthetic,Portfolio,Auto,2020-08,43,371147.6188561974
decreciente,Loss Incurred,month,cumulative,Synthetic,Portfolio,Auto,2020-08,44,370891.10535930033
decreciente,Loss Incurred,month,cumulative,Synthetic,Portfolio,Auto,2020-08,45,370653.86892800004
decreciente,Loss Incurred,month,cumulative,Synthetic,Portfolio,Auto,2020-08,46,370434.4608850825
decreciente,Loss Incurred,month,cumulative,Synthetic,Portfolio,Auto,2020-08,47,370231.5414218575
decreciente,Loss Incurred,month,cumulative,Synthetic,Portfolio,Auto,2020-08,48,370043.8714166562
decreciente,Loss Incurred,month,cumulative,Synthetic,Portfolio,Auto,2020-08,49,369870.3048681718
decreciente,Loss Incurred,month,cumulative,Synthetic,Portfolio,Auto,2020-08,50,369709.7818974369
decreciente,Loss Incurred,month,cumulative,Synthetic,Portfolio,Auto,2020-08,51,369561.3222757033
decreciente,Loss Incurred,month,cumulative,Synthetic,Portfolio,Auto,2020-08,52,369424.01943870523
decreciente,Loss Incurred,month,cumulative,Synthetic,Portfolio,Auto,2020-08,53,369297.034950751
decreciente,Loss Incurred,month,cumulative,Synthetic,Portfolio,Auto,2020-08,54,369179.5933848405
decreciente,Loss Incurred,month,cumulative,Synthetic,Portfolio,Auto,2020-08,55,369070.97758754354
decreciente,Loss Incurred,month,cumulative,Synthetic,Portfolio,Auto,2020-08,56,368970.52429972327
decreciente,Loss Incurred,month,cumulative,Synthetic,Portfolio,Auto,2020-08,57,368877.6201063645
decreciente,Loss Incurred,month,cumulative,Synthetic,Portfolio,Auto,2020-08,58,368791.6976907728
decreciente,Loss Incurred,month,cumulative,Synthetic,Portfolio,Auto,2020-08,59,368712.23237027216
decreciente,Loss Incurred,month,cumulative,Synthetic,Portfolio,Auto,2020-08,60,368638.73889224563
decreciente,Loss Incurred,month,cumulative,Synthetic,Portfolio,Auto,2020-08,61,368570.76847095485
decreciente,Loss Incurred,month,cumulative,Synthetic,Portfolio,Auto,2020-08,62,368507.9060470433
decreciente,Loss Incurred,month,cumulative,Synthetic,Portfolio,Auto,2020-08,63,368449.7677529882
decreciente,Loss Incurred,month,cumulative,Synthetic,Portfolio,Auto,2020-08,64,368395.9985690258
decreciente,Loss Incurred,month,cumulative,Synthetic,Portfolio,Auto,2020-09,0,505387.0617670433
decreciente,Loss Incurred,month,cumulative,Synthetic,Portfolio,Auto,2020-09,1,498000.598505218
decreciente,Loss Incurred,month,cumulative,Synthetic,Portfolio,Auto,2020-09,2,491109.3680791321
decreciente,Loss Incurred,month,cumulative,Synthetic,Portfolio,Auto,2020-09,3,484680.1671067474
decreciente,Loss Incurred,month,cumulative,Synthetic,Portfolio,Auto,2020-09,4,478682.01836006704
decreciente,Loss Incurred,month,cumulative,Synthetic,Portfolio,Auto,2020-09,5,473086.0215104058
decreciente,Loss Incurred,month,cumulative,Synthetic,Portfolio,Auto,2020-09,6,467865.21388059354
decreciente,Loss Incurred,month,cumulative,Synthetic,Portfolio,Auto,2020-09,7,462994.4405331861
decreciente,Loss Incurred,month,cumulative,Synthetic,Portfolio,Auto,2020-09,8,458450.2330687428
decreciente,Loss Incurred,month,cumulative,Synthetic,Portfolio,Auto,2020-09,9,454210.69655019534
decreciente,Loss Incurred,month,cumulative,Synthetic,Portfolio,Auto,2020-09,10,450255.4040084848
decreciente,Loss Incurred,month,cumulative,Synthetic,Portfolio,Auto,2020-09,11,446565.29802117497
decreciente,Loss Incurred,month,cumulative,Synthetic,Portfolio,Auto,2020-09,12,443122.59888982546
decreciente,Loss Incurred,month,cumulative,Synthetic,Portfolio,Auto,2020-09,13,439910.71897370537
decreciente,Loss Incurred,month,cumulative,Synthetic,Portfolio,Auto,2020-09,14,436914.1827670891
decreciente,Loss Incurred,month,cumulative,Synthetic,Portfolio,Auto,2020-09,15,434118.55233504955
decreciente,Loss Incurred,month,cumulative,Synthetic,Portfolio,Auto,2020-09,16,431510.35774848325
decreciente,Loss Incurred,month,cumulative,Synthetic,Portfolio,Auto,2020-09,17,429077.03218319017
decreciente,Loss Incurred,month,cumulative,Synthetic,Portfolio,Auto,2020-09,18,426806.85137029923
decreciente,Loss Incurred,month,cumulative,Synthetic,Portfolio,Auto,2020-09,19,424688.8771063014
decreciente,Loss Incurred,month,cumulative,Synthetic,Portfolio,Auto,2020-09,20,422712.9045505101
decreciente,Loss Incurred,month,cumulative,Synthetic,Portfolio,Auto,2020-09,21,420869.41305601445
decreciente,Loss Incurred,month,cumulative,Synthetic,Portfolio,Auto,2020-09,22,419149.520297222
decreciente,Loss Incurred,month,cumulative,Synthetic,Portfolio,Auto,2020-09,23,417544.9394729663
decreciente,Loss Incurred,month,cumulative,Synthetic,Portfolio,Auto,2020-09,24,416047.9393789736
decreciente,Loss Incurred,month,cumulative,Synthetic,Portfolio,Auto,2020-09,25,414651.30715731345
decreciente,Loss Incurred,month,cumulative,Synthetic,Portfolio,Auto,2020-09,26,413348.3135433468
decreciente,Loss Incurred,month,cumulative,Synthetic,Portfolio,Auto,2020-09,27,412132.68044273043
decreciente,Loss Incurred,month,cumulative,Synthetic,Portfolio,Auto,2020-09,28,410998.55068225076
decreciente,Loss Incurred,month,cumulative,Synthetic,Portfolio,Auto,2020-09,29,409940.45978874585
decreciente,Loss Incurred,month,cumulative,Synthetic,Portfolio,Auto,2020-09,30,408953.30966013565
decreciente,Loss Incurred,month,cumulative,Synthetic,Portfolio,Auto,2020-09,31,408032.34400170605
decreciente,Loss Incurred,month,cumulative,Synthetic,Portfolio,Auto,2020-09,32,407173.125409291
decreciente,Loss Incurred,month,cumulative,Synthetic,Portfolio,Auto,2020-09,33,406371.5139889364
decreciente,Loss Incurred,month,cumulative,Synthetic,Portfolio,Auto,2020-09,34,405623.64741002914
decreciente,Loss Incurred,month,cumulative,Synthetic,Portfolio,Auto,2020-09,35,404925.92229578487
decreciente,Loss Incurred,month,cumulative,Synthetic,Portfolio,Auto,2020-09,36,404274.97686142876
decreciente,Loss Incurred,month,cumulative,Synthetic,Portfolio,Auto,2020-09,37,403667.674716417
decreciente,Loss Incurred,month,cumulative,Synthetic,Portfolio,Auto,2020-09,38,403101.08975265484
decreciente,Loss Incurred,month,cumulative,Synthetic,Portfolio,Auto,2020-09,39,402572.49204589846
decreciente,Loss Incurred,month,cumulative,Synthetic,Portfolio,Auto,2020-09,40,402079.33470241254
decreciente,Loss Incurred,month,cumulative,Synthetic,Portfolio,Auto,2020-09,41,401619.2415875058
decreciente,Loss Incurred,month,cumulative,Synthetic,Portfolio,Auto,2020-09,42,401189.99587681977
decreciente,Loss Incurred,month,cumulative,Synthetic,Portfolio,Auto,2020-09,43,400789.529375208
decreciente,Loss Incurred,month,cumulative,Synthetic,Portfolio,Auto,2020-09,44,400415.9125517416
decreciente,Loss Incurred,month,cumulative,Synthetic,Portfolio,Auto,2020-09,45,400067.3452428272
decreciente,Loss Incurred,month,cumulative,Synthetic,Portfolio,Auto,2020-09,46,399742.14797864476
decreciente,Loss Incurred,month,cumulative,Synthetic,Portfolio,Auto,2020-09,47,399438.75389111234
decreciente,Loss Incurred,month,cumulative,Synthetic,Portfolio,Auto,2020-09,48,399155.7011643894
decreciente,Loss Incurred,month,cumulative,Synthetic,Portfolio,Auto,2020-09,49,398891.62599154434
decreciente,Loss Incurred,month,cumulative,Synthetic,Portfolio,Auto,2020-09,50,398645.2560034489
decreciente,Loss Incurred,month,cumulative,Synthetic,Portfolio,Auto,2020-09,51,398415.40413823863
decreciente,Loss Incurred,month,cumulative,Synthetic,Portfolio,Auto,2020-09,52,398200.96292180213
decreciente,Loss Incurred,month,cumulative,Synthetic,Portfolio,Auto,2020-09,53,398000.89913174015
decreciente,Loss Incurred,month,cumulative,Synthetic,Portfolio,Auto,2020-09,54,397814.24881908536
decreciente,Loss Incurred,month,cumulative,Synthetic,Portfolio,Auto,2020-09,55,397640.1126637953
decreciente,Loss Incurred,month,cumulative,Synthetic,Portfolio,Auto,2020-09,56,397477.6516416417
decreciente,Loss Incurred,month,cumulative,Synthetic,Portfolio,Auto,2020-09,57,397326.0829816167
decreciente,Loss Incurred,month,cumulative,Synthetic,Portfolio,Auto,2020-09,58,397184.6763943799
decreciente,Loss Incurred,month,cumulative,Synthetic,Portfolio,Auto,2020-09,59,397052.7505535718
decreciente,Loss Incurred,month,cumulative,Synthetic,Portfolio,Auto,2020-09,60,396929.6698130416
decreciente,Loss Incurred,month,cumulative,Synthetic,Portfolio,Auto,2020-09,61,396814.8411441723
decreciente,Loss Incurred,month,cumulative,Synthetic,Portfolio,Auto,2020-09,62,396707.71127854526
decreciente,Loss Incurred,month,cumulative,Synthetic,Portfolio,Auto,2020-09,63,396607.76404217747
decreciente,Loss Incurred,month,cumulative,Synthetic,Portfolio,Auto,2020-10,0,549184.459628547
decreciente,Loss Incurred,month,cumulative,Synthetic,Portfolio,Auto,2020-10,1,540602.9476056513
decreciente,Loss Incurred,month,cumulative,Synthetic,Portfolio,Auto,2020-10,2,532591.6499616111
decreciente,Loss Incurred,month,cumulative,Synthetic,Portfolio,Auto,2020-10,3,525112.6777513331
decreciente,Loss Incurred,month,cumulative,Synthetic,Portfolio,Auto,2020-10,4,518130.65963049553
decreciente,Loss Incurred,month,cumulative,Synthetic,Portfolio,Auto,2020-10,5,511612.57456892653
decreciente,Loss Incurred,month,cumulative,Synthetic,Portfolio,Auto,2020-10,6,505527.5956796489
decreciente,Loss Incurred,month,cumulative,Synthetic,Portfolio,Auto,2020-10,7,499846.9444249934
decreciente,Loss Incurred,month,cumulative,Synthetic,Portfolio,Auto,2020-10,8,494543.7545102539
decreciente,Loss Incurred,month,cumulative,Synthetic,Portfolio,Auto,2020-10,9,489592.9448211808
decreciente,Loss Incurred,month,cumulative,Synthetic,Portfolio,Auto,2020-10,10,484971.1008043754
decreciente,Loss Incurred,month,cumulative,Synthetic,Portfolio,Auto,2020-10,11,480656.3637295843
decreciente,Loss Incurred,month,cumulative,Synthetic,Portfolio,Auto,2020-10,12,476628.32731016283
decreciente,Loss Incurred,month,cumulative,Synthetic,Portfolio,Auto,2020-10,13,472867.9411927837
decreciente,Loss Incurred,month,cumulative,Synthetic,Portfolio,Auto,2020-10,14,469357.4208599489
decreciente,Loss Incurred,month,cumulative,Synthetic,Portfolio,Auto,2020-10,15,466080.163519196
decreciente,Loss Incurred,month,cumulative,Synthetic,Portfolio,Auto,2020-10,16,463020.6695812002
decreciente,Loss Incurred,month,cumulative,Synthetic,Portfolio,Auto,2020-10,17,460164.4693554095
decreciente,Loss Incurred,month,cumulative,Synthetic,Portfolio,Auto,2020-10,18,457498.0546165225
decreciente,Loss Incurred,month,cumulative,Synthetic,Portfolio,Auto,2020-10,19,455008.8147181588
decreciente,Loss Incurred,month,cumulative,Synthetic,Portfolio,Auto,2020-10,20,452684.97695157345
decreciente,Loss Incurred,month,cumulative,Synthetic,Portfolio,Auto,2020-10,21,450515.5508673466
decreciente,Loss Incurred,month,cumulative,Synthetic,Portfolio,Auto,2020-10,22,448490.27629672113
decreciente,Loss Incurred,month,cumulative,Synthetic,Portfolio,Auto,2020-10,23,446599.5748267591
decreciente,Loss Incurred,month,cumulative,Synthetic,Portfolio,Auto,2020-10,24,444834.50449981925
decreciente,Loss Incurred,month,cumulative,Synthetic,Portfolio,Auto,2020-10,25,443186.7175231127
decreciente,Loss Incurred,month,cumulative,Synthetic,Portfolio,Auto,2020-10,26,441648.42078832426
decreciente,Loss Incurred,month,cumulative,Synthetic,Portfolio,Auto,2020-10,27,440212.3390145801
decreciente,Loss Incurred,month,cumulative,Synthetic,Portfolio,Auto,2020-10,28,438871.68034045026
decreciente,Loss Incurred,month,cumulative,Synthetic,Portfolio,Auto,2020-10,29,437620.10420225176
decreciente,Loss Incurred,month,cumulative,Synthetic,Portfolio,Auto,2020-10,30,436451.6913467394
decreciente,Loss Incurred,month,cumulative,Synthetic,Portfolio,Auto,2020-10,31,435360.9158363563
decreciente,Loss Incurred,month,cumulative,Synthetic,Portfolio,Auto,2020-10,32,434342.618914649
decreciente,Loss Incurred,month,cumulative,Synthetic,Portfolio,Auto,2020-10,33,433391.9846082422
decreciente,Loss Incurred,month,cumulative,Synthetic,Portfolio,Auto,2020-10,34,432504.51694998547
decreciente,Loss Incurred,month,cumulative,Synthetic,Portfolio,Auto,2020-10,35,431676.01871555025
decreciente,Loss Incurred,month,cumulative,Synthetic,Portfolio,Auto,2020-10,36,430902.5715729122
decreciente,Loss Incurred,month,cumulative,Synthetic,Portfolio,Auto,2020-10,37,430180.51755083853
decreciente,Loss Incurred,month,cumulative,Synthetic,Portfolio,Auto,2020-10,38,429506.4417387351
decreciente,Loss Incurred,month,cumulative,Synthetic,Portfolio,Auto,2020-10,39,428877.15613603476
decreciente,Loss Incurred,month,cumulative,Synthetic,Portfolio,Auto,2020-10,40,428289.6845747421
decreciente,Loss Incurred,month,cumulative,Synthetic,Portfolio,Auto,2020-10,41,427741.2486438284
decreciente,Loss Incurred,month,cumulative,Synthetic,Portfolio,Auto,2020-10,42,427229.25454890507
decreciente,Loss Incurred,month,cumulative,Synthetic,Portfolio,Auto,2020-10,43,426751.28084503114
decreciente,Loss Incurred,month,cumulative,Synthetic,Portfolio,Auto,2020-10,44,426305.06698463665
decreciente,Loss Incurred,month,cumulative,Synthetic,Portfolio,Auto,2020-10,45,425888.5026264001
decreciente,Loss Incurred,month,cumulative,Synthetic,Portfolio,Auto,2020-10,46,425499.61765451776
decreciente,Loss Incurred,month,cumulative,Synthetic,Portfolio,Auto,2020-10,47,425136.5728611607
decreciente,Loss Incurred,month,cumulative,Synthetic,Portfolio,Auto,2020-10,48,424797.6512480531
decreciente,Loss Incurred,month,cumulative,Synthetic,Portfolio,Auto,2020-10,49,424481.2499060332
decreciente,Loss Incurred,month,cumulative,Synthetic,Portfolio,Auto,2020-10,50,424185.87243419234
decreciente,Loss Incurred,month,cumulative,Synthetic,Portfolio,Auto,2020-10,51,423910.12186273735
decreciente,Loss Incurred,month,cumulative,Synthetic,Portfolio,Auto,2020-10,52,423652.69404610724
decreciente,Loss Incurred,month,cumulative,Synthetic,Portfolio,Auto,2020-10,53,423412.3714950955
decreciente,Loss Incurred,month,cumulative,Synthetic,Portfolio,Auto,2020-10,54,423188.0176188097
decreciente,Loss Incurred,month,cumulative,Synthetic,Portfolio,Auto,2020-10,55,422978.57134923333
decreciente,Loss Incurred,month,cumulative,Synthetic,Portfolio,Auto,2020-10,56,422783.04212296964
decreciente,Loss Incurred,month,cumulative,Synthetic,Portfolio,Auto,2020-10,57,422600.5051964317
decreciente,Loss Incurred,month,cumulative,Synthetic,Portfolio,Auto,2020-10,58,422430.09727232443
decreciente,Loss Incurred,month,cumulative,Synthetic,Portfolio,Auto,2020-10,59,422271.01241673203
decreciente,Loss Incurred,month,cumulative,Synthetic,Portfolio,Auto,2020-10,60,422122.49824750295
decreciente,Loss Incurred,month,cumulative,Synthetic,Portfolio,Auto,2020-10,61,421983.852375904
decreciente,Loss Incurred,month,cumulative,Synthetic,Portfolio,Auto,2020-10,62,421854.4190847154
decreciente,Loss Incurred,month,cumulative,Synthetic,Portfolio,Auto,2020-11,0,570659.381712599
decreciente,Loss Incurred,month,cumulative,Synthetic,Portfolio,Auto,2020-11,1,559477.5835260306
decreciente,Loss Incurred,month,cumulative,Synthetic,Portfolio,Auto,2020-11,2,549225.4533794579
decreciente,Loss Incurred,month,cumulative,Synthetic,Portfolio,Auto,2020-11,3,539825.6975630345
decreciente,Loss Incurred,month,cumulative,Synthetic,Portfolio,Auto,2020-11,4,531207.4486581547
decreciente,Loss Incurred,month,cumulative,Synthetic,Portfolio,Auto,2020-11,5,523305.7312479336
decreciente,Loss Incurred,month,cumulative,Synthetic,Portfolio,Auto,2020-11,6,516060.97204915475
decreciente,Loss Incurred,month,cumulative,Synthetic,Portfolio,Auto,2020-11,7,509418.5507724338
decreciente,Loss Incurred,month,cumulative,Synthetic,Portfolio,Auto,2020-11,8,503328.3883244019
decreciente,Loss Incurred,month,cumulative,Synthetic,Portfolio,Auto,2020-11,9,497744.5692472527
decreciente,Loss Incurred,month,cumulative,Synthetic,Portfolio,Auto,2020-11,10,492624.99554911384
decreciente,Loss Incurred,month,cumulative,Synthetic,Portfolio,Auto,2020-11,11,487931.0693153764
decreciente,Loss Incurred,month,cumulative,Synthetic,Portfolio,Auto,2020-11,12,483627.4017080953
decreciente,Loss Incurred,month,cumulative,Synthetic,Portfolio,Auto,2020-11,13,479681.54615952744
decreciente,Loss Incurred,month,cumulative,Synthetic,Portfolio,Auto,2020-11,14,476063.75374827755
decreciente,Loss Incurred,month,cumulative,Synthetic,Portfolio,Auto,2020-11,15,472746.7489137627
decreciente,Loss Incurred,month,cumulative,Synthetic,Portfolio,Auto,2020-11,16,469705.5238180435
decreciente,Loss Incurred,month,cumulative,Synthetic,Portfolio,Auto,2020-11,17,466917.149804659
decreciente,Loss Incurred,month,cumulative,Synthetic,Portfolio,Auto,2020-11,18,464360.60453299794
decreciente,Loss Incurred,month,cumulative,Synthetic,Portfolio,Auto,2020-11,19,462016.61348492495
decreciente,Loss Incurred,month,cumulative,Synthetic,Portfolio,Auto,2020-11,20,459867.5046487351
decreciente,Loss Incurred,month,cumulative,Synthetic,Portfolio,Auto,2020-11,21,457897.07528485736
decreciente,Loss Incurred,month,cumulative,Synthetic,Portfolio,Auto,2020-11,22,456090.4697688171
decreciente,Loss Incurred,month,cumulative,Synthetic,Portfolio,Auto,2020-11,23,454434.06759047974
decreciente,Loss Incurred,month,cumulative,Synthetic,Portfolio,Auto,2020-11,24,452915.38066517096
decreciente,Loss Incurred,month,cumulative,Synthetic,Portfolio,Auto,2020-11,25,451522.95918247366
decreciente,Loss Incurred,month,cumulative,Synthetic,Portfolio,Auto,2020-11,26,450246.30528286705
decreciente,Loss Incurred,month,cumulative,Synthetic,Portfolio,Auto,2020-11,27,449075.79391139373
decreciente,Loss Incurred,month,cumulative,Synthetic,Portfolio,Auto,2020-11,28,448002.6002516475
decreciente,Loss Incurred,month,cumulative,Synthetic,Portfolio,Auto,2020-11,29,447018.63319298497
decreciente,Loss Incurred,month,cumulative,Synthetic,Portfolio,Auto,2020-11,30,446116.4743293537
decreciente,Loss Incurred,month,cumulative,Synthetic,Portfolio,Auto,2020-11,31,445289.32202982984
decreciente,Loss Incurred,month,cumulative,Synthetic,Portfolio,Auto,2020-11,32,444530.9401591981
decreciente,Loss Incurred,month,cumulative,Synthetic,Portfolio,Auto,2020-11,33,443835.6110619642
decreciente,Loss Incurred,month,cumulative,Synthetic,Portfolio,Auto,2020-11,34,443198.0924553322
decreciente,Loss Incurred,month,cumulative,Synthetic,Portfolio,Auto,2020-11,35,442613.5779061515
decreciente,Loss Incurred,month,cumulative,Synthetic,Portfolio,Auto,2020-11,36,442077.6605938568
decreciente,Loss Incurred,month,cumulative,Synthetic,Portfolio,Auto,2020-11,37,441586.3000862019
decreciente,Loss Incurred,month,cumulative,Synthetic,Portfolio,Auto,2020-11,38,441135.79187729734
decreciente,Loss Incurred,month,cumulative,Synthetic,Portfolio,Auto,2020-11,39,440722.7394582922
decreciente,Loss Incurred,month,cumulative,Synthetic,Portfolio,Auto,2020-11,40,440344.02871013316
decreciente,Loss Incurred,month,cumulative,Synthetic,Portfolio,Auto,2020-11,41,439996.80442534015
decreciente,Loss Incurred,month,cumulative,Synthetic,Portfolio,Auto,2020-11,42,439678.4487817885
decreciente,Loss Incurred,month,cumulative,Synthetic,Portfolio,Auto,2020-11,43,439386.56160620815
decreciente,Loss Incurred,month,cumulative,Synthetic,Portfolio,Auto,2020-11,44,439118.94227859774
decreciente,Loss Incurred,month,cumulative,Synthetic,Portfolio,Auto,2020-11,45,438873.5731411278
decreciente,Loss Incurred,month,cumulative,Synthetic,Portfolio,Auto,2020-11,46,438648.6042864479
decreciente,Loss Incurred,month,cumulative,Synthetic,Portfolio,Auto,2020-11,47,438442.33961071144
decreciente,Loss Incurred,month,cumulative,Synthetic,Portfolio,Auto,2020-11,48,438253.2240261687
decreciente,Loss Incurred,month,cumulative,Synthetic,Portfolio,Auto,2020-11,49,438079.83173692075
decreciente,Loss Incurred,month,cumulative,Synthetic,Portfolio,Auto,2020-11,50,437920.85548944055
decreciente,Loss Incurred,month,cumulative,Synthetic,Portfolio,Auto,2020-11,51,437775.0967168186
decreciente,Loss Incurred,month,cumulative,Synthetic,Portfolio,Auto,2020-11,52,437641.45650242805
decreciente,Loss Incurred,month,cumulative,Synthetic,Portfolio,Auto,2020-11,53,437518.92729488126
decreciente,Loss Incurred,month,cumulative,Synthetic,Portfolio,Auto,2020-11,54,437406.5853118149
decreciente,Loss Incurred,month,cumulative,Synthetic,Portfolio,Auto,2020-11,55,437303.58357523347
decreciente,Loss Incurred,month,cumulative,Synthetic,Portfolio,Auto,2020-11,56,437209.1455259022
decreciente,Loss Incurred,month,cumulative,Synthetic,Portfolio,Auto,2020-11,57,437122.5591686474
decreciente,Loss Incurred,month,cumulative,Synthetic,Portfolio,Auto,2020-11,58,437043.1717044237
decreciente,Loss Incurred,month,cumulative,Synthetic,Portfolio,Auto,2020-11,59,436970.38460867683
decreciente,Loss Incurred,month,cumulative,Synthetic,Portfolio,Auto,2020-11,60,436903.6491188979
decreciente,Loss Incurred,month,cumulative,Synthetic,Portfolio,Auto,2020-11,61,436842.4620973481
decreciente,Loss Incurred,month,cumulative,Synthetic,Portfolio,Auto,2020-12,0,504089.9850073814
decreciente,Loss Incurred,month,cumulative,Synthetic,Portfolio,Auto,2020-12,1,495889.38757969247
decreciente,Loss Incurred,month,cumulative,Synthetic,Portfolio,Auto,2020-12,2,488309.1566337529
decreciente,Loss Incurred,month,cumulative,Synthetic,Portfolio,Auto,2020-12,3,481302.36210439715
decreciente,Loss Incurred,month,cumulative,Synthetic,Portfolio,Auto,2020-12,4,474825.62413602317
decreciente,Loss Incurred,month,cumulative,Synthetic,Portfolio,Auto,2020-12,5,468838.8445130116
decreciente,Loss Incurred,month,cumulative,Synthetic,Portfolio,Auto,2020-12,6,463304.9584071474
decreciente,Loss Incurred,month,cumulative,Synthetic,Portfolio,Auto,2020-12,7,458189.7049050865
decreciente,Loss Incurred,month,cumulative,Synthetic,Portfolio,Auto,2020-12,8,453461.4148951751
decreciente,Loss Incurred,month,cumulative,Synthetic,Portfolio,Auto,2020-12,9,449090.8150004051
decreciente,Loss Incurred,month,cumulative,Synthetic,Portfolio,Auto,2020-12,10,445050.84634363477
decreciente,Loss Incurred,month,cumulative,Synthetic,Portfolio,Auto,2020-12,11,441316.49702302594
decreciente,Loss Incurred,month,cumulative,Synthetic,Portfolio,Auto,2020-12,12,437864.64726053795
decreciente,Loss Incurred,month,cumulative,Synthetic,Portfolio,Auto,2020-12,13,434673.9262647728
decreciente,Loss Incurred,month,cumulative,Synthetic,Portfolio,Auto,2020-12,14,431724.57992199354
decreciente,Loss Incurred,month,cumulative,Synthetic,Portfolio,Auto,2020-12,15,428998.3484961779
decreciente,Loss Incurred,month,cumulative,Synthetic,Portfolio,Auto,2020-12,16,426478.35358093126
decreciente,Loss Incurred,month,cumulative,Synthetic,Portfolio,Auto,2020-12,17,424148.99360336846
decreciente,Loss Incurred,month,cumulative,Synthetic,Portfolio,Auto,2020-12,18,421995.84723301546
decreciente,Loss Incurred,month,cumulative,Synthetic,Portfolio,Auto,2020-12,19,420005.58409772505
decreciente,Loss Incurred,month,cumulative,Synthetic,Portfolio,Auto,2020-12,20,418165.8822538384
decreciente,Loss Incurred,month,cumulative,Synthetic,Portfolio,Auto,2020-12,21,416465.3518996418
decreciente,Loss Incurred,month,cumulative,Synthetic,Portfolio,Auto,2020-12,22,414893.4648598187
decreciente,Loss Incurred,month,cumulative,Synthetic,Portfolio,Auto,2020-12,23,413440.48940432846
decreciente,Loss Incurred,month,cumulative,Synthetic,Portfolio,Auto,2020-12,24,412097.42999816744
decreciente,Loss Incurred,month,cumulative,Synthetic,Portfolio,Auto,2020-12,25,410855.9716089966
decreciente,Loss Incurred,month,cumulative,Synthetic,Portfolio,Auto,2020-12,26,409708.4282278382
decreciente,Loss Incurred,month,cumulative,Synthetic,Portfolio,Auto,2020-12,27,408647.6952841268
decreciente,Loss Incurred,month,cumulative,Synthetic,Portfolio,Auto,2020-12,28,407667.20566051104
decreciente,Loss Incurred,month,cumulative,Synthetic,Portfolio,Auto,2020-12,29,406760.88903508935
decreciente,Loss Incurred,month,cumulative,Synthetic,Portfolio,Auto,2020-12,30,405923.13429936185
decreciente,Loss Incurred,month,cumulative,Synthetic,Portfolio,Auto,2020-12,31,405148.75481922453
decreciente,Loss Incurred,month,cumulative,Synthetic,Portfolio,Auto,2020-12,32,404432.95632393233
decreciente,Loss Incurred,month,cumulative,Synthetic,Portfolio,Auto,2020-12,33,403771.3072242276
decreciente,Loss Incurred,month,cumulative,Synthetic,Portfolio,Auto,2020-12,34,403159.71117587143
decreciente,Loss Incurred,month,cumulative,Synthetic,Portfolio,Auto,2020-12,35,402594.38171871373
decreciente,Loss Incurred,month,cumulative,Synthetic,Portfolio,Auto,2020-12,36,402071.8188342916
decreciente,Loss Incurred,month,cumulative,Synthetic,Portfolio,Auto,2020-12,37,401588.7872768197
decreciente,Loss Incurred,month,cumulative,Synthetic,Portfolio,Auto,2020-12,38,401142.29654341895
decreciente,Loss Incurred,month,cumulative,Synthetic,Portfolio,Auto,2020-12,39,400729.5823595751
decreciente,Loss Incurred,month,cumulative,Synthetic,Portfolio,Auto,2020-12,40,400348.08956520417
decreciente,Loss Incurred,month,cumulative,Synthetic,Portfolio,Auto,2020-12,41,399995.4562953669
decreciente,Loss Incurred,month,cumulative,Synthetic,Portfolio,Auto,2020-12,42,399669.4993576977
decreciente,Loss Incurred,month,cumulative,Synthetic,Portfolio,Auto,2020-12,43,399368.20071601326
decreciente,Loss Incurred,month,cumulative,Synthetic,Portfolio,Auto,2020-12,44,399089.6949964234
decreciente,Loss Incurred,month,cumulative,Synthetic,Portfolio,Auto,2020-12,45,398832.2579385903
decreciente,Loss Incurred,month,cumulative,Synthetic,Portfolio,Auto,2020-12,46,398594.2957206392
decreciente,Loss Incurred,month,cumulative,Synthetic,Portfolio,Auto,2020-12,47,398374.33509162616
decreciente,Loss Incurred,month,cumulative,Synthetic,Portfolio,Auto,2020-12,48,398171.0142504757
decreciente,Loss Incurred,month,cumulative,Synthetic,Portfolio,Auto,2020-12,49,397983.07441491704
decreciente,Loss Incurred,month,cumulative,Synthetic,Portfolio,Auto,2020-12,50,397809.3520282204
decreciente,Loss Incurred,month,cumulative,Synthetic,Portfolio,Auto,2020-12,51,397648.7715554863
decreciente,Loss Incurred,month,cumulative,Synthetic,Portfolio,Auto,2020-12,52,397500.3388248875
decreciente,Loss Incurred,month,cumulative,Synthetic,Portfolio,Auto,2020-12,53,397363.1348726395
decreciente,Loss Incurred,month,cumulative,Synthetic,Portfolio,Auto,2020-12,54,397236.31025359104
decreciente,Loss Incurred,month,cumulative,Synthetic,Portfolio,Auto,2020-12,55,397119.0797822143
decreciente,Loss Incurred,month,cumulative,Synthetic,Portfolio,Auto,2020-12,56,397010.71767143253
decreciente,Loss Incurred,month,cumulative,Synthetic,Portfolio,Auto,2020-12,57,396910.5530391897
decreciente,Loss Incurred,month,cumulative,Synthetic,Portfolio,Auto,2020-12,58,396817.9657549448
decreciente,Loss Incurred,month,cumulative,Synthetic,Portfolio,Auto,2020-12,59,396732.38260037306
decreciente,Loss Incurred,month,cumulative,Synthetic,Portfolio,Auto,2020-12,60,396653.2737205073
decreciente,Loss Incurred,month,cumulative,Synthetic,Portfolio,Auto,2021-01,0,478191.0559877438
decreciente,Loss Incurred,month,cumulative,Synthetic,Portfolio,Auto,2021-01,1,471883.4417383035
decreciente,Loss Incurred,month,cumulative,Synthetic,Portfolio,Auto,2021-01,2,466013.4661368763
decreciente,Loss Incurred,month,cumulative,Synthetic,Portfolio,Auto,2021-01,3,460550.7646781739
decreciente,Loss Incurred,month,cumulative,Synthetic,Portfolio,Auto,2021-01,4,455467.0796250955
decreciente,Loss Incurred,month,cumulative,Synthetic,Portfolio,Auto,2021-01,5,450736.11383568344
decreciente,Loss Incurred,month,cumulative,Synthetic,Portfolio,Auto,2021-01,6,446333.39473194303
decreciente,Loss Incurred,month,cumulative,Synthetic,Portfolio,Auto,2021-01,7,442236.1477068597
decreciente,Loss Incurred,month,cumulative,Synthetic,Portfolio,Auto,2021-01,8,438423.1783147644
decreciente,Loss Incurred,month,cumulative,Synthetic,Portfolio,Auto,2021-01,9,434874.76263563917
decreciente,Loss Incurred,month,cumulative,Synthetic,Portfolio,Auto,2021-01,10,431572.5452462301
decreciente,Loss Incurred,month,cumulative,Synthetic,Portfolio,Auto,2021-01,11,428499.44427018985
decreciente,Loss Incurred,month,cumulative,Synthetic,Portfolio,Auto,2021-01,12,425639.56301608833
decreciente,Loss Incurred,month,cumulative,Synthetic,Portfolio,Auto,2021-01,13,422978.10774620646
decreciente,Loss Incurred,month,cumulative,Synthetic,Portfolio,Auto,2021-01,14,420501.31115074526
decreciente,Loss Incurred,month,cumulative,Synthetic,Portfolio,Auto,2021-01,15,418196.3611315926
decreciente,Loss Incurred,month,cumulative,Synthetic,Portfolio,Auto,2021-01,16,416051.3345272571
decreciente,Loss Incurred,month,cumulative,Synthetic,Portfolio,Auto,2021-01,17,414055.1354361381
decreciente,Loss Incurred,month,cumulative,Synthetic,Portfolio,Auto,2021-01,18,412197.43781908747
decreciente,Loss Incurred,month,cumulative,Synthetic,Portfolio,Auto,2021-01,19,410468.63208435447
decreciente,Loss Incurred,month,cumulative,Synthetic,Portfolio,Auto,2021-01,20,408859.7753786054
decreciente,Loss Incurred,month,cumulative,Synthetic,Portfolio,Auto,2021-01,21,407362.5453268822
decreciente,Loss Incurred,month,cumulative,Synthetic,Portfolio,Auto,2021-01,22,405969.19698220206
decreciente,Loss Incurred,month,cumulative,Synthetic,Portfolio,Auto,2021-01,23,404672.5227621058
decreciente,Loss Incurred,month,cumulative,Synthetic,Portfolio,Auto,2021-01,24,403465.81516491243
decreciente,Loss Incurred,month,cumulative,Synthetic,Portfolio,Auto,2021-01,25,402342.8320728169
decreciente,Loss Incurred,month,cumulative,Synthetic,Portfolio,Auto,2021-01,26,401297.764462349
decreciente,Loss Incurred,month,cumulative,Synthetic,Portfolio,Auto,2021-01,27,400325.20635516406
decreciente,Loss Incurred,month,cumulative,Synthetic,Portfolio,Auto,2021-01,28,399420.1268537262
decreciente,Loss Incurred,month,cumulative,Synthetic,Portfolio,Auto,2021-01,29,398577.8441172283
decreciente,Loss Incurred,month,cumulative,Synthetic,Portfolio,Auto,2021-01,30,397794.00114313
decreciente,Loss Incurred,month,cumulative,Synthetic,Portfolio,Auto,2021-01,31,397064.5432290358
decreciente,Loss Incurred,month,cumulative,Synthetic,Portfolio,Auto,2021-01,32,396385.6969983265
decreciente,Loss Incurred,month,cumulative,Synthetic,Portfolio,Auto,2021-01,33,395753.9508810465
decreciente,Loss Incurred,month,cumulative,Synthetic,Portfolio,Auto,2021-01,34,395166.0369490778
decreciente,Loss Incurred,month,cumulative,Synthetic,Portfolio,Auto,2021-01,35,394618.9140116373
decreciente,Loss Incurred,month,cumulative,Synthetic,Portfolio,Auto,2021-01,36,394109.75188365177
decreciente,Loss Incurred,month,cumulative,Synthetic,Portfolio,Auto,2021-01,37,393635.9167456341
decreciente,Loss Incurred,month,cumulative,Synthetic,Portfolio,Auto,2021-01,38,393194.95751932927
decreciente,Loss Incurred,month,cumulative,Synthetic,Portfolio,Auto,2021-01,39,392784.5931886533
decreciente,Loss Incurred,month,cumulative,Synthetic,Portfolio,Auto,2021-01,40,392402.70100033854
decreciente,Loss Incurred,month,cumulative,Synthetic,Portfolio,Auto,2021-01,41,392047.3054832488
decreciente,Loss Incurred,month,cumulative,Synthetic,Portfolio,Auto,2021-01,42,391716.5682295622
decreciente,Loss Incurred,month,cumulative,Synthetic,Portfolio,Auto,2021-01,43,391408.77838496363
decreciente,Loss Incurred,month,cumulative,Synthetic,Portfolio,Auto,2021-01,44,391122.3437986506
decreciente,Loss Incurred,month,cumulative,Synthetic,Portfolio,Auto,2021-01,45,390855.78278737573
decreciente,Loss Incurred,month,cumulative,Synthetic,Portfolio,Auto,2021-01,46,390607.7164709211
decreciente,Loss Incurred,month,cumulative,Synthetic,Portfolio,Auto,2021-01,47,390376.86163935735
decreciente,Loss Incurred,month,cumulative,Synthetic,Portfolio,Auto,2021-01,48,390162.02411519014
decreciente,Loss Incurred,month,cumulative,Synthetic,Portfolio,Auto,2021-01,49,389962.09257605963
decreciente,Loss Incurred,month,cumulative,Synthetic,Portfolio,Auto,2021-01,50,389776.0328060354
decreciente,Loss Incurred,month,cumulative,Synthetic,Portfolio,Auto,2021-01,51,389602.88234577293
decreciente,Loss Incurred,month,cumulative,Synthetic,Portfolio,Auto,2021-01,52,389441.7455138547
decreciente,Loss Incurred,month,cumulative,Synthetic,Portfolio,Auto,2021-01,53,389291.78877356503
decreciente,Loss Incurred,month,cumulative,Synthetic,Portfolio,Auto,2021-01,54,389152.2364211287
decreciente,Loss Incurred,month,cumulative,Synthetic,Portfolio,Auto,2021-01,55,389022.3665731119
decreciente,Loss Incurred,month,cumulative,Synthetic,Portfolio,Auto,2021-01,56,388901.50743222726
decreciente,Loss Incurred,month,cumulative,Synthetic,Portfolio,Auto,2021-01,57,388789.03381222655
decreciente,Loss Incurred,month,cumulative,Synthetic,Portfolio,Auto,2021-01,58,388684.3639039064
decreciente,Loss Incurred,month,cumulative,Synthetic,Portfolio,Auto,2021-01,59,388586.9562654957
decreciente,Loss Incurred,month,cumulative,Synthetic,Portfolio,Auto,2021-02,0,606878.8504079232
decreciente,Loss Incurred,month,cumulative,Synthetic,Portfolio,Auto,2021-02,1,597758.6598230264
decreciente,Loss Incurred,month,cumulative,Synthetic,Portfolio,Auto,2021-02,2,589284.7839450331
decreciente,Loss Incurred,month,cumulative,Synthetic,Portfolio,Auto,2021-02,3,581411.4208034173
decreciente,Loss Incurred,month,cumulative,Synthetic,Portfolio,Auto,2021-02,4,574096.0142465733
decreciente,Loss Incurred,month,cumulative,Synthetic,Portfolio,Auto,2021-02,5,567299.0239224444
decreciente,Loss Incurred,month,cumulative,Synthetic,Portfolio,Auto,2021-02,6,560983.711559787
decreciente,Loss Incurred,month,cumulative,Synthetic,Portfolio,Auto,2021-02,7,555115.9423949037
decreciente,Loss Incurred,month,cumulative,Synthetic,Portfolio,Auto,2021-02,8,549664.0006705412
decreciente,Loss Incurred,month,cumulative,Synthetic,Portfolio,Auto,2021-02,9,544598.4182097089
decreciente,Loss Incurred,month,cumulative,Synthetic,Portfolio,Auto,2021-02,10,539891.8151378478
decreciente,Loss Incurred,month,cumulative,Synthetic,Portfolio,Auto,2021-02,11,535518.7518924392
decreciente,Loss Incurred,month,cumulative,Synthetic,Portfolio,Auto,2021-02,12,531455.5917201535
decreciente,Loss Incurred,month,cumulative,Synthetic,Portfolio,Auto,2021-02,13,527680.3729183257
decreciente,Loss Incurred,month,cumulative,Synthetic,Portfolio,Auto,2021-02,14,524172.69013021246
decreciente,Loss Incurred,month,cumulative,Synthetic,Portfolio,Auto,2021-02,15,520913.58405242185
decreciente,Loss Incurred,month,cumulative,Synthetic,Portfolio,Auto,2021-02,16,517885.4389583767
decreciente,Loss Incurred,month,cumulative,Synthetic,Portfolio,Auto,2021-02,17,515071.8874839167
decreciente,Loss Incurred,month,cumulative,Synthetic,Portfolio,Auto,2021-02,18,512457.72216039797
decreciente,Loss Incurred,month,cumulative,Synthetic,Portfolio,Auto,2021-02,19,510028.8132171203
decreciente,Loss Incurred,month,cumulative,Synthetic,Portfolio,Auto,2021-02,20,507772.0322087971
decreciente,Loss Incurred,month,cumulative,Synthetic,Portfolio,Auto,2021-02,21,505675.18105526833
decreciente,Loss Incurred,month,cumulative,Synthetic,Portfolio,Auto,2021-02,22,503726.92610991054
decreciente,Loss Incurred,month,cumulative,Synthetic,Portfolio,Auto,2021-02,23,501916.73690037936
decreciente,Loss Incurred,month,cumulative,Synthetic,Portfolio,Auto,2021-02,24,500234.8292105716
decreciente,Loss Incurred,month,cumulative,Synthetic,Portfolio,Auto,2021-02,25,498672.1121961622
decreciente,Loss Incurred,month,cumulative,Synthetic,Portfolio,Auto,2021-02,26,497220.1392478708
decreciente,Loss Incurred,month,cumulative,Synthetic,Portfolio,Auto,2021-02,27,495871.06233686826
decreciente,Loss Incurred,month,cumulative,Synthetic,Portfolio,Auto,2021-02,28,494617.5895955603
decreciente,Loss Incurred,month,cumulative,Synthetic,Portfolio,Auto,2021-02,29,493452.94590446446
decreciente,Loss Incurred,month,cumulative,Synthetic,Portfolio,Auto,2021-02,30,492370.83627215296
decreciente,Loss Incurred,month,cumulative,Synthetic,Portfolio,Auto,2021-02,31,491365.4118103248
decreciente,Loss Incurred,month,cumulative,Synthetic,Portfolio,Auto,2021-02,32,490431.2381201018
decreciente,Loss Incurred,month,cumulative,Synthetic,Portfolio,Auto,2021-02,33,489563.26591867156
decreciente,Loss Incurred,month,cumulative,Synthetic,Portfolio,Auto,2021-02,34,488756.80374751386
decreciente,Loss Incurred,month,cumulative,Synthetic,Portfolio,Auto,2021-02,35,488007.49261469557
decreciente,Loss Incurred,month,cumulative,Synthetic,Portfolio,Auto,2021-02,36,487311.2824341741
decreciente,Loss Incurred,month,cumulative,Synthetic,Portfolio,Auto,2021-02,37,486664.4101347614
decreciente,Loss Incurred,month,cumulative,Synthetic,Portfolio,Auto,2021-02,38,486063.37932042585
decreciente,Loss Incurred,month,cumulative,Synthetic,Portfolio,Auto,2021-02,39,485504.94137199497
decreciente,Loss Incurred,month,cumulative,Synthetic,Portfolio,Auto,2021-02,40,484986.0778881111
decreciente,Loss Incurred,month,cumulative,Synthetic,Portfolio,Auto,2021-02,41,484503.9843705331
decreciente,Loss Incurred,month,cumulative,Synthetic,Portfolio,Auto,2021-02,42,484056.05506560096
decreciente,Loss Incurred,month,cumulative,Synthetic,Portfolio,Auto,2021-02,43,483639.86887993105
decreciente,Loss Incurred,month,cumulative,Synthetic,Portfolio,Auto,2021-02,44,483253.1762942144
decreciente,Loss Incurred,month,cumulative,Synthetic,Portfolio,Auto,2021-02,45,482893.8872043866
decreciente,Loss Incurred,month,cumulative,Synthetic,Portfolio,Auto,2021-02,46,482560.0596244499
decreciente,Loss Incurred,month,cumulative,Synthetic,Portfolio,Auto,2021-02,47,482249.8891898847
decreciente,Loss Incurred,month,cumulative,Synthetic,Portfolio,Auto,2021-02,48,481961.69940491667
decreciente,Loss Incurred,month,cumulative,Synthetic,Portfolio,Auto,2021-02,49,481693.9325809242
decreciente,Loss Incurred,month,cumulative,Synthetic,Portfolio,Auto,2021-02,50,481445.14141700766
decreciente,Loss Incurred,month,cumulative,Synthetic,Portfolio,Auto,2021-02,51,481213.9811772138
decreciente,Loss Incurred,month,cumulative,Synthetic,Portfolio,Auto,2021-02,52,480999.2024221312
decreciente,Loss Incurred,month,cumulative,Synthetic,Portfolio,Auto,2021-02,53,480799.6442555712
decreciente,Loss Incurred,month,cumulative,Synthetic,Portfolio,Auto,2021-02,54,480614.22804983205
decreciente,Loss Incurred,month,cumulative,Synthetic,Portfolio,Auto,2021-02,55,480441.9516156307
decreciente,Loss Incurred,month,cumulative,Synthetic,Portfolio,Auto,2021-02,56,480281.8837851906
decreciente,Loss Incurred,month,cumulative,Synthetic,Portfolio,Auto,2021-02,57,480133.15937920555
decreciente,Loss Incurred,month,cumulative,Synthetic,Portfolio,Auto,2021-02,58,479994.9745304774
decreciente,Loss Incurred,month,cumulative,Synthetic,Portfolio,Auto,2021-03,0,541598.2724677621
decreciente,Loss Incurred,month,cumulative,Synthetic,Portfolio,Auto,2021-03,1,532545.0086129034
decreciente,Loss Incurred,month,cumulative,Synthetic,Portfolio,Auto,2021-03,2,524139.81120549014
decreciente,Loss Incurred,month,cumulative,Synthetic,Portfolio,Auto,2021-03,3,516336.28922820085
decreciente,Loss Incurred,month,cumulative,Synthetic,Portfolio,Auto,2021-03,4,509091.3725060395
decreciente,Loss Incurred,month,cumulative,Synthetic,Portfolio,Auto,2021-03,5,502365.0739880353
decreciente,Loss Incurred,month,cumulative,Synthetic,Portfolio,Auto,2021-03,6,496120.26904570777
decreciente,Loss Incurred,month,cumulative,Synthetic,Portfolio,Auto,2021-03,7,490322.4905701711
decreciente,Loss Incurred,month,cumulative,Synthetic,Portfolio,Auto,2021-03,8,484939.7387369541
decreciente,Loss Incurred,month,cumulative,Synthetic,Portfolio,Auto,2021-03,9,479942.30438856455
decreciente,Loss Incurred,month,cumulative,Synthetic,Portfolio,Auto,2021-03,10,475302.6050599892
decreciente,Loss Incurred,month,cumulative,Synthetic,Portfolio,Auto,2021-03,11,470995.0327421019
decreciente,Loss Incurred,month,cumulative,Synthetic,Portfolio,Auto,2021-03,12,466995.81254273467
decreciente,Loss Incurred,month,cumulative,Synthetic,Portfolio,Auto,2021-03,13,463282.871465318
decreciente,Loss Incurred,month,cumulative,Synthetic,Portfolio,Auto,2021-03,14,459835.7165808359
decreciente,Loss Incurred,month,cumulative,Synthetic,Portfolio,Auto,2021-03,15,456635.321920688
decreciente,Loss Incurred,month,cumulative,Synthetic,Portfolio,Auto,2021-03,16,453664.023466182
decreciente,Loss Incurred,month,cumulative,Synthetic,Portfolio,Auto,2021-03,17,450905.4216550726
decreciente,Loss Incurred,month,cumulative,Synthetic,Portfolio,Auto,2021-03,18,448344.2908670443
decreciente,Loss Incurred,month,cumulative,Synthetic,Portfolio,Auto,2021-03,19,445966.49538856285
decreciente,Loss Incurred,month,cumulative,Synthetic,Portfolio,Auto,2021-03,20,443758.9113932764
decreciente,Loss Incurred,month,cumulative,Synthetic,Portfolio,Auto,2021-03,21,441709.3545073506
decreciente,Loss Incurred,month,cumulative,Synthetic,Portfolio,Auto,2021-03,22,439806.51255994785
decreciente,Loss Incurred,month,cumulative,Synthetic,Portfolio,Auto,2021-03,23,438039.8831476787
decreciente,Loss Incurred,month,cumulative,Synthetic,Portfolio,Auto,2021-03,24,436399.71566842246
decreciente,Loss Incurred,month,cumulative,Synthetic,Portfolio,Auto,2021-03,25,434876.9575045842
decreciente,Loss Incurred,month,cumulative,Synthetic,Portfolio,Auto,2021-03,26,433463.2040587546
decreciente,Loss Incurred,month,cumulative,Synthetic,Portfolio,Auto,2021-03,27,432150.6523660044
decreciente,Loss Incurred,month,cumulative,Synthetic,Portfolio,Auto,2021-03,28,430932.058026784
decreciente,Loss Incurred,month,cumulative,Synthetic,Portfolio,Auto,2021-03,29,429800.6952227267
decreciente,Loss Incurred,month,cumulative,Synthetic,Portfolio,Auto,2021-03,30,428750.3195946703
decreciente,Loss Incurred,month,cumulative,Synthetic,Portfolio,Auto,2021-03,31,427775.13377800916
decreciente,Loss Incurred,month,cumulative,Synthetic,Portfolio,Auto,2021-03,32,426869.7554051533
decreciente,Loss Incurred,month,cumulative,Synthetic,Portfolio,Auto,2021-03,33,426029.1873984921
decreciente,Loss Incurred,month,cumulative,Synthetic,Portfolio,Auto,2021-03,34,425248.79038989823
decreciente,Loss Incurred,month,cumulative,Synthetic,Portfolio,Auto,2021-03,35,424524.2571145462
decreciente,Loss Incurred,month,cumulative,Synthetic,Portfolio,Auto,2021-03,36,423851.5886377178
decreciente,Loss Incurred,month,cumulative,Synthetic,Portfolio,Auto,2021-03,37,423227.0722833809
decreciente,Loss Incurred,month,cumulative,Synthetic,Portfolio,Auto,2021-03,38,422647.26114272326
decreciente,Loss Incurred,month,cumulative,Synthetic,Portfolio,Auto,2021-03,39,422108.95504954236
decreciente,Loss Incurred,month,cumulative,Synthetic,Portfolio,Auto,2021-03,40,421609.1829174874
decreciente,Loss Incurred,month,cumulative,Synthetic,Portfolio,Auto,2021-03,41,421145.1863416678
decreciente,Loss Incurred,month,cumulative,Synthetic,Portfolio,Auto,2021-03,42,420714.4043741197
decreciente,Loss Incurred,month,cumulative,Synthetic,Portfolio,Auto,2021-03,43,420314.4593891017
decreciente,Loss Incurred,month,cumulative,Synthetic,Portfolio,Auto,2021-03,44,419943.1439602051
decreciente,Loss Incurred,month,cumulative,Synthetic,Portfolio,Auto,2021-03,45,419598.4086768498
decreciente,Loss Incurred,month,cumulative,Synthetic,Portfolio,Auto,2021-03,46,419278.35083292145
decreciente,Loss Incurred,month,cumulative,Synthetic,Portfolio,Auto,2021-03,47,418981.20392511686
decreciente,Loss Incurred,month,cumulative,Synthetic,Portfolio,Auto,2021-03,48,418705.32790303905
decreciente,Loss Incurred,month,cumulative,Synthetic,Portfolio,Auto,2021-03,49,418449.2001172249
decreciente,Loss Incurred,month,cumulative,Synthetic,Portfolio,Auto,2021-03,50,418211.40691514825
decreciente,Loss Incurred,month,cumulative,Synthetic,Portfolio,Auto,2021-03,51,417990.63583881187
decreciente,Loss Incurred,month,cumulative,Synthetic,Portfolio,Auto,2021-03,52,417785.6683808647
decreciente,Loss Incurred,month,cumulative,Synthetic,Portfolio,Auto,2021-03,53,417595.37325926416
decreciente,Loss Incurred,month,cumulative,Synthetic,Portfolio,Auto,2021-03,54,417418.7001733626
decreciente,Loss Incurred,month,cumulative,Synthetic,Portfolio,Auto,2021-03,55,417254.67400695593
decreciente,Loss Incurred,month,cumulative,Synthetic,Portfolio,Auto,2021-03,56,417102.3894463012
decreciente,Loss Incurred,month,cumulative,Synthetic,Portfolio,Auto,2021-03,57,416961.0059833949
decreciente,Loss Incurred,month,cumulative,Synthetic,Portfolio,Auto,2021-04,0,582607.438100138
decreciente,Loss Incurred,month,cumulative,Synthetic,Portfolio,Auto,2021-04,1,573606.1177999484
decreciente,Loss Incurred,month,cumulative,Synthetic,Portfolio,Auto,2021-04,2,565262.6296736738
decreciente,Loss Incurred,month,cumulative,Synthetic,Portfolio,Auto,2021-04,3,557528.8981996565
decreciente,Loss Incurred,month,cumulative,Synthetic,Portfolio,Auto,2021-04,4,550360.3612991421
decreciente,Loss Incurred,month,cumulative,Synthetic,Portfolio,Auto,2021-04,5,543715.7135677482
decreciente,Loss Incurred,month,cumulative,Synthetic,Portfolio,Auto,2021-04,6,537556.668272027
decreciente,Loss Incurred,month,cumulative,Synthetic,Portfolio,Auto,2021-04,7,531847.7367397323
decreciente,Loss Incurred,month,cumulative,Synthetic,Portfolio,Auto,2021-04,8,526556.0238726307
decreciente,Loss Incurred,month,cumulative,Synthetic,Portfolio,Auto,2021-04,9,521651.03860359325
decreciente,Loss Incurred,month,cumulative,Synthetic,Portfolio,Auto,2021-04,10,517104.5182058131
decreciente,Loss Incurred,month,cumulative,Synthetic,Portfolio,Auto,2021-04,11,512890.2654418106
decreciente,Loss Incurred,month,cumulative,Synthetic,Portfolio,Auto,2021-04,12,508983.997613875
decreciente,Loss Incurred,month,cumulative,Synthetic,Portfolio,Auto,2021-04,13,505363.2066461608
decreciente,Loss Incurred,month,cumulative,Synthetic,Portfolio,Auto,2021-04,14,502007.0293922295
decreciente,Loss Incurred,month,cumulative,Synthetic,Portfolio,Auto,2021-04,15,498896.12742074224
decreciente,Loss Incurred,month,cumulative,Synthetic,Portfolio,Auto,2021-04,16,496012.57558662264
decreciente,Loss Incurred,month,cumulative,Synthetic,Portfolio,Auto,2021-04,17,493339.7587456347
decreciente,Loss Incurred,month,cumulative,Synthetic,Portfolio,Auto,2021-04,18,490862.27601723763
decreciente,Loss Incurred,month,cumulative,Synthetic,Portfolio,Auto,2021-04,19,488565.85204407934
decreciente,Loss Incurred,month,cumulative,Synthetic,Portfolio,Auto,2021-04,20,486437.25473680045
decreciente,Loss Incurred,month,cumulative,Synthetic,Portfolio,Auto,2021-04,21,484464.2190301911
decreciente,Loss Incurred,month,cumulative,Synthetic,Portfolio,Auto,2021-04,22,482635.37621138094
decreciente,Loss Incurred,month,cumulative,Synthetic,Portfolio,Auto,2021-04,23,480940.18841284845
decreciente,Loss Incurred,month,cumulative,Synthetic,Portfolio,Auto,2021-04,24,479368.8878927943
decreciente,Loss Incurred,month,cumulative,Synthetic,Portfolio,Auto,2021-04,25,477912.42075301206
decreciente,Loss Incurred,month,cumulative,Synthetic,Portfolio,Auto,2021-04,26,476562.39476995415
decreciente,Loss Incurred,month,cumulative,Synthetic,Portfolio,Auto,2021-04,27,475311.03103839484
decreciente,Loss Incurred,month,cumulative,Synthetic,Portfolio,Auto,2021-04,28,474151.11914905836
decreciente,Loss Incurred,month,cumulative,Synthetic,Portfolio,Auto,2021-04,29,473075.9756419442
decreciente,Loss Incurred,month,cumulative,Synthetic,Portfolio,Auto,2021-04,30,472079.4054959559
decreciente,Loss Incurred,month,cumulative,Synthetic,Portfolio,Auto,2021-04,31,471155.66643293435
decreciente,Loss Incurred,month,cumulative,Synthetic,Portfolio,Auto,2021-04,32,470299.4358304155
decreciente,Loss Incurred,month,cumulative,Synthetic,Portfolio,Auto,2021-04,33,469505.7800524605
decreciente,Loss Incurred,month,cumulative,Synthetic,Portfolio,Auto,2021-04,34,468770.12602184265
decreciente,Loss Incurred,month,cumulative,Synthetic,Portfolio,Auto,2021-04,35,468088.23486978834
decreciente,Loss Incurred,month,cumulative,Synthetic,Portfolio,Auto,2021-04,36,467456.177511441
decreciente,Loss Incurred,month,cumulative,Synthetic,Portfolio,Auto,2021-04,37,466870.3120063123
decreciente,Loss Incurred,month,cumulative,Synthetic,Portfolio,Auto,2021-04,38,466327.2625732716
decreciente,Loss Incurred,month,cumulative,Synthetic,Portfolio,Auto,2021-04,39,465823.9001391562
decreciente,Loss Incurred,month,cumulative,Synthetic,Portfolio,Auto,2021-04,40,465357.32430892333
decreciente,Loss Incurred,month,cumulative,Synthetic,Portfolio,Auto,2021-04,41,464924.8466534538
decreciente,Loss Incurred,month,cumulative,Synthetic,Portfolio,Auto,2021-04,42,464523.97521871416
decreciente,Loss Incurred,month,cumulative,Synthetic,Portfolio,Auto,2021-04,43,464152.4001670139
decreciente,Loss Incurred,month,cumulative,Synthetic,Portfolio,Auto,2021-04,44,463807.98046762653
decreciente,Loss Incurred,month,cumulative,Synthetic,Portfolio,Auto,2021-04,45,463488.7315600821
decreciente,Loss Incurred,month,cumulative,Synthetic,Portfolio,Auto,2021-04,46,463192.81391904806
decreciente,Loss Incurred,month,cumulative,Synthetic,Portfolio,Auto,2021-04,47,462918.52245490917
decreciente,Loss Incurred,month,cumulative,Synthetic,Portfolio,Auto,2021-04,48,462664.27668897045
decreciente,Loss Incurred,month,cumulative,Synthetic,Portfolio,Auto,2021-04,49,462428.6116466742
decreciente,Loss Incurred,month,cumulative,Synthetic,Portfolio,Auto,2021-04,50,462210.1694163568
decreciente,Loss Incurred,month,cumulative,Synthetic,Portfolio,Auto,2021-04,51,462007.6913249046
decreciente,Loss Incurred,month,cumulative,Synthetic,Portfolio,Auto,2021-04,52,461820.0106852294
decreciente,Loss Incurred,month,cumulative,Synthetic,Portfolio,Auto,2021-04,53,461646.046073768
decreciente,Loss Incurred,month,cumulative,Synthetic,Portfolio,Auto,2021-04,54,461484.79509927606
decreciente,Loss Incurred,month,cumulative,Synthetic,Portfolio,Auto,2021-04,55,461335.328627008
decreciente,Loss Incurred,month,cumulative,Synthetic,Portfolio,Auto,2021-04,56,461196.7854250047
decreciente,Loss Incurred,month,cumulative,Synthetic,Portfolio,Auto,2021-05,0,504876.64189868124
decreciente,Loss Incurred,month,cumulative,Synthetic,Portfolio,Auto,2021-05,1,497399.28892623534
decreciente,Loss Incurred,month,cumulative,Synthetic,Portfolio,Auto,2021-05,2,490442.1326694911
decreciente,Loss Incurred,month,cumulative,Synthetic,Portfolio,Auto,2021-05,3,483968.9832329038
decreciente,Loss Incurred,month,cumulative,Synthetic,Portfolio,Auto,2021-05,4,477946.1684387453
decreciente,Loss Incurred,month,cumulative,Synthetic,Portfolio,Auto,2021-05,5,472342.3586703956
decreciente,Loss Incurred,month,cumulative,Synthetic,Portfolio,Auto,2021-05,6,467128.4039012223
decreciente,Loss Incurred,month,cumulative,Synthetic,Portfolio,Auto,2021-05,7,462277.1820613003
decreciente,Loss Incurred,month,cumulative,Synthetic,Portfolio,Auto,2021-05,8,457763.4579532052
decreciente,Loss Incurred,month,cumulative,Synthetic,Portfolio,Auto,2021-05,9,453563.75198298163
decreciente,Loss Incurred,month,cumulative,Synthetic,Portfolio,Auto,2021-05,10,449656.21802345145
decreciente,Loss Incurred,month,cumulative,Synthetic,Portfolio,Auto,2021-05,11,446020.52977452654
decreciente,Loss Incurred,month,cumulative,Synthetic,Portfolio,Auto,2021-05,12,442637.77502939315
decreciente,Loss Incurred,month,cumulative,Synthetic,Portfolio,Auto,2021-05,13,439490.35729655914
decreciente,Loss Incurred,month,cumulative,Synthetic,Portfolio,Auto,2021-05,14,436561.9042660197
decreciente,Loss Incurred,month,cumulative,Synthetic,Portfolio,Auto,2021-05,15,433837.18264339777
decreciente,Loss Incurred,month,cumulative,Synthetic,Portfolio,Auto,2021-05,16,431302.01890904375
decreciente,Loss Incurred,month,cumulative,Synthetic,Portfolio,Auto,2021-05,17,428943.2255898938
decreciente,Loss Incurred,month,cumulative,Synthetic,Portfolio,Auto,2021-05,18,426748.53266056936
decreciente,Loss Incurred,month,cumulative,Synthetic,Portfolio,Auto,2021-05,19,424706.5237168767
decreciente,Loss Incurred,month,cumulative,Synthetic,Portfolio,Auto,2021-05,20,422806.5765896928
decreciente,Loss Incurred,month,cumulative,Synthetic,Portfolio,Auto,2021-05,21,421038.8080903215
decreciente,Loss Incurred,month,cumulative,Synthetic,Portfolio,Auto,2021-05,22,419394.02259989496
decreciente,Loss Incurred,month,cumulative,Synthetic,Portfolio,Auto,2021-05,23,417863.6642353923
decreciente,Loss Incurred,month,cumulative,Synthetic,Portfolio,Auto,2021-05,24,416439.77234344935
decreciente,Loss Incurred,month,cumulative,Synthetic,Portfolio,Auto,2021-05,25,415114.94009044993
decreciente,Loss Incurred,month,cumulative,Synthetic,Portfolio,Auto,2021-05,26,413882.27593348734
decreciente,Loss Incurred,month,cumulative,Synthetic,Portfolio,Auto,2021-05,27,412735.36777177855
decreciente,Loss Incurred,month,cumulative,Synthetic,Portfolio,Auto,2021-05,28,411668.2495920501
decreciente,Loss Incurred,month,cumulative,Synthetic,Portfolio,Auto,2021-05,29,410675.3704343936
decreciente,Loss Incurred,month,cumulative,Synthetic,Portfolio,Auto,2021-05,30,409751.565517154
decreciente,Loss Incurred,month,cumulative,Synthetic,Portfolio,Auto,2021-05,31,408892.02937065036
decreciente,Loss Incurred,month,cumulative,Synthetic,Portfolio,Auto,2021-05,32,408092.2908399723
decreciente,Loss Incurred,month,cumulative,Synthetic,Portfolio,Auto,2021-05,33,407348.18982682365
decreciente,Loss Incurred,month,cumulative,Synthetic,Portfolio,Auto,2021-05,34,406655.8556494279
decreciente,Loss Incurred,month,cumulative,Synthetic,Portfolio,Auto,2021-05,35,406011.68690792593
decreciente,Loss Incurred,month,cumulative,Synthetic,Portfolio,Auto,2021-05,36,405412.3327505317
decreciente,Loss Incurred,month,cumulative,Synthetic,Portfolio,Auto,2021-05,37,404854.67544299434
decreciente,Loss Incurred,month,cumulative,Synthetic,Portfolio,Auto,2021-05,38,404335.81415069615
decreciente,Loss Incurred,month,cumulative,Synthetic,Portfolio,Auto,2021-05,39,403853.0498490247
decreciente,Loss Incurred,month,cumulative,Synthetic,Portfolio,Auto,2021-05,40,403403.8712835238
decreciente,Loss Incurred,month,cumulative,Synthetic,Portfolio,Auto,2021-05,41,402985.94190679316
decreciente,Loss Incurred,month,cumulative,Synthetic,Portfolio,Auto,2021-05,42,402597.08772418153
decreciente,Loss Incurred,month,cumulative,Synthetic,Portfolio,Auto,2021-05,43,402235.2859850519
decreciente,Loss Incurred,month,cumulative,Synthetic,Portfolio,Auto,2021-05,44,401898.65466079017
decreciente,Loss Incurred,month,cumulative,Synthetic,Portfolio,Auto,2021-05,45,401585.4426548258
decreciente,Loss Incurred,month,cumulative,Synthetic,Portfolio,Auto,2021-05,46,401294.0206937371
decreciente,Loss Incurred,month,cumulative,Synthetic,Portfolio,Auto,2021-05,47,401022.8728520595
decreciente,Loss Incurred,month,cumulative,Synthetic,Portfolio,Auto,2021-05,48,400770.58866670914
decreciente,Loss Incurred,month,cumulative,Synthetic,Portfolio,Auto,2021-05,49,400535.85580000415
decreciente,Loss Incurred,month,cumulative,Synthetic,Portfolio,Auto,2021-05,50,400317.45321311563
decreciente,Loss Incurred,month,cumulative,Synthetic,Portfolio,Auto,2021-05,51,400114.2448144404
decreciente,Loss Incurred,month,cumulative,Synthetic,Portfolio,Auto,2021-05,52,399925.17354985303
decreciente,Loss Incurred,month,cumulative,Synthetic,Portfolio,Auto,2021-05,53,399749.2559040977
decreciente,Loss Incurred,month,cumulative,Synthetic,Portfolio,Auto,2021-05,54,399585.57678471575
decreciente,Loss Incurred,month,cumulative,Synthetic,Portfolio,Auto,2021-05,55,399433.2847618966
decreciente,Loss Incurred,month,cumulative,Synthetic,Portfolio,Auto,2021-06,0,594217.6643912544
decreciente,Loss Incurred,month,cumulative,Synthetic,Portfolio,Auto,2021-06,1,586063.0027272246
decreciente,Loss Incurred,month,cumulative,Synthetic,Portfolio,Auto,2021-06,2,578424.4851676836
decreciente,Loss Incurred,month,cumulative,Synthetic,Portfolio,Auto,2021-06,3,571269.442701019
decreciente,Loss Incurred,month,cumulative,Synthetic,Portfolio,Auto,2021-06,4,564567.2740798539
decreciente,Loss Incurred,month,cumulative,Synthetic,Portfolio,Auto,2021-06,5,558289.31494323
decreciente,Loss Incurred,month,cumulative,Synthetic,Portfolio,Auto,2021-06,6,552408.7152226175
decreciente,Loss Incurred,month,cumulative,Synthetic,Portfolio,Auto,2021-06,7,546900.3243074351
decreciente,Loss Incurred,month,cumulative,Synthetic,Portfolio,Auto,2021-06,8,541740.5834789425
decreciente,Loss Incurred,month,cumulative,Synthetic,Portfolio,Auto,2021-06,9,536907.4251524642
decreciente,Loss Incurred,month,cumulative,Synthetic,Portfolio,Auto,2021-06,10,532380.1784970092
decreciente,Loss Incurred,month,cumulative,Synthetic,Portfolio,Auto,2021-06,11,528139.481028639
decreciente,Loss Incurred,month,cumulative,Synthetic,Portfolio,Auto,2021-06,12,524167.19579947623
decreciente,Loss Incurred,month,cumulative,Synthetic,Portfolio,Auto,2021-06,13,520446.33382818144
decreciente,Loss Incurred,month,cumulative,Synthetic,Portfolio,Auto,2021-06,14,516960.981440144
decreciente,Loss Incurred,month,cumulative,Synthetic,Portfolio,Auto,2021-06,15,513696.23220662936
decreciente,Loss Incurred,month,cumulative,Synthetic,Portfolio,Auto,2021-06,16,510638.12319179444
decreciente,Loss Incurred,month,cumulative,Synthetic,Portfolio,Auto,2021-06,17,507773.57523490675
decreciente,Loss Incurred,month,cumulative,Synthetic,Portfolio,Auto,2021-06,18,505090.3370123634
decreciente,Loss Incurred,month,cumulative,Synthetic,Portfolio,Auto,2021-06,19,502576.9326402684
decreciente,Loss Incurred,month,cumulative,Synthetic,Portfolio,Auto,2021-06,20,500222.61259347113
decreciente,Loss Incurred,month,cumulative,Synthetic,Portfolio,Auto,2021-06,21,498017.30773115344
decreciente,Loss Incurred,month,cumulative,Synthetic,Portfolio,Auto,2021-06,22,495951.58623233775
decreciente,Loss Incurred,month,cumulative,Synthetic,Portfolio,Auto,2021-06,23,494016.61325713445
decreciente,Loss Incurred,month,cumulative,Synthetic,Portfolio,Auto,2021-06,24,492204.11316120473
decreciente,Loss Incurred,month,cumulative,Synthetic,Portfolio,Auto,2021-06,25,490506.33410183585
decreciente,Loss Incurred,month,cumulative,Synthetic,Portfolio,Auto,2021-06,26,488916.01488425094
decreciente,Loss Incurred,month,cumulative,Synthetic,Portfolio,Auto,2021-06,27,487426.3539063612
decreciente,Loss Incurred,month,cumulative,Synthetic,Portfolio,Auto,2021-06,28,486030.9800691406
decreciente,Loss Incurred,month,cumulative,Synthetic,Portfolio,Auto,2021-06,29,484723.92552820867
decreciente,Loss Incurred,month,cumulative,Synthetic,Portfolio,Auto,2021-06,30,483499.60017008556
decreciente,Loss Incurred,month,cumulative,Synthetic,Portfolio,Auto,2021-06,31,482352.7677039556
decreciente,Loss Incurred,month,cumulative,Synthetic,Portfolio,Auto,2021-06,32,481278.5232666877
decreciente,Loss Incurred,month,cumulative,Synthetic,Portfolio,Auto,2021-06,33,480272.2724453319
decreciente,Loss Incurred,month,cumulative,Synthetic,Portfolio,Auto,2021-06,34,479329.71162737254
decreciente,Loss Incurred,month,cumulative,Synthetic,Portfolio,Auto,2021-06,35,478446.80959470145
decreciente,Loss Incurred,month,cumulative,Synthetic,Portfolio,Auto,2021-06,36,477619.7902825869
decreciente,Loss Incurred,month,cumulative,Synthetic,Portfolio,Auto,2021-06,37,476845.11662990414
decreciente,Loss Incurred,month,cumulative,Synthetic,Portfolio,Auto,2021-06,38,476119.4754515542
decreciente,Loss Incurred,month,cumulative,Synthetic,Portfolio,Auto,2021-06,39,475439.76326837426
decreciente,Loss Incurred,month,cumulative,Synthetic,Portfolio,Auto,2021-06,40,474803.07303393376
decreciente,Loss Incurred,month,cumulative,Synthetic,Portfolio,Auto,2021-06,41,474206.6817014504
decreciente,Loss Incurred,month,cumulative,Synthetic,Portfolio,Auto,2021-06,42,473648.03857764957
decreciente,Loss Incurred,month,cumulative,Synthetic,Portfolio,Auto,2021-06,43,473124.75441375945
decreciente,Loss Incurred,month,cumulative,Synthetic,Portfolio,Auto,2021-06,44,472634.59118698374
decreciente,Loss Incurred,month,cumulative,Synthetic,Portfolio,Auto,2021-06,45,472175.45252875064
decreciente,Loss Incurred,month,cumulative,Synthetic,Portfolio,Auto,2021-06,46,471745.3747587989
decreciente,Loss Incurred,month,cumulative,Synthetic,Portfolio,Auto,2021-06,47,471342.51848675567
decreciente,Loss Incurred,month,cumulative,Synthetic,Portfolio,Auto,2021-06,48,470965.16074528766
decreciente,Loss Incurred,month,cumulative,Synthetic,Portfolio,Auto,2021-06,49,470611.68762117927
decreciente,Loss Incurred,month,cumulative,Synthetic,Portfolio,Auto,2021-06,50,470280.5873528214
decreciente,Loss Incurred,month,cumulative,Synthetic,Portfolio,Auto,2021-06,51,469970.4438645912
decreciente,Loss Incurred,month,cumulative,Synthetic,Portfolio,Auto,2021-06,52,469679.930710468
decreciente,Loss Incurred,month,cumulative,Synthetic,Portfolio,Auto,2021-06,53,469407.8054009858
decreciente,Loss Incurred,month,cumulative,Synthetic,Portfolio,Auto,2021-06,54,469152.9040892558
decreciente,Loss Incurred,month,cumulative,Synthetic,Portfolio,Auto,2021-07,0,428950.567431867
decreciente,Loss Incurred,month,cumulative,Synthetic,Portfolio,Auto,2021-07,1,421908.0902208689
decreciente,Loss Incurred,month,cumulative,Synthetic,Portfolio,Auto,2021-07,2,415351.79146818694
decreciente,Loss Incurred,month,cumulative,Synthetic,Portfolio,Auto,2021-07,3,409248.10777187475
decreciente,Loss Incurred,month,cumulative,Synthetic,Portfolio,Auto,2021-07,4,403565.7927844152
decreciente,Loss Incurred,month,cumulative,Synthetic,Portfolio,Auto,2021-07,5,398275.7572545242
decreciente,Loss Incurred,month,cumulative,Synthetic,Portfolio,Auto,2021-07,6,393350.92011169286
decreciente,Loss Incurred,month,cumulative,Synthetic,Portfolio,Auto,2021-07,7,388766.0698311293
decreciente,Loss Incurred,month,cumulative,Synthetic,Portfolio,Auto,2021-07,8,384497.73536939337
decreciente,Loss Incurred,month,cumulative,Synthetic,Portfolio,Auto,2021-07,9,380524.06601000857
decreciente,Loss Incurred,month,cumulative,Synthetic,Portfolio,Auto,2021-07,10,376824.7195039498
decreciente,Loss Incurred,month,cumulative,Synthetic,Portfolio,Auto,2021-07,11,373380.7579323688
decreciente,Loss Incurred,month,cumulative,Synthetic,Portfolio,Auto,2021-07,12,370174.55075845297
decreciente,Loss Incurred,month,cumulative,Synthetic,Portfolio,Auto,2021-07,13,367189.68457211216
decreciente,Loss Incurred,month,cumulative,Synthetic,Portfolio,Auto,2021-07,14,364410.879065455
decreciente,Loss Incurred,month,cumulative,Synthetic,Portfolio,Auto,2021-07,15,361823.9088089108
decreciente,Loss Incurred,month,cumulative,Synthetic,Portfolio,Auto,2021-07,16,359415.5304275483
decreciente,Loss Incurred,month,cumulative,Synthetic,Portfolio,Auto,2021-07,17,357173.4148047879
decreciente,Loss Incurred,month,cumulative,Synthetic,Portfolio,Auto,2021-07,18,355086.08396644075
decreciente,Loss Incurred,month,cumulative,Synthetic,Portfolio,Auto,2021-07,19,353142.85232196806
decreciente,Loss Incurred,month,cumulative,Synthetic,Portfolio,Auto,2021-07,20,351333.7719621576
decreciente,Loss Incurred,month,cumulative,Synthetic,Portfolio,Auto,2021-07,21,349649.5817331849
decreciente,Loss Incurred,month,cumulative,Synthetic,Portfolio,Auto,2021-07,22,348081.6598263524
decreciente,Loss Incurred,month,cumulative,Synthetic,Portfolio,Auto,2021-07,23,346621.97964080406
decreciente,Loss Incurred,month,cumulative,Synthetic,Portfolio,Auto,2021-07,24,345263.0686932642
decreciente,Loss Incurred,month,cumulative,Synthetic,Portfolio,Auto,2021-07,25,343997.9703644479
decreciente,Loss Incurred,month,cumulative,Synthetic,Portfolio,Auto,2021-07,26,342820.2082863136
decreciente,Loss Incurred,month,cumulative,Synthetic,Portfolio,Auto,2021-07,27,341723.75318784773
decreciente,Loss Incurred,month,cumulative,Synthetic,Portfolio,Auto,2021-07,28,340702.99202965514
decreciente,Loss Incurred,month,cumulative,Synthetic,Portfolio,Auto,2021-07,29,339752.69926934736
decreciente,Loss Incurred,month,cumulative,Synthetic,Portfolio,Auto,2021-07,30,338868.0101106293
decreciente,Loss Incurred,month,cumulative,Synthetic,Portfolio,Auto,2021-07,31,338044.39559913956
decreciente,Loss Incurred,month,cumulative,Synthetic,Portfolio,Auto,2021-07,32,337277.6394375522
decreciente,Loss Incurred,month,cumulative,Synthetic,Portfolio,Auto,2021-07,33,336563.81640125246
decreciente,Loss Incurred,month,cumulative,Synthetic,Portfolio,Auto,2021-07,34,335899.27224408864
decreciente,Loss Incurred,month,cumulative,Synthetic,Portfolio,Auto,2021-07,35,335280.60499133414
decreciente,Loss Incurred,month,cumulative,Synthetic,Portfolio,Auto,2021-07,36,334704.6475240916
decreciente,Loss Incurred,month,cumulative,Synthetic,Portfolio,Auto,2021-07,37,334168.45136598643
decreciente,Loss Incurred,month,cumulative,Synthetic,Portfolio,Auto,2021-07,38,333669.27158914774
decreciente,Loss Incurred,month,cumulative,Synthetic,Portfolio,Auto,2021-07,39,333204.552762207
decreciente,Loss Incurred,month,cumulative,Synthetic,Portfolio,Auto,2021-07,40,332771.91586837923
decreciente,Loss Incurred,month,cumulative,Synthetic,Portfolio,Auto,2021-07,41,332369.14612665575
decreciente,Loss Incurred,month,cumulative,Synthetic,Portfolio,Auto,2021-07,42,331994.1816537632
decreciente,Loss Incurred,month,cumulative,Synthetic,Portfolio,Auto,2021-07,43,331645.10290884564
decreciente,Loss Incurred,month,cumulative,Synthetic,Portfolio,Auto,2021-07,44,331320.1228668348
decreciente,Loss Incurred,month,cumulative,Synthetic,Portfolio,Auto,2021-07,45,331017.57787020283
decreciente,Loss Incurred,month,cumulative,Synthetic,Portfolio,Auto,2021-07,46,330735.919112266
decreciente,Loss Incurred,month,cumulative,Synthetic,Portfolio,Auto,2021-07,47,330473.7047084395
decreciente,Loss Incurred,month,cumulative,Synthetic,Portfolio,Auto,2021-07,48,330229.59231485473
decreciente,Loss Incurred,month,cumulative,Synthetic,Portfolio,Auto,2021-07,49,330002.332256551
decreciente,Loss Incurred,month,cumulative,Synthetic,Portfolio,Auto,2021-07,50,329790.76113006385
decreciente,Loss Incurred,month,cumulative,Synthetic,Portfolio,Auto,2021-07,51,329593.79584765935
decreciente,Loss Incurred,month,cumulative,Synthetic,Portfolio,Auto,2021-07,52,329410.428092726
decreciente,Loss Incurred,month,cumulative,Synthetic,Portfolio,Auto,2021-07,53,329239.71915793896
decreciente,Loss Incurred,month,cumulative,Synthetic,Portfolio,Auto,2021-08,0,522205.6166784328
decreciente,Loss Incurred,month,cumulative,Synthetic,Portfolio,Auto,2021-08,1,514916.28381735866
decreciente,Loss Incurred,month,cumulative,Synthetic,Portfolio,Auto,2021-08,2,508112.71685982915
decreciente,Loss Incurred,month,cumulative,Synthetic,Portfolio,Auto,2021-08,3,501762.5440487103
decreciente,Loss Incurred,month,cumulative,Synthetic,Portfolio,Auto,2021-08,4,495835.55090191035
decreciente,Loss Incurred,month,cumulative,Synthetic,Portfolio,Auto,2021-08,5,490303.536450161
decreciente,Loss Incurred,month,cumulative,Synthetic,Portfolio,Auto,2021-08,6,485140.17905520846
decreciente,Loss Incurred,month,cumulative,Synthetic,Portfolio,Auto,2021-08,7,480320.9111699663
decreciente,Loss Incurred,month,cumulative,Synthetic,Portfolio,Auto,2021-08,8,475822.8024447344
decreciente,Loss Incurred,month,cumulative,Synthetic,Portfolio,Auto,2021-08,9,471624.45062329574
decreciente,Loss Incurred,month,cumulative,Synthetic,Portfolio,Auto,2021-08,10,467705.87970976834
decreciente,Loss Incurred,month,cumulative,Synthetic,Portfolio,Auto,2021-08,11,464048.4449216851
decreciente,Loss Incurred,month,cumulative,Synthetic,Portfolio,Auto,2021-08,12,460634.7439770617
decreciente,Loss Incurred,month,cumulative,Synthetic,Portfolio,Auto,2021-08,13,457448.53429335356
decreciente,Loss Incurred,month,cumulative,Synthetic,Portfolio,Auto,2021-08,14,454474.6557043267
decreciente,Loss Incurred,month,cumulative,Synthetic,Portfolio,Auto,2021-08,15,451698.95832712855
decreciente,Loss Incurred,month,cumulative,Synthetic,Portfolio,Auto,2021-08,16,449108.235236343
decreciente,Loss Incurred,month,cumulative,Synthetic,Portfolio,Auto,2021-08,17,446690.1596246909
decreciente,Loss Incurred,month,cumulative,Synthetic,Portfolio,Auto,2021-08,18,444433.2261513826
decreciente,Loss Incurred,month,cumulative,Synthetic,Portfolio,Auto,2021-08,19,442326.6961990544
decreciente,Loss Incurred,month,cumulative,Synthetic,Portfolio,Auto,2021-08,20,440360.5467788186
decreciente,Loss Incurred,month,cumulative,Synthetic,Portfolio,Auto,2021-08,21,438525.42284031445
decreciente,Loss Incurred,month,cumulative,Synthetic,Portfolio,Auto,2021-08,22,436812.59275984834
decreciente,Loss Incurred,month,cumulative,Synthetic,Portfolio,Auto,2021-08,23,435213.9067948332
decreciente,Loss Incurred,month,cumulative,Synthetic,Portfolio,Auto,2021-08,24,433721.75830685213
decreciente,Loss Incurred,month,cumulative,Synthetic,Portfolio,Auto,2021-08,25,432329.0475688409
decreciente,Loss Incurred,month,cumulative,Synthetic,Portfolio,Auto,2021-08,26,431029.14798418485
decreciente,Loss Incurred,month,cumulative,Synthetic,Portfolio,Auto,2021-08,27,429815.8745569965
decreciente,Loss Incurred,month,cumulative,Synthetic,Portfolio,Auto,2021-08,28,428683.4544635545
decreciente,Loss Incurred,month,cumulative,Synthetic,Portfolio,Auto,2021-08,29,427626.4995848813
decreciente,Loss Incurred,month,cumulative,Synthetic,Portfolio,Auto,2021-08,30,426639.980869768
decreciente,Loss Incurred,month,cumulative,Synthetic,Portfolio,Auto,2021-08,31,425719.20440626313
decreciente,Loss Incurred,month,cumulative,Synthetic,Portfolio,Auto,2021-08,32,424859.7890877741
decreciente,Loss Incurred,month,cumulative,Synthetic,Portfolio,Auto,2021-08,33,424057.6457675135
decreciente,Loss Incurred,month,cumulative,Synthetic,Portfolio,Auto,2021-08,34,423308.9578021071
decreciente,Loss Incurred,month,cumulative,Synthetic,Portfolio,Auto,2021-08,35,422610.16289178806
decreciente,Loss Incurred,month,cumulative,Synthetic,Portfolio,Auto,2021-08,36,421957.93613077345
decreciente,Loss Incurred,month,cumulative,Synthetic,Portfolio,Auto,2021-08,37,421349.17418717325
decreciente,Loss Incurred,month,cumulative,Synthetic,Portfolio,Auto,2021-08,38,420780.9805371622
decreciente,Loss Incurred,month,cumulative,Synthetic,Portfolio,Auto,2021-08,39,420250.6516831546
decreciente,Loss Incurred,month,cumulative,Synthetic,Portfolio,Auto,2021-08,40,419755.66429040994
decreciente,Loss Incurred,month,cumulative,Synthetic,Portfolio,Auto,2021-08,41,419293.66318086337
decreciente,Loss Incurred,month,cumulative,Synthetic,Portfolio,Auto,2021-08,42,418862.4501270544
decreciente,Loss Incurred,month,cumulative,Synthetic,Portfolio,Auto,2021-08,43,418459.9733928368
decreciente,Loss Incurred,month,cumulative,Synthetic,Portfolio,Auto,2021-08,44,418084.3179711014
decreciente,Loss Incurred,month,cumulative,Synthetic,Portfolio,Auto,2021-08,45,417733.6964720634
decreciente,Loss Incurred,month,cumulative,Synthetic,Portfolio,Auto,2021-08,46,417406.4406187614
decreciente,Loss Incurred,month,cumulative,Synthetic,Portfolio,Auto,2021-08,47,417100.9933092998
decreciente,Loss Incurred,month,cumulative,Synthetic,Portfolio,Auto,2021-08,48,416815.9012080712
decreciente,Loss Incurred,month,cumulative,Synthetic,Portfolio,Auto,2021-08,49,416549.807830702
decreciente,Loss Incurred,month,cumulative,Synthetic,Portfolio,Auto,2021-08,50,416301.4470898235
decreciente,Loss Incurred,month,cumulative,Synthetic,Portfolio,Auto,2021-08,51,416069.6372709562
decreciente,Loss Incurred,month,cumulative,Synthetic,Portfolio,Auto,2021-08,52,415853.2754098456
decreciente,Loss Incurred,month,cumulative,Synthetic,Portfolio,Auto,2021-09,0,501854.0633755932
decreciente,Loss Incurred,month,cumulative,Synthetic,Portfolio,Auto,2021-09,1,494531.4046878108
decreciente,Loss Incurred,month,cumulative,Synthetic,Portfolio,Auto,2021-09,2,487671.2672554663
decreciente,Loss Incurred,month,cumulative,Synthetic,Portfolio,Auto,2021-09,3,481244.43683809706
decreciente,Loss Incurred,month,cumulative,Synthetic,Portfolio,Auto,2021-09,4,475223.5444549678
decreciente,Loss Incurred,month,cumulative,Synthetic,Portfolio,Auto,2021-09,5,469582.9498328891
decreciente,Loss Incurred,month,cumulative,Synthetic,Portfolio,Auto,2021-09,6,464298.6322158242
decreciente,Loss Incurred,month,cumulative,Synthetic,Portfolio,Auto,2021-09,7,459348.08807128994
decreciente,Loss Incurred,month,cumulative,Synthetic,Portfolio,Auto,2021-09,8,454710.23525793175
decreciente,Loss Incurred,month,cumulative,Synthetic,Portfolio,Auto,2021-09,9,450365.3232461639
decreciente,Loss Incurred,month,cumulative,Synthetic,Portfolio,Auto,2021-09,10,446294.849009545
decreciente,Loss Incurred,month,cumulative,Synthetic,Portfolio,Auto,2021-09,11,442481.47822870925
decreciente,Loss Incurred,month,cumulative,Synthetic,Portfolio,Auto,2021-09,12,438908.9714722947
decreciente,Loss Incurred,month,cumulative,Synthetic,Portfolio,Auto,2021-09,13,435562.1150405081
decreciente,Loss Incurred,month,cumulative,Synthetic,Portfolio,Auto,2021-09,14,432426.65617681836
decreciente,Loss Incurred,month,cumulative,Synthetic,Portfolio,Auto,2021-09,15,429489.24237187585
decreciente,Loss Incurred,month,cumulative,Synthetic,Portfolio,Auto,2021-09,16,426737.3645011795
decreciente,Loss Incurred,month,cumulative,Synthetic,Portfolio,Auto,2021-09,17,424159.30355434027
decreciente,Loss Incurred,month,cumulative,Synthetic,Portfolio,Auto,2021-09,18,421744.08072908624
decreciente,Loss Incurred,month,cumulative,Synthetic,Portfolio,Auto,2021-09,19,419481.41067748016
decreciente,Loss Incurred,month,cumulative,Synthetic,Portfolio,Auto,2021-09,20,417361.65770524816
decreciente,Loss Incurred,month,cumulative,Synthetic,Portfolio,Auto,2021-09,21,415375.7947376905
decreciente,Loss Incurred,month,cumulative,Synthetic,Portfolio,Auto,2021-09,22,413515.3648774295
decreciente,Loss Incurred,month,cumulative,Synthetic,Portfolio,Auto,2021-09,23,411772.44539028726
decreciente,Loss Incurred,month,cumulative,Synthetic,Portfolio,Auto,2021-09,24,410139.61396592273
decreciente,Loss Incurred,month,cumulative,Synthetic,Portfolio,Auto,2021-09,25,408609.91710955004
decreciente,Loss Incurred,month,cumulative,Synthetic,Portfolio,Auto,2021-09,26,407176.8405301307
decreciente,Loss Incurred,month,cumulative,Synthetic,Portfolio,Auto,2021-09,27,405834.2813989379
decreciente,Loss Incurred,month,cumulative,Synthetic,Portfolio,Auto,2021-09,28,404576.522360353
decreciente,Loss Incurred,month,cumulative,Synthetic,Portfolio,Auto,2021-09,29,403398.2071842185
decreciente,Loss Incurred,month,cumulative,Synthetic,Portfolio,Auto,2021-09,30,402294.3179560634
decreciente,Loss Incurred,month,cumulative,Synthetic,Portfolio,Auto,2021-09,31,401260.153708061
decreciente,Loss Incurred,month,cumulative,Synthetic,Portfolio,Auto,2021-09,32,400291.3103997214
decreciente,Loss Incurred,month,cumulative,Synthetic,Portfolio,Auto,2021-09,33,399383.6621630629
decreciente,Loss Incurred,month,cumulative,Synthetic,Portfolio,Auto,2021-09,34,398533.3437323963
decreciente,Loss Incurred,month,cumulative,Synthetic,Portfolio,Auto,2021-09,35,397736.7339838959
decreciente,Loss Incurred,month,cumulative,Synthetic,Portfolio,Auto,2021-09,36,396990.4405148619
decreciente,Loss Incurred,month,cumulative,Synthetic,Portfolio,Auto,2021-09,37,396291.2851970022
decreciente,Loss Incurred,month,cumulative,Synthetic,Portfolio,Auto,2021-09,38,395636.2906422136
decreciente,Loss Incurred,month,cumulative,Synthetic,Portfolio,Auto,2021-09,39,395022.667523225
decreciente,Loss Incurred,month,cumulative,Synthetic,Portfolio,Auto,2021-09,40,394447.802695106
decreciente,Loss Incurred,month,cumulative,Synthetic,Portfolio,Auto,2021-09,41,393909.2480670585
decreciente,Loss Incurred,month,cumulative,Synthetic,Portfolio,Auto,2021-09,42,393404.7101770986
decreciente,Loss Incurred,month,cumulative,Synthetic,Portfolio,Auto,2021-09,43,392932.04042523296
decreciente,Loss Incurred,month,cumulative,Synthetic,Portfolio,Auto,2021-09,44,392489.2259235383
decreciente,Loss Incurred,month,cumulative,Synthetic,Portfolio,Auto,2021-09,45,392074.3809241765
decreciente,Loss Incurred,month,cumulative,Synthetic,Portfolio,Auto,2021-09,46,391685.73878884234
decreciente,Loss Incurred,month,cumulative,Synthetic,Portfolio,Auto,2021-09,47,391321.6444654458
decreciente,Loss Incurred,month,cumulative,Synthetic,Portfolio,Auto,2021-09,48,390980.5474399891
decreciente,Loss Incurred,month,cumulative,Synthetic,Portfolio,Auto,2021-09,49,390660.9951336252
decreciente,Loss Incurred,month,cumulative,Synthetic,Portfolio,Auto,2021-09,50,390361.6267167772
decreciente,Loss Incurred,month,cumulative,Synthetic,Portfolio,Auto,2021-09,51,390081.1673139778
decreciente,Loss Incurred,month,cumulative,Synthetic,Portfolio,Auto,2021-10,0,629148.574606618
decreciente,Loss Incurred,month,cumulative,Synthetic,Portfolio,Auto,2021-10,1,618114.063040798
decreciente,Loss Incurred,month,cumulative,Synthetic,Portfolio,Auto,2021-10,2,607912.385052262
decreciente,Loss Incurred,month,cumulative,Synthetic,Portfolio,Auto,2021-10,3,598480.6822386864
decreciente,Loss Incurred,month,cumulative,Synthetic,Portfolio,Auto,2021-10,4,589760.8404574052
decreciente,Loss Incurred,month,cumulative,Synthetic,Portfolio,Auto,2021-10,5,581699.1317507724
decreciente,Loss Incurred,month,cumulative,Synthetic,Portfolio,Auto,2021-10,6,574245.8832973297
decreciente,Loss Incurred,month,cumulative,Synthetic,Portfolio,Auto,2021-10,7,567355.1713490003
decreciente,Loss Incurred,month,cumulative,Synthetic,Portfolio,Auto,2021-10,8,560984.5382684784
decreciente,Loss Incurred,month,cumulative,Synthetic,Portfolio,Auto,2021-10,9,555094.7309233204
decreciente,Loss Incurred,month,cumulative,Synthetic,Portfolio,Auto,2021-10,10,549649.4588248311
decreciente,Loss Incurred,month,cumulative,Synthetic,Portfolio,Auto,2021-10,11,544615.170521503
decreciente,Loss Incurred,month,cumulative,Synthetic,Portfolio,Auto,2021-10,12,539960.8468692364
decreciente,Loss Incurred,month,cumulative,Synthetic,Portfolio,Auto,2021-10,13,535657.8099045621
decreciente,Loss Incurred,month,cumulative,Synthetic,Portfolio,Auto,2021-10,14,531679.5461432234
decreciente,Loss Incurred,month,cumulative,Synthetic,Portfolio,Auto,2021-10,15,528001.5432153591
decreciente,Loss Incurred,month,cumulative,Synthetic,Portfolio,Auto,2021-10,16,524601.1388307019
decreciente,Loss Incurred,month,cumulative,Synthetic,Portfolio,Auto,2021-10,17,521457.38114318164
decreciente,Loss Incurred,month,cumulative,Synthetic,Portfolio,Auto,2021-10,18,518550.89965455735
decreciente,Loss Incurred,month,cumulative,Synthetic,Portfolio,Auto,2021-10,19,515863.7858616433
decreciente,Loss Incurred,month,cumulative,Synthetic,Portfolio,Auto,2021-10,20,513379.48291172605
decreciente,Loss Incurred,month,cumulative,Synthetic,Portfolio,Auto,2021-10,21,511082.6835862779
decreciente,Loss Incurred,month,cumulative,Synthetic,Portfolio,Auto,2021-10,22,508959.23598438426
decreciente,Loss Incurred,month,cumulative,Synthetic,Portfolio,Auto,2021-10,23,506996.05632474704
decreciente,Loss Incurred,month,cumulative,Synthetic,Portfolio,Auto,2021-10,24,505181.04832898785
decreciente,Loss Incurred,month,cumulative,Synthetic,Portfolio,Auto,2021-10,25,503503.0286895225
decreciente,Loss Incurred,month,cumulative,Synthetic,Portfolio,Auto,2021-10,26,501951.65816277516
decreciente,Loss Incurred,month,cumulative,Synthetic,Portfolio,Auto,2021-10,27,500517.37786315556
decreciente,Loss Incurred,month,cumulative,Synthetic,Portfolio,Auto,2021-10,28,499191.3503652694
decreciente,Loss Incurred,month,cumulative,Synthetic,Portfolio,Auto,2021-10,29,497965.405251461
decreciente,Loss Incurred,month,cumulative,Synthetic,Portfolio,Auto,2021-10,30,496831.9887691736
decreciente,Loss Incurred,month,cumulative,Synthetic,Portfolio,Auto,2021-10,31,495784.1172879373
decreciente,Loss Incurred,month,cumulative,Synthetic,Portfolio,Auto,2021-10,32,494815.33426920744
decreciente,Loss Incurred,month,cumulative,Synthetic,Portfolio,Auto,2021-10,33,493919.6704839199
decreciente,Loss Incurred,month,cumulative,Synthetic,Portfolio,Auto,2021-10,34,493091.6072326382
decreciente,Loss Incurred,month,cumulative,Synthetic,Portfolio,Auto,2021-10,35,492326.04234167543
decreciente,Loss Incurred,month,cumulative,Synthetic,Portfolio,Auto,2021-10,36,491618.25872566795
decreciente,Loss Incurred,month,cumulative,Synthetic,Portfolio,Auto,2021-10,37,490963.8953229021
decreciente,Loss Incurred,month,cumulative,Synthetic,Portfolio,Auto,2021-10,38,490358.9202243053
decreciente,Loss Incurred,month,cumulative,Synthetic,Portfolio,Auto,2021-10,39,489799.60583053686
decreciente,Loss Incurred,month,cumulative,Synthetic,Portfolio,Auto,2021-10,40,489282.50588410575
decreciente,Loss Incurred,month,cumulative,Synthetic,Portfolio,Auto,2021-10,41,488804.4342349972
decreciente,Loss Incurred,month,cumulative,Synthetic,Portfolio,Auto,2021-10,42,488362.4452089708
decreciente,Loss Incurred,month,cumulative,Synthetic,Portfolio,Auto,2021-10,43,487953.8154575684
decreciente,Loss Incurred,month,cumulative,Synthetic,Portfolio,Auto,2021-10,44,487576.02717799874
decreciente,Loss Incurred,month,cumulative,Synthetic,Portfolio,Auto,2021-10,45,487226.7525995071
decreciente,Loss Incurred,month,cumulative,Synthetic,Portfolio,Auto,2021-10,46,486903.83964064164
decreciente,Loss Incurred,month,cumulative,Synthetic,Portfolio,Auto,2021-10,47,486605.2986490428
decreciente,Loss Incurred,month,cumulative,Synthetic,Portfolio,Auto,2021-10,48,486329.2901420504
decreciente,Loss Incurred,month,cumulative,Synthetic,Portfolio,Auto,2021-10,49,486074.1134725953
decreciente,Loss Incurred,month,cumulative,Synthetic,Portfolio,Auto,2021-10,50,485838.1963505331
decreciente,Loss Incurred,month,cumulative,Synthetic,Portfolio,Auto,2021-11,0,619625.9703903442
decreciente,Loss Incurred,month,cumulative,Synthetic,Portfolio,Auto,2021-11,1,610248.969804276
decreciente,Loss Incurred,month,cumulative,Synthetic,Portfolio,Auto,2021-11,2,601533.0734457864
decreciente,Loss Incurred,month,cumulative,Synthetic,Portfolio,Auto,2021-11,3,593431.6716558795
decreciente,Loss Incurred,month,cumulative,Synthetic,Portfolio,Auto,2021-11,4,585901.4408841953
decreciente,Loss Incurred,month,cumulative,Synthetic,Portfolio,Auto,2021-11,5,578902.1120093501
decreciente,Loss Incurred,month,cumulative,Synthetic,Portfolio,Auto,2021-11,6,572396.2549933258
decreciente,Loss Incurred,month,cumulative,Synthetic,Portfolio,Auto,2021-11,7,566349.0787183165
decreciente,Loss Incurred,month,cumulative,Synthetic,Portfolio,Auto,2021-11,8,560728.2449356242
decreciente,Loss Incurred,month,cumulative,Synthetic,Portfolio,Auto,2021-11,9,555503.6953316675
decreciente,Loss Incurred,month,cumulative,Synthetic,Portfolio,Auto,2021-11,10,550647.4907863112
decreciente,Loss Incurred,month,cumulative,Synthetic,Portfolio,Auto,2021-11,11,546133.6619639223
decreciente,Loss Incurred,month,cumulative,Synthetic,Portfolio,Auto,2021-11,12,541938.0704381677
decreciente,Loss Incurred,month,cumulative,Synthetic,Portfolio,Auto,2021-11,13,538038.2796078923
decreciente,Loss Incurred,month,cumulative,Synthetic,Portfolio,Auto,2021-11,14,534413.4347137831
decreciente,Loss Incurred,month,cumulative,Synthetic,Portfolio,Auto,2021-11,15,531044.1513141857
decreciente,Loss Incurred,month,cumulative,Synthetic,Portfolio,Auto,2021-11,16,527912.4116236813
decreciente,Loss Incurred,month,cumulative,Synthetic,Portfolio,Auto,2021-11,17,525001.4681600798
decreciente,Loss Incurred,month,cumulative,Synthetic,Portfolio,Auto,2021-11,18,522295.7541845609
decreciente,Loss Incurred,month,cumulative,Synthetic,Portfolio,Auto,2021-11,19,519780.80045603303
decreciente,Loss Incurred,month,cumulative,Synthetic,Portfolio,Auto,2021-11,20,517443.1578545371
decreciente,Loss Incurred,month,cumulative,Synthetic,Portfolio,Auto,2021-11,21,515270.32545991184
decreciente,Loss Incurred,month,cumulative,Synthetic,Portfolio,Auto,2021-11,22,513250.6837011112
decreciente,Loss Incurred,month,cumulative,Synthetic,Portfolio,Auto,2021-11,23,511373.4322186767
decreciente,Loss Incurred,month,cumulative,Synthetic,Portfolio,Auto,2021-11,24,509628.53210807755
decreciente,Loss Incurred,month,cumulative,Synthetic,Portfolio,Auto,2021-11,25,508006.65223505127
decreciente,Loss Incurred,month,cumulative,Synthetic,Portfolio,Auto,2021-11,26,506499.1193358617
decreciente,Loss Incurred,month,cumulative,Synthetic,Portfolio,Auto,2021-11,27,505097.8716356246
decreciente,Loss Incurred,month,cumulative,Synthetic,Portfolio,Auto,2021-11,28,503795.4157366687
decreciente,Loss Incurred,month,cumulative,Synthetic,Portfolio,Auto,2021-11,29,502584.78654638486
decreciente,Loss Incurred,month,cumulative,Synthetic,Portfolio,Auto,2021-11,30,501459.51003027224
decreciente,Loss Incurred,month,cumulative,Synthetic,Portfolio,Auto,2021-11,31,500413.5685909967
decreciente,Loss Incurred,month,cumulative,Synthetic,Portfolio,Auto,2021-11,32,499441.36888832
decreciente,Loss Incurred,month,cumulative,Synthetic,Portfolio,Auto,2021-11,33,498537.7119278123
decreciente,Loss Incurred,month,cumulative,Synthetic,Portfolio,Auto,2021-11,34,497697.7652583929
decreciente,Loss Incurred,month,cumulative,Synthetic,Portfolio,Auto,2021-11,35,496917.03713001934
decreciente,Loss Incurred,month,cumulative,Synthetic,Portfolio,Auto,2021-11,36,496191.3524733316
decreciente,Loss Incurred,month,cumulative,Synthetic,Portfolio,Auto,2021-11,37,495516.8305727963
decreciente,Loss Incurred,month,cumulative,Synthetic,Portfolio,Auto,2021-11,38,494889.8643139552
decreciente,Loss Incurred,month,cumulative,Synthetic,Portfolio,Auto,2021-11,39,494307.1008938006
decreciente,Loss Incurred,month,cumulative,Synthetic,Portfolio,Auto,2021-11,40,493765.42389112094
decreciente,Loss Incurred,month,cumulative,Synthetic,Portfolio,Auto,2021-11,41,493261.93660093704
decreciente,Loss Incurred,month,cumulative,Synthetic,Portfolio,Auto,2021-11,42,492793.9465439053
decreciente,Loss Incurred,month,cumulative,Synthetic,Portfolio,Auto,2021-11,43,492358.95106785174
decreciente,Loss Incurred,month,cumulative,Synthetic,Portfolio,Auto,2021-11,44,491954.62396443565
decreciente,Loss Incurred,month,cumulative,Synthetic,Portfolio,Auto,2021-11,45,491578.803029377
decreciente,Loss Incurred,month,cumulative,Synthetic,Portfolio,Auto,2021-11,46,491229.47849971993
decreciente,Loss Incurred,month,cumulative,Synthetic,Portfolio,Auto,2021-11,47,490904.7823063025
decreciente,Loss Incurred,month,cumulative,Synthetic,Portfolio,Auto,2021-11,48,490602.97808395594
decreciente,Loss Incurred,month,cumulative,Synthetic,Portfolio,Auto,2021-11,49,490322.451886012
decreciente,Loss Incurred,month,cumulative,Synthetic,Portfolio,Auto,2021-12,0,506044.6051109018
decreciente,Loss Incurred,month,cumulative,Synthetic,Portfolio,Auto,2021-12,1,497544.6823633097
decreciente,Loss Incurred,month,cumulative,Synthetic,Portfolio,Auto,2021-12,2,489621.9652141823
decreciente,Loss Incurred,month,cumulative,Synthetic,Portfolio,Auto,2021-12,3,482237.257271647
decreciente,Loss Incurred,month,cumulative,Synthetic,Portfolio,Auto,2021-12,4,475354.02385941433
decreciente,Loss Incurred,month,cumulative,Synthetic,Portfolio,Auto,2021-12,5,468938.211267236
decreciente,Loss Incurred,month,cumulative,Synthetic,Portfolio,Auto,2021-12,6,462958.07827555225
decreciente,Loss Incurred,month,cumulative,Synthetic,Portfolio,Auto,2021-12,7,457384.03912082006
decreciente,Loss Incurred,month,cumulative,Synthetic,Portfolio,Auto,2021-12,8,452188.5171246212
decreciente,Loss Incurred,month,cumulative,Synthetic,Portfolio,Auto,2021-12,9,447345.8082624008
decreciente,Loss Incurred,month,cumulative,Synthetic,Portfolio,Auto,2021-12,10,442831.9539968647
decreciente,Loss Incurred,month,cumulative,Synthetic,Portfolio,Auto,2021-12,11,438624.6227469004
decreciente,Loss Incurred,month,cumulative,Synthetic,Portfolio,Auto,2021-12,12,434702.99940560665
decreciente,Loss Incurred,month,cumulative,Synthetic,Portfolio,Auto,2021-12,13,431047.6823608383
decreciente,Loss Incurred,month,cumulative,Synthetic,Portfolio,Auto,2021-12,14,427640.58750879526
decreciente,Loss Incurred,month,cumulative,Synthetic,Portfolio,Auto,2021-12,15,424464.8587857745
decreciente,Loss Incurred,month,cumulative,Synthetic,Portfolio,Auto,2021-12,16,421504.78477545705
decreciente,Loss Incurred,month,cumulative,Synthetic,Portfolio,Auto,2021-12,17,418745.72097915696
decreciente,Loss Incurred,month,cumulative,Synthetic,Portfolio,Auto,2021-12,18,416174.017364477
decreciente,Loss Incurred,month,cumulative,Synthetic,Portfolio,Auto,2021-12,19,413776.9508339286
decreciente,Loss Incurred,month,cumulative,Synthetic,Portfolio,Auto,2021-12,20,411542.66227941745
decreciente,Loss Incurred,month,cumulative,Synthetic,Portfolio,Auto,2021-12,21,409460.0979111777
decreciente,Loss Incurred,month,cumulative,Synthetic,Portfolio,Auto,2021-12,22,407518.954570894
decreciente,Loss Incurred,month,cumulative,Synthetic,Portfolio,Auto,2021-12,23,405709.6287584521
decreciente,Loss Incurred,month,cumulative,Synthetic,Portfolio,Auto,2021-12,24,404023.169120139
decreciente,Loss Incurred,month,cumulative,Synthetic,Portfolio,Auto,2021-12,25,402451.23216323444
decreciente,Loss Incurred,month,cumulative,Synthetic,Portfolio,Auto,2021-12,26,400986.0409778976
decreciente,Loss Incurred,month,cumulative,Synthetic,Portfolio,Auto,2021-12,27,399620.3467621347
decreciente,Loss Incurred,month,cumulative,Synthetic,Portfolio,Auto,2021-12,28,398347.3929594952
decreciente,Loss Incurred,month,cumulative,Synthetic,Portfolio,Auto,2021-12,29,397160.8818320763
decreciente,Loss Incurred,month,cumulative,Synthetic,Portfolio,Auto,2021-12,30,396054.94330345903
decreciente,Loss Incurred,month,cumulative,Synthetic,Portfolio,Auto,2021-12,31,395024.10591743235
decreciente,Loss Incurred,month,cumulative,Synthetic,Portfolio,Auto,2021-12,32,394063.2697688274
decreciente,Loss Incurred,month,cumulative,Synthetic,Portfolio,Auto,2021-12,33,393167.6812725425
decreciente,Loss Incurred,month,cumulative,Synthetic,Portfolio,Auto,2021-12,34,392332.9096459312
decreciente,Loss Incurred,month,cumulative,Synthetic,Portfolio,Auto,2021-12,35,391554.82498820516
decreciente,Loss Incurred,month,cumulative,Synthetic,Portfolio,Auto,2021-12,36,390829.57784840197
decreciente,Loss Incurred,month,cumulative,Synthetic,Portfolio,Auto,2021-12,37,390153.58018083463
decreciente,Loss Incurred,month,cumulative,Synthetic,Portfolio,Auto,2021-12,38,389523.48759380216
decreciente,Loss Incurred,month,cumulative,Synthetic,Portfolio,Auto,2021-12,39,388936.1828037399
decreciente,Loss Incurred,month,cumulative,Synthetic,Portfolio,Auto,2021-12,40,388388.7602129512
decreciente,Loss Incurred,month,cumulative,Synthetic,Portfolio,Auto,2021-12,41,387878.5115346217
decreciente,Loss Incurred,month,cumulative,Synthetic,Portfolio,Auto,2021-12,42,387402.91239399824
decreciente,Loss Incurred,month,cumulative,Synthetic,Portfolio,Auto,2021-12,43,386959.60983944323
decreciente,Loss Incurred,month,cumulative,Synthetic,Portfolio,Auto,2021-12,44,386546.4107015781
decreciente,Loss Incurred,month,cumulative,Synthetic,Portfolio,Auto,2021-12,45,386161.27074292424
decreciente,Loss Incurred,month,cumulative,Synthetic,Portfolio,Auto,2021-12,46,385802.28454436077
decreciente,Loss Incurred,month,cumulative,Synthetic,Portfolio,Auto,2021-12,47,385467.6760783644
decreciente,Loss Incurred,month,cumulative,Synthetic,Portfolio,Auto,2021-12,48,385155.789922394
decreciente,Loss Incurred,month,cumulative,Synthetic,Portfolio,Auto,2022-01,0,569597.0967963128
decreciente,Loss Incurred,month,cumulative,Synthetic,Portfolio,Auto,2022-01,1,560526.7317451682
decreciente,Loss Incurred,month,cumulative,Synthetic,Portfolio,Auto,2022-01,2,552182.2262235585
decreciente,Loss Incurred,month,cumulative,Synthetic,Portfolio,Auto,2022-01,3,544505.4930372369
decreciente,Loss Incurred,month,cumulative,Synthetic,Portfolio,Auto,2022-01,4,537443.0934425147
decreciente,Loss Incurred,month,cumulative,Synthetic,Portfolio,Auto,2022-01,5,530945.8651521784
decreciente,Loss Incurred,month,cumulative,Synthetic,Portfolio,Auto,2022-01,6,524968.5801103789
decreciente,Loss Incurred,month,cumulative,Synthetic,Portfolio,Auto,2022-01,7,519469.6296542185
decreciente,Loss Incurred,month,cumulative,Synthetic,Portfolio,Auto,2022-01,8,514410.7348704085
decreciente,Loss Incurred,month,cumulative,Synthetic,Portfolio,Auto,2022-01,9,509756.6801307464
decreciente,Loss Incurred,month,cumulative,Synthetic,Portfolio,Auto,2022-01,10,505475.06795152277
decreciente,Loss Incurred,month,cumulative,Synthetic,Portfolio,Auto,2022-01,11,501536.0934704005
decreciente,Loss Incurred,month,cumulative,Synthetic,Portfolio,Auto,2022-01,12,497912.3369708695
decreciente,Loss Incurred,month,cumulative,Synthetic,Portfolio,Auto,2022-01,13,494578.5730100143
decreciente,Loss Incurred,month,cumulative,Synthetic,Portfolio,Auto,2022-01,14,491511.5948209072
decreciente,Loss Incurred,month,cumulative,Synthetic,Portfolio,Auto,2022-01,15,488690.0527672684
decreciente,Loss Incurred,month,cumulative,Synthetic,Portfolio,Auto,2022-01,16,486094.30572585564
decreciente,Loss Incurred,month,cumulative,Synthetic,Portfolio,Auto,2022-01,17,483706.2843620365
decreciente,Loss Incurred,month,cumulative,Synthetic,Portfolio,Auto,2022-01,18,481509.3653467874
decreciente,Loss Incurred,month,cumulative,Synthetic,Portfolio,Auto,2022-01,19,479488.2556395257
decreciente,Loss Incurred,month,cumulative,Synthetic,Portfolio,Auto,2022-01,20,477628.88603125437
decreciente,Loss Incurred,month,cumulative,Synthetic,Portfolio,Auto,2022-01,21,475918.3132069584
decreciente,Loss Incurred,month,cumulative,Synthetic,Portfolio,Auto,2022-01,22,474344.62964549544
decreciente,Loss Incurred,month,cumulative,Synthetic,Portfolio,Auto,2022-01,23,472896.8807297848
decreciente,Loss Incurred,month,cumulative,Synthetic,Portfolio,Auto,2022-01,24,471564.9884902848
decreciente,Loss Incurred,month,cumulative,Synthetic,Portfolio,Auto,2022-01,25,470339.6814509288
decreciente,Loss Incurred,month,cumulative,Synthetic,Portfolio,Auto,2022-01,26,469212.43008916755
decreciente,Loss Incurred,month,cumulative,Synthetic,Portfolio,Auto,2022-01,27,468175.38746084785
decreciente,Loss Incurred,month,cumulative,Synthetic,Portfolio,Auto,2022-01,28,467221.33457660733
decreciente,Loss Incurred,month,cumulative,Synthetic,Portfolio,Auto,2022-01,29,466343.63014954596
decreciente,Loss Incurred,month,cumulative,Synthetic,Portfolio,Auto,2022-01,30,465536.164364359
decreciente,Loss Incurred,month,cumulative,Synthetic,Portfolio,Auto,2022-01,31,464793.31634611374
decreciente,Loss Incurred,month,cumulative,Synthetic,Portfolio,Auto,2022-01,32,464109.9150326041
decreciente,Loss Incurred,month,cumulative,Synthetic,Portfolio,Auto,2022-01,33,463481.2031779101
decreciente,Loss Incurred,month,cumulative,Synthetic,Portfolio,Auto,2022-01,34,462902.80423658714
decreciente,Loss Incurred,month,cumulative,Synthetic,Portfolio,Auto,2022-01,35,462370.6918979603
decreciente,Loss Incurred,month,cumulative,Synthetic,Portfolio,Auto,2022-01,36,461881.1620584499
decreciente,Loss Incurred,month,cumulative,Synthetic,Portfolio,Auto,2022-01,37,461430.8070368213
decreciente,Loss Incurred,month,cumulative,Synthetic,Portfolio,Auto,2022-01,38,461016.49185287073
decreciente,Loss Incurred,month,cumulative,Synthetic,Portfolio,Auto,2022-01,39,460635.33240441757
decreciente,Loss Incurred,month,cumulative,Synthetic,Portfolio,Auto,2022-01,40,460284.6753906924
decreciente,Loss Incurred,month,cumulative,Synthetic,Portfolio,Auto,2022-01,41,459962.0798423632
decreciente,Loss Incurred,month,cumulative,Synthetic,Portfolio,Auto,2022-01,42,459665.3001296283
decreciente,Loss Incurred,month,cumulative,Synthetic,Portfolio,Auto,2022-01,43,459392.2703300938
decreciente,Loss Incurred,month,cumulative,Synthetic,Portfolio,Auto,2022-01,44,459141.08984761784
decreciente,Loss Incurred,month,cumulative,Synthetic,Portfolio,Auto,2022-01,45,458910.01018201205
decreciente,Loss Incurred,month,cumulative,Synthetic,Portfolio,Auto,2022-01,46,458697.42275750305
decreciente,Loss Incurred,month,cumulative,Synthetic,Portfolio,Auto,2022-01,47,458501.8477252262
decreciente,Loss Incurred,month,cumulative,Synthetic,Portfolio,Auto,2022-02,0,540625.0121930966
decreciente,Loss Incurred,month,cumulative,Synthetic,Portfolio,Auto,2022-02,1,533750.9719789488
decreciente,Loss Incurred,month,cumulative,Synthetic,Portfolio,Auto,2022-02,2,527282.9893496963
decreciente,Loss Incurred,month,cumulative,Synthetic,Portfolio,Auto,2022-02,3,521197.07800949074
decreciente,Loss Incurred,month,cumulative,Synthetic,Portfolio,Auto,2022-02,4,515470.66856099723
decreciente,Loss Incurred,month,cumulative,Synthetic,Portfolio,Auto,2022-02,5,510082.5248075444
decreciente,Loss Incurred,month,cumulative,Synthetic,Portfolio,Auto,2022-02,6,505012.66499940417
decreciente,Loss Incurred,month,cumulative,Synthetic,Portfolio,Auto,2022-02,7,500242.287732145
decreciente,Loss Incurred,month,cumulative,Synthetic,Portfolio,Auto,2022-02,8,495753.7022222567
decreciente,Loss Incurred,month,cumulative,Synthetic,Portfolio,Auto,2022-02,9,491530.2627014753
decreciente,Loss Incurred,month,cumulative,Synthetic,Portfolio,Auto,2022-02,10,487556.30668651196
decreciente,Loss Incurred,month,cumulative,Synthetic,Portfolio,Auto,2022-02,11,483817.09689526085
decreciente,Loss Incurred,month,cumulative,Synthetic,Portfolio,Auto,2022-02,12,480298.76659408404
decreciente,Loss Incurred,month,cumulative,Synthetic,Portfolio,Auto,2022-02,13,476988.2681734977
decreciente,Loss Incurred,month,cumulative,Synthetic,Portfolio,Auto,2022-02,14,473873.32476155035
decreciente,Loss Incurred,month,cumulative,Synthetic,Portfolio,Auto,2022-02,15,470942.3846954574
decreciente,Loss Incurred,month,cumulative,Synthetic,Portfolio,Auto,2022-02,16,468184.57868264825
decreciente,Loss Incurred,month,cumulative,Synthetic,Portfolio,Auto,2022-02,17,465589.67949236045
decreciente,Loss Incurred,month,cumulative,Synthetic,Portfolio,Auto,2022-02,18,463148.06402829906
decreciente,Loss Incurred,month,cumulative,Synthetic,Portfolio,Auto,2022-02,19,460850.677641708
decreciente,Loss Incurred,month,cumulative,Synthetic,Portfolio,Auto,2022-02,20,458689.00055250945
decreciente,Loss Incurred,month,cumulative,Synthetic,Portfolio,Auto,2022-02,21,456655.0162539869
decreciente,Loss Incurred,month,cumulative,Synthetic,Portfolio,Auto,2022-02,22,454741.1817838395
decreciente,Loss Incurred,month,cumulative,Synthetic,Portfolio,Auto,2022-02,23,452940.39975136006
decreciente,Loss Incurred,month,cumulative,Synthetic,Portfolio,Auto,2022-02,24,451245.992017001
decreciente,Loss Incurred,month,cumulative,Synthetic,Portfolio,Auto,2022-02,25,449651.6749267185
decreciente,Loss Incurred,month,cumulative,Synthetic,Portfolio,Auto,2022-02,26,448151.53600925277
decreciente,Loss Incurred,month,cumulative,Synthetic,Portfolio,Auto,2022-02,27,446740.0120499276
decreciente,Loss Incurred,month,cumulative,Synthetic,Portfolio,Auto,2022-02,28,445411.8684596562
decreciente,Loss Incurred,month,cumulative,Synthetic,Portfolio,Auto,2022-02,29,444162.17986264324
decreciente,Loss Incurred,month,cumulative,Synthetic,Portfolio,Auto,2022-02,30,442986.31183079514
decreciente,Loss Incurred,month,cumulative,Synthetic,Portfolio,Auto,2022-02,31,441879.90369709913
decreciente,Loss Incurred,month,cumulative,Synthetic,Portfolio,Auto,2022-02,32,440838.8523842364
decreciente,Loss Incurred,month,cumulative,Synthetic,Portfolio,Auto,2022-02,33,439859.29718845827
decreciente,Loss Incurred,month,cumulative,Synthetic,Portfolio,Auto,2022-02,34,438937.605462296
decreciente,Loss Incurred,month,cumulative,Synthetic,Portfolio,Auto,2022-02,35,438070.35914301
decreciente,Loss Incurred,month,cumulative,Synthetic,Portfolio,Auto,2022-02,36,437254.34207681945
decreciente,Loss Incurred,month,cumulative,Synthetic,Portfolio,Auto,2022-02,37,436486.52809190383
decreciente,Loss Incurred,month,cumulative,Synthetic,Portfolio,Auto,2022-02,38,435764.0697759474
decreciente,Loss Incurred,month,cumulative,Synthetic,Portfolio,Auto,2022-02,39,435084.2879166053
decreciente,Loss Incurred,month,cumulative,Synthetic,Portfolio,Auto,2022-02,40,434444.66156573576
decreciente,Loss Incurred,month,cumulative,Synthetic,Portfolio,Auto,2022-02,41,433842.8186905484
decreciente,Loss Incurred,month,cumulative,Synthetic,Portfolio,Auto,2022-02,42,433276.5273770005
decreciente,Loss Incurred,month,cumulative,Synthetic,Portfolio,Auto,2022-02,43,432743.6875528188
decreciente,Loss Incurred,month,cumulative,Synthetic,Portfolio,Auto,2022-02,44,432242.32319945225
decreciente,Loss Incurred,month,cumulative,Synthetic,Portfolio,Auto,2022-02,45,431770.57502407406
decreciente,Loss Incurred,month,cumulative,Synthetic,Portfolio,Auto,2022-02,46,431326.6935644562
decreciente,Loss Incurred,month,cumulative,Synthetic,Portfolio,Auto,2022-03,0,616282.8812596337
decreciente,Loss Incurred,month,cumulative,Synthetic,Portfolio,Auto,2022-03,1,605839.6535516604
decreciente,Loss Incurred,month,cumulative,Synthetic,Portfolio,Auto,2022-03,2,596130.8122923461
decreciente,Loss Incurred,month,cumulative,Synthetic,Portfolio,Auto,2022-03,3,587104.7141132753
decreciente,Loss Incurred,month,cumulative,Synthetic,Portfolio,Auto,2022-03,4,578713.3473000558
decreciente,Loss Incurred,month,cumulative,Synthetic,Portfolio,Auto,2022-03,5,570912.0764079137
decreciente,Loss Incurred,month,cumulative,Synthetic,Portfolio,Auto,2022-03,6,563659.4048363757
decreciente,Loss Incurred,month,cumulative,Synthetic,Portfolio,Auto,2022-03,7,556916.7541001248
decreciente,Loss Incurred,month,cumulative,Synthetic,Portfolio,Auto,2022-03,8,550648.2586219235
decreciente,Loss Incurred,month,cumulative,Synthetic,Portfolio,Auto,2022-03,9,544820.5749560663
decreciente,Loss Incurred,month,cumulative,Synthetic,Portfolio,Auto,2022-03,10,539402.7044275794
decreciente,Loss Incurred,month,cumulative,Synthetic,Portfolio,Auto,2022-03,11,534365.8282437504
decreciente,Loss Incurred,month,cumulative,Synthetic,Portfolio,Auto,2022-03,12,529683.1542009083
decreciente,Loss Incurred,month,cumulative,Synthetic,Portfolio,Auto,2022-03,13,525329.7741710586
decreciente,Loss Incurred,month,cumulative,Synthetic,Portfolio,Auto,2022-03,14,521282.53161031177
decreciente,Loss Incurred,month,cumulative,Synthetic,Portfolio,Auto,2022-03,15,517519.8983843572
decreciente,Loss Incurred,month,cumulative,Synthetic,Portfolio,Auto,2022-03,16,514021.8602557887
decreciente,Loss Incurred,month,cumulative,Synthetic,Portfolio,Auto,2022-03,17,510769.81042416726
decreciente,Loss Incurred,month,cumulative,Synthetic,Portfolio,Auto,2022-03,18,507746.4505525362
decreciente,Loss Incurred,month,cumulative,Synthetic,Portfolio,Auto,2022-03,19,504935.69875392946
decreciente,Loss Incurred,month,cumulative,Synthetic,Portfolio,Auto,2022-03,20,502322.60404843243
decreciente,Loss Incurred,month,cumulative,Synthetic,Portfolio,Auto,2022-03,21,499893.26683577604
decreciente,Loss Incurred,month,cumulative,Synthetic,Portfolio,Auto,2022-03,22,497634.76496043924
decreciente,Loss Incurred,month,cumulative,Synthetic,Portfolio,Auto,2022-03,23,495535.0849759872
decreciente,Loss Incurred,month,cumulative,Synthetic,Portfolio,Auto,2022-03,24,493583.05824302224
decreciente,Loss Incurred,month,cumulative,Synthetic,Portfolio,Auto,2022-03,25,491768.3015208429
decreciente,Loss Incurred,month,cumulative,Synthetic,Portfolio,Auto,2022-03,26,490081.1617368027
decreciente,Loss Incurred,month,cumulative,Synthetic,Portfolio,Auto,2022-03,27,488512.66463958693
decreciente,Loss Incurred,month,cumulative,Synthetic,Portfolio,Auto,2022-03,28,487054.4670632823
decreciente,Loss Incurred,month,cumulative,Synthetic,Portfolio,Auto,2022-03,29,485698.8125483236
decreciente,Loss Incurred,month,cumulative,Synthetic,Portfolio,Auto,2022-03,30,484438.4900832529
decreciente,Loss Incurred,month,cumulative,Synthetic,Portfolio,Auto,2022-03,31,483266.7957478343
decreciente,Loss Incurred,month,cumulative,Synthetic,Portfolio,Auto,2022-03,32,482177.4970534917
decreciente,Loss Incurred,month,cumulative,Synthetic,Portfolio,Auto,2022-03,33,481164.799791392
decreciente,Loss Incurred,month,cumulative,Synthetic,Portfolio,Auto,2022-03,34,480223.3172118287
decreciente,Loss Incurred,month,cumulative,Synthetic,Portfolio,Auto,2022-03,35,479348.0413709687
decreciente,Loss Incurred,month,cumulative,Synthetic,Portfolio,Auto,2022-03,36,478534.3164925449
decreciente,Loss Incurred,month,cumulative,Synthetic,Portfolio,Auto,2022-03,37,477777.8142028037
decreciente,Loss Incurred,month,cumulative,Synthetic,Portfolio,Auto,2022-03,38,477074.5105069743
decreciente,Loss Incurred,month,cumulative,Synthetic,Portfolio,Auto,2022-03,39,476420.6643847947
decreciente,Loss Incurred,month,cumulative,Synthetic,Portfolio,Auto,2022-03,40,475812.7978912381
decreciente,Loss Incurred,month,cumulative,Synthetic,Portfolio,Auto,2022-03,41,475247.6776565915
decreciente,Loss Incurred,month,cumulative,Synthetic,Portfolio,Auto,2022-03,42,474722.2976874829
decreciente,Loss Incurred,month,cumulative,Synthetic,Portfolio,Auto,2022-03,43,474233.8633773696
decreciente,Loss Incurred,month,cumulative,Synthetic,Portfolio,Auto,2022-03,44,473779.7766414392
decreciente,Loss Incurred,month,cumulative,Synthetic,Portfolio,Auto,2022-03,45,473357.6220968492
decreciente,Loss Incurred,month,cumulative,Synthetic,Portfolio,Auto,2022-04,0,624601.9997760941
decreciente,Loss Incurred,month,cumulative,Synthetic,Portfolio,Auto,2022-04,1,614127.8567907464
decreciente,Loss Incurred,month,cumulative,Synthetic,Portfolio,Auto,2022-04,2,604430.1492935723
decreciente,Loss Incurred,month,cumulative,Synthetic,Portfolio,Auto,2022-04,3,595451.3210655913
decreciente,Loss Incurred,month,cumulative,Synthetic,Portfolio,Auto,2022-04,4,587138.0824603767
decreciente,Loss Incurred,month,cumulative,Synthetic,Portfolio,Auto,2022-04,5,579441.0941282173
decreciente,Loss Incurred,month,cumulative,Synthetic,Portfolio,Auto,2022-04,6,572314.6741854248
decreciente,Loss Incurred,month,cumulative,Synthetic,Portfolio,Auto,2022-04,7,565716.5270908214
decreciente,Loss Incurred,month,cumulative,Synthetic,Portfolio,Auto,2022-04,8,559607.4926202871
decreciente,Loss Incurred,month,cumulative,Synthetic,Portfolio,Auto,2022-04,9,553951.3134495167
decreciente,Loss Incurred,month,cumulative,Synthetic,Portfolio,Auto,2022-04,10,548714.4199655843
decreciente,Loss Incurred,month,cumulative,Synthetic,Portfolio,Auto,2022-04,11,543865.731030167
decreciente,Loss Incurred,month,cumulative,Synthetic,Portfolio,Auto,2022-04,12,539376.4695119465
decreciente,Loss Incurred,month,cumulative,Synthetic,Portfolio,Auto,2022-04,13,535219.9914933702
decreciente,Loss Incurred,month,cumulative,Synthetic,Portfolio,Auto,2022-04,14,531371.628138108
decreciente,Loss Incurred,month,cumulative,Synthetic,Portfolio,Auto,2022-04,15,527808.5392806822
decreciente,Loss Incurred,month,cumulative,Synthetic,Portfolio,Auto,2022-04,16,524509.5778693197
decreciente,Loss Incurred,month,cumulative,Synthetic,Portfolio,Auto,2022-04,17,521455.1644574909
decreciente,Loss Incurred,month,cumulative,Synthetic,Portfolio,Auto,2022-04,18,518627.1709992386
decreciente,Loss Incurred,month,cumulative,Synthetic,Portfolio,Auto,2022-04,19,516008.81325861794
decreciente,Loss Incurred,month,cumulative,Synthetic,Portfolio,Auto,2022-04,20,513584.55119469325
decreciente,Loss Incurred,month,cumulative,Synthetic,Portfolio,Auto,2022-04,21,511339.99673087447
decreciente,Loss Incurred,month,cumulative,Synthetic,Portfolio,Auto,2022-04,22,509261.82836120075
decreciente,Loss Incurred,month,cumulative,Synthetic,Portfolio,Auto,2022-04,23,507337.71208675526
decreciente,Loss Incurred,month,cumulative,Synthetic,Portfolio,Auto,2022-04,24,505556.2282129694
decreciente,Loss Incurred,month,cumulative,Synthetic,Portfolio,Auto,2022-04,25,503906.8035733519
decreciente,Loss Incurred,month,cumulative,Synthetic,Portfolio,Auto,2022-04,26,502379.6487773921
decreciente,Loss Incurred,month,cumulative,Synthetic,Portfolio,Auto,2022-04,27,500965.70011019876
decreciente,Loss Incurred,month,cumulative,Synthetic,Portfolio,Auto,2022-04,28,499656.5657390487
decreciente,Loss Incurred,month,cumulative,Synthetic,Portfolio,Auto,2022-04,29,498444.47590757784
decreciente,Loss Incurred,month,cumulative,Synthetic,Portfolio,Auto,2022-04,30,497322.23682201764
decreciente,Loss Incurred,month,cumulative,Synthetic,Portfolio,Auto,2022-04,31,496283.1879557873
decreciente,Loss Incurred,month,cumulative,Synthetic,Portfolio,Auto,2022-04,32,495321.1625190459
decreciente,Loss Incurred,month,cumulative,Synthetic,Portfolio,Auto,2022-04,33,494430.4508585873
decreciente,Loss Incurred,month,cumulative,Synthetic,Portfolio,Auto,2022-04,34,493605.7665708576
decreciente,Loss Incurred,month,cumulative,Synthetic,Portfolio,Auto,2022-04,35,492842.2151269729
decreciente,Loss Incurred,month,cumulative,Synthetic,Portfolio,Auto,2022-04,36,492135.2648235258
decreciente,Loss Incurred,month,cumulative,Synthetic,Portfolio,Auto,2022-04,37,491480.7198867745
decreciente,Loss Incurred,month,cumulative,Synthetic,Portfolio,Auto,2022-04,38,490874.6955705846
decreciente,Loss Incurred,month,cumulative,Synthetic,Portfolio,Auto,2022-04,39,490313.5951003308
decreciente,Loss Incurred,month,cumulative,Synthetic,Portfolio,Auto,2022-04,40,489794.0883259187
decreciente,Loss Incurred,month,cumulative,Synthetic,Portfolio,Auto,2022-04,41,489313.0919572329
decreciente,Loss Incurred,month,cumulative,Synthetic,Portfolio,Auto,2022-04,42,488867.7512647062
decreciente,Loss Incurred,month,cumulative,Synthetic,Portfolio,Auto,2022-04,43,488455.42313640454
decreciente,Loss Incurred,month,cumulative,Synthetic,Portfolio,Auto,2022-04,44,488073.66039106855
decreciente,Loss Incurred,month,cumulative,Synthetic,Portfolio,Auto,2022-05,0,626599.5709183477
decreciente,Loss Incurred,month,cumulative,Synthetic,Portfolio,Auto,2022-05,1,615917.5842990532
decreciente,Loss Incurred,month,cumulative,Synthetic,Portfolio,Auto,2022-05,2,606071.0271842852
decreciente,Loss Incurred,month,cumulative,Synthetic,Portfolio,Auto,2022-05,3,596994.561310488
decreciente,Loss Incurred,month,cumulative,Synthetic,Portfolio,Auto,2022-05,4,588627.9584666729
decreciente,Loss Incurred,month,cumulative,Synthetic,Portfolio,Auto,2022-05,5,580915.7008413543
decreciente,Loss Incurred,month,cumulative,Synthetic,Portfolio,Auto,2022-05,6,573806.6126260278
decreciente,Loss Incurred,month,cumulative,Synthetic,Portfolio,Auto,2022-05,7,567253.52043064
decreciente,Loss Incurred,month,cumulative,Synthetic,Portfolio,Auto,2022-05,8,561212.9402576903
decreciente,Loss Incurred,month,cumulative,Synthetic,Portfolio,Auto,2022-05,9,555644.788957833
decreciente,Loss Incurred,month,cumulative,Synthetic,Portfolio,Auto,2022-05,10,550512.1182523031
decreciente,Loss Incurred,month,cumulative,Synthetic,Portfolio,Auto,2022-05,11,545780.869557233
decreciente,Loss Incurred,month,cumulative,Synthetic,Portfolio,Auto,2022-05,12,541419.6479829582
decreciente,Loss Incurred,month,cumulative,Synthetic,Portfolio,Auto,2022-05,13,537399.5140086575
decreciente,Loss Incurred,month,cumulative,Synthetic,Portfolio,Auto,2022-05,14,533693.7914499464
decreciente,Loss Incurred,month,cumulative,Synthetic,Portfolio,Auto,2022-05,15,530277.8904451721
decreciente,Loss Incurred,month,cumulative,Synthetic,Portfolio,Auto,2022-05,16,527129.1442858061
decreciente,Loss Incurred,month,cumulative,Synthetic,Portfolio,Auto,2022-05,17,524226.65900819853
decreciente,Loss Incurred,month,cumulative,Synthetic,Portfolio,Auto,2022-05,18,521551.17474864016
decreciente,Loss Incurred,month,cumulative,Synthetic,Portfolio,Auto,2022-05,19,519084.937941732
decreciente,Loss Incurred,month,cumulative,Synthetic,Portfolio,Auto,2022-05,20,516811.58351401734
decreciente,Loss Incurred,month,cumulative,Synthetic,Portfolio,Auto,2022-05,21,514716.02629115287
decreciente,Loss Incurred,month,cumulative,Synthetic,Portfolio,Auto,2022-05,22,512784.36089803884
decreciente,Loss Incurred,month,cumulative,Synthetic,Portfolio,Auto,2022-05,23,511003.7694876768
decreciente,Loss Incurred,month,cumulative,Synthetic,Portfolio,Auto,2022-05,24,509362.43668647995
decreciente,Loss Incurred,month,cumulative,Synthetic,Portfolio,Auto,2022-05,25,507849.4711916406
decreciente,Loss Incurred,month,cumulative,Synthetic,Portfolio,Auto,2022-05,26,506454.8335003053
decreciente,Loss Incurred,month,cumulative,Synthetic,Portfolio,Auto,2022-05,27,505169.26929099084
decreciente,Loss Incurred,month,cumulative,Synthetic,Portfolio,Auto,2022-05,28,503984.24801518687
decreciente,Loss Incurred,month,cumulative,Synthetic,Portfolio,Auto,2022-05,29,502891.9062916594
decreciente,Loss Incurred,month,cumulative,Synthetic,Portfolio,Auto,2022-05,30,501884.9957278389
decreciente,Loss Incurred,month,cumulative,Synthetic,Portfolio,Auto,2022-05,31,500956.83482205623
decreciente,Loss Incurred,month,cumulative,Synthetic,Portfolio,Auto,2022-05,32,500101.2646274658
decreciente,Loss Incurred,month,cumulative,Synthetic,Portfolio,Auto,2022-05,33,499312.607883456
decreciente,Loss Incurred,month,cumulative,Synthetic,Portfolio,Auto,2022-05,34,498585.6313433607
decreciente,Loss Incurred,month,cumulative,Synthetic,Portfolio,Auto,2022-05,35,497915.5110484883
decreciente,Loss Incurred,month,cumulative,Synthetic,Portfolio,Auto,2022-05,36,497297.8003180417
decreciente,Loss Incurred,month,cumulative,Synthetic,Portfolio,Auto,2022-05,37,496728.40024252
decreciente,Loss Incurred,month,cumulative,Synthetic,Portfolio,Auto,2022-05,38,496203.53248480806
decreciente,Loss Incurred,month,cumulative,Synthetic,Portfolio,Auto,2022-05,39,495719.7142084703
decreciente,Loss Incurred,month,cumulative,Synthetic,Portfolio,Auto,2022-05,40,495273.73496688204
decreciente,Loss Incurred,month,cumulative,Synthetic,Portfolio,Auto,2022-05,41,494862.6353998439
decreciente,Loss Incurred,month,cumulative,Synthetic,Portfolio,Auto,2022-05,42,494483.68759631587
decreciente,Loss Incurred,month,cumulative,Synthetic,Portfolio,Auto,2022-05,43,494134.37699296663
decreciente,Loss Incurred,month,cumulative,Synthetic,Portfolio,Auto,2022-06,0,763288.4176002118
decreciente,Loss Incurred,month,cumulative,Synthetic,Portfolio,Auto,2022-06,1,753925.6453503558
decreciente,Loss Incurred,month,cumulative,Synthetic,Portfolio,Auto,2022-06,2,745168.5706192311
decreciente,Loss Incurred,month,cumulative,Synthetic,Portfolio,Auto,2022-06,3,736978.0095546187
decreciente,Loss Incurred,month,cumulative,Synthetic,Portfolio,Auto,2022-06,4,729317.3131904885
decreciente,Loss Incurred,month,cumulative,Synthetic,Portfolio,Auto,2022-06,5,722152.2034598556
decreciente,Loss Incurred,month,cumulative,Synthetic,Portfolio,Auto,2022-06,6,715450.6198163116
decreciente,Loss Incurred,month,cumulative,Synthetic,Portfolio,Auto,2022-06,7,709182.575777934
decreciente,Loss Incurred,month,cumulative,Synthetic,Portfolio,Auto,2022-06,8,703320.0247516716
decreciente,Loss Incurred,month,cumulative,Synthetic,Portfolio,Auto,2022-06,9,697836.7345378355
decreciente,Loss Incurred,month,cumulative,Synthetic,Portfolio,Auto,2022-06,10,692708.1699531586
decreciente,Loss Incurred,month,cumulative,Synthetic,Portfolio,Auto,2022-06,11,687911.3830472177
decreciente,Loss Incurred,month,cumulative,Synthetic,Portfolio,Auto,2022-06,12,683424.9104209878
decreciente,Loss Incurred,month,cumulative,Synthetic,Portfolio,Auto,2022-06,13,679228.6771880747
decreciente,Loss Incurred,month,cumulative,Synthetic,Portfolio,Auto,2022-06,14,675303.9071489002
decreciente,Loss Incurred,month,cumulative,Synthetic,Portfolio,Auto,2022-06,15,671633.0387759076
decreciente,Loss Incurred,month,cumulative,Synthetic,Portfolio,Auto,2022-06,16,668199.6466338617
decreciente,Loss Incurred,month,cumulative,Synthetic,Portfolio,Auto,2022-06,17,664988.3678836375
decreciente,Loss Incurred,month,cumulative,Synthetic,Portfolio,Auto,2022-06,18,661984.8335406317
decreciente,Loss Incurred,month,cumulative,Synthetic,Portfolio,Auto,2022-06,19,659175.6041802136
decreciente,Loss Incurred,month,cumulative,Synthetic,Portfolio,Auto,2022-06,20,656548.1098025277
decreciente,Loss Incurred,month,cumulative,Synthetic,Portfolio,Auto,2022-06,21,654090.5935875669
decreciente,Loss Incurred,month,cumulative,Synthetic,Portfolio,Auto,2022-06,22,651792.0592888506
decreciente,Loss Incurred,month,cumulative,Synthetic,Portfolio,Auto,2022-06,23,649642.2220303164
decreciente,Loss Incurred,month,cumulative,Synthetic,Portfolio,Auto,2022-06,24,647631.4622862639
decreciente,Loss Incurred,month,cumulative,Synthetic,Portfolio,Auto,2022-06,25,645750.7828384354
decreciente,Loss Incurred,month,cumulative,Synthetic,Portfolio,Auto,2022-06,26,643991.7685176311
decreciente,Loss Incurred,month,cumulative,Synthetic,Portfolio,Auto,2022-06,27,642346.5485497271
decreciente,Loss Incurred,month,cumulative,Synthetic,Portfolio,Auto,2022-06,28,640807.7613376066
decreciente,Loss Incurred,month,cumulative,Synthetic,Portfolio,Auto,2022-06,29,639368.5215214244
decreciente,Loss Incurred,month,cumulative,Synthetic,Portfolio,Auto,2022-06,30,638022.3891698113
decreciente,Loss Incurred,month,cumulative,Synthetic,Portfolio,Auto,2022-06,31,636763.3409641644
decreciente,Loss Incurred,month,cumulative,Synthetic,Portfolio,Auto,2022-06,32,635585.7432470878
decreciente,Loss Incurred,month,cumulative,Synthetic,Portfolio,Auto,2022-06,33,634484.3268143854
decreciente,Loss Incurred,month,cumulative,Synthetic,Portfolio,Auto,2022-06,34,633454.1633378135
decreciente,Loss Incurred,month,cumulative,Synthetic,Portfolio,Auto,2022-06,35,632490.6433130949
decreciente,Loss Incurred,month,cumulative,Synthetic,Portfolio,Auto,2022-06,36,631589.4554345232
decreciente,Loss Incurred,month,cumulative,Synthetic,Portfolio,Auto,2022-06,37,630746.5673038677
decreciente,Loss Incurred,month,cumulative,Synthetic,Portfolio,Auto,2022-06,38,629958.2073872583
decreciente,Loss Incurred,month,cumulative,Synthetic,Portfolio,Auto,2022-06,39,629220.8481393199
decreciente,Loss Incurred,month,cumulative,Synthetic,Portfolio,Auto,2022-06,40,628531.190219041
decreciente,Loss Incurred,month,cumulative,Synthetic,Portfolio,Auto,2022-06,41,627886.1477267506
decreciente,Loss Incurred,month,cumulative,Synthetic,Portfolio,Auto,2022-06,42,627282.8343961475
decreciente,Loss Incurred,month,cumulative,Synthetic,Portfolio,Auto,2022-07,0,464149.7412470505
decreciente,Loss Incurred,month,cumulative,Synthetic,Portfolio,Auto,2022-07,1,457260.9416501033
decreciente,Loss Incurred,month,cumulative,Synthetic,Portfolio,Auto,2022-07,2,450900.7338076855
decreciente,Loss Incurred,month,cumulative,Synthetic,Portfolio,Auto,2022-07,3,445028.5577878343
decreciente,Loss Incurred,month,cumulative,Synthetic,Portfolio,Auto,2022-07,4,439606.9659055467
decreciente,Loss Incurred,month,cumulative,Synthetic,Portfolio,Auto,2022-07,5,434601.38391367166
decreciente,Loss Incurred,month,cumulative,Synthetic,Portfolio,Auto,2022-07,6,429979.8905181172
decreciente,Loss Incurred,month,cumulative,Synthetic,Portfolio,Auto,2022-07,7,425713.01381130837
decreciente,Loss Incurred,month,cumulative,Synthetic,Portfolio,Auto,2022-07,8,421773.54332572455
decreciente,Loss Incurred,month,cumulative,Synthetic,Portfolio,Auto,2022-07,9,418136.35650895495
decreciente,Loss Incurred,month,cumulative,Synthetic,Portfolio,Auto,2022-07,10,414778.25851368037
decreciente,Loss Incurred,month,cumulative,Synthetic,Portfolio,Auto,2022-07,11,411677.83428089845
decreciente,Loss Incurred,month,cumulative,Synthetic,Portfolio,Auto,2022-07,12,408815.3119731075
decreciente,Loss Incurred,month,cumulative,Synthetic,Portfolio,Auto,2022-07,13,406172.436886543
decreciente,Loss Incurred,month,cumulative,Synthetic,Portfolio,Auto,2022-07,14,403732.35503838654
decreciente,Loss Incurred,month,cumulative,Synthetic,Portfolio,Auto,2022-07,15,401479.50568656856
decreciente,Loss Incurred,month,cumulative,Synthetic,Portfolio,Auto,2022-07,16,399399.5220967471
decreciente,Loss Incurred,month,cumulative,Synthetic,Portfolio,Auto,2022-07,17,397479.13992364035
decreciente,Loss Incurred,month,cumulative,Synthetic,Portfolio,Auto,2022-07,18,395706.11262244754
decreciente,Loss Incurred,month,cumulative,Synthetic,Portfolio,Auto,2022-07,19,394069.1333509261
decreciente,Loss Incurred,month,cumulative,Synthetic,Portfolio,Auto,2022-07,20,392557.7628640826
decreciente,Loss Incurred,month,cumulative,Synthetic,Portfolio,Auto,2022-07,21,391162.3629416518
decreciente,Loss Incurred,month,cumulative,Synthetic,Portfolio,Auto,2022-07,22,389874.03492382314
decreciente,Loss Incurred,month,cumulative,Synthetic,Portfolio,Auto,2022-07,23,388684.56296324654
decreciente,Loss Incurred,month,cumulative,Synthetic,Portfolio,Auto,2022-07,24,387586.3616314284
decreciente,Loss Incurred,month,cumulative,Synthetic,Portfolio,Auto,2022-07,25,386572.42754539713
decreciente,Loss Incurred,month,cumulative,Synthetic,Portfolio,Auto,2022-07,26,385636.29470615333
decreciente,Loss Incurred,month,cumulative,Synthetic,Portfolio,Auto,2022-07,27,384771.99326409353
decreciente,Loss Incurred,month,cumulative,Synthetic,Portfolio,Auto,2022-07,28,383974.01144844625
decreciente,Loss Incurred,month,cumulative,Synthetic,Portfolio,Auto,2022-07,29,383237.2604179422
decreciente,Loss Incurred,month,cumulative,Synthetic,Portfolio,Auto,2022-07,30,382557.04180856387
decreciente,Loss Incurred,month,cumulative,Synthetic,Portfolio,Auto,2022-07,31,381929.01777142345
decreciente,Loss Incurred,month,cumulative,Synthetic,Portfolio,Auto,2022-07,32,381349.18330969545
decreciente,Loss Incurred,month,cumulative,Synthetic,Portfolio,Auto,2022-07,33,380813.8407381942
decreciente,Loss Incurred,month,cumulative,Synthetic,Portfolio,Auto,2022-07,34,380319.5761027197
decreciente,Loss Incurred,month,cumulative,Synthetic,Portfolio,Auto,2022-07,35,379863.2374087956
decreciente,Loss Incurred,month,cumulative,Synthetic,Portfolio,Auto,2022-07,36,379441.9145209618
decreciente,Loss Incurred,month,cumulative,Synthetic,Portfolio,Auto,2022-07,37,379052.92060443416
decreciente,Loss Incurred,month,cumulative,Synthetic,Portfolio,Auto,2022-07,38,378693.77499078494
decreciente,Loss Incurred,month,cumulative,Synthetic,Portfolio,Auto,2022-07,39,378362.1873583745
decreciente,Loss Incurred,month,cumulative,Synthetic,Portfolio,Auto,2022-07,40,378056.0431266508
decreciente,Loss Incurred,month,cumulative,Synthetic,Portfolio,Auto,2022-07,41,377773.38997117465
decreciente,Loss Incurred,month,cumulative,Synthetic,Portfolio,Auto,2022-08,0,472601.71332202654
decreciente,Loss Incurred,month,cumulative,Synthetic,Portfolio,Auto,2022-08,1,464654.43404170213
decreciente,Loss Incurred,month,cumulative,Synthetic,Portfolio,Auto,2022-08,2,457287.31237555033
decreciente,Loss Incurred,month,cumulative,Synthetic,Portfolio,Auto,2022-08,3,450457.9963631818
decreciente,Loss Incurred,month,cumulative,Synthetic,Portfolio,Auto,2022-08,4,444127.2257704986
decreciente,Loss Incurred,month,cumulative,Synthetic,Portfolio,Auto,2022-08,5,438258.6063912524
decreciente,Loss Incurred,month,cumulative,Synthetic,Portfolio,Auto,2022-08,6,432818.400824766
decreciente,Loss Incurred,month,cumulative,Synthetic,Portfolio,Auto,2022-08,7,427775.3345270448
decreciente,Loss Incurred,month,cumulative,Synthetic,Portfolio,Auto,2022-08,8,423100.4160203095
decreciente,Loss Incurred,month,cumulative,Synthetic,Portfolio,Auto,2022-08,9,418766.7702273737
decreciente,Loss Incurred,month,cumulative,Synthetic,Portfolio,Auto,2022-08,10,414749.48397274216
decreciente,Loss Incurred,month,cumulative,Synthetic,Portfolio,Auto,2022-08,11,411025.46276225033
decreciente,Loss Incurred,month,cumulative,Synthetic,Portfolio,Auto,2022-08,12,407573.29801790224
decreciente,Loss Incurred,month,cumulative,Synthetic,Portfolio,Auto,2022-08,13,404373.1440046695
decreciente,Loss Incurred,month,cumulative,Synthetic,Portfolio,Auto,2022-08,14,401406.60374172963
decreciente,Loss Incurred,month,cumulative,Synthetic,Portfolio,Auto,2022-08,15,398656.6232422745
decreciente,Loss Incurred,month,cumulative,Synthetic,Portfolio,Auto,2022-08,16,396107.3934738946
decreciente,Loss Incurred,month,cumulative,Synthetic,Portfolio,Auto,2022-08,17,393744.25947593304
decreciente,Loss Incurred,month,cumulative,Synthetic,Portfolio,Auto,2022-08,18,391553.6361113427
decreciente,Loss Incurred,month,cumulative,Synthetic,Portfolio,Auto,2022-08,19,389522.9299687252
decreciente,Loss Incurred,month,cumulative,Synthetic,Portfolio,Auto,2022-08,20,387640.466965581
decreciente,Loss Incurred,month,cumulative,Synthetic,Portfolio,Auto,2022-08,21,385895.42523657973
decreciente,Loss Incurred,month,cumulative,Synthetic,Portfolio,Auto,2022-08,22,384277.7729210392
decreciente,Loss Incurred,month,cumulative,Synthetic,Portfolio,Auto,2022-08,23,382778.21049196686
decreciente,Loss Incurred,month,cumulative,Synthetic,Portfolio,Auto,2022-08,24,381388.11729512695
decreciente,Loss Incurred,month,cumulative,Synthetic,Portfolio,Auto,2022-08,25,380099.501990797
decreciente,Loss Incurred,month,cumulative,Synthetic,Portfolio,Auto,2022-08,26,378904.9566133158
decreciente,Loss Incurred,month,cumulative,Synthetic,Portfolio,Auto,2022-08,27,377797.6139843194
decreciente,Loss Incurred,month,cumulative,Synthetic,Portfolio,Auto,2022-08,28,376771.10823484475
decreciente,Loss Incurred,month,cumulative,Synthetic,Portfolio,Auto,2022-08,29,375819.5382093511
decreciente,Loss Incurred,month,cumulative,Synthetic,Portfolio,Auto,2022-08,30,374937.4335412754
decreciente,Loss Incurred,month,cumulative,Synthetic,Portfolio,Auto,2022-08,31,374119.72320510005
decreciente,Loss Incurred,month,cumulative,Synthetic,Portfolio,Auto,2022-08,32,373361.70636414306
decreciente,Loss Incurred,month,cumulative,Synthetic,Portfolio,Auto,2022-08,33,372659.0253464837
decreciente,Loss Incurred,month,cumulative,Synthetic,Portfolio,Auto,2022-08,34,372007.6405936653
decreciente,Loss Incurred,month,cumulative,Synthetic,Portfolio,Auto,2022-08,35,371403.8074381639
decreciente,Loss Incurred,month,cumulative,Synthetic,Portfolio,Auto,2022-08,36,370844.0545761186
decreciente,Loss Incurred,month,cumulative,Synthetic,Portfolio,Auto,2022-08,37,370325.16411157005
decreciente,Loss Incurred,month,cumulative,Synthetic,Portfolio,Auto,2022-08,38,369844.15305748524
decreciente,Loss Incurred,month,cumulative,Synthetic,Portfolio,Auto,2022-08,39,369398.2561872218
decreciente,Loss Incurred,month,cumulative,Synthetic,Portfolio,Auto,2022-08,40,368984.9101378486
decreciente,Loss Incurred,month,cumulative,Synthetic,Portfolio,Auto,2022-09,0,566327.9622307263
decreciente,Loss Incurred,month,cumulative,Synthetic,Portfolio,Auto,2022-09,1,557346.9788134659
decreciente,Loss Incurred,month,cumulative,Synthetic,Portfolio,Auto,2022-09,2,549108.4566849134
decreciente,Loss Incurred,month,cumulative,Synthetic,Portfolio,Auto,2022-09,3,541551.0162901114
decreciente,Loss Incurred,month,cumulative,Synthetic,Portfolio,Auto,2022-09,4,534618.3523450767
decreciente,Loss Incurred,month,cumulative,Synthetic,Portfolio,Auto,2022-09,5,528258.8143449042
decreciente,Loss Incurred,month,cumulative,Synthetic,Portfolio,Auto,2022-09,6,522425.0217514226
decreciente,Loss Incurred,month,cumulative,Synthetic,Portfolio,Auto,2022-09,7,517073.5109934343
decreciente,Loss Incurred,month,cumulative,Synthetic,Portfolio,Auto,2022-09,8,512164.4116495761
decreciente,Loss Incurred,month,cumulative,Synthetic,Portfolio,Auto,2022-09,9,507661.1494012669
decreciente,Loss Incurred,month,cumulative,Synthetic,Portfolio,Auto,2022-09,10,503530.1735426467
decreciente,Loss Incurred,month,cumulative,Synthetic,Portfolio,Auto,2022-09,11,499740.7070173716
decreciente,Loss Incurred,month,cumulative,Synthetic,Portfolio,Auto,2022-09,12,496264.5171199613
decreciente,Loss Incurred,month,cumulative,Synthetic,Portfolio,Auto,2022-09,13,493075.7051533537
decreciente,Loss Incurred,month,cumulative,Synthetic,Portfolio,Auto,2022-09,14,490150.51347554685
decreciente,Loss Incurred,month,cumulative,Synthetic,Portfolio,Auto,2022-09,15,487467.14849777013
decreciente,Loss Incurred,month,cumulative,Synthetic,Portfolio,Auto,2022-09,16,485005.6183154619
decreciente,Loss Incurred,month,cumulative,Synthetic,Portfolio,Auto,2022-09,17,482747.5837623558
decreciente,Loss Incurred,month,cumulative,Synthetic,Portfolio,Auto,2022-09,18,480676.22177798237
decreciente,Loss Incurred,month,cumulative,Synthetic,Portfolio,Auto,2022-09,19,478776.1000706306
decreciente,Loss Incurred,month,cumulative,Synthetic,Portfolio,Auto,2022-09,20,477033.06214196945
decreciente,Loss Incurred,month,cumulative,Synthetic,Portfolio,Auto,2022-09,21,475434.1218167282
decreciente,Loss Incurred,month,cumulative,Synthetic,Portfolio,Auto,2022-09,22,473967.3664916467
decreciente,Loss Incurred,month,cumulative,Synthetic,Portfolio,Auto,2022-09,23,472621.86838287243
decreciente,Loss Incurred,month,cumulative,Synthetic,Portfolio,Auto,2022-09,24,471387.60311056837
decreciente,Loss Incurred,month,cumulative,Synthetic,Portfolio,Auto,2022-09,25,470255.37501416216
decreciente,Loss Incurred,month,cumulative,Synthetic,Portfolio,Auto,2022-09,26,469216.7486418114
decreciente,Loss Incurred,month,cumulative,Synthetic,Portfolio,Auto,2022-09,27,468263.98590366123
decreciente,Loss Incurred,month,cumulative,Synthetic,Portfolio,Auto,2022-09,28,467389.9884206657
decreciente,Loss Incurred,month,cumulative,Synthetic,Portfolio,Auto,2022-09,29,466588.2446394534
decreciente,Loss Incurred,month,cumulative,Synthetic,Portfolio,Auto,2022-09,30,465852.7813192282
decreciente,Loss Incurred,month,cumulative,Synthetic,Portfolio,Auto,2022-09,31,465178.1190292645
decreciente,Loss Incurred,month,cumulative,Synthetic,Portfolio,Auto,2022-09,32,464559.23132544325
decreciente,Loss Incurred,month,cumulative,Synthetic,Portfolio,Auto,2022-09,33,463991.50730167737
decreciente,Loss Incurred,month,cumulative,Synthetic,Portfolio,Auto,2022-09,34,463470.7172372267
decreciente,Loss Incurred,month,cumulative,Synthetic,Portfolio,Auto,2022-09,35,462992.98108396074
decreciente,Loss Incurred,month,cumulative,Synthetic,Portfolio,Auto,2022-09,36,462554.7395587924
decreciente,Loss Incurred,month,cumulative,Synthetic,Portfolio,Auto,2022-09,37,462152.72762591095
decreciente,Loss Incurred,month,cumulative,Synthetic,Portfolio,Auto,2022-09,38,461783.95017124806
decreciente,Loss Incurred,month,cumulative,Synthetic,Portfolio,Auto,2022-09,39,461445.65968794614
decreciente,Loss Incurred,month,cumulative,Synthetic,Portfolio,Auto,2022-10,0,567082.9385175466
decreciente,Loss Incurred,month,cumulative,Synthetic,Portfolio,Auto,2022-10,1,557403.0684337113
decreciente,Loss Incurred,month,cumulative,Synthetic,Portfolio,Auto,2022-10,2,548419.2300564826
decreciente,Loss Incurred,month,cumulative,Synthetic,Portfolio,Auto,2022-10,3,540081.3751793859
decreciente,Loss Incurred,month,cumulative,Synthetic,Portfolio,Auto,2022-10,4,532343.054315585
decreciente,Loss Incurred,month,cumulative,Synthetic,Portfolio,Auto,2022-10,5,525161.1579317048
decreciente,Loss Incurred,month,cumulative,Synthetic,Portfolio,Auto,2022-10,6,518495.67628825485
decreciente,Loss Incurred,month,cumulative,Synthetic,Portfolio,Auto,2022-10,7,512309.47654874215
decreciente,Loss Incurred,month,cumulative,Synthetic,Portfolio,Auto,2022-10,8,506568.09591576806
decreciente,Loss Incurred,month,cumulative,Synthetic,Portfolio,Auto,2022-10,9,501239.54964168894
decreciente,Loss Incurred,month,cumulative,Synthetic,Portfolio,Auto,2022-10,10,496294.15284428216
decreciente,Loss Incurred,month,cumulative,Synthetic,Portfolio,Auto,2022-10,11,491704.3551347696
decreciente,Loss Incurred,month,cumulative,Synthetic,Portfolio,Auto,2022-10,12,487444.5871369227
decreciente,Loss Incurred,month,cumulative,Synthetic,Portfolio,Auto,2022-10,13,483491.1180422234
decreciente,Loss Incurred,month,cumulative,Synthetic,Portfolio,Auto,2022-10,14,479821.9234075289
decreciente,Loss Incurred,month,cumulative,Synthetic,Portfolio,Auto,2022-10,15,476416.56245875574
decreciente,Loss Incurred,month,cumulative,Synthetic,Portfolio,Auto,2022-10,16,473256.0642170496
decreciente,Loss Incurred,month,cumulative,Synthetic,Portfolio,Auto,2022-10,17,470322.82181306137
decreciente,Loss Incurred,month,cumulative,Synthetic,Portfolio,Auto,2022-10,18,467600.49440056126
decreciente,Loss Incurred,month,cumulative,Synthetic,Portfolio,Auto,2022-10,19,465073.91612296196
decreciente,Loss Incurred,month,cumulative,Synthetic,Portfolio,Auto,2022-10,20,462729.01162561
decreciente,Loss Incurred,month,cumulative,Synthetic,Portfolio,Auto,2022-10,21,460552.7176431704
decreciente,Loss Incurred,month,cumulative,Synthetic,Portfolio,Auto,2022-10,22,458532.9102252773
decreciente,Loss Incurred,month,cumulative,Synthetic,Portfolio,Auto,2022-10,23,456658.3371950274
decreciente,Loss Incurred,month,cumulative,Synthetic,Portfolio,Auto,2022-10,24,454918.5554640515
decreciente,Loss Incurred,month,cumulative,Synthetic,Portfolio,Auto,2022-10,25,453303.8728549487
decreciente,Loss Incurred,month,cumulative,Synthetic,Portfolio,Auto,2022-10,26,451805.2941069833
decreciente,Loss Incurred,month,cumulative,Synthetic,Portfolio,Auto,2022-10,27,450414.47076424514
decreciente,Loss Incurred,month,cumulative,Synthetic,Portfolio,Auto,2022-10,28,449123.65466710535
decreciente,Loss Incurred,month,cumulative,Synthetic,Portfolio,Auto,2022-10,29,447925.654787872
decreciente,Loss Incurred,month,cumulative,Synthetic,Portfolio,Auto,2022-10,30,446813.79717018094
decreciente,Loss Incurred,month,cumulative,Synthetic,Portfolio,Auto,2022-10,31,445781.8877489473
decreciente,Loss Incurred,month,cumulative,Synthetic,Portfolio,Auto,2022-10,32,444824.177843751
decreciente,Loss Incurred,month,cumulative,Synthetic,Portfolio,Auto,2022-10,33,443935.3321334224
decreciente,Loss Incurred,month,cumulative,Synthetic,Portfolio,Auto,2022-10,34,443110.39893341786
decreciente,Loss Incurred,month,cumulative,Synthetic,Portfolio,Auto,2022-10,35,442344.78261040285
decreciente,Loss Incurred,month,cumulative,Synthetic,Portfolio,Auto,2022-10,36,441634.2179803649
decreciente,Loss Incurred,month,cumulative,Synthetic,Portfolio,Auto,2022-10,37,440974.7465476339
decreciente,Loss Incurred,month,cumulative,Synthetic,Portfolio,Auto,2022-10,38,440362.6944524361
decreciente,Loss Incurred,month,cumulative,Synthetic,Portfolio,Auto,2022-11,0,536499.2788023043
decreciente,Loss Incurred,month,cumulative,Synthetic,Portfolio,Auto,2022-11,1,527357.9601468908
decreciente,Loss Incurred,month,cumulative,Synthetic,Portfolio,Auto,2022-11,2,518887.0842489701
decreciente,Loss Incurred,month,cumulative,Synthetic,Portfolio,Auto,2022-11,3,511037.47948374506
decreciente,Loss Incurred,month,cumulative,Synthetic,Portfolio,Auto,2022-11,4,503763.5805726103
decreciente,Loss Incurred,month,cumulative,Synthetic,Portfolio,Auto,2022-11,5,497023.16408644454
decreciente,Loss Incurred,month,cumulative,Synthetic,Portfolio,Auto,2022-11,6,490777.10334762593
decreciente,Loss Incurred,month,cumulative,Synthetic,Portfolio,Auto,2022-11,7,484989.1413080273
decreciente,Loss Incurred,month,cumulative,Synthetic,Portfolio,Auto,2022-11,8,479625.6800845986
decreciente,Loss Incurred,month,cumulative,Synthetic,Portfolio,Auto,2022-11,9,474655.5859308335
decreciente,Loss Incurred,month,cumulative,Synthetic,Portfolio,Auto,2022-11,10,470050.0085120228
decreciente,Loss Incurred,month,cumulative,Synthetic,Portfolio,Auto,2022-11,11,465782.2134352252
decreciente,Loss Incurred,month,cumulative,Synthetic,Portfolio,Auto,2022-11,12,461827.42706182814
decreciente,Loss Incurred,month,cumulative,Synthetic,Portfolio,Auto,2022-11,13,458162.6927018684
decreciente,Loss Incurred,month,cumulative,Synthetic,Portfolio,Auto,2022-11,14,454766.7373553518
decreciente,Loss Incurred,month,cumulative,Synthetic,Portfolio,Auto,2022-11,15,451619.84822703246
decreciente,Loss Incurred,month,cumulative,Synthetic,Portfolio,Auto,2022-11,16,448703.75829784886
decreciente,Loss Incurred,month,cumulative,Synthetic,Portfolio,Auto,2022-11,17,446001.5402887806
decreciente,Loss Incurred,month,cumulative,Synthetic,Portfolio,Auto,2022-11,18,443497.50840160996
decreciente,Loss Incurred,month,cumulative,Synthetic,Portfolio,Auto,2022-11,19,441177.1272662145
decreciente,Loss Incurred,month,cumulative,Synthetic,Portfolio,Auto,2022-11,20,439026.9275658496
decreciente,Loss Incurred,month,cumulative,Synthetic,Portfolio,Auto,2022-11,21,437034.4278506414
decreciente,Loss Incurred,month,cumulative,Synthetic,Portfolio,Auto,2022-11,22,435188.06208543817
decreciente,Loss Incurred,month,cumulative,Synthetic,Portfolio,Auto,2022-11,23,433477.11251144594
decreciente,Loss Incurred,month,cumulative,Synthetic,Portfolio,Auto,2022-11,24,431891.64743192965
decreciente,Loss Incurred,month,cumulative,Synthetic,Portfolio,Auto,2022-11,25,430422.4635608351
decreciente,Loss Incurred,month,cumulative,Synthetic,Portfolio,Auto,2022-11,26,429061.0325996796
decreciente,Loss Incurred,month,cumulative,Synthetic,Portfolio,Auto,2022-11,27,427799.45173260133
decreciente,Loss Incurred,month,cumulative,Synthetic,Portfolio,Auto,2022-11,28,426630.3977522018
decreciente,Loss Incurred,month,cumulative,Synthetic,Portfolio,Auto,2022-11,29,425547.0845498916
decreciente,Loss Incurred,month,cumulative,Synthetic,Portfolio,Auto,2022-11,30,424543.22372397955
decreciente,Loss Incurred,month,cumulative,Synthetic,Portfolio,Auto,2022-11,31,423612.9880768445
decreciente,Loss Incurred,month,cumulative,Synthetic,Portfolio,Auto,2022-11,32,422750.9777892985
decreciente,Loss Incurred,month,cumulative,Synthetic,Portfolio,Auto,2022-11,33,421952.1890757896
decreciente,Loss Incurred,month,cumulative,Synthetic,Portfolio,Auto,2022-11,34,421211.98513849586
decreciente,Loss Incurred,month,cumulative,Synthetic,Portfolio,Auto,2022-11,35,420526.0692517048
decreciente,Loss Incurred,month,cumulative,Synthetic,Portfolio,Auto,2022-11,36,419890.4598202385
decreciente,Loss Incurred,month,cumulative,Synthetic,Portfolio,Auto,2022-11,37,419301.46726714435
decreciente,Loss Incurred,month,cumulative,Synthetic,Portfolio,Auto,2022-12,0,755281.6409585086
decreciente,Loss Incurred,month,cumulative,Synthetic,Portfolio,Auto,2022-12,1,742897.7382938848
decreciente,Loss Incurred,month,cumulative,Synthetic,Portfolio,Auto,2022-12,2,731431.2019383208
decreciente,Loss Incurred,month,cumulative,Synthetic,Portfolio,Auto,2022-12,3,720814.0758550335
decreciente,Loss Incurred,month,cumulative,Synthetic,Portfolio,Auto,2022-12,4,710983.4380082594
decreciente,Loss Incurred,month,cumulative,Synthetic,Portfolio,Auto,2022-12,5,701881.0274579548
decreciente,Loss Incurred,month,cumulative,Synthetic,Portfolio,Auto,2022-12,6,693452.8990783212
decreciente,Loss Incurred,month,cumulative,Synthetic,Portfolio,Auto,2022-12,7,685649.1038538566
decreciente,Loss Incurred,month,cumulative,Synthetic,Portfolio,Auto,2022-12,8,678423.3928582172
decreciente,Loss Incurred,month,cumulative,Synthetic,Portfolio,Auto,2022-12,9,671732.9431615333
decreciente,Loss Incurred,month,cumulative,Synthetic,Portfolio,Auto,2022-12,10,665538.1040417744
decreciente,Loss Incurred,month,cumulative,Synthetic,Portfolio,Auto,2022-12,11,659802.1619960978
decreciente,Loss Incurred,month,cumulative,Synthetic,Portfolio,Auto,2022-12,12,654491.1231595245
decreciente,Loss Incurred,month,cumulative,Synthetic,Portfolio,Auto,2022-12,13,649573.5118414589
decreciente,Loss Incurred,month,cumulative,Synthetic,Portfolio,Auto,2022-12,14,645020.18398608
decreciente,Loss Incurred,month,cumulative,Synthetic,Portfolio,Auto,2022-12,15,640804.1544510893
decreciente,Loss Incurred,month,cumulative,Synthetic,Portfolio,Auto,2022-12,16,636900.4370811847
decreciente,Loss Incurred,month,cumulative,Synthetic,Portfolio,Auto,2022-12,17,633285.8966284626
decreciente,Loss Incurred,month,cumulative,Synthetic,Portfolio,Auto,2022-12,18,629939.1116421599
decreciente,Loss Incurred,month,cumulative,Synthetic,Portfolio,Auto,2022-12,19,626840.2475151573
decreciente,Loss Incurred,month,cumulative,Synthetic,Portfolio,Auto,2022-12,20,623970.9389348555
decreciente,Loss Incurred,month,cumulative,Synthetic,Portfolio,Auto,2022-12,21,621314.1810417764
decreciente,Loss Incurred,month,cumulative,Synthetic,Portfolio,Auto,2022-12,22,618854.2286508436
decreciente,Loss Incurred,month,cumulative,Synthetic,Portfolio,Auto,2022-12,23,616576.502938079
decreciente,Loss Incurred,month,cumulative,Synthetic,Portfolio,Auto,2022-12,24,614467.5050397002
decreciente,Loss Incurred,month,cumulative,Synthetic,Portfolio,Auto,2022-12,25,612514.7360515647
decreciente,Loss Incurred,month,cumulative,Synthetic,Portfolio,Auto,2022-12,26,610706.6229548396
decreciente,Loss Incurred,month,cumulative,Synthetic,Portfolio,Auto,2022-12,27,609032.4500289012
decreciente,Loss Incurred,month,cumulative,Synthetic,Portfolio,Auto,2022-12,28,607482.2953449816
decreciente,Loss Incurred,month,cumulative,Synthetic,Portfolio,Auto,2022-12,29,606046.9719641955
decreciente,Loss Incurred,month,cumulative,Synthetic,Portfolio,Auto,2022-12,30,604717.9734914612
decreciente,Loss Incurred,month,cumulative,Synthetic,Portfolio,Auto,2022-12,31,603487.4236626398
decreciente,Loss Incurred,month,cumulative,Synthetic,Portfolio,Auto,2022-12,32,602348.0296661234
decreciente,Loss Incurred,month,cumulative,Synthetic,Portfolio,Auto,2022-12,33,601293.0389222372
decreciente,Loss Incurred,month,cumulative,Synthetic,Portfolio,Auto,2022-12,34,600316.1990643054
decreciente,Loss Incurred,month,cumulative,Synthetic,Portfolio,Auto,2022-12,35,599411.7208842129
decreciente,Loss Incurred,month,cumulative,Synthetic,Portfolio,Auto,2022-12,36,598574.2440228619
decreciente,Loss Incurred,month,cumulative,Synthetic,Portfolio,Auto,2023-01,0,553352.1311529372
decreciente,Loss Incurred,month,cumulative,Synthetic,Portfolio,Auto,2023-01,1,545032.8978403979
decreciente,Loss Incurred,month,cumulative,Synthetic,Portfolio,Auto,2023-01,2,537311.66435188
decreciente,Loss Incurred,month,cumulative,Synthetic,Portfolio,Auto,2023-01,3,530145.4455015981
decreciente,Loss Incurred,month,cumulative,Synthetic,Portfolio,Auto,2023-01,4,523494.34594781516
decreciente,Loss Incurred,month,cumulative,Synthetic,Portfolio,Auto,2023-01,5,517321.3380898999
decreciente,Loss Incurred,month,cumulative,Synthetic,Portfolio,Auto,2023-01,6,511592.0559304995
decreciente,Loss Incurred,month,cumulative,Synthetic,Portfolio,Auto,2023-01,7,506274.60375523067
decreciente,Loss Incurred,month,cumulative,Synthetic,Portfolio,Auto,2023-01,8,501339.3785647802
decreciente,Loss Incurred,month,cumulative,Synthetic,Portfolio,Auto,2023-01,9,496758.90527087124
decreciente,Loss Incurred,month,cumulative,Synthetic,Portfolio,Auto,2023-01,10,492507.68373860756
decreciente,Loss Incurred,month,cumulative,Synthetic,Portfolio,Auto,2023-01,11,488562.04682365916
decreciente,Loss Incurred,month,cumulative,Synthetic,Portfolio,Auto,2023-01,12,484900.0286139627
decreciente,Loss Incurred,month,cumulative,Synthetic,Portfolio,Auto,2023-01,13,481501.2421424194
decreciente,Loss Incurred,month,cumulative,Synthetic,Portfolio,Auto,2023-01,14,478346.7658898003
decreciente,Loss Incurred,month,cumulative,Synthetic,Portfolio,Auto,2023-01,15,475419.0384460051
decreciente,Loss Incurred,month,cumulative,Synthetic,Portfolio,Auto,2023-01,16,472701.76074323745
decreciente,Loss Incurred,month,cumulative,Synthetic,Portfolio,Auto,2023-01,17,470179.8053168173
decreciente,Loss Incurred,month,cumulative,Synthetic,Portfolio,Auto,2023-01,18,467839.1320884714
decreciente,Loss Incurred,month,cumulative,Synthetic,Portfolio,Auto,2023-01,19,465666.7102032548
decreciente,Loss Incurred,month,cumulative,Synthetic,Portfolio,Auto,2023-01,20,463650.4454849616
decreciente,Loss Incurred,month,cumulative,Synthetic,Portfolio,Auto,2023-01,21,461779.1131061548
decreciente,Loss Incurred,month,cumulative,Synthetic,Portfolio,Auto,2023-01,22,460042.29509798414
decreciente,Loss Incurred,month,cumulative,Synthetic,Portfolio,Auto,2023-01,23,458430.32235189754
decreciente,Loss Incurred,month,cumulative,Synthetic,Portfolio,Auto,2023-01,24,456934.22079036286
decreciente,Loss Incurred,month,cumulative,Synthetic,Portfolio,Auto,2023-01,25,455545.66140692367
decreciente,Loss Incurred,month,cumulative,Synthetic,Portfolio,Auto,2023-01,26,454256.9138974571
decreciente,Loss Incurred,month,cumulative,Synthetic,Portfolio,Auto,2023-01,27,453060.80362449004
decreciente,Loss Incurred,month,cumulative,Synthetic,Portfolio,Auto,2023-01,28,451950.67167499027
decreciente,Loss Incurred,month,cumulative,Synthetic,Portfolio,Auto,2023-01,29,450920.33778926637
decreciente,Loss Incurred,month,cumulative,Synthetic,Portfolio,Auto,2023-01,30,449964.0659545993
decreciente,Loss Incurred,month,cumulative,Synthetic,Portfolio,Auto,2023-01,31,449076.53247205715
decreciente,Loss Incurred,month,cumulative,Synthetic,Portfolio,Auto,2023-01,32,448252.79631872
decreciente,Loss Incurred,month,cumulative,Synthetic,Portfolio,Auto,2023-01,33,447488.2716403145
decreciente,Loss Incurred,month,cumulative,Synthetic,Portfolio,Auto,2023-01,34,446778.70222112216
decreciente,Loss Incurred,month,cumulative,Synthetic,Portfolio,Auto,2023-01,35,446120.13778903236
decreciente,Loss Incurred,month,cumulative,Synthetic,Portfolio,Auto,2023-02,0,593281.7069600897
decreciente,Loss Incurred,month,cumulative,Synthetic,Portfolio,Auto,2023-02,1,583465.977938801
decreciente,Loss Incurred,month,cumulative,Synthetic,Portfolio,Auto,2023-02,2,574330.0694935342
decreciente,Loss Incurred,month,cumulative,Synthetic,Portfolio,Auto,2023-02,3,565826.8984158406
decreciente,Loss Incurred,month,cumulative,Synthetic,Portfolio,Auto,2023-02,4,557912.6423996275
decreciente,Loss Incurred,month,cumulative,Synthetic,Portfolio,Auto,2023-02,5,550546.5141966474
decreciente,Loss Incurred,month,cumulative,Synthetic,Portfolio,Auto,2023-02,6,543690.5514135907
decreciente,Loss Incurred,month,cumulative,Synthetic,Portfolio,Auto,2023-02,7,537309.4208674727
decreciente,Loss Incurred,month,cumulative,Synthetic,Portfolio,Auto,2023-02,8,531370.2364910302
decreciente,Loss Incurred,month,cumulative,Synthetic,Portfolio,Auto,2023-02,9,525842.3898496794
decreciente,Loss Incurred,month,cumulative,Synthetic,Portfolio,Auto,2023-02,10,520697.39239657886
decreciente,Loss Incurred,month,cumulative,Synthetic,Portfolio,Auto,2023-02,11,515908.7286528352
decreciente,Loss Incurred,month,cumulative,Synthetic,Portfolio,Auto,2023-02,12,511451.71955619776
decreciente,Loss Incurred,month,cumulative,Synthetic,Portfolio,Auto,2023-02,13,507303.39527398814
decreciente,Loss Incurred,month,cumulative,Synthetic,Portfolio,Auto,2023-02,14,503442.37682478793
decreciente,Loss Incurred,month,cumulative,Synthetic,Portfolio,Auto,2023-02,15,499848.7658988062
decreciente,Loss Incurred,month,cumulative,Synthetic,Portfolio,Auto,2023-02,16,496504.0423090988
decreciente,Loss Incurred,month,cumulative,Synthetic,Portfolio,Auto,2023-02,17,493390.96854514116
decreciente,Loss Incurred,month,cumulative,Synthetic,Portfolio,Auto,2023-02,18,490493.5009368569
decreciente,Loss Incurred,month,cumulative,Synthetic,Portfolio,Auto,2023-02,19,487796.70697127364
decreciente,Loss Incurred,month,cumulative,Synthetic,Portfolio,Auto,2023-02,20,485286.6883356857
decreciente,Loss Incurred,month,cumulative,Synthetic,Portfolio,Auto,2023-02,21,482950.5092907149
decreciente,Loss Incurred,month,cumulative,Synthetic,Portfolio,Auto,2023-02,22,480776.13000413176
decreciente,Loss Incurred,month,cumulative,Synthetic,Portfolio,Auto,2023-02,23,478752.3445018603
decreciente,Loss Incurred,month,cumulative,Synthetic,Portfolio,Auto,2023-02,24,476868.7229163917
decreciente,Loss Incurred,month,cumulative,Synthetic,Portfolio,Auto,2023-02,25,475115.5577349724
decreciente,Loss Incurred,month,cumulative,Synthetic,Portfolio,Auto,2023-02,26,473483.81377055176
decreciente,Loss Incurred,month,cumulative,Synthetic,Portfolio,Auto,2023-02,27,471965.0815976554
decreciente,Loss Incurred,month,cumulative,Synthetic,Portfolio,Auto,2023-02,28,470551.5342132104
decreciente,Loss Incurred,month,cumulative,Synthetic,Portfolio,Auto,2023-02,29,469235.886698968
decreciente,Loss Incurred,month,cumulative,Synthetic,Portfolio,Auto,2023-02,30,468011.35867763695
decreciente,Loss Incurred,month,cumulative,Synthetic,Portfolio,Auto,2023-02,31,466871.63936924096
decreciente,Loss Incurred,month,cumulative,Synthetic,Portfolio,Auto,2023-02,32,465810.8550676139
decreciente,Loss Incurred,month,cumulative,Synthetic,Portfolio,Auto,2023-02,33,464823.5388694158
decreciente,Loss Incurred,month,cumulative,Synthetic,Portfolio,Auto,2023-02,34,463904.6024996664
decreciente,Loss Incurred,month,cumulative,Synthetic,Portfolio,Auto,2023-03,0,643992.7504839341
decreciente,Loss Incurred,month,cumulative,Synthetic,Portfolio,Auto,2023-03,1,633996.276486829
decreciente,Loss Incurred,month,cumulative,Synthetic,Portfolio,Auto,2023-03,2,624740.898319374
decreciente,Loss Incurred,month,cumulative,Synthetic,Portfolio,Auto,2023-03,3,616171.6743062459
decreciente,Loss Incurred,month,cumulative,Synthetic,Portfolio,Auto,2023-03,4,608237.7359129578
decreciente,Loss Incurred,month,cumulative,Synthetic,Portfolio,Auto,2023-03,5,600891.9857806173
decreciente,Loss Incurred,month,cumulative,Synthetic,Portfolio,Auto,2023-03,6,594090.8181470966
decreciente,Loss Incurred,month,cumulative,Synthetic,Portfolio,Auto,2023-03,7,587793.85999498
decreciente,Loss Incurred,month,cumulative,Synthetic,Portfolio,Auto,2023-03,8,581963.7313896985
decreciente,Loss Incurred,month,cumulative,Synthetic,Portfolio,Auto,2023-03,9,576565.8235851659
decreciente,Loss Incurred,month,cumulative,Synthetic,Portfolio,Auto,2023-03,10,571568.0935797187
decreciente,Loss Incurred,month,cumulative,Synthetic,Portfolio,Auto,2023-03,11,566940.8739027958
decreciente,Loss Incurred,month,cumulative,Synthetic,Portfolio,Auto,2023-03,12,562656.6965032235
decreciente,Loss Incurred,month,cumulative,Synthetic,Portfolio,Auto,2023-03,13,558690.1296936676
decreciente,Loss Incurred,month,cumulative,Synthetic,Portfolio,Auto,2023-03,14,555017.6271833278
decreciente,Loss Incurred,month,cumulative,Synthetic,Portfolio,Auto,2023-03,15,551617.3883027018
decreciente,Loss Incurred,month,cumulative,Synthetic,Portfolio,Auto,2023-03,16,548469.2285906881
decreciente,Loss Incurred,month,cumulative,Synthetic,Portfolio,Auto,2023-03,17,545554.4599758075
decreciente,Loss Incurred,month,cumulative,Synthetic,Portfolio,Auto,2023-03,18,542855.7798402754
decreciente,Loss Incurred,month,cumulative,Synthetic,Portfolio,Auto,2023-03,19,540357.1683083911
decreciente,Loss Incurred,month,cumulative,Synthetic,Portfolio,Auto,2023-03,20,538043.7931495251
decreciente,Loss Incurred,month,cumulative,Synthetic,Portfolio,Auto,2023-03,21,535901.9217311929
decreciente,Loss Incurred,month,cumulative,Synthetic,Portfolio,Auto,2023-03,22,533918.8394995509
decreciente,Loss Incurred,month,cumulative,Synthetic,Portfolio,Auto,2023-03,23,532082.7745034011
decreciente,Loss Incurred,month,cumulative,Synthetic,Portfolio,Auto,2023-03,24,530382.8275136611
decreciente,Loss Incurred,month,cumulative,Synthetic,Portfolio,Auto,2023-03,25,528808.9073234793
decreciente,Loss Incurred,month,cumulative,Synthetic,Portfolio,Auto,2023-03,26,527351.6708449227
decreciente,Loss Incurred,month,cumulative,Synthetic,Portfolio,Auto,2023-03,27,526002.4676466391
decreciente,Loss Incurred,month,cumulative,Synthetic,Portfolio,Auto,2023-03,28,524753.2886032612
decreciente,Loss Incurred,month,cumulative,Synthetic,Portfolio,Auto,2023-03,29,523596.7183517236
decreciente,Loss Incurred,month,cumulative,Synthetic,Portfolio,Auto,2023-03,30,522525.89127226453
decreciente,Loss Incurred,month,cumulative,Synthetic,Portfolio,Auto,2023-03,31,521534.45073280873
decreciente,Loss Incurred,month,cumulative,Synthetic,Portfolio,Auto,2023-03,32,520616.51135479735
decreciente,Loss Incurred,month,cumulative,Synthetic,Portfolio,Auto,2023-03,33,519766.6240764677
decreciente,Loss Incurred,month,cumulative,Synthetic,Portfolio,Auto,2023-04,0,471226.5759542893
decreciente,Loss Incurred,month,cumulative,Synthetic,Portfolio,Auto,2023-04,1,464029.7954152689
decreciente,Loss Incurred,month,cumulative,Synthetic,Portfolio,Auto,2023-04,2,457373.50843485206
decreciente,Loss Incurred,month,cumulative,Synthetic,Portfolio,Auto,2023-04,3,451217.12279471173
decreciente,Loss Incurred,month,cumulative,Synthetic,Portfolio,Auto,2023-04,4,445523.0948386405
decreciente,Loss Incurred,month,cumulative,Synthetic,Portfolio,Auto,2023-04,5,440256.70051903755
decreciente,Loss Incurred,month,cumulative,Synthetic,Portfolio,Auto,2023-04,6,435385.823638292
decreciente,Loss Incurred,month,cumulative,Synthetic,Portfolio,Auto,2023-04,7,430880.75999368995
decreciente,Loss Incurred,month,cumulative,Synthetic,Portfolio,Auto,2023-04,8,426714.03623145673
decreciente,Loss Incurred,month,cumulative,Synthetic,Portfolio,Auto,2023-04,9,422860.24230524624
decreciente,Loss Incurred,month,cumulative,Synthetic,Portfolio,Auto,2023-04,10,419295.8765173553
decreciente,Loss Incurred,month,cumulative,Synthetic,Portfolio,Auto,2023-04,11,415999.2021976724
decreciente,Loss Incurred,month,cumulative,Synthetic,Portfolio,Auto,2023-04,12,412950.115146344
decreciente,Loss Incurred,month,cumulative,Synthetic,Portfolio,Auto,2023-04,13,410130.02103177796
decreciente,Loss Incurred,month,cumulative,Synthetic,Portfolio,Auto,2023-04,14,407521.7219963191
decreciente,Loss Incurred,month,cumulative,Synthetic,Portfolio,Auto,2023-04,15,405109.3117780797
decreciente,Loss Incurred,month,cumulative,Synthetic,Portfolio,Auto,2023-04,16,402878.0787093447
decreciente,Loss Incurred,month,cumulative,Synthetic,Portfolio,Auto,2023-04,17,400814.4160000025
decreciente,Loss Incurred,month,cumulative,Synthetic,Portfolio,Auto,2023-04,18,398905.7387588821
decreciente,Loss Incurred,month,cumulative,Synthetic,Portfolio,Auto,2023-04,19,397140.4072469645
decreciente,Loss Incurred,month,cumulative,Synthetic,Portfolio,Auto,2023-04,20,395507.65589444153
decreciente,Loss Incurred,month,cumulative,Synthetic,Portfolio,Auto,2023-04,21,393997.52764874476
decreciente,Loss Incurred,month,cumulative,Synthetic,Portfolio,Auto,2023-04,22,392600.81325317686
decreciente,Loss Incurred,month,cumulative,Synthetic,Portfolio,Auto,2023-04,23,391308.99508584896
decreciente,Loss Incurred,month,cumulative,Synthetic,Portfolio,Auto,2023-04,24,390114.19521643105
decreciente,Loss Incurred,month,cumulative,Synthetic,Portfolio,Auto,2023-04,25,389009.1273639531
decreciente,Loss Incurred,month,cumulative,Synthetic,Portfolio,Auto,2023-04,26,387987.05246267695
decreciente,Loss Incurred,month,cumulative,Synthetic,Portfolio,Auto,2023-04,27,387041.73756506556
decreciente,Loss Incurred,month,cumulative,Synthetic,Portfolio,Auto,2023-04,28,386167.4178312278
decreciente,Loss Incurred,month,cumulative,Synthetic,Portfolio,Auto,2023-04,29,385358.76137303637
decreciente,Loss Incurred,month,cumulative,Synthetic,Portfolio,Auto,2023-04,30,384610.8367385271
decreciente,Loss Incurred,month,cumulative,Synthetic,Portfolio,Auto,2023-04,31,383919.0828382902
decreciente,Loss Incurred,month,cumulative,Synthetic,Portfolio,Auto,2023-04,32,383279.28113045235
decreciente,Loss Incurred,month,cumulative,Synthetic,Portfolio,Auto,2023-05,0,529263.4281074054
decreciente,Loss Incurred,month,cumulative,Synthetic,Portfolio,Auto,2023-05,1,519054.1034122455
decreciente,Loss Incurred,month,cumulative,Synthetic,Portfolio,Auto,2023-05,2,509649.1614155127
decreciente,Loss Incurred,month,cumulative,Synthetic,Portfolio,Auto,2023-05,3,500985.2255918393
decreciente,Loss Incurred,month,cumulative,Synthetic,Portfolio,Auto,2023-05,4,493003.9127902497
decreciente,Loss Incurred,month,cumulative,Synthetic,Portfolio,Auto,2023-05,5,485651.4398110802
decreciente,Loss Incurred,month,cumulative,Synthetic,Portfolio,Auto,2023-05,6,478878.26098031807
decreciente,Loss Incurred,month,cumulative,Synthetic,Portfolio,Auto,2023-05,7,472638.73427910375
decreciente,Loss Incurred,month,cumulative,Synthetic,Portfolio,Auto,2023-05,8,466890.81377856294
decreciente,Loss Incurred,month,cumulative,Synthetic,Portfolio,Auto,2023-05,9,461595.76630739716
decreciente,Loss Incurred,month,cumulative,Synthetic,Portfolio,Auto,2023-05,10,456717.9104429568
decreciente,Loss Incurred,month,cumulative,Synthetic,Portfolio,Auto,2023-05,11,452224.376066953
decreciente,Loss Incurred,month,cumulative,Synthetic,Portfolio,Auto,2023-05,12,448084.8828655393
decreciente,Loss Incurred,month,cumulative,Synthetic,Portfolio,Auto,2023-05,13,444271.5362811542
decreciente,Loss Incurred,month,cumulative,Synthetic,Portfolio,Auto,2023-05,14,440758.63954111957
decreciente,Loss Incurred,month,cumulative,Synthetic,Portfolio,Auto,2023-05,15,437522.5204963213
decreciente,Loss Incurred,month,cumulative,Synthetic,Portfolio,Auto,2023-05,16,434541.37210309994
decreciente,Loss Incurred,month,cumulative,Synthetic,Portfolio,Auto,2023-05,17,431795.10547341866
decreciente,Loss Incurred,month,cumulative,Synthetic,Portfolio,Auto,2023-05,18,429265.21450306266
decreciente,Loss Incurred,month,cumulative,Synthetic,Portfolio,Auto,2023-05,19,426934.65116565255
decreciente,Loss Incurred,month,cumulative,Synthetic,Portfolio,Auto,2023-05,20,424787.710632118
decreciente,Loss Incurred,month,cumulative,Synthetic,Portfolio,Auto,2023-05,21,422809.9254414972
decreciente,Loss Incurred,month,cumulative,Synthetic,Portfolio,Auto,2023-05,22,420987.9680099145
decreciente,Loss Incurred,month,cumulative,Synthetic,Portfolio,Auto,2023-05,23,419309.5608207814
decreciente,Loss Incurred,month,cumulative,Synthetic,Portfolio,Auto,2023-05,24,417763.39369102207
decreciente,Loss Incurred,month,cumulative,Synthetic,Portfolio,Auto,2023-05,25,416339.0475558134
decreciente,Loss Incurred,month,cumulative,Synthetic,Portfolio,Auto,2023-05,26,415026.92425825
decreciente,Loss Incurred,month,cumulative,Synthetic,Portfolio,Auto,2023-05,27,413818.18187081325
decreciente,Loss Incurred,month,cumulative,Synthetic,Portfolio,Auto,2023-05,28,412704.6751127976
decreciente,Loss Incurred,month,cumulative,Synthetic,Portfolio,Auto,2023-05,29,411678.90046219114
decreciente,Loss Incurred,month,cumulative,Synthetic,Portfolio,Auto,2023-05,30,410733.9455921352
decreciente,Loss Incurred,month,cumulative,Synthetic,Portfolio,Auto,2023-05,31,409863.4427912379
decreciente,Loss Incurred,month,cumulative,Synthetic,Portfolio,Auto,2023-06,0,533235.7205093545
decreciente,Loss Incurred,month,cumulative,Synthetic,Portfolio,Auto,2023-06,1,524938.3362018111
decreciente,Loss Incurred,month,cumulative,Synthetic,Portfolio,Auto,2023-06,2,517197.32268284616
decreciente,Loss Incurred,month,cumulative,Synthetic,Portfolio,Auto,2023-06,3,509975.3732009695
decreciente,Loss Incurred,month,cumulative,Synthetic,Portfolio,Auto,2023-06,4,503237.68256252765
decreciente,Loss Incurred,month,cumulative,Synthetic,Portfolio,Auto,2023-06,5,496951.77939285495
decreciente,Loss Incurred,month,cumulative,Synthetic,Portfolio,Auto,2023-06,6,491087.3696449417
decreciente,Loss Incurred,month,cumulative,Synthetic,Portfolio,Auto,2023-06,7,485616.190601436
decreciente,Loss Incurred,month,cumulative,Synthetic,Portfolio,Auto,2023-06,8,480511.8746663587
decreciente,Loss Incurred,month,cumulative,Synthetic,Portfolio,Auto,2023-06,9,475749.82229009614
decreciente,Loss Incurred,month,cumulative,Synthetic,Portfolio,Auto,2023-06,10,471307.08341524925
decreciente,Loss Incurred,month,cumulative,Synthetic,Portfolio,Auto,2023-06,11,467162.24687198433
decreciente,Loss Incurred,month,cumulative,Synthetic,Portfolio,Auto,2023-06,12,463295.3371898398
decreciente,Loss Incurred,month,cumulative,Synthetic,Portfolio,Auto,2023-06,13,459687.7183286908
decreciente,Loss Incurred,month,cumulative,Synthetic,Portfolio,Auto,2023-06,14,456322.00386491226
decreciente,Loss Incurred,month,cumulative,Synthetic,Portfolio,Auto,2023-06,15,453181.9731998992
decreciente,Loss Incurred,month,cumulative,Synthetic,Portfolio,Auto,2023-06,16,450252.4933871188
decreciente,Loss Incurred,month,cumulative,Synthetic,Portfolio,Auto,2023-06,17,447519.446200953
decreciente,Loss Incurred,month,cumulative,Synthetic,Portfolio,Auto,2023-06,18,444969.6600958494
decreciente,Loss Incurred,month,cumulative,Synthetic,Portfolio,Auto,2023-06,19,442590.8467278666
decreciente,Loss Incurred,month,cumulative,Synthetic,Portfolio,Auto,2023-06,20,440371.54173268785
decreciente,Loss Incurred,month,cumulative,Synthetic,Portfolio,Auto,2023-06,21,438301.04947469203
decreciente,Loss Incurred,month,cumulative,Synthetic,Portfolio,Auto,2023-06,22,436369.3915008067
decreciente,Loss Incurred,month,cumulative,Synthetic,Portfolio,Auto,2023-06,23,434567.25845072395
decreciente,Loss Incurred,month,cumulative,Synthetic,Portfolio,Auto,2023-06,24,432885.96519171674
decreciente,Loss Incurred,month,cumulative,Synthetic,Portfolio,Auto,2023-06,25,431317.40896183526
decreciente,Loss Incurred,month,cumulative,Synthetic,Portfolio,Auto,2023-06,26,429854.0303197575
decreciente,Loss Incurred,month,cumulative,Synthetic,Portfolio,Auto,2023-06,27,428488.77671310114
decreciente,Loss Incurred,month,cumulative,Synthetic,Portfolio,Auto,2023-06,28,427215.06848961517
decreciente,Loss Incurred,month,cumulative,Synthetic,Portfolio,Auto,2023-06,29,426026.76718744956
decreciente,Loss Incurred,month,cumulative,Synthetic,Portfolio,Auto,2023-06,30,424918.14595168195
decreciente,Loss Incurred,month,cumulative,Synthetic,Portfolio,Auto,2023-07,0,581917.0984378743
decreciente,Loss Incurred,month,cumulative,Synthetic,Portfolio,Auto,2023-07,1,573972.7615529249
decreciente,Loss Incurred,month,cumulative,Synthetic,Portfolio,Auto,2023-07,2,566612.3996570703
decreciente,Loss Incurred,month,cumulative,Synthetic,Portfolio,Auto,2023-07,3,559793.0857202981
decreciente,Loss Incurred,month,cumulative,Synthetic,Portfolio,Auto,2023-07,4,553475.0482071637
decreciente,Loss Incurred,month,cumulative,Synthetic,Portfolio,Auto,2023-07,5,547621.4391216331
decreciente,Loss Incurred,month,cumulative,Synthetic,Portfolio,Auto,2023-07,6,542198.1191025649
decreciente,Loss Incurred,month,cumulative,Synthetic,Portfolio,Auto,2023-07,7,537173.4583164647
decreciente,Loss Incurred,month,cumulative,Synthetic,Portfolio,Auto,2023-07,8,532518.1519862822
decreciente,Loss Incurred,month,cumulative,Synthetic,Portfolio,Auto,2023-07,9,528205.04948038
decreciente,Loss Incurred,month,cumulative,Synthetic,Portfolio,Auto,2023-07,10,524208.99596488767
decreciente,Loss Incurred,month,cumulative,Synthetic,Portfolio,Auto,2023-07,11,520506.68569592776
decreciente,Loss Incurred,month,cumulative,Synthetic,Portfolio,Auto,2023-07,12,517076.52609608625
decreciente,Loss Incurred,month,cumulative,Synthetic,Portfolio,Auto,2023-07,13,513898.5118223959
decreciente,Loss Incurred,month,cumulative,Synthetic,Portfolio,Auto,2023-07,14,510954.1080913725
decreciente,Loss Incurred,month,cumulative,Synthetic,Portfolio,Auto,2023-07,15,508226.14258063305
decreciente,Loss Incurred,month,cumulative,Synthetic,Portfolio,Auto,2023-07,16,505698.70527664706
decreciente,Loss Incurred,month,cumulative,Synthetic,Portfolio,Auto,2023-07,17,503357.0556845127
decreciente,Loss Incurred,month,cumulative,Synthetic,Portfolio,Auto,2023-07,18,501187.5368585876
decreciente,Loss Incurred,month,cumulative,Synthetic,Portfolio,Auto,2023-07,19,499177.4957525853
decreciente,Loss Incurred,month,cumulative,Synthetic,Portfolio,Auto,2023-07,20,497315.20942460373
decreciente,Loss Incurred,month,cumulative,Synthetic,Portfolio,Auto,2023-07,21,495589.81666669913
decreciente,Loss Incurred,month,cumulative,Synthetic,Portfolio,Auto,2023-07,22,493991.25466025603
decreciente,Loss Incurred,month,cumulative,Synthetic,Portfolio,Auto,2023-07,23,492510.20028771594
decreciente,Loss Incurred,month,cumulative,Synthetic,Portfolio,Auto,2023-07,24,491138.01575838355
decreciente,Loss Incurred,month,cumulative,Synthetic,Portfolio,Auto,2023-07,25,489866.6982311884
decreciente,Loss Incurred,month,cumulative,Synthetic,Portfolio,Auto,2023-07,26,488688.8331405945
decreciente,Loss Incurred,month,cumulative,Synthetic,Portfolio,Auto,2023-07,27,487597.5509534444
decreciente,Loss Incurred,month,cumulative,Synthetic,Portfolio,Auto,2023-07,28,486586.4871045357
decreciente,Loss Incurred,month,cumulative,Synthetic,Portfolio,Auto,2023-07,29,485649.74487726646
decreciente,Loss Incurred,month,cumulative,Synthetic,Portfolio,Auto,2023-08,0,524325.9483809924
decreciente,Loss Incurred,month,cumulative,Synthetic,Portfolio,Auto,2023-08,1,515928.1624049712
decreciente,Loss Incurred,month,cumulative,Synthetic,Portfolio,Auto,2023-08,2,508140.3078803795
decreciente,Loss Incurred,month,cumulative,Synthetic,Portfolio,Auto,2023-08,3,500918.08546730736
decreciente,Loss Incurred,month,cumulative,Synthetic,Portfolio,Auto,2023-08,4,494220.4132882529
decreciente,Loss Incurred,month,cumulative,Synthetic,Portfolio,Auto,2023-08,5,488009.19324372924
decreciente,Loss Incurred,month,cumulative,Synthetic,Portfolio,Auto,2023-08,6,482249.0943003772
decreciente,Loss Incurred,month,cumulative,Synthetic,Portfolio,Auto,2023-08,7,476907.35151886666
decreciente,Loss Incurred,month,cumulative,Synthetic,Portfolio,Auto,2023-08,8,471953.57967841043
decreciente,Loss Incurred,month,cumulative,Synthetic,Portfolio,Auto,2023-08,9,467359.6004377333
decreciente,Loss Incurred,month,cumulative,Synthetic,Portfolio,Auto,2023-08,10,463099.28204934555
decreciente,Loss Incurred,month,cumulative,Synthetic,Portfolio,Auto,2023-08,11,459148.39071537426
decreciente,Loss Incurred,month,cumulative,Synthetic,Portfolio,Auto,2023-08,12,455484.4527394251
decreciente,Loss Incurred,month,cumulative,Synthetic,Portfolio,Auto,2023-08,13,452086.62669035746
decreciente,Loss Incurred,month,cumulative,Synthetic,Portfolio,Auto,2023-08,14,448935.5848508101
decreciente,Loss Incurred,month,cumulative,Synthetic,Portfolio,Auto,2023-08,15,446013.4032761229
decreciente,Loss Incurred,month,cumulative,Synthetic,Portfolio,Auto,2023-08,16,443303.4598382824
decreciente,Loss Incurred,month,cumulative,Synthetic,Portfolio,Auto,2023-08,17,440790.33967494004
decreciente,Loss Incurred,month,cumulative,Synthetic,Portfolio,Auto,2023-08,18,438459.747505669
decreciente,Loss Incurred,month,cumulative,Synthetic,Portfolio,Auto,2023-08,19,436298.426316696
decreciente,Loss Incurred,month,cumulative,Synthetic,Portfolio,Auto,2023-08,20,434294.0819515619
decreciente,Loss Incurred,month,cumulative,Synthetic,Portfolio,Auto,2023-08,21,432435.3131787664
decreciente,Loss Incurred,month,cumulative,Synthetic,Portfolio,Auto,2023-08,22,430711.5468386001
decreciente,Loss Incurred,month,cumulative,Synthetic,Portfolio,Auto,2023-08,23,429112.97770026594
decreciente,Loss Incurred,month,cumulative,Synthetic,Portfolio,Auto,2023-08,24,427630.5126871784
decreciente,Loss Incurred,month,cumulative,Synthetic,Portfolio,Auto,2023-08,25,426255.71915318165
decreciente,Loss Incurred,month,cumulative,Synthetic,Portfolio,Auto,2023-08,26,424980.77691546717
decreciente,Loss Incurred,month,cumulative,Synthetic,Portfolio,Auto,2023-08,27,423798.43377134216
decreciente,Loss Incurred,month,cumulative,Synthetic,Portfolio,Auto,2023-08,28,422701.96424581646
decreciente,Loss Incurred,month,cumulative,Synthetic,Portfolio,Auto,2023-09,0,490953.04913859855
decreciente,Loss Incurred,month,cumulative,Synthetic,Portfolio,Auto,2023-09,1,482620.05996792676
decreciente,Loss Incurred,month,cumulative,Synthetic,Portfolio,Auto,2023-09,2,474947.08023941005
decreciente,Loss Incurred,month,cumulative,Synthetic,Portfolio,Auto,2023-09,3,467881.8342984409
decreciente,Loss Incurred,month,cumulative,Synthetic,Portfolio,Auto,2023-09,4,461376.1869524871
decreciente,Loss Incurred,month,cumulative,Synthetic,Portfolio,Auto,2023-09,5,455385.8155282605
decreciente,Loss Incurred,month,cumulative,Synthetic,Portfolio,Auto,2023-09,6,449869.90790340136
decreciente,Loss Incurred,month,cumulative,Synthetic,Portfolio,Auto,2023-09,7,444790.88445538405
decreciente,Loss Incurred,month,cumulative,Synthetic,Portfolio,Auto,2023-09,8,440114.14203329396
decreciente,Loss Incurred,month,cumulative,Synthetic,Portfolio,Auto,2023-09,9,435807.81820816663
decreciente,Loss Incurred,month,cumulative,Synthetic,Portfolio,Auto,2023-09,10,431842.57419573906
decreciente,Loss Incurred,month,cumulative,Synthetic,Portfolio,Auto,2023-09,11,428191.39497267426
decreciente,Loss Incurred,month,cumulative,Synthetic,Portfolio,Auto,2023-09,12,424829.4052244627
decreciente,Loss Incurred,month,cumulative,Synthetic,Portfolio,Auto,2023-09,13,421733.6998710583
decreciente,Loss Incurred,month,cumulative,Synthetic,Portfolio,Auto,2023-09,14,418883.18801563274
decreciente,Loss Incurred,month,cumulative,Synthetic,Portfolio,Auto,2023-09,15,416258.44925327407
decreciente,Loss Incurred,month,cumulative,Synthetic,Portfolio,Auto,2023-09,16,413841.60136067006
decreciente,Loss Incurred,month,cumulative,Synthetic,Portfolio,Auto,2023-09,17,411616.17846535094
decreciente,Loss Incurred,month,cumulative,Synthetic,Portfolio,Auto,2023-09,18,409567.018864465
decreciente,Loss Incurred,month,cumulative,Synthetic,Portfolio,Auto,2023-09,19,407680.1617288009
decreciente,Loss Incurred,month,cumulative,Synthetic,Portfolio,Auto,2023-09,20,405942.7519883067
decreciente,Loss Incurred,month,cumulative,Synthetic,Portfolio,Auto,2023-09,21,404342.9527510943
decreciente,Loss Incurred,month,cumulative,Synthetic,Portfolio,Auto,2023-09,22,402869.86465924495
decreciente,Loss Incurred,month,cumulative,Synthetic,Portfolio,Auto,2023-09,23,401513.45163198916
decreciente,Loss Incurred,month,cumulative,Synthetic,Portfolio,Auto,2023-09,24,400264.4724903553
decreciente,Loss Incurred,month,cumulative,Synthetic,Portfolio,Auto,2023-09,25,399114.41799744585
decreciente,Loss Incurred,month,cumulative,Synthetic,Portfolio,Auto,2023-09,26,398055.45288540167
decreciente,Loss Incurred,month,cumulative,Synthetic,Portfolio,Auto,2023-09,27,397080.3624740857
decreciente,Loss Incurred,month,cumulative,Synthetic,Portfolio,Auto,2023-10,0,537990.8765846795
decreciente,Loss Incurred,month,cumulative,Synthetic,Portfolio,Auto,2023-10,1,529541.2321157336
decreciente,Loss Incurred,month,cumulative,Synthetic,Portfolio,Auto,2023-10,2,521748.319238418
decreciente,Loss Incurred,month,cumulative,Synthetic,Portfolio,Auto,2023-10,3,514561.09481298545
decreciente,Loss Incurred,month,cumulative,Synthetic,Portfolio,Auto,2023-10,4,507932.48292488116
decreciente,Loss Incurred,month,cumulative,Synthetic,Portfolio,Auto,2023-10,5,501819.06654015864
decreciente,Loss Incurred,month,cumulative,Synthetic,Portfolio,Auto,2023-10,6,496180.8031263563
decreciente,Loss Incurred,month,cumulative,Synthetic,Portfolio,Auto,2023-10,7,490980.7623761685
decreciente,Loss Incurred,month,cumulative,Synthetic,Portfolio,Auto,2023-10,8,486184.88431601657
decreciente,Loss Incurred,month,cumulative,Synthetic,Portfolio,Auto,2023-10,9,481761.75621514197
decreciente,Loss Incurred,month,cumulative,Synthetic,Portfolio,Auto,2023-10,10,477682.40683399333
decreciente,Loss Incurred,month,cumulative,Synthetic,Portfolio,Auto,2023-10,11,473920.1166642404
decreciente,Loss Incurred,month,cumulative,Synthetic,Portfolio,Auto,2023-10,12,470450.24291750253
decreciente,Loss Incurred,month,cumulative,Synthetic,Portfolio,Auto,2023-10,13,467250.05811647436
decreciente,Loss Incurred,month,cumulative,Synthetic,Portfolio,Auto,2023-10,14,464298.6012312319
decreciente,Loss Incurred,month,cumulative,Synthetic,Portfolio,Auto,2023-10,15,461576.54038566863
decreciente,Loss Incurred,month,cumulative,Synthetic,Portfolio,Auto,2023-10,16,459066.0462347979
decreciente,Loss Incurred,month,cumulative,Synthetic,Portfolio,Auto,2023-10,17,456750.67518354865
decreciente,Loss Incurred,month,cumulative,Synthetic,Portfolio,Auto,2023-10,18,454615.26168214553
decreciente,Loss Incurred,month,cumulative,Synthetic,Portfolio,Auto,2023-10,19,452645.81889261317
decreciente,Loss Incurred,month,cumulative,Synthetic,Portfolio,Auto,2023-10,20,450829.4470757764
decreciente,Loss Incurred,month,cumulative,Synthetic,Portfolio,Auto,2023-10,21,449154.249098697
decreciente,Loss Incurred,month,cumulative,Synthetic,Portfolio,Auto,2023-10,22,447609.2525091227
decreciente,Loss Incurred,month,cumulative,Synthetic,Portfolio,Auto,2023-10,23,446184.3376665457
decreciente,Loss Incurred,month,cumulative,Synthetic,Portfolio,Auto,2023-10,24,444870.17145912617
decreciente,Loss Incurred,month,cumulative,Synthetic,Portfolio,Auto,2023-10,25,443658.1461723381
decreciente,Loss Incurred,month,cumulative,Synthetic,Portfolio,Auto,2023-10,26,442540.3231089232
decreciente,Loss Incurred,month,cumulative,Synthetic,Portfolio,Auto,2023-11,0,563789.1936410129
decreciente,Loss Incurred,month,cumulative,Synthetic,Portfolio,Auto,2023-11,1,555035.968715458
decreciente,Loss Incurred,month,cumulative,Synthetic,Portfolio,Auto,2023-11,2,546902.9164400295
decreciente,Loss Incurred,month,cumulative,Synthetic,Portfolio,Auto,2023-11,3,539346.0971103058
decreciente,Loss Incurred,month,cumulative,Synthetic,Portfolio,Auto,2023-11,4,532324.6841833763
decreciente,Loss Incurred,month,cumulative,Synthetic,Portfolio,Auto,2023-11,5,525800.7437079786
decreciente,Loss Incurred,month,cumulative,Synthetic,Portfolio,Auto,2023-11,6,519739.0293821778
decreciente,Loss Incurred,month,cumulative,Synthetic,Portfolio,Auto,2023-11,7,514106.7921313651
decreciente,Loss Incurred,month,cumulative,Synthetic,Portfolio,Auto,2023-11,8,508873.603177801
decreciente,Loss Incurred,month,cumulative,Synthetic,Portfolio,Auto,2023-11,9,504011.18964581547
decreciente,Loss Incurred,month,cumulative,Synthetic,Portfolio,Auto,2023-11,10,499493.28181450453
decreciente,Loss Incurred,month,cumulative,Synthetic,Portfolio,Auto,2023-11,11,495295.4711926907
decreciente,Loss Incurred,month,cumulative,Synthetic,Portfolio,Auto,2023-11,12,491395.0786493795
decreciente,Loss Incurred,month,cumulative,Synthetic,Portfolio,Auto,2023-11,13,487771.03188727354
decreciente,Loss Incurred,month,cumulative,Synthetic,Portfolio,Auto,2023-11,14,484403.75159738236
decreciente,Loss Incurred,month,cumulative,Synthetic,Portfolio,Auto,2023-11,15,481275.0456796638
decreciente,Loss Incurred,month,cumulative,Synthetic,Portfolio,Auto,2023-11,16,478368.010958214
decreciente,Loss Incurred,month,cumulative,Synthetic,Portfolio,Auto,2023-11,17,475666.941860011
decreciente,Loss Incurred,month,cumulative,Synthetic,Portfolio,Auto,2023-11,18,473157.2455638385
decreciente,Loss Incurred,month,cumulative,Synthetic,Portfolio,Auto,2023-11,19,470825.3631609736
decreciente,Loss Incurred,month,cumulative,Synthetic,Portfolio,Auto,2023-11,20,468658.69640169904
decreciente,Loss Incurred,month,cumulative,Synthetic,Portfolio,Auto,2023-11,21,466645.53963188204
decreciente,Loss Incurred,month,cumulative,Synthetic,Portfolio,Auto,2023-11,22,464775.01655189646
decreciente,Loss Incurred,month,cumulative,Synthetic,Portfolio,Auto,2023-11,23,463037.0214562256
decreciente,Loss Incurred,month,cumulative,Synthetic,Portfolio,Auto,2023-11,24,461422.1646362823
decreciente,Loss Incurred,month,cumulative,Synthetic,Portfolio,Auto,2023-11,25,459921.72165148176
decreciente,Loss Incurred,month,cumulative,Synthetic,Portfolio,Auto,2023-12,0,587109.0285550526
decreciente,Loss Incurred,month,cumulative,Synthetic,Portfolio,Auto,2023-12,1,579212.8489117852
decreciente,Loss Incurred,month,cumulative,Synthetic,Portfolio,Auto,2023-12,2,571830.2745085814
decreciente,Loss Incurred,month,cumulative,Synthetic,Portfolio,Auto,2023-12,3,564927.8980073942
decreciente,Loss Incurred,month,cumulative,Synthetic,Portfolio,Auto,2023-12,4,558474.4850430134
decreciente,Loss Incurred,month,cumulative,Synthetic,Portfolio,Auto,2023-12,5,552440.8328825328
decreciente,Loss Incurred,month,cumulative,Synthetic,Portfolio,Auto,2023-12,6,546799.6382782815
decreciente,Loss Incurred,month,cumulative,Synthetic,Portfolio,Auto,2023-12,7,541525.3739162305
decreciente,Loss Incurred,month,cumulative,Synthetic,Portfolio,Auto,2023-12,8,536594.1729007864
decreciente,Loss Incurred,month,cumulative,Synthetic,Portfolio,Auto,2023-12,9,531983.7207532455
decreciente,Loss Incurred,month,cumulative,Synthetic,Portfolio,Auto,2023-12,10,527673.1544351839
decreciente,Loss Incurred,month,cumulative,Synthetic,Portfolio,Auto,2023-12,11,523642.96793984895
decreciente,Loss Incurred,month,cumulative,Synthetic,Portfolio,Auto,2023-12,12,519874.92402433767
decreciente,Loss Incurred,month,cumulative,Synthetic,Portfolio,Auto,2023-12,13,516351.97168313543
decreciente,Loss Incurred,month,cumulative,Synthetic,Portfolio,Auto,2023-12,14,513058.16898957046
decreciente,Loss Incurred,month,cumulative,Synthetic,Portfolio,Auto,2023-12,15,509978.61095602816
decreciente,Loss Incurred,month,cumulative,Synthetic,Portfolio,Auto,2023-12,16,507099.36208648223
decreciente,Loss Incurred,month,cumulative,Synthetic,Portfolio,Auto,2023-12,17,504407.3933161302
decreciente,Loss Incurred,month,cumulative,Synthetic,Portfolio,Auto,2023-12,18,501890.5230527782
decreciente,Loss Incurred,month,cumulative,Synthetic,Portfolio,Auto,2023-12,19,499537.3620531738
decreciente,Loss Incurred,month,cumulative,Synthetic,Portfolio,Auto,2023-12,20,497337.2618848462
decreciente,Loss Incurred,month,cumulative,Synthetic,Portfolio,Auto,2023-12,21,495280.26674023486
decreciente,Loss Incurred,month,cumulative,Synthetic,Portfolio,Auto,2023-12,22,493357.06838505674
decreciente,Loss Incurred,month,cumulative,Synthetic,Portfolio,Auto,2023-12,23,491558.96403704735
decreciente,Loss Incurred,month,cumulative,Synthetic,Portfolio,Auto,2023-12,24,489877.81698446965
decreciente,Loss Incurred,month,cumulative,Synthetic,Portfolio,Auto,2024-01,0,592135.5161514592
decreciente,Loss Incurred,month,cumulative,Synthetic,Portfolio,Auto,2024-01,1,582702.7822604066
decreciente,Loss Incurred,month,cumulative,Synthetic,Portfolio,Auto,2024-01,2,573959.0817213188
decreciente,Loss Incurred,month,cumulative,Synthetic,Portfolio,Auto,2024-01,3,565854.0826828359
decreciente,Loss Incurred,month,cumulative,Synthetic,Portfolio,Auto,2024-01,4,558341.1298866891
decreciente,Loss Incurred,month,cumulative,Synthetic,Portfolio,Auto,2024-01,5,551376.9761034343
decreciente,Loss Incurred,month,cumulative,Synthetic,Portfolio,Auto,2024-01,6,544921.5331860107
decreciente,Loss Incurred,month,cumulative,Synthetic,Portfolio,Auto,2024-01,7,538937.6413081037
decreciente,Loss Incurred,month,cumulative,Synthetic,Portfolio,Auto,2024-01,8,533390.8550589622
decreciente,Loss Incurred,month,cumulative,Synthetic,Portfolio,Auto,2024-01,9,528249.2451633596
decreciente,Loss Incurred,month,cumulative,Synthetic,Portfolio,Auto,2024-01,10,523483.2146853233
decreciente,Loss Incurred,month,cumulative,Synthetic,Portfolio,Auto,2024-01,11,519065.32865764224
decreciente,Loss Incurred,month,cumulative,Synthetic,Portfolio,Auto,2024-01,12,514970.1561564328
decreciente,Loss Incurred,month,cumulative,Synthetic,Portfolio,Auto,2024-01,13,511174.1239116934
decreciente,Loss Incurred,month,cumulative,Synthetic,Portfolio,Auto,2024-01,14,507655.38061117387
decreciente,Loss Incurred,month,cumulative,Synthetic,Portfolio,Auto,2024-01,15,504393.6711164485
decreciente,Loss Incurred,month,cumulative,Synthetic,Portfolio,Auto,2024-01,16,501370.2198671314
decreciente,Loss Incurred,month,cumulative,Synthetic,Portfolio,Auto,2024-01,17,498567.62280207087
decreciente,Loss Incurred,month,cumulative,Synthetic,Portfolio,Auto,2024-01,18,495969.74717538117
decreciente,Loss Incurred,month,cumulative,Synthetic,Portfolio,Auto,2024-01,19,493561.6386906165
decreciente,Loss Incurred,month,cumulative,Synthetic,Portfolio,Auto,2024-01,20,491329.43541852053
decreciente,Loss Incurred,month,cumulative,Synthetic,Portfolio,Auto,2024-01,21,489260.28800282866
decreciente,Loss Incurred,month,cumulative,Synthetic,Portfolio,Auto,2024-01,22,487342.28569480235
decreciente,Loss Incurred,month,cumulative,Synthetic,Portfolio,Auto,2024-01,23,485564.38779072085
decreciente,Loss Incurred,month,cumulative,Synthetic,Portfolio,Auto,2024-02,0,590915.6639215718
decreciente,Loss Incurred,month,cumulative,Synthetic,Portfolio,Auto,2024-02,1,581315.8027967095
decreciente,Loss Incurred,month,cumulative,Synthetic,Portfolio,Auto,2024-02,2,572454.5881853459
decreciente,Loss Incurred,month,cumulative,Synthetic,Portfolio,Auto,2024-02,3,564275.1860703211
decreciente,Loss Incurred,month,cumulative,Synthetic,Portfolio,Auto,2024-02,4,556725.1354403007
decreciente,Loss Incurred,month,cumulative,Synthetic,Portfolio,Auto,2024-02,5,549756.0118155846
decreciente,Loss Incurred,month,cumulative,Synthetic,Portfolio,Auto,2024-02,6,543323.1166634043
decreciente,Loss Incurred,month,cumulative,Synthetic,Portfolio,Auto,2024-02,7,537385.1907106797
decreciente,Loss Incurred,month,cumulative,Synthetic,Portfolio,Auto,2024-02,8,531904.1493154865
decreciente,Loss Incurred,month,cumulative,Synthetic,Portfolio,Auto,2024-02,9,526844.8381999551
decreciente,Loss Incurred,month,cumulative,Synthetic,Portfolio,Auto,2024-02,10,522174.8079779268
decreciente,Loss Incurred,month,cumulative,Synthetic,Portfolio,Auto,2024-02,11,517864.1060312317
decreciente,Loss Incurred,month,cumulative,Synthetic,Portfolio,Auto,2024-02,12,513885.0843997251
decreciente,Loss Incurred,month,cumulative,Synthetic,Portfolio,Auto,2024-02,13,510212.22245292854
decreciente,Loss Incurred,month,cumulative,Synthetic,Portfolio,Auto,2024-02,14,506821.96320592903
decreciente,Loss Incurred,month,cumulative,Synthetic,Portfolio,Auto,2024-02,15,503692.5622296986
decreciente,Loss Incurred,month,cumulative,Synthetic,Portfolio,Auto,2024-02,16,500803.9481867754
decreciente,Loss Incurred,month,cumulative,Synthetic,Portfolio,Auto,2024-02,17,498137.5940978138
decreciente,Loss Incurred,month,cumulative,Synthetic,Portfolio,Auto,2024-02,18,495676.39851332933
decreciente,Loss Incurred,month,cumulative,Synthetic,Portfolio,Auto,2024-02,19,493404.5758285016
decreciente,Loss Incurred,month,cumulative,Synthetic,Portfolio,Auto,2024-02,20,491307.5550375358
decreciente,Loss Incurred,month,cumulative,Synthetic,Portfolio,Auto,2024-02,21,489371.8862782123
decreciente,Loss Incurred,month,cumulative,Synthetic,Portfolio,Auto,2024-02,22,487585.1545672237
decreciente,Loss Incurred,month,cumulative,Synthetic,Portfolio,Auto,2024-03,0,602049.2015203828
decreciente,Loss Incurred,month,cumulative,Synthetic,Portfolio,Auto,2024-03,1,594124.0098675159
decreciente,Loss Incurred,month,cumulative,Synthetic,Portfolio,Auto,2024-03,2,586803.8000817247
decreciente,Loss Incurred,month,cumulative,Synthetic,Portfolio,Auto,2024-03,3,580042.3899284938
decreciente,Loss Incurred,month,cumulative,Synthetic,Portfolio,Auto,2024-03,4,573797.1225662181
decreciente,Loss Incurred,month,cumulative,Synthetic,Portfolio,Auto,2024-03,5,568028.5974298352
decreciente,Loss Incurred,month,cumulative,Synthetic,Portfolio,Auto,2024-03,6,562700.4216578769
decreciente,Loss Incurred,month,cumulative,Synthetic,Portfolio,Auto,2024-03,7,557778.9804947226
decreciente,Loss Incurred,month,cumulative,Synthetic,Portfolio,Auto,2024-03,8,553233.225219557
decreciente,Loss Incurred,month,cumulative,Synthetic,Portfolio,Auto,2024-03,9,549034.4772641
decreciente,Loss Incurred,month,cumulative,Synthetic,Portfolio,Auto,2024-03,10,545156.247283316
decreciente,Loss Incurred,month,cumulative,Synthetic,Portfolio,Auto,2024-03,11,541574.0680376424
decreciente,Loss Incurred,month,cumulative,Synthetic,Portfolio,Auto,2024-03,12,538265.3400324148
decreciente,Loss Incurred,month,cumulative,Synthetic,Portfolio,Auto,2024-03,13,535209.1889406455
decreciente,Loss Incurred,month,cumulative,Synthetic,Portfolio,Auto,2024-03,14,532386.3339096592
decreciente,Loss Incurred,month,cumulative,Synthetic,Portfolio,Auto,2024-03,15,529778.9659207448
decreciente,Loss Incurred,month,cumulative,Synthetic,Portfolio,Auto,2024-03,16,527370.6354344145
decreciente,Loss Incurred,month,cumulative,Synthetic,Portfolio,Auto,2024-03,17,525146.1486124363
decreciente,Loss Incurred,month,cumulative,Synthetic,Portfolio,Auto,2024-03,18,523091.47146191983
decreciente,Loss Incurred,month,cumulative,Synthetic,Portfolio,Auto,2024-03,19,521193.64129671355
decreciente,Loss Incurred,month,cumulative,Synthetic,Portfolio,Auto,2024-03,20,519440.68495753297
decreciente,Loss Incurred,month,cumulative,Synthetic,Portfolio,Auto,2024-03,21,517821.54327488464
decreciente,Loss Incurred,month,cumulative,Synthetic,Portfolio,Auto,2024-04,0,665694.814326465
decreciente,Loss Incurred,month,cumulative,Synthetic,Portfolio,Auto,2024-04,1,653861.6594330331
decreciente,Loss Incurred,month,cumulative,Synthetic,Portfolio,Auto,2024-04,2,642933.7783911021
decreciente,Loss Incurred,month,cumulative,Synthetic,Portfolio,Auto,2024-04,3,632841.9148819984
decreciente,Loss Incurred,month,cumulative,Synthetic,Portfolio,Auto,2024-04,4,623522.1109149174
decreciente,Loss Incurred,month,cumulative,Synthetic,Portfolio,Auto,2024-04,5,614915.3014880494
decreciente,Loss Incurred,month,cumulative,Synthetic,Portfolio,Auto,2024-04,6,606966.9402594147
decreciente,Loss Incurred,month,cumulative,Synthetic,Portfolio,Auto,2024-04,7,599626.6538550653
decreciente,Loss Incurred,month,cumulative,Synthetic,Portfolio,Auto,2024-04,8,592847.9226238063
decreciente,Loss Incurred,month,cumulative,Synthetic,Portfolio,Auto,2024-04,9,586587.7858151908
decreciente,Loss Incurred,month,cumulative,Synthetic,Portfolio,Auto,2024-04,10,580806.5693123343
decreciente,Loss Incurred,month,cumulative,Synthetic,Portfolio,Auto,2024-04,11,575467.6341940312
decreciente,Loss Incurred,month,cumulative,Synthetic,Portfolio,Auto,2024-04,12,570537.1445326655
decreciente,Loss Incurred,month,cumulative,Synthetic,Portfolio,Auto,2024-04,13,565983.8529563183
decreciente,Loss Incurred,month,cumulative,Synthetic,Portfolio,Auto,2024-04,14,561778.902616053
decreciente,Loss Incurred,month,cumulative,Synthetic,Portfolio,Auto,2024-04,15,557895.6443033309
decreciente,Loss Incurred,month,cumulative,Synthetic,Portfolio,Auto,2024-04,16,554309.4675585246
decreciente,Loss Incurred,month,cumulative,Synthetic,Portfolio,Auto,2024-04,17,550997.6447001644
decreciente,Loss Incurred,month,cumulative,Synthetic,Portfolio,Auto,2024-04,18,547939.1867864431
decreciente,Loss Incurred,month,cumulative,Synthetic,Portfolio,Auto,2024-04,19,545114.7105961203
decreciente,Loss Incurred,month,cumulative,Synthetic,Portfolio,Auto,2024-04,20,542506.315785811
decreciente,Loss Incurred,month,cumulative,Synthetic,Portfolio,Auto,2024-05,0,539732.1453237749
decreciente,Loss Incurred,month,cumulative,Synthetic,Portfolio,Auto,2024-05,1,532713.1666342404
decreciente,Loss Incurred,month,cumulative,Synthetic,Portfolio,Auto,2024-05,2,526170.6879871266
decreciente,Loss Incurred,month,cumulative,Synthetic,Portfolio,Auto,2024-05,3,520072.36104509427
decreciente,Loss Incurred,month,cumulative,Synthetic,Portfolio,Auto,2024-05,4,514388.0335145298
decreciente,Loss Incurred,month,cumulative,Synthetic,Portfolio,Auto,2024-05,5,509089.600061901
decreciente,Loss Incurred,month,cumulative,Synthetic,Portfolio,Auto,2024-05,6,504150.8633510082
decreciente,Loss Incurred,month,cumulative,Synthetic,Portfolio,Auto,2024-05,7,499547.40451405366
decreciente,Loss Incurred,month,cumulative,Synthetic,Portfolio,Auto,2024-05,8,495256.46241608873
decreciente,Loss Incurred,month,cumulative,Synthetic,Portfolio,Auto,2024-05,9,491256.8211158815
decreciente,Loss Incurred,month,cumulative,Synthetic,Portfolio,Auto,2024-05,10,487528.7049667703
decreciente,Loss Incurred,month,cumulative,Synthetic,Portfolio,Auto,2024-05,11,484053.6808388459
decreciente,Loss Incurred,month,cumulative,Synthetic,Portfolio,Auto,2024-05,12,480814.56697901175
decreciente,Loss Incurred,month,cumulative,Synthetic,Portfolio,Auto,2024-05,13,477795.3480582973
decreciente,Loss Incurred,month,cumulative,Synthetic,Portfolio,Auto,2024-05,14,474981.095986384
decreciente,Loss Incurred,month,cumulative,Synthetic,Portfolio,Auto,2024-05,15,472357.89610182814
decreciente,Loss Incurred,month,cumulative,Synthetic,Portfolio,Auto,2024-05,16,469912.77837303263
decreciente,Loss Incurred,month,cumulative,Synthetic,Portfolio,Auto,2024-05,17,467633.65326980693
decreciente,Loss Incurred,month,cumulative,Synthetic,Portfolio,Auto,2024-05,18,465509.251988437
decreciente,Loss Incurred,month,cumulative,Synthetic,Portfolio,Auto,2024-05,19,463529.0707347189
decreciente,Loss Incurred,month,cumulative,Synthetic,Portfolio,Auto,2024-06,0,699999.3685966809
decreciente,Loss Incurred,month,cumulative,Synthetic,Portfolio,Auto,2024-06,1,687646.3665980682
decreciente,Loss Incurred,month,cumulative,Synthetic,Portfolio,Auto,2024-06,2,676344.2750518214
decreciente,Loss Incurred,month,cumulative,Synthetic,Portfolio,Auto,2024-06,3,666003.6895541353
decreciente,Loss Incurred,month,cumulative,Synthetic,Portfolio,Auto,2024-06,4,656542.8116274772
decreciente,Loss Incurred,month,cumulative,Synthetic,Portfolio,Auto,2024-06,5,647886.8016594579
decreciente,Loss Incurred,month,cumulative,Synthetic,Portfolio,Auto,2024-06,6,639967.1868893182
decreciente,Loss Incurred,month,cumulative,Synthetic,Portfolio,Auto,2024-06,7,632721.3197589495
decreciente,Loss Incurred,month,cumulative,Synthetic,Portfolio,Auto,2024-06,8,626091.882343772
decreciente,Loss Incurred,month,cumulative,Synthetic,Portfolio,Auto,2024-06,9,620026.4329433052
decreciente,Loss Incurred,month,cumulative,Synthetic,Portfolio,Auto,2024-06,10,614476.9912447691
decreciente,Loss Incurred,month,cumulative,Synthetic,Portfolio,Auto,2024-06,11,609399.6587781784
decreciente,Loss Incurred,month,cumulative,Synthetic,Portfolio,Auto,2024-06,12,604754.2716605708
decreciente,Loss Incurred,month,cumulative,Synthetic,Portfolio,Auto,2024-06,13,600504.0828824218
decreciente,Loss Incurred,month,cumulative,Synthetic,Portfolio,Auto,2024-06,14,596615.4716229995
decreciente,Loss Incurred,month,cumulative,Synthetic,Portfolio,Auto,2024-06,15,593057.6772952165
decreciente,Loss Incurred,month,cumulative,Synthetic,Portfolio,Auto,2024-06,16,589802.5562161593
decreciente,Loss Incurred,month,cumulative,Synthetic,Portfolio,Auto,2024-06,17,586824.3589784552
decreciente,Loss Incurred,month,cumulative,Synthetic,Portfolio,Auto,2024-06,18,584099.5267613883
decreciente,Loss Incurred,month,cumulative,Synthetic,Portfolio,Auto,2024-07,0,677624.3476898461
decreciente,Loss Incurred,month,cumulative,Synthetic,Portfolio,Auto,2024-07,1,666652.237924413
decreciente,Loss Incurred,month,cumulative,Synthetic,Portfolio,Auto,2024-07,2,656461.8097219514
decreciente,Loss Incurred,month,cumulative,Synthetic,Portfolio,Auto,2024-07,3,646997.3740601165
decreciente,Loss Incurred,month,cumulative,Synthetic,Portfolio,Auto,2024-07,4,638207.2093469821
decreciente,Loss Incurred,month,cumulative,Synthetic,Portfolio,Auto,2024-07,5,630043.2787710036
decreciente,Loss Incurred,month,cumulative,Synthetic,Portfolio,Auto,2024-07,6,622460.9677877057
decreciente,Loss Incurred,month,cumulative,Synthetic,Portfolio,Auto,2024-07,7,615418.8403084984
decreciente,Loss Incurred,month,cumulative,Synthetic,Portfolio,Auto,2024-07,8,608878.4122592339
decreciente,Loss Incurred,month,cumulative,Synthetic,Portfolio,Auto,2024-07,9,602803.9412710405
decreciente,Loss Incurred,month,cumulative,Synthetic,Portfolio,Auto,2024-07,10,597162.2313541254
decreciente,Loss Incurred,month,cumulative,Synthetic,Portfolio,Auto,2024-07,11,591922.4514871245
decreciente,Loss Incurred,month,cumulative,Synthetic,Portfolio,Auto,2024-07,12,587055.9671306157
decreciente,Loss Incurred,month,cumulative,Synthetic,Portfolio,Auto,2024-07,13,582536.1837440473
decreciente,Loss Incurred,month,cumulative,Synthetic,Portfolio,Auto,2024-07,14,578338.4014509274
decreciente,Loss Incurred,month,cumulative,Synthetic,Portfolio,Auto,2024-07,15,574439.6800580397
decreciente,Loss Incurred,month,cumulative,Synthetic,Portfolio,Auto,2024-07,16,570818.7136910434
decreciente,Loss Incurred,month,cumulative,Synthetic,Portfolio,Auto,2024-07,17,567455.7143613562
decreciente,Loss Incurred,month,cumulative,Synthetic,Portfolio,Auto,2024-08,0,593214.8464482162
decreciente,Loss Incurred,month,cumulative,Synthetic,Portfolio,Auto,2024-08,1,584332.6080053296
decreciente,Loss Incurred,month,cumulative,Synthetic,Portfolio,Auto,2024-08,2,576080.810427542
decreciente,Loss Incurred,month,cumulative,Synthetic,Portfolio,Auto,2024-08,3,568414.7064715828
decreciente,Loss Incurred,month,cumulative,Synthetic,Portfolio,Auto,2024-08,4,561292.7249506392
decreciente,Loss Incurred,month,cumulative,Synthetic,Portfolio,Auto,2024-08,5,554676.245305169
decreciente,Loss Incurred,month,cumulative,Synthetic,Portfolio,Auto,2024-08,6,548529.3881741607
decreciente,Loss Incurred,month,cumulative,Synthetic,Portfolio,Auto,2024-08,7,542818.8208311636
decreciente,Loss Incurred,month,cumulative,Synthetic,Portfolio,Auto,2024-08,8,537513.576430021
decreciente,Loss Incurred,month,cumulative,Synthetic,Portfolio,Auto,2024-08,9,532584.8860801259
decreciente,Loss Incurred,month,cumulative,Synthetic,Portfolio,Auto,2024-08,10,528006.0228405898
decreciente,Loss Incurred,month,cumulative,Synthetic,Portfolio,Auto,2024-08,11,523752.15678734425
decreciente,Loss Incurred,month,cumulative,Synthetic,Portfolio,Auto,2024-08,12,519800.22036725
decreciente,Loss Incurred,month,cumulative,Synthetic,Portfolio,Auto,2024-08,13,516128.78330905864
decreciente,Loss Incurred,month,cumulative,Synthetic,Portfolio,Auto,2024-08,14,512717.93641290866
decreciente,Loss Incurred,month,cumulative,Synthetic,Portfolio,Auto,2024-08,15,509549.183588175
decreciente,Loss Incurred,month,cumulative,Synthetic,Portfolio,Auto,2024-08,16,506605.34155422385
decreciente,Loss Incurred,month,cumulative,Synthetic,Portfolio,Auto,2024-09,0,533887.2819753899
decreciente,Loss Incurred,month,cumulative,Synthetic,Portfolio,Auto,2024-09,1,525800.9391825224
decreciente,Loss Incurred,month,cumulative,Synthetic,Portfolio,Auto,2024-09,2,518271.4060978055
decreciente,Loss Incurred,month,cumulative,Synthetic,Portfolio,Auto,2024-09,3,511260.3418965881
decreciente,Loss Incurred,month,cumulative,Synthetic,Portfolio,Auto,2024-09,4,504732.04582822154
decreciente,Loss Incurred,month,cumulative,Synthetic,Portfolio,Auto,2024-09,5,498653.27542574116
decreciente,Loss Incurred,month,cumulative,Synthetic,Portfolio,Auto,2024-09,6,492993.0772332721
decreciente,Loss Incurred,month,cumulative,Synthetic,Portfolio,Auto,2024-09,7,487722.6291892142
decreciente,Loss Incurred,month,cumulative,Synthetic,Portfolio,Auto,2024-09,8,482815.0938626117
decreciente,Loss Incurred,month,cumulative,Synthetic,Portfolio,Auto,2024-09,9,478245.48179537844
decreciente,Loss Incurred,month,cumulative,Synthetic,Portfolio,Auto,2024-09,10,473990.5242545106
decreciente,Loss Incurred,month,cumulative,Synthetic,Portfolio,Auto,2024-09,11,470028.55474633095
decreciente,Loss Incurred,month,cumulative,Synthetic,Portfolio,Auto,2024-09,12,466339.39868943073
decreciente,Loss Incurred,month,cumulative,Synthetic,Portfolio,Auto,2024-09,13,462904.27068451664
decreciente,Loss Incurred,month,cumulative,Synthetic,Portfolio,Auto,2024-09,14,459705.6788580544
decreciente,Loss Incurred,month,cumulative,Synthetic,Portfolio,Auto,2024-09,15,456727.33579262125
decreciente,Loss Incurred,month,cumulative,Synthetic,Portfolio,Auto,2024-10,0,600897.8702785458
decreciente,Loss Incurred,month,cumulative,Synthetic,Portfolio,Auto,2024-10,1,590688.6675016853
decreciente,Loss Incurred,month,cumulative,Synthetic,Portfolio,Auto,2024-10,2,581263.7214430989
decreciente,Loss Incurred,month,cumulative,Synthetic,Portfolio,Auto,2024-10,3,572562.7865955121
decreciente,Loss Incurred,month,cumulative,Synthetic,Portfolio,Auto,2024-10,4,564530.2454274936
decreciente,Loss Incurred,month,cumulative,Synthetic,Portfolio,Auto,2024-10,5,557114.7528688052
decreciente,Loss Incurred,month,cumulative,Synthetic,Portfolio,Auto,2024-10,6,550268.9081058921
decreciente,Loss Incurred,month,cumulative,Synthetic,Portfolio,Auto,2024-10,7,543948.9515895859
decreciente,Loss Incurred,month,cumulative,Synthetic,Portfolio,Auto,2024-10,8,538114.4853182521
decreciente,Loss Incurred,month,cumulative,Synthetic,Portfolio,Auto,2024-10,9,532728.2146083983
decreciente,Loss Incurred,month,cumulative,Synthetic,Portfolio,Auto,2024-10,10,527755.7097021014
decreciente,Loss Incurred,month,cumulative,Synthetic,Portfolio,Auto,2024-10,11,523165.1856874226
decreciente,Loss Incurred,month,cumulative,Synthetic,Portfolio,Auto,2024-10,12,518927.29932502646
decreciente,Loss Incurred,month,cumulative,Synthetic,Portfolio,Auto,2024-10,13,515014.96148229775
decreciente,Loss Incurred,month,cumulative,Synthetic,Portfolio,Auto,2024-10,14,511403.1639760065
decreciente,Loss Incurred,month,cumulative,Synthetic,Portfolio,Auto,2024-11,0,478574.1464714414
decreciente,Loss Incurred,month,cumulative,Synthetic,Portfolio,Auto,2024-11,1,471279.24468377914
decreciente,Loss Incurred,month,cumulative,Synthetic,Portfolio,Auto,2024-11,2,464525.4771455535
decreciente,Loss Incurred,month,cumulative,Synthetic,Portfolio,Auto,2024-11,3,458272.7026342456
decreciente,Loss Incurred,month,cumulative,Synthetic,Portfolio,Auto,2024-11,4,452483.75759461
decreciente,Loss Incurred,month,cumulative,Synthetic,Portfolio,Auto,2024-11,5,447124.23525595595
decreciente,Loss Incurred,month,cumulative,Synthetic,Portfolio,Auto,2024-11,6,442162.2811344603
decreciente,Loss Incurred,month,cumulative,Synthetic,Portfolio,Auto,2024-11,7,437568.4037050753
decreciente,Loss Incurred,month,cumulative,Synthetic,Portfolio,Auto,2024-11,8,433315.29911775363
decreciente,Loss Incurred,month,cumulative,Synthetic,Portfolio,Auto,2024-11,9,429377.6889161861
decreciente,Loss Incurred,month,cumulative,Synthetic,Portfolio,Auto,2024-11,10,425732.1697945292
decreciente,Loss Incurred,month,cumulative,Synthetic,Portfolio,Auto,2024-11,11,422357.0744991451
decreciente,Loss Incurred,month,cumulative,Synthetic,Portfolio,Auto,2024-11,12,419232.3430486224
decreciente,Loss Incurred,month,cumulative,Synthetic,Portfolio,Auto,2024-11,13,416339.40350666654
decreciente,Loss Incurred,month,cumulative,Synthetic,Portfolio,Auto,2024-12,0,605078.155152972
decreciente,Loss Incurred,month,cumulative,Synthetic,Portfolio,Auto,2024-12,1,594837.8044644459
decreciente,Loss Incurred,month,cumulative,Synthetic,Portfolio,Auto,2024-12,2,585359.5042964718
decreciente,Loss Incurred,month,cumulative,Synthetic,Portfolio,Auto,2024-12,3,576586.5455564086
decreciente,Loss Incurred,month,cumulative,Synthetic,Portfolio,Auto,2024-12,4,568466.4392408368
decreciente,Loss Incurred,month,cumulative,Synthetic,Portfolio,Auto,2024-12,5,560950.60239151
decreciente,Loss Incurred,month,cumulative,Synthetic,Portfolio,Auto,2024-12,6,553994.0674213493
decreciente,Loss Incurred,month,cumulative,Synthetic,Portfolio,Auto,2024-12,7,547555.2130713641
decreciente,Loss Incurred,month,cumulative,Synthetic,Portfolio,Auto,2024-12,8,541595.5153888025
decreciente,Loss Incurred,month,cumulative,Synthetic,Portfolio,Auto,2024-12,9,536079.3172366249
decreciente,Loss Incurred,month,cumulative,Synthetic,Portfolio,Auto,2024-12,10,530973.6149552619
decreciente,Loss Incurred,month,cumulative,Synthetic,Portfolio,Auto,2024-12,11,526247.8609002479
decreciente,Loss Incurred,month,cumulative,Synthetic,Portfolio,Auto,2024-12,12,521873.78067430103
decreciente,Loss Incurred,month,cumulative,Synthetic,Portfolio,Auto,2025-01,0,654637.6174010047
decreciente,Loss Incurred,month,cumulative,Synthetic,Portfolio,Auto,2025-01,1,644651.4599629451
decreciente,Loss Incurred,month,cumulative,Synthetic,Portfolio,Auto,2025-01,2,635343.3780807938
decreciente,Loss Incurred,month,cumulative,Synthetic,Portfolio,Auto,2025-01,3,626667.3293741484
decreciente,Loss Incurred,month,cumulative,Synthetic,Portfolio,Auto,2025-01,4,618580.3978115431
decreciente,Loss Incurred,month,cumulative,Synthetic,Portfolio,Auto,2025-01,5,611042.5814265143
decreciente,Loss Incurred,month,cumulative,Synthetic,Portfolio,Auto,2025-01,6,604016.5944480732
decreciente,Loss Incurred,month,cumulative,Synthetic,Portfolio,Auto,2025-01,7,597467.6828668267
decreciente,Loss Incurred,month,cumulative,Synthetic,Portfolio,Auto,2025-01,8,591363.452524444
decreciente,Loss Incurred,month,cumulative,Synthetic,Portfolio,Auto,2025-01,9,585673.7088761154
decreciente,Loss Incurred,month,cumulative,Synthetic,Portfolio,Auto,2025-01,10,580370.3076333863
decreciente,Loss Incurred,month,cumulative,Synthetic,Portfolio,Auto,2025-01,11,575427.0155485764
decreciente,Loss Incurred,month,cumulative,Synthetic,Portfolio,Auto,2025-02,0,613027.6942539433
decreciente,Loss Incurred,month,cumulative,Synthetic,Portfolio,Auto,2025-02,1,603045.5380543731
decreciente,Loss Incurred,month,cumulative,Synthetic,Portfolio,Auto,2025-02,2,593745.1285677642
decreciente,Loss Incurred,month,cumulative,Synthetic,Portfolio,Auto,2025-02,3,585079.90485364
decreciente,Loss Incurred,month,cumulative,Synthetic,Portfolio,Auto,2025-02,4,577006.4859225779
decreciente,Loss Incurred,month,cumulative,Synthetic,Portfolio,Auto,2025-02,5,569484.4535565593
decreciente,Loss Incurred,month,cumulative,Synthetic,Portfolio,Auto,2025-02,6,562476.14996194
decreciente,Loss Incurred,month,cumulative,Synthetic,Portfolio,Auto,2025-02,7,555946.4892420205
decreciente,Loss Incurred,month,cumulative,Synthetic,Portfolio,Auto,2025-02,8,549862.7817453884
decreciente,Loss Incurred,month,cumulative,Synthetic,Portfolio,Auto,2025-02,9,544194.5704106602
decreciente,Loss Incurred,month,cumulative,Synthetic,Portfolio,Auto,2025-02,10,538913.4782883109
decreciente,Loss Incurred,month,cumulative,Synthetic,Portfolio,Auto,2025-03,0,675662.0291012719
decreciente,Loss Incurred,month,cumulative,Synthetic,Portfolio,Auto,2025-03,1,665110.3657910005
decreciente,Loss Incurred,month,cumulative,Synthetic,Portfolio,Auto,2025-03,2,655314.7838089076
decreciente,Loss Incurred,month,cumulative,Synthetic,Portfolio,Auto,2025-03,3,646221.1060117305
decreciente,Loss Incurred,month,cumulative,Synthetic,Portfolio,Auto,2025-03,4,637779.0373291301
decreciente,Loss Incurred,month,cumulative,Synthetic,Portfolio,Auto,2025-03,5,629941.8865930588
decreciente,Loss Incurred,month,cumulative,Synthetic,Portfolio,Auto,2025-03,6,622666.3082994947
decreciente,Loss Incurred,month,cumulative,Synthetic,Portfolio,Auto,2025-03,7,615912.0628742861
decreciente,Loss Incurred,month,cumulative,Synthetic,Portfolio,Auto,2025-03,8,609641.7941171885
decreciente,Loss Incurred,month,cumulative,Synthetic,Portfolio,Auto,2025-03,9,603820.8225931907
decreciente,Loss Incurred,month,cumulative,Synthetic,Portfolio,Auto,2025-04,0,621186.3616698607
decreciente,Loss Incurred,month,cumulative,Synthetic,Portfolio,Auto,2025-04,1,610170.1555512393
decreciente,Loss Incurred,month,cumulative,Synthetic,Portfolio,Auto,2025-04,2,599964.556724627
decreciente,Loss Incurred,month,cumulative,Synthetic,Portfolio,Auto,2025-04,3,590509.9181414136
decreciente,Loss Incurred,month,cumulative,Synthetic,Portfolio,Auto,2025-04,4,581750.9817714975
decreciente,Loss Incurred,month,cumulative,Synthetic,Portfolio,Auto,2025-04,5,573636.5556454208
decreciente,Loss Incurred,month,cumulative,Synthetic,Portfolio,Auto,2025-04,6,566119.2146607658
decreciente,Loss Incurred,month,cumulative,Synthetic,Portfolio,Auto,2025-04,7,559155.023404163
decreciente,Loss Incurred,month,cumulative,Synthetic,Portfolio,Auto,2025-04,8,552703.2793689319
decreciente,Loss Incurred,month,cumulative,Synthetic,Portfolio,Auto,2025-05,0,651597.3856976122
decreciente,Loss Incurred,month,cumulative,Synthetic,Portfolio,Auto,2025-05,1,642217.5933598272
decreciente,Loss Incurred,month,cumulative,Synthetic,Portfolio,Auto,2025-05,2,633494.9979967332
decreciente,Loss Incurred,month,cumulative,Synthetic,Portfolio,Auto,2025-05,3,625383.5529744613
decreciente,Loss Incurred,month,cumulative,Synthetic,Portfolio,Auto,2025-05,4,617840.4379255018
decreciente,Loss Incurred,month,cumulative,Synthetic,Portfolio,Auto,2025-05,5,610825.832699724
decreciente,Loss Incurred,month,cumulative,Synthetic,Portfolio,Auto,2025-05,6,604302.7071535613
decreciente,Loss Incurred,month,cumulative,Synthetic,Portfolio,Auto,2025-05,7,598236.6256676598
decreciente,Loss Incurred,month,cumulative,Synthetic,Portfolio,Auto,2025-06,0,463129.31652103935
decreciente,Loss Incurred,month,cumulative,Synthetic,Portfolio,Auto,2025-06,1,456571.6867045314
decreciente,Loss Incurred,month,cumulative,Synthetic,Portfolio,Auto,2025-06,2,450510.12958106917
decreciente,Loss Incurred,month,cumulative,Synthetic,Portfolio,Auto,2025-06,3,444907.11815939634
decreciente,Loss Incurred,month,cumulative,Synthetic,Portfolio,Auto,2025-06,4,439727.9642964587
decreciente,Loss Incurred,month,cumulative,Synthetic,Portfolio,Auto,2025-06,5,434940.6039437338
decreciente,Loss Incurred,month,cumulative,Synthetic,Portfolio,Auto,2025-06,6,430515.39863928215
decreciente,Loss Incurred,month,cumulative,Synthetic,Portfolio,Auto,2025-07,0,570559.4278848631
decreciente,Loss Incurred,month,cumulative,Synthetic,Portfolio,Auto,2025-07,1,561401.1298876575
decreciente,Loss Incurred,month,cumulative,Synthetic,Portfolio,Auto,2025-07,2,552809.4613591903
decreciente,Loss Incurred,month,cumulative,Synthetic,Portfolio,Auto,2025-07,3,544749.3645895092
decreciente,Loss Incurred,month,cumulative,Synthetic,Portfolio,Auto,2025-07,4,537187.9509105048
decreciente,Loss Incurred,month,cumulative,Synthetic,Portfolio,Auto,2025-07,5,530094.3664959722
decreciente,Loss Incurred,month,cumulative,Synthetic,Portfolio,Auto,2025-08,0,548387.5329640146
decreciente,Loss Incurred,month,cumulative,Synthetic,Portfolio,Auto,2025-08,1,538949.5677114128
decreciente,Loss Incurred,month,cumulative,Synthetic,Portfolio,Auto,2025-08,2,530255.4160076738
decreciente,Loss Incurred,month,cumulative,Synthetic,Portfolio,Auto,2025-08,3,522246.4573153551
decreciente,Loss Incurred,month,cumulative,Synthetic,Portfolio,Auto,2025-08,4,514868.6910281988
decreciente,Loss Incurred,month,cumulative,Synthetic,Portfolio,Auto,2025-09,0,552288.7092751036
decreciente,Loss Incurred,month,cumulative,Synthetic,Portfolio,Auto,2025-09,1,543520.428339752
decreciente,Loss Incurred,month,cumulative,Synthetic,Portfolio,Auto,2025-09,2,535337.3175166245
decreciente,Loss Incurred,month,cumulative,Synthetic,Portfolio,Auto,2025-09,3,527700.3242180169
decreciente,Loss Incurred,month,cumulative,Synthetic,Portfolio,Auto,2025-10,0,610169.1499057795
decreciente,Loss Incurred,month,cumulative,Synthetic,Portfolio,Auto,2025-10,1,599636.8056346002
decreciente,Loss Incurred,month,cumulative,Synthetic,Portfolio,Auto,2025-10,2,589835.4947668244
decreciente,Loss Incurred,month,cumulative,Synthetic,Portfolio,Auto,2025-11,0,630827.7734974674
decreciente,Loss Incurred,month,cumulative,Synthetic,Portfolio,Auto,2025-11,1,622811.9579304585
decreciente,Loss Incurred,month,cumulative,Synthetic,Portfolio,Auto,2025-12,0,559656.0014557907
