scenario,concept,basis,amount_type,level_1,level_2,level_3,accident_period,development_period,amount
mixto,Loss Incurred,month,cumulative,Synthetic,Portfolio,Auto,2016-01,0,203050.85659324296
mixto,Loss Incurred,month,cumulative,Synthetic,Portfolio,Auto,2016-01,1,224158.73362054993
mixto,Loss Incurred,month,cumulative,Synthetic,Portfolio,Auto,2016-01,2,242564.82518628743
mixto,Loss Incurred,month,cumulative,Synthetic,Portfolio,Auto,2016-01,3,258614.95691142647
mixto,Loss Incurred,month,cumulative,Synthetic,Portfolio,Auto,2016-01,4,272610.68911096867
mixto,Loss Incurred,month,cumulative,Synthetic,Portfolio,Auto,2016-01,5,284814.9827053009
mixto,Loss Incurred,month,cumulative,Synthetic,Portfolio,Auto,2016-01,6,295457.1399010159
mixto,Loss Incurred,month,cumulative,Synthetic,Portfolio,Auto,2016-01,7,304737.1124699244
mixto,Loss Incurred,month,cumulative,Synthetic,Portfolio,Auto,2016-01,8,312829.25857300666
mixto,Loss Incurred,month,cumulative,Synthetic,Portfolio,Auto,2016-01,9,319885.61871495604
mixto,Loss Incurred,month,cumulative,Synthetic,Portfolio,Auto,2016-01,10,326038.77238007914
mixto,Loss Incurred,month,cumulative,Synthetic,Portfolio,Auto,2016-01,11,331404.32902188593
mixto,Loss Incurred,month,cumulative,Synthetic,Portfolio,Auto,2016-01,12,336083.10020870325
mixto,Loss Incurred,month,cumulative,Synthetic,Portfolio,Auto,2016-01,13,340162.99373699527
mixto,Loss Incurred,month,cumulative,Synthetic,Portfolio,Auto,2016-01,14,343720.66530022514
mixto,Loss Incurred,month,cumulative,Synthetic,Portfolio,Auto,2016-01,15,346822.958745886
mixto,Loss Incurred,month,cumulative,Synthetic,Portfolio,Auto,2016-01,16,349528.1619811877
mixto,Loss Incurred,month,cumulative,Synthetic,Portfolio,Auto,2016-01,17,351887.10212417203
mixto,Loss Incurred,month,cumulative,Synthetic,Portfolio,Auto,2016-01,18,351023.81646355597
mixto,Loss Incurred,month,cumulative,Synthetic,Portfolio,Auto,2016-01,19,350160.11226989183
mixto,Loss Incurred,month,cumulative,Synthetic,Portfolio,Auto,2016-01,20,349306.02762891544
mixto,Loss Incurred,month,cumulative,Synthetic,Portfolio,Auto,2016-01,21,348469.4169868243
mixto,Loss Incurred,month,cumulative,Synthetic,Portfolio,Auto,2016-01,22,347656.3115587928
mixto,Loss Incurred,month,cumulative,Synthetic,Portfolio,Auto,2016-01,23,346871.2263227648
mixto,Loss Incurred,month,cumulative,Synthetic,Portfolio,Auto,2016-01,24,346117.4210911288
mixto,Loss Incurred,month,cumulative,Synthetic,Portfolio,Auto,2016-01,25,345397.1221348188
mixto,Loss Incurred,month,cumulative,Synthetic,Portfolio,Auto,2016-01,26,344711.70995195524
mixto,Loss Incurred,month,cumulative,Synthetic,Portfolio,Auto,2016-01,27,344061.8780084799
mixto,Loss Incurred,month,cumulative,Synthetic,Portfolio,Auto,2016-01,28,343447.7666158707
mixto,Loss Incurred,month,cumulative,Synthetic,Portfolio,Auto,2016-01,29,342869.0755374244
mixto,Loss Incurred,month,cumulative,Synthetic,Portfolio,Auto,2016-01,30,342325.1584180691
mixto,Loss Incurred,month,cumulative,Synthetic,Portfolio,Auto,2016-01,31,341815.1017030068
mixto,Loss Incurred,month,cumulative,Synthetic,Portfolio,Auto,2016-01,32,341337.79033884103
mixto,Loss Incurred,month,cumulative,Synthetic,Portfolio,Auto,2016-01,33,340891.96222951094
mixto,Loss Incurred,month,cumulative,Synthetic,Portfolio,Auto,2016-01,34,340476.2531416493
mixto,Loss Incurred,month,cumulative,Synthetic,Portfolio,Auto,2016-01,35,340089.23351409525
mixto,Loss Incurred,month,cumulative,Synthetic,Portfolio,Auto,2016-01,36,339729.43841918465
mixto,Loss Incurred,month,cumulative,Synthetic,Portfolio,Auto,2016-01,37,339395.3917447132
mixto,Loss Incurred,month,cumulative,Synthetic,Portfolio,Auto,2016-01,38,339085.62551134545
mixto,Loss Incurred,month,cumulative,Synthetic,Portfolio,Auto,2016-01,39,338798.69510738977
mixto,Loss Incurred,month,cumulative,Synthetic,Portfolio,Auto,2016-01,40,338533.1911084442
mixto,Loss Incurred,month,cumulative,Synthetic,Portfolio,Auto,2016-01,41,338287.7482509277
mixto,Loss Incurred,month,cumulative,Synthetic,Portfolio,Auto,2016-01,42,338061.05204380956
mixto,Loss Incurred,month,cumulative,Synthetic,Portfolio,Auto,2016-01,43,337851.8434300523
mixto,Loss Incurred,month,cumulative,Synthetic,Portfolio,Auto,2016-01,44,337658.9218467805
mixto,Loss Incurred,month,cumulative,Synthetic,Portfolio,Auto,2016-01,45,337481.14697957184
mixto,Loss Incurred,month,cumulative,Synthetic,Portfolio,Auto,2016-01,46,337317.4394603086
mixto,Loss Incurred,month,cumulative,Synthetic,Portfolio,Auto,2016-01,47,337166.78071870113
mixto,Loss Incurred,month,cumulative,Synthetic,Portfolio,Auto,2016-01,48,337028.2121639532
mixto,Loss Incurred,month,cumulative,Synthetic,Portfolio,Auto,2016-01,49,336900.83384432096
mixto,Loss Incurred,month,cumulative,Synthetic,Portfolio,Auto,2016-01,50,336783.8027078201
mixto,Loss Incurred,month,cumulative,Synthetic,Portfolio,Auto,2016-01,51,336676.33056648436
mixto,Loss Incurred,month,cumulative,Synthetic,Portfolio,Auto,2016-01,52,336577.68184884475
mixto,Loss Incurred,month,cumulative,Synthetic,Portfolio,Auto,2016-01,53,336487.171210256
mixto,Loss Incurred,month,cumulative,Synthetic,Portfolio,Auto,2016-01,54,336404.161057959
mixto,Loss Incurred,month,cumulative,Synthetic,Portfolio,Auto,2016-01,55,336328.05903700297
mixto,Loss Incurred,month,cumulative,Synthetic,Portfolio,Auto,2016-01,56,336258.3155140739
mixto,Loss Incurred,month,cumulative,Synthetic,Portfolio,Auto,2016-01,57,336194.4210886567
mixto,Loss Incurred,month,cumulative,Synthetic,Portfolio,Auto,2016-01,58,336135.904154561
mixto,Loss Incurred,month,cumulative,Synthetic,Portfolio,Auto,2016-01,59,336082.3285295076
mixto,Loss Incurred,month,cumulative,Synthetic,Portfolio,Auto,2016-01,60,336033.2911660348
mixto,Loss Incurred,month,cumulative,Synthetic,Portfolio,Auto,2016-01,61,335988.419953305
mixto,Loss Incurred,month,cumulative,Synthetic,Portfolio,Auto,2016-01,62,335947.3716163723
mixto,Loss Incurred,month,cumulative,Synthetic,Portfolio,Auto,2016-01,63,335909.82971698797
mixto,Loss Incurred,month,cumulative,Synthetic,Portfolio,Auto,2016-01,64,335875.5027580131
mixto,Loss Incurred,month,cumulative,Synthetic,Portfolio,Auto,2016-01,65,335844.1223918856
mixto,Loss Incurred,month,cumulative,Synthetic,Portfolio,Auto,2016-01,66,335815.4417322955
mixto,Loss Incurred,month,cumulative,Synthetic,Portfolio,Auto,2016-01,67,335789.23376721155
mixto,Loss Incurred,month,cumulative,Synthetic,Portfolio,Auto,2016-01,68,335765.2898706151
mixto,Loss Incurred,month,cumulative,Synthetic,Portfolio,Auto,2016-01,69,335743.4184097062
mixto,Loss Incurred,month,cumulative,Synthetic,Portfolio,Auto,2016-01,70,335723.4434439163
mixto,Loss Incurred,month,cumulative,Synthetic,Portfolio,Auto,2016-01,71,335705.2035117598
mixto,Loss Incurred,month,cumulative,Synthetic,Portfolio,Auto,2016-01,72,335688.5505013643
mixto,Loss Incurred,month,cumulative,Synthetic,Portfolio,Auto,2016-01,73,335673.3486004132
mixto,Loss Incurred,month,cumulative,Synthetic,Portfolio,Auto,2016-01,74,335659.4733212038
mixto,Loss Incurred,month,cumulative,Synthetic,Portfolio,Auto,2016-01,75,335646.81059654045
mixto,Loss Incurred,month,cumulative,Synthetic,Portfolio,Auto,2016-01,76,335635.25594225543
mixto,Loss Incurred,month,cumulative,Synthetic,Portfolio,Auto,2016-01,77,335624.71368224686
mixto,Loss Incurred,month,cumulative,Synthetic,Portfolio,Auto,2016-01,78,335615.0962320546
mixto,Loss Incurred,month,cumulative,Synthetic,Portfolio,Auto,2016-01,79,335606.32343714114
mixto,Loss Incurred,month,cumulative,Synthetic,Portfolio,Auto,2016-01,80,335598.3219622049
mixto,Loss Incurred,month,cumulative,Synthetic,Portfolio,Auto,2016-01,81,335591.0247280248
mixto,Loss Incurred,month,cumulative,Synthetic,Portfolio,Auto,2016-01,82,335584.37039251026
mixto,Loss Incurred,month,cumulative,Synthetic,Portfolio,Auto,2016-01,83,335578.30287280754
mixto,Loss Incurred,month,cumulative,Synthetic,Portfolio,Auto,2016-01,84,335572.7709054896
mixto,Loss Incurred,month,cumulative,Synthetic,Portfolio,Auto,2016-01,85,335567.7276420367
mixto,Loss Incurred,month,cumulative,Synthetic,Portfolio,Auto,2016-01,86,335563.1302769764
mixto,Loss Incurred,month,cumulative,Synthetic,Portfolio,Auto,2016-01,87,335558.9397062274
mixto,Loss Incurred,month,cumulative,Synthetic,Portfolio,Auto,2016-01,88,335555.1202133455
mixto,Loss Incurred,month,cumulative,Synthetic,Portfolio,Auto,2016-01,89,335551.6391815247
mixto,Loss Incurred,month,cumulative,Synthetic,Portfolio,Auto,2016-01,90,335548.4668293544
mixto,Loss Incurred,month,cumulative,Synthetic,Portfolio,Auto,2016-01,91,335545.57596847153
mixto,Loss Incurred,month,cumulative,Synthetic,Portfolio,Auto,2016-01,92,335542.94178137823
mixto,Loss Incurred,month,cumulative,Synthetic,Portfolio,Auto,2016-01,93,335540.5416178224
mixto,Loss Incurred,month,cumulative,Synthetic,Portfolio,Auto,2016-01,94,335538.35480825236
mixto,Loss Incurred,month,cumulative,Synthetic,Portfolio,Auto,2016-01,95,335536.36249297083
mixto,Loss Incurred,month,cumulative,Synthetic,Portfolio,Auto,2016-01,96,335534.5474657134
mixto,Loss Incurred,month,cumulative,Synthetic,Portfolio,Auto,2016-01,97,335532.8940304776
mixto,Loss Incurred,month,cumulative,Synthetic,Portfolio,Auto,2016-01,98,335531.38787051314
mixto,Loss Incurred,month,cumulative,Synthetic,Portfolio,Auto,2016-01,99,335530.0159284734
mixto,Loss Incurred,month,cumulative,Synthetic,Portfolio,Auto,2016-01,100,335528.7662968044
mixto,Loss Incurred,month,cumulative,Synthetic,Portfolio,Auto,2016-01,101,335527.62811751926
mixto,Loss Incurred,month,cumulative,Synthetic,Portfolio,Auto,2016-01,102,335526.5914905757
mixto,Loss Incurred,month,cumulative,Synthetic,Portfolio,Auto,2016-01,103,335525.6473901353
mixto,Loss Incurred,month,cumulative,Synthetic,Portfolio,Auto,2016-01,104,335524.78758804227
mixto,Loss Incurred,month,cumulative,Synthetic,Portfolio,Auto,2016-01,105,335524.00458391255
mixto,Loss Incurred,month,cumulative,Synthetic,Portfolio,Auto,2016-01,106,335523.2915412727
mixto,Loss Incurred,month,cumulative,Synthetic,Portfolio,Auto,2016-01,107,335522.6422292379
mixto,Loss Incurred,month,cumulative,Synthetic,Portfolio,Auto,2016-01,108,335522.05096925335
mixto,Loss Incurred,month,cumulative,Synthetic,Portfolio,Auto,2016-01,109,335521.5125864709
mixto,Loss Incurred,month,cumulative,Synthetic,Portfolio,Auto,2016-01,110,335521.0223653615
mixto,Loss Incurred,month,cumulative,Synthetic,Portfolio,Auto,2016-01,111,335520.57600920135
mixto,Loss Incurred,month,cumulative,Synthetic,Portfolio,Auto,2016-01,112,335520.1696030981
mixto,Loss Incurred,month,cumulative,Synthetic,Portfolio,Auto,2016-01,113,335519.79958025354
mixto,Loss Incurred,month,cumulative,Synthetic,Portfolio,Auto,2016-01,114,335519.4626911799
mixto,Loss Incurred,month,cumulative,Synthetic,Portfolio,Auto,2016-01,115,335519.15597561933
mixto,Loss Incurred,month,cumulative,Synthetic,Portfolio,Auto,2016-01,116,335518.87673692725
mixto,Loss Incurred,month,cumulative,Synthetic,Portfolio,Auto,2016-01,117,335518.6225187093
mixto,Loss Incurred,month,cumulative,Synthetic,Portfolio,Auto,2016-01,118,335518.391083513
mixto,Loss Incurred,month,cumulative,Synthetic,Portfolio,Auto,2016-01,119,335518.180393399
mixto,Loss Incurred,month,cumulative,Synthetic,Portfolio,Auto,2016-02,0,194226.23705964882
mixto,Loss Incurred,month,cumulative,Synthetic,Portfolio,Auto,2016-02,1,216930.54539847627
mixto,Loss Incurred,month,cumulative,Synthetic,Portfolio,Auto,2016-02,2,236350.7115335349
mixto,Loss Incurred,month,cumulative,Synthetic,Portfolio,Auto,2016-02,3,252961.7814276268
mixto,Loss Incurred,month,cumulative,Synthetic,Portfolio,Auto,2016-02,4,267170.0863982152
mixto,Loss Incurred,month,cumulative,Synthetic,Portfolio,Auto,2016-02,5,279323.18258192635
mixto,Loss Incurred,month,cumulative,Synthetic,Portfolio,Auto,2016-02,6,289718.35267127014
mixto,Loss Incurred,month,cumulative,Synthetic,Portfolio,Auto,2016-02,7,298609.87788862345
mixto,Loss Incurred,month,cumulative,Synthetic,Portfolio,Auto,2016-02,8,306215.25808070635
mixto,Loss Incurred,month,cumulative,Synthetic,Portfolio,Auto,2016-02,9,312720.532086255
mixto,Loss Incurred,month,cumulative,Synthetic,Portfolio,Auto,2016-02,10,318284.8285209447
mixto,Loss Incurred,month,cumulative,Synthetic,Portfolio,Auto,2016-02,11,323044.2582984901
mixto,Loss Incurred,month,cumulative,Synthetic,Portfolio,Auto,2016-02,12,327115.2441047395
mixto,Loss Incurred,month,cumulative,Synthetic,Portfolio,Auto,2016-02,13,330597.36826862016
mixto,Loss Incurred,month,cumulative,Synthetic,Portfolio,Auto,2016-02,14,333575.80869306676
mixto,Loss Incurred,month,cumulative,Synthetic,Portfolio,Auto,2016-02,15,336123.42243240325
mixto,Loss Incurred,month,cumulative,Synthetic,Portfolio,Auto,2016-02,16,338302.5278835596
mixto,Loss Incurred,month,cumulative,Synthetic,Portfolio,Auto,2016-02,17,340166.42918615486
mixto,Loss Incurred,month,cumulative,Synthetic,Portfolio,Auto,2016-02,18,341760.72012052574
mixto,Loss Incurred,month,cumulative,Synthetic,Portfolio,Auto,2016-02,19,343124.39939897147
mixto,Loss Incurred,month,cumulative,Synthetic,Portfolio,Auto,2016-02,20,344290.8246318891
mixto,Loss Incurred,month,cumulative,Synthetic,Portfolio,Auto,2016-02,21,341269.55783321435
mixto,Loss Incurred,month,cumulative,Synthetic,Portfolio,Auto,2016-02,22,338478.29100623337
mixto,Loss Incurred,month,cumulative,Synthetic,Portfolio,Auto,2016-02,23,335903.0364500768
mixto,Loss Incurred,month,cumulative,Synthetic,Portfolio,Auto,2016-02,24,333530.03394145914
mixto,Loss Incurred,month,cumulative,Synthetic,Portfolio,Auto,2016-02,25,331345.88508841733
mixto,Loss Incurred,month,cumulative,Synthetic,Portfolio,Auto,2016-02,26,329337.6526720269
mixto,Loss Incurred,month,cumulative,Synthetic,Portfolio,Auto,2016-02,27,327492.9314914204
mixto,Loss Incurred,month,cumulative,Synthetic,Portfolio,Auto,2016-02,28,325799.8961498688
mixto,Loss Incurred,month,cumulative,Synthetic,Portfolio,Auto,2016-02,29,324247.3303105763
mixto,Loss Incurred,month,cumulative,Synthetic,Portfolio,Auto,2016-02,30,322824.64118464413
mixto,Loss Incurred,month,cumulative,Synthetic,Portfolio,Auto,2016-02,31,321521.86236864555
mixto,Loss Incurred,month,cumulative,Synthetic,Portfolio,Auto,2016-02,32,320329.64760692243
mixto,Loss Incurred,month,cumulative,Synthetic,Portfolio,Auto,2016-02,33,319239.25759834866
mixto,Loss Incurred,month,cumulative,Synthetic,Portfolio,Auto,2016-02,34,318242.54158552206
mixto,Loss Incurred,month,cumulative,Synthetic,Portfolio,Auto,2016-02,35,317331.91514478944
mixto,Loss Incurred,month,cumulative,Synthetic,Portfolio,Auto,2016-02,36,316500.3353285276
mixto,Loss Incurred,month,cumulative,Synthetic,Portfolio,Auto,2016-02,37,315741.27408849244
mixto,Loss Incurred,month,cumulative,Synthetic,Portfolio,Auto,2016-02,38,315048.690723859
mixto,Loss Incurred,month,cumulative,Synthetic,Portfolio,Auto,2016-02,39,314417.0039439155
mixto,Loss Incurred,month,cumulative,Synthetic,Portfolio,Auto,2016-02,40,313841.0640082233
mixto,Loss Incurred,month,cumulative,Synthetic,Portfolio,Auto,2016-02,41,313316.12530219957
mixto,Loss Incurred,month,cumulative,Synthetic,Portfolio,Auto,2016-02,42,312837.81961991696
mixto,Loss Incurred,month,cumulative,Synthetic,Portfolio,Auto,2016-02,43,312402.13035542285
mixto,Loss Incurred,month,cumulative,Synthetic,Portfolio,Auto,2016-02,44,312005.3677464803
mixto,Loss Incurred,month,cumulative,Synthetic,Portfolio,Auto,2016-02,45,311644.14526818146
mixto,Loss Incurred,month,cumulative,Synthetic,Portfolio,Auto,2016-02,46,311315.35723653017
mixto,Loss Incurred,month,cumulative,Synthetic,Portfolio,Auto,2016-02,47,311016.15765230835
mixto,Loss Incurred,month,cumulative,Synthetic,Portfolio,Auto,2016-02,48,310743.9402920333
mixto,Loss Incurred,month,cumulative,Synthetic,Portfolio,Auto,2016-02,49,310496.32003448595
mixto,Loss Incurred,month,cumulative,Synthetic,Portfolio,Auto,2016-02,50,310271.11539722397
mixto,Loss Incurred,month,cumulative,Synthetic,Portfolio,Auto,2016-02,51,310066.33224693674
mixto,Loss Incurred,month,cumulative,Synthetic,Portfolio,Auto,2016-02,52,309880.14863979095
mixto,Loss Incurred,month,cumulative,Synthetic,Portfolio,Auto,2016-02,53,309710.9007425253
mixto,Loss Incurred,month,cumulative,Synthetic,Portfolio,Auto,2016-02,54,309557.069781544
mixto,Loss Incurred,month,cumulative,Synthetic,Portfolio,Auto,2016-02,55,309417.2699652365
mixto,Loss Incurred,month,cumulative,Synthetic,Portfolio,Auto,2016-02,56,309290.2373239305
mixto,Loss Incurred,month,cumulative,Synthetic,Portfolio,Auto,2016-02,57,309174.8194119883
mixto,Loss Incurred,month,cumulative,Synthetic,Portfolio,Auto,2016-02,58,309069.9658173929
mixto,Loss Incurred,month,cumulative,Synthetic,Portfolio,Auto,2016-02,59,308974.71942554833
mixto,Loss Incurred,month,cumulative,Synthetic,Portfolio,Auto,2016-02,60,308888.20838580996
mixto,Loss Incurred,month,cumulative,Synthetic,Portfolio,Auto,2016-02,61,308809.63873134094
mixto,Loss Incurred,month,cumulative,Synthetic,Portfolio,Auto,2016-02,62,308738.28760517074
mixto,Loss Incurred,month,cumulative,Synthetic,Portfolio,Auto,2016-02,63,308673.4970477373
mixto,Loss Incurred,month,cumulative,Synthetic,Portfolio,Auto,2016-02,64,308614.66830365884
mixto,Loss Incurred,month,cumulative,Synthetic,Portfolio,Auto,2016-02,65,308561.2566079654
mixto,Loss Incurred,month,cumulative,Synthetic,Portfolio,Auto,2016-02,66,308512.7664144813
mixto,Loss Incurred,month,cumulative,Synthetic,Portfolio,Auto,2016-02,67,308468.7470314627
mixto,Loss Incurred,month,cumulative,Synthetic,Portfolio,Auto,2016-02,68,308428.7886319345
mixto,Loss Incurred,month,cumulative,Synthetic,Portfolio,Auto,2016-02,69,308392.51860842516
mixto,Loss Incurred,month,cumulative,Synthetic,Portfolio,Auto,2016-02,70,308359.59824395785
mixto,Loss Incurred,month,cumulative,Synthetic,Portfolio,Auto,2016-02,71,308329.7196732035
mixto,Loss Incurred,month,cumulative,Synthetic,Portfolio,Auto,2016-02,72,308302.6031096511
mixto,Loss Incurred,month,cumulative,Synthetic,Portfolio,Auto,2016-02,73,308277.99431647855
mixto,Loss Incurred,month,cumulative,Synthetic,Portfolio,Auto,2016-02,74,308255.6623005315
mixto,Loss Incurred,month,cumulative,Synthetic,Portfolio,Auto,2016-02,75,308235.3972104311
mixto,Loss Incurred,month,cumulative,Synthetic,Portfolio,Auto,2016-02,76,308217.00842134096
mixto,Loss Incurred,month,cumulative,Synthetic,Portfolio,Auto,2016-02,77,308200.32279032096
mixto,Loss Incurred,month,cumulative,Synthetic,Portfolio,Auto,2016-02,78,308185.18306751235
mixto,Loss Incurred,month,cumulative,Synthetic,Portfolio,Auto,2016-02,79,308171.4464495998
mixto,Loss Incurred,month,cumulative,Synthetic,Portfolio,Auto,2016-02,80,308158.98326312593
mixto,Loss Incurred,month,cumulative,Synthetic,Portfolio,Auto,2016-02,81,308147.67576626857
mixto,Loss Incurred,month,cumulative,Synthetic,Portfolio,Auto,2016-02,82,308137.41705865035
mixto,Loss Incurred,month,cumulative,Synthetic,Portfolio,Auto,2016-02,83,308128.1100896355
mixto,Loss Incurred,month,cumulative,Synthetic,Portfolio,Auto,2016-02,84,308119.66675638105
mixto,Loss Incurred,month,cumulative,Synthetic,Portfolio,Auto,2016-02,85,308112.0070836625
mixto,Loss Incurred,month,cumulative,Synthetic,Portfolio,Auto,2016-02,86,308105.0584781776
mixto,Loss Incurred,month,cumulative,Synthetic,Portfolio,Auto,2016-02,87,308098.7550506702
mixto,Loss Incurred,month,cumulative,Synthetic,Portfolio,Auto,2016-02,88,308093.0369997933
mixto,Loss Incurred,month,cumulative,Synthetic,Portfolio,Auto,2016-02,89,308087.8500521615
mixto,Loss Incurred,month,cumulative,Synthetic,Portfolio,Auto,2016-02,90,308083.1449535347
mixto,Loss Incurred,month,cumulative,Synthetic,Portfolio,Auto,2016-02,91,308078.8770065171
mixto,Loss Incurred,month,cumulative,Synthetic,Portfolio,Auto,2016-02,92,308075.0056505655
mixto,Loss Incurred,month,cumulative,Synthetic,Portfolio,Auto,2016-02,93,308071.49408047623
mixto,Loss Incurred,month,cumulative,Synthetic,Portfolio,Auto,2016-02,94,308068.30889985664
mixto,Loss Incurred,month,cumulative,Synthetic,Portfolio,Auto,2016-02,95,308065.4198064051
mixto,Loss Incurred,month,cumulative,Synthetic,Portfolio,Auto,2016-02,96,308062.7993061013
mixto,Loss Incurred,month,cumulative,Synthetic,Portfolio,Auto,2016-02,97,308060.42245367524
mixto,Loss Incurred,month,cumulative,Synthetic,Portfolio,Auto,2016-02,98,308058.2666169545
mixto,Loss Incurred,month,cumulative,Synthetic,Portfolio,Auto,2016-02,99,308056.3112629095
mixto,Loss Incurred,month,cumulative,Synthetic,Portfolio,Auto,2016-02,100,308054.537763412
mixto,Loss Incurred,month,cumulative,Synthetic,Portfolio,Auto,2016-02,101,308052.9292189005
mixto,Loss Incurred,month,cumulative,Synthetic,Portfolio,Auto,2016-02,102,308051.47029831365
mixto,Loss Incurred,month,cumulative,Synthetic,Portfolio,Auto,2016-02,103,308050.1470937964
mixto,Loss Incurred,month,cumulative,Synthetic,Portfolio,Auto,2016-02,104,308048.9469888251
mixto,Loss Incurred,month,cumulative,Synthetic,Portfolio,Auto,2016-02,105,308047.8585385157
mixto,Loss Incurred,month,cumulative,Synthetic,Portfolio,Auto,2016-02,106,308046.87136099674
mixto,Loss Incurred,month,cumulative,Synthetic,Portfolio,Auto,2016-02,107,308045.9760388275
mixto,Loss Incurred,month,cumulative,Synthetic,Portfolio,Auto,2016-02,108,308045.16402953624
mixto,Loss Incurred,month,cumulative,Synthetic,Portfolio,Auto,2016-02,109,308044.4275844389
mixto,Loss Incurred,month,cumulative,Synthetic,Portfolio,Auto,2016-02,110,308043.7596749725
mixto,Loss Incurred,month,cumulative,Synthetic,Portfolio,Auto,2016-02,111,308043.153925853
mixto,Loss Incurred,month,cumulative,Synthetic,Portfolio,Auto,2016-02,112,308042.6045544244
mixto,Loss Incurred,month,cumulative,Synthetic,Portfolio,Auto,2016-02,113,308042.10631562915
mixto,Loss Incurred,month,cumulative,Synthetic,Portfolio,Auto,2016-02,114,308041.6544520801
mixto,Loss Incurred,month,cumulative,Synthetic,Portfolio,Auto,2016-02,115,308041.24464876135
mixto,Loss Incurred,month,cumulative,Synthetic,Portfolio,Auto,2016-02,116,308040.87299193116
mixto,Loss Incurred,month,cumulative,Synthetic,Portfolio,Auto,2016-02,117,308040.5359318375
mixto,Loss Incurred,month,cumulative,Synthetic,Portfolio,Auto,2016-02,118,308040.2302488928
mixto,Loss Incurred,month,cumulative,Synthetic,Portfolio,Auto,2016-03,0,252114.41113969736
mixto,Loss Incurred,month,cumulative,Synthetic,Portfolio,Auto,2016-03,1,282108.9780722721
mixto,Loss Incurred,month,cumulative,Synthetic,Portfolio,Auto,2016-03,2,307698.8954751534
mixto,Loss Incurred,month,cumulative,Synthetic,Portfolio,Auto,2016-03,3,329530.9784039827
mixto,Loss Incurred,month,cumulative,Synthetic,Portfolio,Auto,2016-03,4,348157.05825829314
mixto,Loss Incurred,month,cumulative,Synthetic,Portfolio,Auto,2016-03,5,364047.9309647644
mixto,Loss Incurred,month,cumulative,Synthetic,Portfolio,Auto,2016-03,6,377605.2568942371
mixto,Loss Incurred,month,cumulative,Synthetic,Portfolio,Auto,2016-03,7,389171.71329679235
mixto,Loss Incurred,month,cumulative,Synthetic,Portfolio,Auto,2016-03,8,399039.6558695512
mixto,Loss Incurred,month,cumulative,Synthetic,Portfolio,Auto,2016-03,9,407458.50838843954
mixto,Loss Incurred,month,cumulative,Synthetic,Portfolio,Auto,2016-03,10,414641.0671854936
mixto,Loss Incurred,month,cumulative,Synthetic,Portfolio,Auto,2016-03,11,420768.8798247334
mixto,Loss Incurred,month,cumulative,Synthetic,Portfolio,Auto,2016-03,12,425996.83392892085
mixto,Loss Incurred,month,cumulative,Synthetic,Portfolio,Auto,2016-03,13,430457.0721451599
mixto,Loss Incurred,month,cumulative,Synthetic,Portfolio,Auto,2016-03,14,434262.3322046668
mixto,Loss Incurred,month,cumulative,Synthetic,Portfolio,Auto,2016-03,15,437508.79650062276
mixto,Loss Incurred,month,cumulative,Synthetic,Portfolio,Auto,2016-03,16,440278.52321051876
mixto,Loss Incurred,month,cumulative,Synthetic,Portfolio,Auto,2016-03,17,442641.5204124493
mixto,Loss Incurred,month,cumulative,Synthetic,Portfolio,Auto,2016-03,18,444657.5156210673
mixto,Loss Incurred,month,cumulative,Synthetic,Portfolio,Auto,2016-03,19,442990.4420694261
mixto,Loss Incurred,month,cumulative,Synthetic,Portfolio,Auto,2016-03,20,441339.7501573419
mixto,Loss Incurred,month,cumulative,Synthetic,Portfolio,Auto,2016-03,21,439721.17282117606
mixto,Loss Incurred,month,cumulative,Synthetic,Portfolio,Auto,2016-03,22,438146.6923158265
mixto,Loss Incurred,month,cumulative,Synthetic,Portfolio,Auto,2016-03,23,436625.20536774804
mixto,Loss Incurred,month,cumulative,Synthetic,Portfolio,Auto,2016-03,24,435163.081569483
mixto,Loss Incurred,month,cumulative,Synthetic,Portfolio,Auto,2016-03,25,433764.63141416776
mixto,Loss Incurred,month,cumulative,Synthetic,Portfolio,Auto,2016-03,26,432432.4979031296
mixto,Loss Incurred,month,cumulative,Synthetic,Portfolio,Auto,2016-03,27,431167.9835609149
mixto,Loss Incurred,month,cumulative,Synthetic,Portfolio,Auto,2016-03,28,429971.32290570886
mixto,Loss Incurred,month,cumulative,Synthetic,Portfolio,Auto,2016-03,29,428841.90890289773
mixto,Loss Incurred,month,cumulative,Synthetic,Portfolio,Auto,2016-03,30,427778.4806361132
mixto,Loss Incurred,month,cumulative,Synthetic,Portfolio,Auto,2016-03,31,426779.27832988143
mixto,Loss Incurred,month,cumulative,Synthetic,Portfolio,Auto,2016-03,32,425842.17092235683
mixto,Loss Incurred,month,cumulative,Synthetic,Portfolio,Auto,2016-03,33,424964.7605911433
mixto,Loss Incurred,month,cumulative,Synthetic,Portfolio,Auto,2016-03,34,424144.4679590901
mixto,Loss Incurred,month,cumulative,Synthetic,Portfolio,Auto,2016-03,35,423378.6011324651
mixto,Loss Incurred,month,cumulative,Synthetic,Portfolio,Auto,2016-03,36,422664.41123595263
mixto,Loss Incurred,month,cumulative,Synthetic,Portfolio,Auto,2016-03,37,421999.13669459766
mixto,Loss Incurred,month,cumulative,Synthetic,Portfolio,Auto,2016-03,38,421380.03816117876
mixto,Loss Incurred,month,cumulative,Synthetic,Portfolio,Auto,2016-03,39,420804.4256891683
mixto,Loss Incurred,month,cumulative,Synthetic,Portfolio,Auto,2016-03,40,420269.67949847685
mixto,Loss Incurred,month,cumulative,Synthetic,Portfolio,Auto,2016-03,41,419773.26546678913
mixto,Loss Incurred,month,cumulative,Synthetic,Portfolio,Auto,2016-03,42,419312.74629770836
mixto,Loss Incurred,month,cumulative,Synthetic,Portfolio,Auto,2016-03,43,418885.7891632157
mixto,Loss Incurred,month,cumulative,Synthetic,Portfolio,Auto,2016-03,44,418490.17048791714
mixto,Loss Incurred,month,cumulative,Synthetic,Portfolio,Auto,2016-03,45,418123.77843264653
mixto,Loss Incurred,month,cumulative,Synthetic,Portfolio,Auto,2016-03,46,417784.61354217294
mixto,Loss Incurred,month,cumulative,Synthetic,Portfolio,Auto,2016-03,47,417470.7879434274
mixto,Loss Incurred,month,cumulative,Synthetic,Portfolio,Auto,2016-03,48,417180.52341465256
mixto,Loss Incurred,month,cumulative,Synthetic,Portfolio,Auto,2016-03,49,416912.14859028294
mixto,Loss Incurred,month,cumulative,Synthetic,Portfolio,Auto,2016-03,50,416664.0955196162
mixto,Loss Incurred,month,cumulative,Synthetic,Portfolio,Auto,2016-03,51,416434.8957580771
mixto,Loss Incurred,month,cumulative,Synthetic,Portfolio,Auto,2016-03,52,416223.17613695626
mixto,Loss Incurred,month,cumulative,Synthetic,Portfolio,Auto,2016-03,53,416027.65432994853
mixto,Loss Incurred,month,cumulative,Synthetic,Portfolio,Auto,2016-03,54,415847.13431179576
mixto,Loss Incurred,month,cumulative,Synthetic,Portfolio,Auto,2016-03,55,415680.5017851419
mixto,Loss Incurred,month,cumulative,Synthetic,Portfolio,Auto,2016-03,56,415526.7196357491
mixto,Loss Incurred,month,cumulative,Synthetic,Portfolio,Auto,2016-03,57,415384.8234629845
mixto,Loss Incurred,month,cumulative,Synthetic,Portfolio,Auto,2016-03,58,415253.91722154245
mixto,Loss Incurred,month,cumulative,Synthetic,Portfolio,Auto,2016-03,59,415133.16900135344
mixto,Loss Incurred,month,cumulative,Synthetic,Portfolio,Auto,2016-03,60,415021.8069652335
mixto,Loss Incurred,month,cumulative,Synthetic,Portfolio,Auto,2016-03,61,414919.11545779684
mixto,Loss Incurred,month,cumulative,Synthetic,Portfolio,Auto,2016-03,62,414824.4312942496
mixto,Loss Incurred,month,cumulative,Synthetic,Portfolio,Auto,2016-03,63,414737.14023374004
mixto,Loss Incurred,month,cumulative,Synthetic,Portfolio,Auto,2016-03,64,414656.6736387853
mixto,Loss Incurred,month,cumulative,Synthetic,Portfolio,Auto,2016-03,65,414582.5053197943
mixto,Loss Incurred,month,cumulative,Synthetic,Portfolio,Auto,2016-03,66,414514.1485617648
mixto,Loss Incurred,month,cumulative,Synthetic,Portfolio,Auto,2016-03,67,414451.15332872875
mixto,Loss Incurred,month,cumulative,Synthetic,Portfolio,Auto,2016-03,68,414393.10364040436
mixto,Loss Incurred,month,cumulative,Synthetic,Portfolio,Auto,2016-03,69,414339.6151146862
mixto,Loss Incurred,month,cumulative,Synthetic,Portfolio,Auto,2016-03,70,414290.3326690456
mixto,Loss Incurred,month,cumulative,Synthetic,Portfolio,Auto,2016-03,71,414244.9283735414
mixto,Loss Incurred,month,cumulative,Synthetic,Portfolio,Auto,2016-03,72,414203.09944794234
mixto,Loss Incurred,month,cumulative,Synthetic,Portfolio,Auto,2016-03,73,414164.5663953913
mixto,Loss Incurred,month,cumulative,Synthetic,Portfolio,Auto,2016-03,74,414129.07126507204
mixto,Loss Incurred,month,cumulative,Synthetic,Portfolio,Auto,2016-03,75,414096.3760364549
mixto,Loss Incurred,month,cumulative,Synthetic,Portfolio,Auto,2016-03,76,414066.2611178719
mixto,Loss Incurred,month,cumulative,Synthetic,Portfolio,Auto,2016-03,77,414038.52395239385
mixto,Loss Incurred,month,cumulative,Synthetic,Portfolio,Auto,2016-03,78,414012.977724241
mixto,Loss Incurred,month,cumulative,Synthetic,Portfolio,Auto,2016-03,79,413989.45015923644
mixto,Loss Incurred,month,cumulative,Synthetic,Portfolio,Auto,2016-03,80,413967.782413109
mixto,Loss Incurred,month,cumulative,Synthetic,Portfolio,Auto,2016-03,81,413947.82804175746
mixto,Loss Incurred,month,cumulative,Synthetic,Portfolio,Auto,2016-03,82,413929.4520478948
mixto,Loss Incurred,month,cumulative,Synthetic,Portfolio,Auto,2016-03,83,413912.52999879804
mixto,Loss Incurred,month,cumulative,Synthetic,Portfolio,Auto,2016-03,84,413896.9472101932
mixto,Loss Incurred,month,cumulative,Synthetic,Portfolio,Auto,2016-03,85,413882.5979916003
mixto,Loss Incurred,month,cumulative,Synthetic,Portfolio,Auto,2016-03,86,413869.38494874776
mixto,Loss Incurred,month,cumulative,Synthetic,Portfolio,Auto,2016-03,87,413857.2183389443
mixto,Loss Incurred,month,cumulative,Synthetic,Portfolio,Auto,2016-03,88,413846.0154755623
mixto,Loss Incurred,month,cumulative,Synthetic,Portfolio,Auto,2016-03,89,413835.7001780357
mixto,Loss Incurred,month,cumulative,Synthetic,Portfolio,Auto,2016-03,90,413826.20226401894
mixto,Loss Incurred,month,cumulative,Synthetic,Portfolio,Auto,2016-03,91,413817.45708058414
mixto,Loss Incurred,month,cumulative,Synthetic,Portfolio,Auto,2016-03,92,413809.40507154027
mixto,Loss Incurred,month,cumulative,Synthetic,Portfolio,Auto,2016-03,93,413801.99137817457
mixto,Loss Incurred,month,cumulative,Synthetic,Portfolio,Auto,2016-03,94,413795.16547089367
mixto,Loss Incurred,month,cumulative,Synthetic,Portfolio,Auto,2016-03,95,413788.88080943364
mixto,Loss Incurred,month,cumulative,Synthetic,Portfolio,Auto,2016-03,96,413783.09452946734
mixto,Loss Incurred,month,cumulative,Synthetic,Portfolio,Auto,2016-03,97,413777.7671535998
mixto,Loss Incurred,month,cumulative,Synthetic,Portfolio,Auto,2016-03,98,413772.8623248884
mixto,Loss Incurred,month,cumulative,Synthetic,Portfolio,Auto,2016-03,99,413768.3465611618
mixto,Loss Incurred,month,cumulative,Synthetic,Portfolio,Auto,2016-03,100,413764.18902853737
mixto,Loss Incurred,month,cumulative,Synthetic,Portfolio,Auto,2016-03,101,413760.36133266037
mixto,Loss Incurred,month,cumulative,Synthetic,Portfolio,Auto,2016-03,102,413756.83732629515
mixto,Loss Incurred,month,cumulative,Synthetic,Portfolio,Auto,2016-03,103,413753.59293200227
mixto,Loss Incurred,month,cumulative,Synthetic,Portfolio,Auto,2016-03,104,413750.6059787343
mixto,Loss Incurred,month,cumulative,Synthetic,Portfolio,Auto,2016-03,105,413747.8560512656
mixto,Loss Incurred,month,cumulative,Synthetic,Portfolio,Auto,2016-03,106,413745.3243514599
mixto,Loss Incurred,month,cumulative,Synthetic,Portfolio,Auto,2016-03,107,413742.9935704531
mixto,Loss Incurred,month,cumulative,Synthetic,Portfolio,Auto,2016-03,108,413740.84777089854
mixto,Loss Incurred,month,cumulative,Synthetic,Portfolio,Auto,2016-03,109,413738.87227848853
mixto,Loss Incurred,month,cumulative,Synthetic,Portfolio,Auto,2016-03,110,413737.05358202755
mixto,Loss Incurred,month,cumulative,Synthetic,Portfolio,Auto,2016-03,111,413735.37924138433
mixto,Loss Incurred,month,cumulative,Synthetic,Portfolio,Auto,2016-03,112,413733.8378027114
mixto,Loss Incurred,month,cumulative,Synthetic,Portfolio,Auto,2016-03,113,413732.41872035235
mixto,Loss Incurred,month,cumulative,Synthetic,Portfolio,Auto,2016-03,114,413731.1122849212
mixto,Loss Incurred,month,cumulative,Synthetic,Portfolio,Auto,2016-03,115,413729.90955706185
mixto,Loss Incurred,month,cumulative,Synthetic,Portfolio,Auto,2016-03,116,413728.8023064436
mixto,Loss Incurred,month,cumulative,Synthetic,Portfolio,Auto,2016-03,117,413727.7829555806
mixto,Loss Incurred,month,cumulative,Synthetic,Portfolio,Auto,2016-04,0,224324.2744261429
mixto,Loss Incurred,month,cumulative,Synthetic,Portfolio,Auto,2016-04,1,250498.91375772154
mixto,Loss Incurred,month,cumulative,Synthetic,Portfolio,Auto,2016-04,2,272826.70069302164
mixto,Loss Incurred,month,cumulative,Synthetic,Portfolio,Auto,2016-04,3,291873.002080896
mixto,Loss Incurred,month,cumulative,Synthetic,Portfolio,Auto,2016-04,4,308120.09354629426
mixto,Loss Incurred,month,cumulative,Synthetic,Portfolio,Auto,2016-04,5,321979.37129840784
mixto,Loss Incurred,month,cumulative,Synthetic,Portfolio,Auto,2016-04,6,333801.7691853961
mixto,Loss Incurred,month,cumulative,Synthetic,Portfolio,Auto,2016-04,7,343886.64476824895
mixto,Loss Incurred,month,cumulative,Synthetic,Portfolio,Auto,2016-04,8,352489.3594200335
mixto,Loss Incurred,month,cumulative,Synthetic,Portfolio,Auto,2016-04,9,359827.7443879017
mixto,Loss Incurred,month,cumulative,Synthetic,Portfolio,Auto,2016-04,10,366087.61654644925
mixto,Loss Incurred,month,cumulative,Synthetic,Portfolio,Auto,2016-04,11,371427.48350804055
mixto,Loss Incurred,month,cumulative,Synthetic,Portfolio,Auto,2016-04,12,375982.5572292442
mixto,Loss Incurred,month,cumulative,Synthetic,Portfolio,Auto,2016-04,13,379868.1777427967
mixto,Loss Incurred,month,cumulative,Synthetic,Portfolio,Auto,2016-04,14,383182.7337081721
mixto,Loss Incurred,month,cumulative,Synthetic,Portfolio,Auto,2016-04,15,386010.15373266663
mixto,Loss Incurred,month,cumulative,Synthetic,Portfolio,Auto,2016-04,16,388422.03154629335
mixto,Loss Incurred,month,cumulative,Synthetic,Portfolio,Auto,2016-04,17,390479.4388425102
mixto,Loss Incurred,month,cumulative,Synthetic,Portfolio,Auto,2016-04,18,392234.4716881258
mixto,Loss Incurred,month,cumulative,Synthetic,Portfolio,Auto,2016-04,19,390681.9265324269
mixto,Loss Incurred,month,cumulative,Synthetic,Portfolio,Auto,2016-04,20,389180.50342321384
mixto,Loss Incurred,month,cumulative,Synthetic,Portfolio,Auto,2016-04,21,387738.4311238066
mixto,Loss Incurred,month,cumulative,Synthetic,Portfolio,Auto,2016-04,22,386361.3293717839
mixto,Loss Incurred,month,cumulative,Synthetic,Portfolio,Auto,2016-04,23,385052.71676961955
mixto,Loss Incurred,month,cumulative,Synthetic,Portfolio,Auto,2016-04,24,383814.4329666487
mixto,Loss Incurred,month,cumulative,Synthetic,Portfolio,Auto,2016-04,25,382646.98871263076
mixto,Loss Incurred,month,cumulative,Synthetic,Portfolio,Auto,2016-04,26,381549.85527983104
mixto,Loss Incurred,month,cumulative,Synthetic,Portfolio,Auto,2016-04,27,380521.7029811667
mixto,Loss Incurred,month,cumulative,Synthetic,Portfolio,Auto,2016-04,28,379560.59700970753
mixto,Loss Incurred,month,cumulative,Synthetic,Portfolio,Auto,2016-04,29,378664.1575498142
mixto,Loss Incurred,month,cumulative,Synthetic,Portfolio,Auto,2016-04,30,377829.690028452
mixto,Loss Incurred,month,cumulative,Synthetic,Portfolio,Auto,2016-04,31,377054.2904578157
mixto,Loss Incurred,month,cumulative,Synthetic,Portfolio,Auto,2016-04,32,376334.9300427122
mixto,Loss Incurred,month,cumulative,Synthetic,Portfolio,Auto,2016-04,33,375668.52256720007
mixto,Loss Incurred,month,cumulative,Synthetic,Portfolio,Auto,2016-04,34,375051.977516935
mixto,Loss Incurred,month,cumulative,Synthetic,Portfolio,Auto,2016-04,35,374482.24142133386
mixto,Loss Incurred,month,cumulative,Synthetic,Portfolio,Auto,2016-04,36,373956.32950010453
mixto,Loss Incurred,month,cumulative,Synthetic,Portfolio,Auto,2016-04,37,373471.3493609263
mixto,Loss Incurred,month,cumulative,Synthetic,Portfolio,Auto,2016-04,38,373024.5182097238
mixto,Loss Incurred,month,cumulative,Synthetic,Portfolio,Auto,2016-04,39,372613.1747941234
mixto,Loss Incurred,month,cumulative,Synthetic,Portfolio,Auto,2016-04,40,372234.78709753987
mixto,Loss Incurred,month,cumulative,Synthetic,Portfolio,Auto,2016-04,41,371886.95663016755
mixto,Loss Incurred,month,cumulative,Synthetic,Portfolio,Auto,2016-04,42,371567.4200190608
mixto,Loss Incurred,month,cumulative,Synthetic,Portfolio,Auto,2016-04,43,371274.0484783203
mixto,Loss Incurred,month,cumulative,Synthetic,Portfolio,Auto,2016-04,44,371004.8456386521
mixto,Loss Incurred,month,cumulative,Synthetic,Portfolio,Auto,2016-04,45,370757.94413021195
mixto,Loss Incurred,month,cumulative,Synthetic,Portfolio,Auto,2016-04,46,370531.60124117305
mixto,Loss Incurred,month,cumulative,Synthetic,Portfolio,Auto,2016-04,47,370324.1939146878
mixto,Loss Incurred,month,cumulative,Synthetic,Portfolio,Auto,2016-04,48,370134.2132970342
mixto,Loss Incurred,month,cumulative,Synthetic,Portfolio,Auto,2016-04,49,369960.2590081893
mixto,Loss Incurred,month,cumulative,Synthetic,Portfolio,Auto,2016-04,50,369801.03327154455
mixto,Loss Incurred,month,cumulative,Synthetic,Portfolio,Auto,2016-04,51,369655.33501085493
mixto,Loss Incurred,month,cumulative,Synthetic,Portfolio,Auto,2016-04,52,369522.05399886204
mixto,Loss Incurred,month,cumulative,Synthetic,Portfolio,Auto,2016-04,53,369400.16512253473
mixto,Loss Incurred,month,cumulative,Synthetic,Portfolio,Auto,2016-04,54,369288.72281388426
mixto,Loss Incurred,month,cumulative,Synthetic,Portfolio,Auto,2016-04,55,369186.8556822337
mixto,Loss Incurred,month,cumulative,Synthetic,Portfolio,Auto,2016-04,56,369093.7613731964
mixto,Loss Incurred,month,cumulative,Synthetic,Portfolio,Auto,2016-04,57,369008.70167102956
mixto,Loss Incurred,month,cumulative,Synthetic,Portfolio,Auto,2016-04,58,368930.9978541328
mixto,Loss Incurred,month,cumulative,Synthetic,Portfolio,Auto,2016-04,59,368860.02630798024
mixto,Loss Incurred,month,cumulative,Synthetic,Portfolio,Auto,2016-04,60,368795.2143954517
mixto,Loss Incurred,month,cumulative,Synthetic,Portfolio,Auto,2016-04,61,368736.0365811758
mixto,Loss Incurred,month,cumulative,Synthetic,Portfolio,Auto,2016-04,62,368682.0108039308
mixto,Loss Incurred,month,cumulative,Synthetic,Portfolio,Auto,2016-04,63,368632.69508923526
mixto,Loss Incurred,month,cumulative,Synthetic,Portfolio,Auto,2016-04,64,368587.68439287675
mixto,Loss Incurred,month,cumulative,Synthetic,Portfolio,Auto,2016-04,65,368546.6076651663
mixto,Loss Incurred,month,cumulative,Synthetic,Portfolio,Auto,2016-04,66,368509.1251251025
mixto,Loss Incurred,month,cumulative,Synthetic,Portfolio,Auto,2016-04,67,368474.92573329184
mixto,Loss Incurred,month,cumulative,Synthetic,Portfolio,Auto,2016-04,68,368443.7248523634
mixto,Loss Incurred,month,cumulative,Synthetic,Portfolio,Auto,2016-04,69,368415.2620836719
mixto,Loss Incurred,month,cumulative,Synthetic,Portfolio,Auto,2016-04,70,368389.2992692791
mixto,Loss Incurred,month,cumulative,Synthetic,Portfolio,Auto,2016-04,71,368365.6186484959
mixto,Loss Incurred,month,cumulative,Synthetic,Portfolio,Auto,2016-04,72,368344.02115863527
mixto,Loss Incurred,month,cumulative,Synthetic,Portfolio,Auto,2016-04,73,368324.324870049
mixto,Loss Incurred,month,cumulative,Synthetic,Portfolio,Auto,2016-04,74,368306.3635459774
mixto,Loss Incurred,month,cumulative,Synthetic,Portfolio,Auto,2016-04,75,368289.98531822074
mixto,Loss Incurred,month,cumulative,Synthetic,Portfolio,Auto,2016-04,76,368275.05147013156
mixto,Loss Incurred,month,cumulative,Synthetic,Portfolio,Auto,2016-04,77,368261.43531891797
mixto,Loss Incurred,month,cumulative,Synthetic,Portfolio,Auto,2016-04,78,368249.0211897353
mixto,Loss Incurred,month,cumulative,Synthetic,Portfolio,Auto,2016-04,79,368237.70347451937
mixto,Loss Incurred,month,cumulative,Synthetic,Portfolio,Auto,2016-04,80,368227.3857689814
mixto,Loss Incurred,month,cumulative,Synthetic,Portfolio,Auto,2016-04,81,368217.98008162173
mixto,Loss Incurred,month,cumulative,Synthetic,Portfolio,Auto,2016-04,82,368209.40610905434
mixto,Loss Incurred,month,cumulative,Synthetic,Portfolio,Auto,2016-04,83,368201.59057233756
mixto,Loss Incurred,month,cumulative,Synthetic,Portfolio,Auto,2016-04,84,368194.46660938783
mixto,Loss Incurred,month,cumulative,Synthetic,Portfolio,Auto,2016-04,85,368187.9732189208
mixto,Loss Incurred,month,cumulative,Synthetic,Portfolio,Auto,2016-04,86,368182.05475170666
mixto,Loss Incurred,month,cumulative,Synthetic,Portfolio,Auto,2016-04,87,368176.66044524265
mixto,Loss Incurred,month,cumulative,Synthetic,Portfolio,Auto,2016-04,88,368171.7439982514
mixto,Loss Incurred,month,cumulative,Synthetic,Portfolio,Auto,2016-04,89,368167.26318169036
mixto,Loss Incurred,month,cumulative,Synthetic,Portfolio,Auto,2016-04,90,368163.17948322126
mixto,Loss Incurred,month,cumulative,Synthetic,Portfolio,Auto,2016-04,91,368159.4577823286
mixto,Loss Incurred,month,cumulative,Synthetic,Portfolio,Auto,2016-04,92,368156.06605350465
mixto,Loss Incurred,month,cumulative,Synthetic,Portfolio,Auto,2016-04,93,368152.9750951261
mixto,Loss Incurred,month,cumulative,Synthetic,Portfolio,Auto,2016-04,94,368150.1582818395
mixto,Loss Incurred,month,cumulative,Synthetic,Portfolio,Auto,2016-04,95,368147.59133845347
mixto,Loss Incurred,month,cumulative,Synthetic,Portfolio,Auto,2016-04,96,368145.2521335022
mixto,Loss Incurred,month,cumulative,Synthetic,Portfolio,Auto,2016-04,97,368143.1204907911
mixto,Loss Incurred,month,cumulative,Synthetic,Portfolio,Auto,2016-04,98,368141.17801738426
mixto,Loss Incurred,month,cumulative,Synthetic,Portfolio,Auto,2016-04,99,368139.40794661536
mixto,Loss Incurred,month,cumulative,Synthetic,Portfolio,Auto,2016-04,100,368137.79499482724
mixto,Loss Incurred,month,cumulative,Synthetic,Portfolio,Auto,2016-04,101,368136.3252306531
mixto,Loss Incurred,month,cumulative,Synthetic,Portfolio,Auto,2016-04,102,368134.9859557526
mixto,Loss Incurred,month,cumulative,Synthetic,Portfolio,Auto,2016-04,103,368133.7655960096
mixto,Loss Incurred,month,cumulative,Synthetic,Portfolio,Auto,2016-04,104,368132.6536022821
mixto,Loss Incurred,month,cumulative,Synthetic,Portfolio,Auto,2016-04,105,368131.64035987173
mixto,Loss Incurred,month,cumulative,Synthetic,Portfolio,Auto,2016-04,106,368130.71710595593
mixto,Loss Incurred,month,cumulative,Synthetic,Portfolio,Auto,2016-04,107,368129.87585428375
mixto,Loss Incurred,month,cumulative,Synthetic,Portfolio,Auto,2016-04,108,368129.109326504
mixto,Loss Incurred,month,cumulative,Synthetic,Portfolio,Auto,2016-04,109,368128.41088954406
mixto,Loss Incurred,month,cumulative,Synthetic,Portfolio,Auto,2016-04,110,368127.7744985085
mixto,Loss Incurred,month,cumulative,Synthetic,Portfolio,Auto,2016-04,111,368127.19464461604
mixto,Loss Incurred,month,cumulative,Synthetic,Portfolio,Auto,2016-04,112,368126.6663077305
mixto,Loss Incurred,month,cumulative,Synthetic,Portfolio,Auto,2016-04,113,368126.18491308374
mixto,Loss Incurred,month,cumulative,Synthetic,Portfolio,Auto,2016-04,114,368125.7462918212
mixto,Loss Incurred,month,cumulative,Synthetic,Portfolio,Auto,2016-04,115,368125.34664503403
mixto,Loss Incurred,month,cumulative,Synthetic,Portfolio,Auto,2016-04,116,368124.9825109723
mixto,Loss Incurred,month,cumulative,Synthetic,Portfolio,Auto,2016-05,0,179299.92088478096
mixto,Loss Incurred,month,cumulative,Synthetic,Portfolio,Auto,2016-05,1,200059.9294390191
mixto,Loss Incurred,month,cumulative,Synthetic,Portfolio,Auto,2016-05,2,217930.00375707512
mixto,Loss Incurred,month,cumulative,Synthetic,Portfolio,Auto,2016-05,3,233312.44231910806
mixto,Loss Incurred,month,cumulative,Synthetic,Portfolio,Auto,2016-05,4,246553.54092358542
mixto,Loss Incurred,month,cumulative,Synthetic,Portfolio,Auto,2016-05,5,257951.38864106202
mixto,Loss Incurred,month,cumulative,Synthetic,Portfolio,Auto,2016-05,6,267762.5785182267
mixto,Loss Incurred,month,cumulative,Synthetic,Portfolio,Auto,2016-05,7,276207.98410635197
mixto,Loss Incurred,month,cumulative,Synthetic,Portfolio,Auto,2016-05,8,283477.73185773793
mixto,Loss Incurred,month,cumulative,Synthetic,Portfolio,Auto,2016-05,9,289735.4813307874
mixto,Loss Incurred,month,cumulative,Synthetic,Portfolio,Auto,2016-05,10,295122.10956145555
mixto,Loss Incurred,month,cumulative,Synthetic,Portfolio,Auto,2016-05,11,299758.88254516065
mixto,Loss Incurred,month,cumulative,Synthetic,Portfolio,Auto,2016-05,12,303750.1852268664
mixto,Loss Incurred,month,cumulative,Synthetic,Portfolio,Auto,2016-05,13,307185.8714579965
mixto,Loss Incurred,month,cumulative,Synthetic,Portfolio,Auto,2016-05,14,310143.28682338085
mixto,Loss Incurred,month,cumulative,Synthetic,Portfolio,Auto,2016-05,15,312689.00987694826
mixto,Loss Incurred,month,cumulative,Synthetic,Portfolio,Auto,2016-05,16,314880.3509855795
mixto,Loss Incurred,month,cumulative,Synthetic,Portfolio,Auto,2016-05,17,316766.6425237137
mixto,Loss Incurred,month,cumulative,Synthetic,Portfolio,Auto,2016-05,18,315253.47412298934
mixto,Loss Incurred,month,cumulative,Synthetic,Portfolio,Auto,2016-05,19,313785.44452793873
mixto,Loss Incurred,month,cumulative,Synthetic,Portfolio,Auto,2016-05,20,312370.57728810306
mixto,Loss Incurred,month,cumulative,Synthetic,Portfolio,Auto,2016-05,21,311014.542224308
mixto,Loss Incurred,month,cumulative,Synthetic,Portfolio,Auto,2016-05,22,309721.08999957825
mixto,Loss Incurred,month,cumulative,Synthetic,Portfolio,Auto,2016-05,23,308492.4169523947
mixto,Loss Incurred,month,cumulative,Synthetic,Portfolio,Auto,2016-05,24,307329.47069921804
mixto,Loss Incurred,month,cumulative,Synthetic,Portfolio,Auto,2016-05,25,306232.205481504
mixto,Loss Incurred,month,cumulative,Synthetic,Portfolio,Auto,2016-05,26,305199.7949199229
mixto,Loss Incurred,month,cumulative,Synthetic,Portfolio,Auto,2016-05,27,304230.80871415196
mixto,Loss Incurred,month,cumulative,Synthetic,Portfolio,Auto,2016-05,28,303323.3588637663
mixto,Loss Incurred,month,cumulative,Synthetic,Portfolio,Auto,2016-05,29,302475.2201614937
mixto,Loss Incurred,month,cumulative,Synthetic,Portfolio,Auto,2016-05,30,301683.92900474236
mixto,Loss Incurred,month,cumulative,Synthetic,Portfolio,Auto,2016-05,31,300946.8639679425
mixto,Loss Incurred,month,cumulative,Synthetic,Portfolio,Auto,2016-05,32,300261.3110623402
mixto,Loss Incurred,month,cumulative,Synthetic,Portfolio,Auto,2016-05,33,299624.51616896427
mixto,Loss Incurred,month,cumulative,Synthetic,Portfolio,Auto,2016-05,34,299033.7267538462
mixto,Loss Incurred,month,cumulative,Synthetic,Portfolio,Auto,2016-05,35,298486.2246530129
mixto,Loss Incurred,month,cumulative,Synthetic,Portfolio,Auto,2016-05,36,297979.35144038475
mixto,Loss Incurred,month,cumulative,Synthetic,Portfolio,Auto,2016-05,37,297510.52765773726
mixto,Loss Incurred,month,cumulative,Synthetic,Portfolio,Auto,2016-05,38,297077.26698649453
mixto,Loss Incurred,month,cumulative,Synthetic,Portfolio,Auto,2016-05,39,296677.18627133267
mixto,Loss Incurred,month,cumulative,Synthetic,Portfolio,Auto,2016-05,40,296308.012161102
mixto,Loss Incurred,month,cumulative,Synthetic,Portfolio,Auto,2016-05,41,295967.58500975714
mixto,Loss Incurred,month,cumulative,Synthetic,Portfolio,Auto,2016-05,42,295653.86057566444
mixto,Loss Incurred,month,cumulative,Synthetic,Portfolio,Auto,2016-05,43,295364.9099691467
mixto,Loss Incurred,month,cumulative,Synthetic,Portfolio,Auto,2016-05,44,295098.9182231048
mixto,Loss Incurred,month,cumulative,Synthetic,Portfolio,Auto,2016-05,45,294854.1817980544
mixto,Loss Incurred,month,cumulative,Synthetic,Portfolio,Auto,2016-05,46,294629.1052792311
mixto,Loss Incurred,month,cumulative,Synthetic,Portfolio,Auto,2016-05,47,294422.1974780985
mixto,Loss Incurred,month,cumulative,Synthetic,Portfolio,Auto,2016-05,48,294232.0671124057
mixto,Loss Incurred,month,cumulative,Synthetic,Portfolio,Auto,2016-05,49,294057.41820680775
mixto,Loss Incurred,month,cumulative,Synthetic,Portfolio,Auto,2016-05,50,293897.0453290914
mixto,Loss Incurred,month,cumulative,Synthetic,Portfolio,Auto,2016-05,51,293749.82875445
mixto,Loss Incurred,month,cumulative,Synthetic,Portfolio,Auto,2016-05,52,293614.7296313709
mixto,Loss Incurred,month,cumulative,Synthetic,Portfolio,Auto,2016-05,53,293490.7852069616
mixto,Loss Incurred,month,cumulative,Synthetic,Portfolio,Auto,2016-05,54,293377.1041564782
mixto,Loss Incurred,month,cumulative,Synthetic,Portfolio,Auto,2016-05,55,293272.86205099785
mixto,Loss Incurred,month,cumulative,Synthetic,Portfolio,Auto,2016-05,56,293177.2969882678
mixto,Loss Incurred,month,cumulative,Synthetic,Portfolio,Auto,2016-05,57,293089.70540444995
mixto,Loss Incurred,month,cumulative,Synthetic,Portfolio,Auto,2016-05,58,293009.4380785211
mixto,Loss Incurred,month,cumulative,Synthetic,Portfolio,Auto,2016-05,59,292935.8963362538
mixto,Loss Incurred,month,cumulative,Synthetic,Portfolio,Auto,2016-05,60,292868.5284568261
mixto,Loss Incurred,month,cumulative,Synthetic,Portfolio,Auto,2016-05,61,292806.8262820175
mixto,Loss Incurred,month,cumulative,Synthetic,Portfolio,Auto,2016-05,62,292750.322025518
mixto,Loss Incurred,month,cumulative,Synthetic,Portfolio,Auto,2016-05,63,292698.58527799847
mixto,Loss Incurred,month,cumulative,Synthetic,Portfolio,Auto,2016-05,64,292651.2202021671
mixto,Loss Incurred,month,cumulative,Synthetic,Portfolio,Auto,2016-05,65,292607.8629109783
mixto,Loss Incurred,month,cumulative,Synthetic,Portfolio,Auto,2016-05,66,292568.17902142147
mixto,Loss Incurred,month,cumulative,Synthetic,Portfolio,Auto,2016-05,67,292531.8613758198
mixto,Loss Incurred,month,cumulative,Synthetic,Portfolio,Auto,2016-05,68,292498.627922276
mixto,Loss Incurred,month,cumulative,Synthetic,Portfolio,Auto,2016-05,69,292468.21974577644
mixto,Loss Incurred,month,cumulative,Synthetic,Portfolio,Auto,2016-05,70,292440.39924146194
mixto,Loss Incurred,month,cumulative,Synthetic,Portfolio,Auto,2016-05,71,292414.9484216796
mixto,Loss Incurred,month,cumulative,Synthetic,Portfolio,Auto,2016-05,72,292391.66734860936
mixto,Loss Incurred,month,cumulative,Synthetic,Portfolio,Auto,2016-05,73,292370.3726845018
mixto,Loss Incurred,month,cumulative,Synthetic,Portfolio,Auto,2016-05,74,292350.89635185053
mixto,Loss Incurred,month,cumulative,Synthetic,Portfolio,Auto,2016-05,75,292333.08429613616
mixto,Loss Incurred,month,cumulative,Synthetic,Portfolio,Auto,2016-05,76,292316.79534412205
mixto,Loss Incurred,month,cumulative,Synthetic,Portfolio,Auto,2016-05,77,292301.9001510279
mixto,Loss Incurred,month,cumulative,Synthetic,Portfolio,Auto,2016-05,78,292288.280230264
mixto,Loss Incurred,month,cumulative,Synthetic,Portfolio,Auto,2016-05,79,292275.8270597684
mixto,Loss Incurred,month,cumulative,Synthetic,Portfolio,Auto,2016-05,80,292264.44125933375
mixto,Loss Incurred,month,cumulative,Synthetic,Portfolio,Auto,2016-05,81,292254.03183366236
mixto,Loss Incurred,month,cumulative,Synthetic,Portfolio,Auto,2016-05,82,292244.5154762155
mixto,Loss Incurred,month,cumulative,Synthetic,Portfolio,Auto,2016-05,83,292235.8159292483
mixto,Loss Incurred,month,cumulative,Synthetic,Portfolio,Auto,2016-05,84,292227.8633957289
mixto,Loss Incurred,month,cumulative,Synthetic,Portfolio,Auto,2016-05,85,292220.5939991361
mixto,Loss Incurred,month,cumulative,Synthetic,Portfolio,Auto,2016-05,86,292213.9492874072
mixto,Loss Incurred,month,cumulative,Synthetic,Portfolio,Auto,2016-05,87,292207.8757775751
mixto,Loss Incurred,month,cumulative,Synthetic,Portfolio,Auto,2016-05,88,292202.3245378818
mixto,Loss Incurred,month,cumulative,Synthetic,Portfolio,Auto,2016-05,89,292197.2508043927
mixto,Loss Incurred,month,cumulative,Synthetic,Portfolio,Auto,2016-05,90,292192.61362935277
mixto,Loss Incurred,month,cumulative,Synthetic,Portfolio,Auto,2016-05,91,292188.37555873865
mixto,Loss Incurred,month,cumulative,Synthetic,Portfolio,Auto,2016-05,92,292184.50233664754
mixto,Loss Incurred,month,cumulative,Synthetic,Portfolio,Auto,2016-05,93,292180.9626343493
mixto,Loss Incurred,month,cumulative,Synthetic,Portfolio,Auto,2016-05,94,292177.7278019923
mixto,Loss Incurred,month,cumulative,Synthetic,Portfolio,Auto,2016-05,95,292174.7716411127
mixto,Loss Incurred,month,cumulative,Synthetic,Portfolio,Auto,2016-05,96,292172.0701962404
mixto,Loss Incurred,month,cumulative,Synthetic,Portfolio,Auto,2016-05,97,292169.60156402976
mixto,Loss Incurred,month,cumulative,Synthetic,Portfolio,Auto,2016-05,98,292167.3457184689
mixto,Loss Incurred,month,cumulative,Synthetic,Portfolio,Auto,2016-05,99,292165.2843508361
mixto,Loss Incurred,month,cumulative,Synthetic,Portfolio,Auto,2016-05,100,292163.4007231785
mixto,Loss Incurred,month,cumulative,Synthetic,Portfolio,Auto,2016-05,101,292161.6795341886
mixto,Loss Incurred,month,cumulative,Synthetic,Portfolio,Auto,2016-05,102,292160.1067964429
mixto,Loss Incurred,month,cumulative,Synthetic,Portfolio,Auto,2016-05,103,292158.669724055
mixto,Loss Incurred,month,cumulative,Synthetic,Portfolio,Auto,2016-05,104,292157.3566298674
mixto,Loss Incurred,month,cumulative,Synthetic,Portfolio,Auto,2016-05,105,292156.15683138417
mixto,Loss Incurred,month,cumulative,Synthetic,Portfolio,Auto,2016-05,106,292155.0605647077
mixto,Loss Incurred,month,cumulative,Synthetic,Portfolio,Auto,2016-05,107,292154.0589058064
mixto,Loss Incurred,month,cumulative,Synthetic,Portfolio,Auto,2016-05,108,292153.1436984938
mixto,Loss Incurred,month,cumulative,Synthetic,Portfolio,Auto,2016-05,109,292152.30748855276
mixto,Loss Incurred,month,cumulative,Synthetic,Portfolio,Auto,2016-05,110,292151.54346348456
mixto,Loss Incurred,month,cumulative,Synthetic,Portfolio,Auto,2016-05,111,292150.84539740614
mixto,Loss Incurred,month,cumulative,Synthetic,Portfolio,Auto,2016-05,112,292150.20760065987
mixto,Loss Incurred,month,cumulative,Synthetic,Portfolio,Auto,2016-05,113,292149.6248737337
mixto,Loss Incurred,month,cumulative,Synthetic,Portfolio,Auto,2016-05,114,292149.09246512695
mixto,Loss Incurred,month,cumulative,Synthetic,Portfolio,Auto,2016-05,115,292148.60603282595
mixto,Loss Incurred,month,cumulative,Synthetic,Portfolio,Auto,2016-06,0,225317.02624945974
mixto,Loss Incurred,month,cumulative,Synthetic,Portfolio,Auto,2016-06,1,251550.3910431418
mixto,Loss Incurred,month,cumulative,Synthetic,Portfolio,Auto,2016-06,2,273947.89271205093
mixto,Loss Incurred,month,cumulative,Synthetic,Portfolio,Auto,2016-06,3,293070.41416342056
mixto,Loss Incurred,month,cumulative,Synthetic,Portfolio,Auto,2016-06,4,309396.8255669608
mixto,Loss Incurred,month,cumulative,Synthetic,Portfolio,Auto,2016-06,5,323335.9763215051
mixto,Loss Incurred,month,cumulative,Synthetic,Portfolio,Auto,2016-06,6,335236.93354691117
mixto,Loss Incurred,month,cumulative,Synthetic,Portfolio,Auto,2016-06,7,345397.7234956654
mixto,Loss Incurred,month,cumulative,Synthetic,Portfolio,Auto,2016-06,8,354072.794788444
mixto,Loss Incurred,month,cumulative,Synthetic,Portfolio,Auto,2016-06,9,361479.3903695304
mixto,Loss Incurred,month,cumulative,Synthetic,Portfolio,Auto,2016-06,10,367802.9877499271
mixto,Loss Incurred,month,cumulative,Synthetic,Portfolio,Auto,2016-06,11,373201.9437738625
mixto,Loss Incurred,month,cumulative,Synthetic,Portfolio,Auto,2016-06,12,377811.4602239057
mixto,Loss Incurred,month,cumulative,Synthetic,Portfolio,Auto,2016-06,13,381746.96957219834
mixto,Loss Incurred,month,cumulative,Synthetic,Portfolio,Auto,2016-06,14,385107.0256644926
mixto,Loss Incurred,month,cumulative,Synthetic,Portfolio,Auto,2016-06,15,387975.7717261078
mixto,Loss Incurred,month,cumulative,Synthetic,Portfolio,Auto,2016-06,16,390425.0474941244
mixto,Loss Incurred,month,cumulative,Synthetic,Portfolio,Auto,2016-06,17,392516.1882430603
mixto,Loss Incurred,month,cumulative,Synthetic,Portfolio,Auto,2016-06,18,394301.5607556057
mixto,Loss Incurred,month,cumulative,Synthetic,Portfolio,Auto,2016-06,19,391848.3666039203
mixto,Loss Incurred,month,cumulative,Synthetic,Portfolio,Auto,2016-06,20,389520.14186117105
mixto,Loss Incurred,month,cumulative,Synthetic,Portfolio,Auto,2016-06,21,387319.0551737974
mixto,Loss Incurred,month,cumulative,Synthetic,Portfolio,Auto,2016-06,22,385245.1703374883
mixto,Loss Incurred,month,cumulative,Synthetic,Portfolio,Auto,2016-06,23,383296.9104190089
mixto,Loss Incurred,month,cumulative,Synthetic,Portfolio,Auto,2016-06,24,381471.4403401691
mixto,Loss Incurred,month,cumulative,Synthetic,Portfolio,Auto,2016-06,25,379764.9810422931
mixto,Loss Incurred,month,cumulative,Synthetic,Portfolio,Auto,2016-06,26,378173.0663267992
mixto,Loss Incurred,month,cumulative,Synthetic,Portfolio,Auto,2016-06,27,376690.7517496469
mixto,Loss Incurred,month,cumulative,Synthetic,Portfolio,Auto,2016-06,28,375312.7834890984
mixto,Loss Incurred,month,cumulative,Synthetic,Portfolio,Auto,2016-06,29,374033.73386878375
mixto,Loss Incurred,month,cumulative,Synthetic,Portfolio,Auto,2016-06,30,372848.1091684825
mixto,Loss Incurred,month,cumulative,Synthetic,Portfolio,Auto,2016-06,31,371750.43446528784
mixto,Loss Incurred,month,cumulative,Synthetic,Portfolio,Auto,2016-06,32,370735.3194939423
mixto,Loss Incurred,month,cumulative,Synthetic,Portfolio,Auto,2016-06,33,369797.5088767851
mixto,Loss Incurred,month,cumulative,Synthetic,Portfolio,Auto,2016-06,34,368931.9195335521
mixto,Loss Incurred,month,cumulative,Synthetic,Portfolio,Auto,2016-06,35,368133.6676244649
mixto,Loss Incurred,month,cumulative,Synthetic,Portfolio,Auto,2016-06,36,367398.0869940405
mixto,Loss Incurred,month,cumulative,Synthetic,Portfolio,Auto,2016-06,37,366720.74075716134
mixto,Loss Incurred,month,cumulative,Synthetic,Portfolio,Auto,2016-06,38,366097.42739403923
mixto,Loss Incurred,month,cumulative,Synthetic,Portfolio,Auto,2016-06,39,365524.1824890584
mixto,Loss Incurred,month,cumulative,Synthetic,Portfolio,Auto,2016-06,40,364997.2770534756
mixto,Loss Incurred,month,cumulative,Synthetic,Portfolio,Auto,2016-06,41,364513.21320801537
mixto,Loss Incurred,month,cumulative,Synthetic,Portfolio,Auto,2016-06,42,364068.7178637397
mixto,Loss Incurred,month,cumulative,Synthetic,Portfolio,Auto,2016-06,43,363660.73492415895
mixto,Loss Incurred,month,cumulative,Synthetic,Portfolio,Auto,2016-06,44,363286.41643494245
mixto,Loss Incurred,month,cumulative,Synthetic,Portfolio,Auto,2016-06,45,362943.11302686774
mixto,Loss Incurred,month,cumulative,Synthetic,Portfolio,Auto,2016-06,46,362628.36393034057
mixto,Loss Incurred,month,cumulative,Synthetic,Portfolio,Auto,2016-06,47,362339.88678381004
mixto,Loss Incurred,month,cumulative,Synthetic,Portfolio,Auto,2016-06,48,362075.5674119366
mixto,Loss Incurred,month,cumulative,Synthetic,Portfolio,Auto,2016-06,49,361833.4497109071
mixto,Loss Incurred,month,cumulative,Synthetic,Portfolio,Auto,2016-06,50,361611.725746576
mixto,Loss Incurred,month,cumulative,Synthetic,Portfolio,Auto,2016-06,51,361408.7261450433
mixto,Loss Incurred,month,cumulative,Synthetic,Portfolio,Auto,2016-06,52,361222.91083396005
mixto,Loss Incurred,month,cumulative,Synthetic,Portfolio,Auto,2016-06,53,361052.86017548427
mixto,Loss Incurred,month,cumulative,Synthetic,Portfolio,Auto,2016-06,54,360897.2665177708
mixto,Loss Incurred,month,cumulative,Synthetic,Portfolio,Auto,2016-06,55,360754.9261805808
mixto,Loss Incurred,month,cumulative,Synthetic,Portfolio,Auto,2016-06,56,360624.7318816069
mixto,Loss Incurred,month,cumulative,Synthetic,Portfolio,Auto,2016-06,57,360505.6656030158
mixto,Loss Incurred,month,cumulative,Synthetic,Portfolio,Auto,2016-06,58,360396.7918921902
mixto,Loss Incurred,month,cumulative,Synthetic,Portfolio,Auto,2016-06,59,360297.25158643065
mixto,Loss Incurred,month,cumulative,Synthetic,Portfolio,Auto,2016-06,60,360206.2559482152
mixto,Loss Incurred,month,cumulative,Synthetic,Portfolio,Auto,2016-06,61,360123.081195328
mixto,Loss Incurred,month,cumulative,Synthetic,Portfolio,Auto,2016-06,62,360047.0634085824
mixto,Loss Incurred,month,cumulative,Synthetic,Portfolio,Auto,2016-06,63,359977.5937988511
mixto,Loss Incurred,month,cumulative,Synthetic,Portfolio,Auto,2016-06,64,359914.11431456066
mixto,Loss Incurred,month,cumulative,Synthetic,Portfolio,Auto,2016-06,65,359856.1135706174
mixto,Loss Incurred,month,cumulative,Synthetic,Portfolio,Auto,2016-06,66,359803.1230798237
mixto,Loss Incurred,month,cumulative,Synthetic,Portfolio,Auto,2016-06,67,359754.7137681598
mixto,Loss Incurred,month,cumulative,Synthetic,Portfolio,Auto,2016-06,68,359710.49275579135
mixto,Loss Incurred,month,cumulative,Synthetic,Portfolio,Auto,2016-06,69,359670.1003862692
mixto,Loss Incurred,month,cumulative,Synthetic,Portfolio,Auto,2016-06,70,359633.2074870917
mixto,Loss Incurred,month,cumulative,Synthetic,Portfolio,Auto,2016-06,71,359599.5128455518
mixto,Loss Incurred,month,cumulative,Synthetic,Portfolio,Auto,2016-06,72,359568.74088459695
mixto,Loss Incurred,month,cumulative,Synthetic,Portfolio,Auto,2016-06,73,359540.63952423906
mixto,Loss Incurred,month,cumulative,Synthetic,Portfolio,Auto,2016-06,74,359514.9782148799
mixto,Loss Incurred,month,cumulative,Synthetic,Portfolio,Auto,2016-06,75,359491.54612972325
mixto,Loss Incurred,month,cumulative,Synthetic,Portfolio,Auto,2016-06,76,359470.150504252
mixto,Loss Incurred,month,cumulative,Synthetic,Portfolio,Auto,2016-06,77,359450.61511151784
mixto,Loss Incurred,month,cumulative,Synthetic,Portfolio,Auto,2016-06,78,359432.77886274253
mixto,Loss Incurred,month,cumulative,Synthetic,Portfolio,Auto,2016-06,79,359416.49452344584
mixto,Loss Incurred,month,cumulative,Synthetic,Portfolio,Auto,2016-06,80,359401.62753599946
mixto,Loss Incurred,month,cumulative,Synthetic,Portfolio,Auto,2016-06,81,359388.05494015594
mixto,Loss Incurred,month,cumulative,Synthetic,Portfolio,Auto,2016-06,82,359375.6643837158
mixto,Loss Incurred,month,cumulative,Synthetic,Portfolio,Auto,2016-06,83,359364.3532160715
mixto,Loss Incurred,month,cumulative,Synthetic,Portfolio,Auto,2016-06,84,359354.027657916
mixto,Loss Incurred,month,cumulative,Synthetic,Portfolio,Auto,2016-06,85,359344.6020409085
mixto,Loss Incurred,month,cumulative,Synthetic,Portfolio,Auto,2016-06,86,359335.9981115665
mixto,Loss Incurred,month,cumulative,Synthetic,Portfolio,Auto,2016-06,87,359328.1443941018
mixto,Loss Incurred,month,cumulative,Synthetic,Portfolio,Auto,2016-06,88,359320.9756073252
mixto,Loss Incurred,month,cumulative,Synthetic,Portfolio,Auto,2016-06,89,359314.43213113584
mixto,Loss Incurred,month,cumulative,Synthetic,Portfolio,Auto,2016-06,90,359308.45951846323
mixto,Loss Incurred,month,cumulative,Synthetic,Portfolio,Auto,2016-06,91,359303.0080488642
mixto,Loss Incurred,month,cumulative,Synthetic,Portfolio,Auto,2016-06,92,359298.03232028184
mixto,Loss Incurred,month,cumulative,Synthetic,Portfolio,Auto,2016-06,93,359293.49087575736
mixto,Loss Incurred,month,cumulative,Synthetic,Portfolio,Auto,2016-06,94,359289.3458621472
mixto,Loss Incurred,month,cumulative,Synthetic,Portfolio,Auto,2016-06,95,359285.56271814194
mixto,Loss Incurred,month,cumulative,Synthetic,Portfolio,Auto,2016-06,96,359282.10988910176
mixto,Loss Incurred,month,cumulative,Synthetic,Portfolio,Auto,2016-06,97,359278.95856643294
mixto,Loss Incurred,month,cumulative,Synthetic,Portfolio,Auto,2016-06,98,359276.082449417
mixto,Loss Incurred,month,cumulative,Synthetic,Portfolio,Auto,2016-06,99,359273.4575275794
mixto,Loss Incurred,month,cumulative,Synthetic,Portfolio,Auto,2016-06,100,359271.0618818426
mixto,Loss Incurred,month,cumulative,Synthetic,Portfolio,Auto,2016-06,101,359268.87550285796
mixto,Loss Incurred,month,cumulative,Synthetic,Portfolio,Auto,2016-06,102,359266.88012504455
mixto,Loss Incurred,month,cumulative,Synthetic,Portfolio,Auto,2016-06,103,359265.05907498795
mixto,Loss Incurred,month,cumulative,Synthetic,Portfolio,Auto,2016-06,104,359263.3971329663
mixto,Loss Incurred,month,cumulative,Synthetic,Portfolio,Auto,2016-06,105,359261.88040647283
mixto,Loss Incurred,month,cumulative,Synthetic,Portfolio,Auto,2016-06,106,359260.49621470465
mixto,Loss Incurred,month,cumulative,Synthetic,Portfolio,Auto,2016-06,107,359259.232983071
mixto,Loss Incurred,month,cumulative,Synthetic,Portfolio,Auto,2016-06,108,359258.08014685794
mixto,Loss Incurred,month,cumulative,Synthetic,Portfolio,Auto,2016-06,109,359257.02806325763
mixto,Loss Incurred,month,cumulative,Synthetic,Portfolio,Auto,2016-06,110,359256.0679310406
mixto,Loss Incurred,month,cumulative,Synthetic,Portfolio,Auto,2016-06,111,359255.19171720906
mixto,Loss Incurred,month,cumulative,Synthetic,Portfolio,Auto,2016-06,112,359254.39209002856
mixto,Loss Incurred,month,cumulative,Synthetic,Portfolio,Auto,2016-06,113,359253.6623578832
mixto,Loss Incurred,month,cumulative,Synthetic,Portfolio,Auto,2016-06,114,359252.99641345255
mixto,Loss Incurred,month,cumulative,Synthetic,Portfolio,Auto,2016-07,0,244545.36072691198
mixto,Loss Incurred,month,cumulative,Synthetic,Portfolio,Auto,2016-07,1,273380.2053220457
mixto,Loss Incurred,month,cumulative,Synthetic,Portfolio,Auto,2016-07,2,297885.0556958804
mixto,Loss Incurred,month,cumulative,Synthetic,Portfolio,Auto,2016-07,3,318710.12689967547
mixto,Loss Incurred,month,cumulative,Synthetic,Portfolio,Auto,2016-07,4,336407.9942209224
mixto,Loss Incurred,month,cumulative,Synthetic,Portfolio,Auto,2016-07,5,351448.2552915967
mixto,Loss Incurred,month,cumulative,Synthetic,Portfolio,Auto,2016-07,6,364229.9904559501
mixto,Loss Incurred,month,cumulative,Synthetic,Portfolio,Auto,2016-07,7,375092.3520229453
mixto,Loss Incurred,month,cumulative,Synthetic,Portfolio,Auto,2016-07,8,384323.56338000705
mixto,Loss Incurred,month,cumulative,Synthetic,Portfolio,Auto,2016-07,9,392168.5667518032
mixto,Loss Incurred,month,cumulative,Synthetic,Portfolio,Auto,2016-07,10,398835.52253073384
mixto,Loss Incurred,month,cumulative,Synthetic,Portfolio,Auto,2016-07,11,404501.33263325255
mixto,Loss Incurred,month,cumulative,Synthetic,Portfolio,Auto,2016-07,12,409316.3344395121
mixto,Loss Incurred,month,cumulative,Synthetic,Portfolio,Auto,2016-07,13,413408.28986597026
mixto,Loss Incurred,month,cumulative,Synthetic,Portfolio,Auto,2016-07,14,416885.77541755466
mixto,Loss Incurred,month,cumulative,Synthetic,Portfolio,Auto,2016-07,15,419841.0631714941
mixto,Loss Incurred,month,cumulative,Synthetic,Portfolio,Auto,2016-07,16,422352.5691372358
mixto,Loss Incurred,month,cumulative,Synthetic,Portfolio,Auto,2016-07,17,424486.9339575643
mixto,Loss Incurred,month,cumulative,Synthetic,Portfolio,Auto,2016-07,18,422873.81534511724
mixto,Loss Incurred,month,cumulative,Synthetic,Portfolio,Auto,2016-07,19,421274.69557743566
mixto,Loss Incurred,month,cumulative,Synthetic,Portfolio,Auto,2016-07,20,419706.54516548006
mixto,Loss Incurred,month,cumulative,Synthetic,Portfolio,Auto,2016-07,21,418182.19241984276
mixto,Loss Incurred,month,cumulative,Synthetic,Portfolio,Auto,2016-07,22,416711.0786540317
mixto,Loss Incurred,month,cumulative,Synthetic,Portfolio,Auto,2016-07,23,415299.88885243074
mixto,Loss Incurred,month,cumulative,Synthetic,Portfolio,Auto,2016-07,24,413953.07743390754
mixto,Loss Incurred,month,cumulative,Synthetic,Portfolio,Auto,2016-07,25,412673.30571642594
mixto,Loss Incurred,month,cumulative,Synthetic,Portfolio,Auto,2016-07,26,411461.80512324325
mixto,Loss Incurred,month,cumulative,Synthetic,Portfolio,Auto,2016-07,27,410318.6779975889
mixto,Loss Incurred,month,cumulative,Synthetic,Portfolio,Auto,2016-07,28,409243.1460509022
mixto,Loss Incurred,month,cumulative,Synthetic,Portfolio,Auto,2016-07,29,408233.75490946724
mixto,Loss Incurred,month,cumulative,Synthetic,Portfolio,Auto,2016-07,30,407288.54190291534
mixto,Loss Incurred,month,cumulative,Synthetic,Portfolio,Auto,2016-07,31,406405.17311932397
mixto,Loss Incurred,month,cumulative,Synthetic,Portfolio,Auto,2016-07,32,405581.05480473686
mixto,Loss Incurred,month,cumulative,Synthetic,Portfolio,Auto,2016-07,33,404813.4233837532
mixto,Loss Incurred,month,cumulative,Synthetic,Portfolio,Auto,2016-07,34,404099.4177001871
mixto,Loss Incurred,month,cumulative,Synthetic,Portfolio,Auto,2016-07,35,403436.13650388044
mixto,Loss Incurred,month,cumulative,Synthetic,Portfolio,Auto,2016-07,36,402820.6837255764
mixto,Loss Incurred,month,cumulative,Synthetic,Portfolio,Auto,2016-07,37,402250.20367277926
mixto,Loss Incurred,month,cumulative,Synthetic,Portfolio,Auto,2016-07,38,401721.90793423966
mixto,Loss Incurred,month,cumulative,Synthetic,Portfolio,Auto,2016-07,39,401233.09548935347
mixto,Loss Incurred,month,cumulative,Synthetic,Portfolio,Auto,2016-07,40,400781.1672730839
mixto,Loss Incurred,month,cumulative,Synthetic,Portfolio,Auto,2016-07,41,400363.6362399739
mixto,Loss Incurred,month,cumulative,Synthetic,Portfolio,Auto,2016-07,42,399978.13379648305
mixto,Loss Incurred,month,cumulative,Synthetic,Portfolio,Auto,2016-07,43,399622.41332419135
mixto,Loss Incurred,month,cumulative,Synthetic,Portfolio,Auto,2016-07,44,399294.3513931099
mixto,Loss Incurred,month,cumulative,Synthetic,Portfolio,Auto,2016-07,45,398991.94716077903
mixto,Loss Incurred,month,cumulative,Synthetic,Portfolio,Auto,2016-07,46,398713.32036596513
mixto,Loss Incurred,month,cumulative,Synthetic,Portfolio,Auto,2016-07,47,398456.7082529852
mixto,Loss Incurred,month,cumulative,Synthetic,Portfolio,Auto,2016-07,48,398220.46170177805
mixto,Loss Incurred,month,cumulative,Synthetic,Portfolio,Auto,2016-07,49,398003.0407879616
mixto,Loss Incurred,month,cumulative,Synthetic,Portfolio,Auto,2016-07,50,397803.0099546669
mixto,Loss Incurred,month,cumulative,Synthetic,Portfolio,Auto,2016-07,51,397619.03294260503
mixto,Loss Incurred,month,cumulative,Synthetic,Portfolio,Auto,2016-07,52,397449.8675954622
mixto,Loss Incurred,month,cumulative,Synthetic,Portfolio,Auto,2016-07,53,397294.360633383
mixto,Loss Incurred,month,cumulative,Synthetic,Portfolio,Auto,2016-07,54,397151.4424671863
mixto,Loss Incurred,month,cumulative,Synthetic,Portfolio,Auto,2016-07,55,397020.12210937985
mixto,Loss Incurred,month,cumulative,Synthetic,Portfolio,Auto,2016-07,56,396899.48222442117
mixto,Loss Incurred,month,cumulative,Synthetic,Portfolio,Auto,2016-07,57,396788.67434954154
mixto,Loss Incurred,month,cumulative,Synthetic,Portfolio,Auto,2016-07,58,396686.914308377
mixto,Loss Incurred,month,cumulative,Synthetic,Portfolio,Auto,2016-07,59,396593.4778323153
mixto,Loss Incurred,month,cumulative,Synthetic,Portfolio,Auto,2016-07,60,396507.6963985616
mixto,Loss Incurred,month,cumulative,Synthetic,Portfolio,Auto,2016-07,61,396428.9532892143
mixto,Loss Incurred,month,cumulative,Synthetic,Portfolio,Auto,2016-07,62,396356.6798719235
mixto,Loss Incurred,month,cumulative,Synthetic,Portfolio,Auto,2016-07,63,396290.3520997902
mixto,Loss Incurred,month,cumulative,Synthetic,Portfolio,Auto,2016-07,64,396229.4872259401
mixto,Loss Incurred,month,cumulative,Synthetic,Portfolio,Auto,2016-07,65,396173.6407265154
mixto,Loss Incurred,month,cumulative,Synthetic,Portfolio,Auto,2016-07,66,396122.40342459775
mixto,Loss Incurred,month,cumulative,Synthetic,Portfolio,Auto,2016-07,67,396075.3988067129
mixto,Loss Incurred,month,cumulative,Synthetic,Portfolio,Auto,2016-07,68,396032.28052299423
mixto,Loss Incurred,month,cumulative,Synthetic,Portfolio,Auto,2016-07,69,395992.73006175295
mixto,Loss Incurred,month,cumulative,Synthetic,Portfolio,Auto,2016-07,70,395956.4545890601
mixto,Loss Incurred,month,cumulative,Synthetic,Portfolio,Auto,2016-07,71,395923.18494395434
mixto,Loss Incurred,month,cumulative,Synthetic,Portfolio,Auto,2016-07,72,395892.6737800093
mixto,Loss Incurred,month,cumulative,Synthetic,Portfolio,Auto,2016-07,73,395864.6938442106
mixto,Loss Incurred,month,cumulative,Synthetic,Portfolio,Auto,2016-07,74,395839.0363843689
mixto,Loss Incurred,month,cumulative,Synthetic,Portfolio,Auto,2016-07,75,395815.50967662595
mixto,Loss Incurred,month,cumulative,Synthetic,Portfolio,Auto,2016-07,76,395793.9376649655
mixto,Loss Incurred,month,cumulative,Synthetic,Portfolio,Auto,2016-07,77,395774.15870503144
mixto,Loss Incurred,month,cumulative,Synthetic,Portfolio,Auto,2016-07,78,395756.0244049431
mixto,Loss Incurred,month,cumulative,Synthetic,Portfolio,Auto,2016-07,79,395739.3985562019
mixto,Loss Incurred,month,cumulative,Synthetic,Portfolio,Auto,2016-07,80,395724.1561481764
mixto,Loss Incurred,month,cumulative,Synthetic,Portfolio,Auto,2016-07,81,395710.1824600487
mixto,Loss Incurred,month,cumulative,Synthetic,Portfolio,Auto,2016-07,82,395697.3722244813
mixto,Loss Incurred,month,cumulative,Synthetic,Portfolio,Auto,2016-07,83,395685.6288576397
mixto,Loss Incurred,month,cumulative,Synthetic,Portfolio,Auto,2016-07,84,395674.8637505515
mixto,Loss Incurred,month,cumulative,Synthetic,Portfolio,Auto,2016-07,85,395664.9956171329
mixto,Loss Incurred,month,cumulative,Synthetic,Portfolio,Auto,2016-07,86,395655.9498945264
mixto,Loss Incurred,month,cumulative,Synthetic,Portfolio,Auto,2016-07,87,395647.6581917056
mixto,Loss Incurred,month,cumulative,Synthetic,Portfolio,Auto,2016-07,88,395640.0577825917
mixto,Loss Incurred,month,cumulative,Synthetic,Portfolio,Auto,2016-07,89,395633.0911401953
mixto,Loss Incurred,month,cumulative,Synthetic,Portfolio,Auto,2016-07,90,395626.70550855616
mixto,Loss Incurred,month,cumulative,Synthetic,Portfolio,Auto,2016-07,91,395620.8525094928
mixto,Loss Incurred,month,cumulative,Synthetic,Portfolio,Auto,2016-07,92,395615.4877813968
mixto,Loss Incurred,month,cumulative,Synthetic,Portfolio,Auto,2016-07,93,395610.5706475162
mixto,Loss Incurred,month,cumulative,Synthetic,Portfolio,Auto,2016-07,94,395606.06381136953
mixto,Loss Incurred,month,cumulative,Synthetic,Portfolio,Auto,2016-07,95,395601.93307711056
mixto,Loss Incurred,month,cumulative,Synthetic,Portfolio,Auto,2016-07,96,395598.1470928345
mixto,Loss Incurred,month,cumulative,Synthetic,Portfolio,Auto,2016-07,97,395594.677114973
mixto,Loss Incurred,month,cumulative,Synthetic,Portfolio,Auto,2016-07,98,395591.4967920695
mixto,Loss Incurred,month,cumulative,Synthetic,Portfolio,Auto,2016-07,99,395588.58196636196
mixto,Loss Incurred,month,cumulative,Synthetic,Portfolio,Auto,2016-07,100,395585.910491724
mixto,Loss Incurred,month,cumulative,Synthetic,Portfolio,Auto,2016-07,101,395583.4620666307
mixto,Loss Incurred,month,cumulative,Synthetic,Portfolio,Auto,2016-07,102,395581.2180809224
mixto,Loss Incurred,month,cumulative,Synthetic,Portfolio,Auto,2016-07,103,395579.1614752372
mixto,Loss Incurred,month,cumulative,Synthetic,Portfolio,Auto,2016-07,104,395577.27661207435
mixto,Loss Incurred,month,cumulative,Synthetic,Portfolio,Auto,2016-07,105,395575.5491575326
mixto,Loss Incurred,month,cumulative,Synthetic,Portfolio,Auto,2016-07,106,395573.96597284946
mixto,Loss Incurred,month,cumulative,Synthetic,Portfolio,Auto,2016-07,107,395572.5150149303
mixto,Loss Incurred,month,cumulative,Synthetic,Portfolio,Auto,2016-07,108,395571.18524513184
mixto,Loss Incurred,month,cumulative,Synthetic,Portfolio,Auto,2016-07,109,395569.9665456145
mixto,Loss Incurred,month,cumulative,Synthetic,Portfolio,Auto,2016-07,110,395568.8496426427
mixto,Loss Incurred,month,cumulative,Synthetic,Portfolio,Auto,2016-07,111,395567.82603625697
mixto,Loss Incurred,month,cumulative,Synthetic,Portfolio,Auto,2016-07,112,395566.8879357914
mixto,Loss Incurred,month,cumulative,Synthetic,Portfolio,Auto,2016-07,113,395566.0282007526
mixto,Loss Incurred,month,cumulative,Synthetic,Portfolio,Auto,2016-08,0,216994.36531404676
mixto,Loss Incurred,month,cumulative,Synthetic,Portfolio,Auto,2016-08,1,241078.3823975131
mixto,Loss Incurred,month,cumulative,Synthetic,Portfolio,Auto,2016-08,2,262012.7842448125
mixto,Loss Incurred,month,cumulative,Synthetic,Portfolio,Auto,2016-08,3,280209.4654373811
mixto,Loss Incurred,month,cumulative,Synthetic,Portfolio,Auto,2016-08,4,296026.4545655753
mixto,Loss Incurred,month,cumulative,Synthetic,Portfolio,Auto,2016-08,5,309774.95861606015
mixto,Loss Incurred,month,cumulative,Synthetic,Portfolio,Auto,2016-08,6,321725.4861212768
mixto,Loss Incurred,month,cumulative,Synthetic,Portfolio,Auto,2016-08,7,332113.1695469441
mixto,Loss Incurred,month,cumulative,Synthetic,Portfolio,Auto,2016-08,8,341142.39163816813
mixto,Loss Incurred,month,cumulative,Synthetic,Portfolio,Auto,2016-08,9,348990.80674978014
mixto,Loss Incurred,month,cumulative,Synthetic,Portfolio,Auto,2016-08,10,355812.8362825401
mixto,Loss Incurred,month,cumulative,Synthetic,Portfolio,Auto,2016-08,11,361742.7069996217
mixto,Loss Incurred,month,cumulative,Synthetic,Portfolio,Auto,2016-08,12,366897.0920037389
mixto,Loss Incurred,month,cumulative,Synthetic,Portfolio,Auto,2016-08,13,371377.40633742866
mixto,Loss Incurred,month,cumulative,Synthetic,Portfolio,Auto,2016-08,14,375271.8023735478
mixto,Loss Incurred,month,cumulative,Synthetic,Portfolio,Auto,2016-08,15,378656.90425626555
mixto,Loss Incurred,month,cumulative,Synthetic,Portfolio,Auto,2016-08,16,381599.31551852595
mixto,Loss Incurred,month,cumulative,Synthetic,Portfolio,Auto,2016-08,17,384156.9295390901
mixto,Loss Incurred,month,cumulative,Synthetic,Portfolio,Auto,2016-08,18,386380.0686230402
mixto,Loss Incurred,month,cumulative,Synthetic,Portfolio,Auto,2016-08,19,384413.7932874741
mixto,Loss Incurred,month,cumulative,Synthetic,Portfolio,Auto,2016-08,20,382504.57112843177
mixto,Loss Incurred,month,cumulative,Synthetic,Portfolio,Auto,2016-08,21,380660.83880067285
mixto,Loss Incurred,month,cumulative,Synthetic,Portfolio,Auto,2016-08,22,378888.6664980555
mixto,Loss Incurred,month,cumulative,Synthetic,Portfolio,Auto,2016-08,23,377192.16779231885
mixto,Loss Incurred,month,cumulative,Synthetic,Portfolio,Auto,2016-08,24,375573.8479005524
mixto,Loss Incurred,month,cumulative,Synthetic,Portfolio,Auto,2016-08,25,374034.8990669928
mixto,Loss Incurred,month,cumulative,Synthetic,Portfolio,Auto,2016-08,26,372575.4505585727
mixto,Loss Incurred,month,cumulative,Synthetic,Portfolio,Auto,2016-08,27,371194.77974655933
mixto,Loss Incurred,month,cumulative,Synthetic,Portfolio,Auto,2016-08,28,369891.4898575329
mixto,Loss Incurred,month,cumulative,Synthetic,Portfolio,Auto,2016-08,29,368663.6592075335
mixto,Loss Incurred,month,cumulative,Synthetic,Portfolio,Auto,2016-08,30,367508.96606751764
mixto,Loss Incurred,month,cumulative,Synthetic,Portfolio,Auto,2016-08,31,366424.79273251165
mixto,Loss Incurred,month,cumulative,Synthetic,Portfolio,Auto,2016-08,32,365408.3118690372
mixto,Loss Incurred,month,cumulative,Synthetic,Portfolio,Auto,2016-08,33,364456.5577850963
mixto,Loss Incurred,month,cumulative,Synthetic,Portfolio,Auto,2016-08,34,363566.48489524174
mixto,Loss Incurred,month,cumulative,Synthetic,Portfolio,Auto,2016-08,35,362735.01533216797
mixto,Loss Incurred,month,cumulative,Synthetic,Portfolio,Auto,2016-08,36,361959.07737905707
mixto,Loss Incurred,month,cumulative,Synthetic,Portfolio,Auto,2016-08,37,361235.6361577179
mixto,Loss Incurred,month,cumulative,Synthetic,Portfolio,Auto,2016-08,38,360561.717801246
mixto,Loss Incurred,month,cumulative,Synthetic,Portfolio,Auto,2016-08,39,359934.4281620821
mixto,Loss Incurred,month,cumulative,Synthetic,Portfolio,Auto,2016-08,40,359350.9669531245
mixto,Loss Incurred,month,cumulative,Synthetic,Portfolio,Auto,2016-08,41,358808.63808761357
mixto,Loss Incurred,month,cumulative,Synthetic,Portfolio,Auto,2016-08,42,358304.8568699867
mixto,Loss Incurred,month,cumulative,Synthetic,Portfolio,Auto,2016-08,43,357837.15459228546
mixto,Loss Incurred,month,cumulative,Synthetic,Portfolio,Auto,2016-08,44,357403.1810068281
mixto,Loss Incurred,month,cumulative,Synthetic,Portfolio,Auto,2016-08,45,357000.7050738609
mixto,Loss Incurred,month,cumulative,Synthetic,Portfolio,Auto,2016-08,46,356627.6143211473
mixto,Loss Incurred,month,cumulative,Synthetic,Portfolio,Auto,2016-08,47,356281.91309953784
mixto,Loss Incurred,month,cumulative,Synthetic,Portfolio,Auto,2016-08,48,355961.719973274
mixto,Loss Incurred,month,cumulative,Synthetic,Portfolio,Auto,2016-08,49,355665.2644450571
mixto,Loss Incurred,month,cumulative,Synthetic,Portfolio,Auto,2016-08,50,355390.88318285014
mixto,Loss Incurred,month,cumulative,Synthetic,Portfolio,Auto,2016-08,51,355137.01588719327
mixto,Loss Incurred,month,cumulative,Synthetic,Portfolio,Auto,2016-08,52,354902.2009138132
mixto,Loss Incurred,month,cumulative,Synthetic,Portfolio,Auto,2016-08,53,354685.07074591296
mixto,Loss Incurred,month,cumulative,Synthetic,Portfolio,Auto,2016-08,54,354484.34739322716
mixto,Loss Incurred,month,cumulative,Synthetic,Portfolio,Auto,2016-08,55,354298.8377802861
mixto,Loss Incurred,month,cumulative,Synthetic,Portfolio,Auto,2016-08,56,354127.42917396256
mixto,Loss Incurred,month,cumulative,Synthetic,Portfolio,Auto,2016-08,57,353969.0846899644
mixto,Loss Incurred,month,cumulative,Synthetic,Portfolio,Auto,2016-08,58,353822.8389091846
mixto,Loss Incurred,month,cumulative,Synthetic,Portfolio,Auto,2016-08,59,353687.79362750484
mixto,Loss Incurred,month,cumulative,Synthetic,Portfolio,Auto,2016-08,60,353563.1137565478
mixto,Loss Incurred,month,cumulative,Synthetic,Portfolio,Auto,2016-08,61,353448.0233878032
mixto,Loss Incurred,month,cumulative,Synthetic,Portfolio,Auto,2016-08,62,353341.80202837795
mixto,Loss Incurred,month,cumulative,Synthetic,Portfolio,Auto,2016-08,63,353243.7810131859
mixto,Loss Incurred,month,cumulative,Synthetic,Portfolio,Auto,2016-08,64,353153.34009559685
mixto,Loss Incurred,month,cumulative,Synthetic,Portfolio,Auto,2016-08,65,353069.9042163068
mixto,Loss Incurred,month,cumulative,Synthetic,Portfolio,Auto,2016-08,66,352992.94044838916
mixto,Loss Incurred,month,cumulative,Synthetic,Portfolio,Auto,2016-08,67,352921.9551150601
mixto,Loss Incurred,month,cumulative,Synthetic,Portfolio,Auto,2016-08,68,352856.49107559246
mixto,Loss Incurred,month,cumulative,Synthetic,Portfolio,Auto,2016-08,69,352796.12517397606
mixto,Loss Incurred,month,cumulative,Synthetic,Portfolio,Auto,2016-08,70,352740.46584431257
mixto,Loss Incurred,month,cumulative,Synthetic,Portfolio,Auto,2016-08,71,352689.15086650284
mixto,Loss Incurred,month,cumulative,Synthetic,Portfolio,Auto,2016-08,72,352641.84526551474
mixto,Loss Incurred,month,cumulative,Synthetic,Portfolio,Auto,2016-08,73,352598.239347364
mixto,Loss Incurred,month,cumulative,Synthetic,Portfolio,Auto,2016-08,74,352558.046864897
mixto,Loss Incurred,month,cumulative,Synthetic,Portfolio,Auto,2016-08,75,352521.0033064934
mixto,Loss Incurred,month,cumulative,Synthetic,Portfolio,Auto,2016-08,76,352486.8643009064
mixto,Loss Incurred,month,cumulative,Synthetic,Portfolio,Auto,2016-08,77,352455.4041316067
mixto,Loss Incurred,month,cumulative,Synthetic,Portfolio,Auto,2016-08,78,352426.4143541837
mixto,Loss Incurred,month,cumulative,Synthetic,Portfolio,Auto,2016-08,79,352399.7025105753
mixto,Loss Incurred,month,cumulative,Synthetic,Portfolio,Auto,2016-08,80,352375.0909341366
mixto,Loss Incurred,month,cumulative,Synthetic,Portfolio,Auto,2016-08,81,352352.415639809
mixto,Loss Incurred,month,cumulative,Synthetic,Portfolio,Auto,2016-08,82,352331.5252939174
mixto,Loss Incurred,month,cumulative,Synthetic,Portfolio,Auto,2016-08,83,352312.2802583852
mixto,Loss Incurred,month,cumulative,Synthetic,Portfolio,Auto,2016-08,84,352294.5517044278
mixto,Loss Incurred,month,cumulative,Synthetic,Portfolio,Auto,2016-08,85,352278.22079104965
mixto,Loss Incurred,month,cumulative,Synthetic,Portfolio,Auto,2016-08,86,352263.17790392874
mixto,Loss Incurred,month,cumulative,Synthetic,Portfolio,Auto,2016-08,87,352249.3219505319
mixto,Loss Incurred,month,cumulative,Synthetic,Portfolio,Auto,2016-08,88,352236.5597075459
mixto,Loss Incurred,month,cumulative,Synthetic,Portfolio,Auto,2016-08,89,352224.8052169509
mixto,Loss Incurred,month,cumulative,Synthetic,Portfolio,Auto,2016-08,90,352213.97922729107
mixto,Loss Incurred,month,cumulative,Synthetic,Portfolio,Auto,2016-08,91,352204.0086769162
mixto,Loss Incurred,month,cumulative,Synthetic,Portfolio,Auto,2016-08,92,352194.82621617394
mixto,Loss Incurred,month,cumulative,Synthetic,Portfolio,Auto,2016-08,93,352186.36976573744
mixto,Loss Incurred,month,cumulative,Synthetic,Portfolio,Auto,2016-08,94,352178.5821084327
mixto,Loss Incurred,month,cumulative,Synthetic,Portfolio,Auto,2016-08,95,352171.41051211464
mixto,Loss Incurred,month,cumulative,Synthetic,Portfolio,Auto,2016-08,96,352164.806381304
mixto,Loss Incurred,month,cumulative,Synthetic,Portfolio,Auto,2016-08,97,352158.7249354595
mixto,Loss Incurred,month,cumulative,Synthetic,Portfolio,Auto,2016-08,98,352153.1249119028
mixto,Loss Incurred,month,cumulative,Synthetic,Portfolio,Auto,2016-08,99,352147.96829155844
mixto,Loss Incurred,month,cumulative,Synthetic,Portfolio,Auto,2016-08,100,352143.22004579817
mixto,Loss Incurred,month,cumulative,Synthetic,Portfolio,Auto,2016-08,101,352138.84790280333
mixto,Loss Incurred,month,cumulative,Synthetic,Portfolio,Auto,2016-08,102,352134.8221319717
mixto,Loss Incurred,month,cumulative,Synthetic,Portfolio,Auto,2016-08,103,352131.1153450037
mixto,Loss Incurred,month,cumulative,Synthetic,Portfolio,Auto,2016-08,104,352127.7023124012
mixto,Loss Incurred,month,cumulative,Synthetic,Portfolio,Auto,2016-08,105,352124.5597942055
mixto,Loss Incurred,month,cumulative,Synthetic,Portfolio,Auto,2016-08,106,352121.6663838878
mixto,Loss Incurred,month,cumulative,Synthetic,Portfolio,Auto,2016-08,107,352119.00236438686
mixto,Loss Incurred,month,cumulative,Synthetic,Portfolio,Auto,2016-08,108,352116.54957535956
mixto,Loss Incurred,month,cumulative,Synthetic,Portfolio,Auto,2016-08,109,352114.2912907863
mixto,Loss Incurred,month,cumulative,Synthetic,Portfolio,Auto,2016-08,110,352112.21210613125
mixto,Loss Incurred,month,cumulative,Synthetic,Portfolio,Auto,2016-08,111,352110.2978343214
mixto,Loss Incurred,month,cumulative,Synthetic,Portfolio,Auto,2016-08,112,352108.5354098628
mixto,Loss Incurred,month,cumulative,Synthetic,Portfolio,Auto,2016-09,0,183712.60993568038
mixto,Loss Incurred,month,cumulative,Synthetic,Portfolio,Auto,2016-09,1,204417.2228263122
mixto,Loss Incurred,month,cumulative,Synthetic,Portfolio,Auto,2016-09,2,222308.64167041887
mixto,Loss Incurred,month,cumulative,Synthetic,Portfolio,Auto,2016-09,3,237769.1030635459
mixto,Loss Incurred,month,cumulative,Synthetic,Portfolio,Auto,2016-09,4,251128.9080388291
mixto,Loss Incurred,month,cumulative,Synthetic,Portfolio,Auto,2016-09,5,262673.4786980817
mixto,Loss Incurred,month,cumulative,Synthetic,Portfolio,Auto,2016-09,6,272649.456038548
mixto,Loss Incurred,month,cumulative,Synthetic,Portfolio,Auto,2016-09,7,281269.9692507685
mixto,Loss Incurred,month,cumulative,Synthetic,Portfolio,Auto,2016-09,8,288719.18906210706
mixto,Loss Incurred,month,cumulative,Synthetic,Portfolio,Auto,2016-09,9,295156.262404675
mixto,Loss Incurred,month,cumulative,Synthetic,Portfolio,Auto,2016-09,10,300718.71246884536
mixto,Loss Incurred,month,cumulative,Synthetic,Portfolio,Auto,2016-09,11,305525.3767819236
mixto,Loss Incurred,month,cumulative,Synthetic,Portfolio,Auto,2016-09,12,309678.9460817975
mixto,Loss Incurred,month,cumulative,Synthetic,Portfolio,Auto,2016-09,13,313268.1582266761
mixto,Loss Incurred,month,cumulative,Synthetic,Portfolio,Auto,2016-09,14,316369.69401213544
mixto,Loss Incurred,month,cumulative,Synthetic,Portfolio,Auto,2016-09,15,319049.81539816473
mixto,Loss Incurred,month,cumulative,Synthetic,Portfolio,Auto,2016-09,16,321365.7811456911
mixto,Loss Incurred,month,cumulative,Synthetic,Portfolio,Auto,2016-09,17,323367.0701065848
mixto,Loss Incurred,month,cumulative,Synthetic,Portfolio,Auto,2016-09,18,325096.4383018066
mixto,Loss Incurred,month,cumulative,Synthetic,Portfolio,Auto,2016-09,19,322917.10692438646
mixto,Loss Incurred,month,cumulative,Synthetic,Portfolio,Auto,2016-09,20,320850.25412453274
mixto,Loss Incurred,month,cumulative,Synthetic,Portfolio,Auto,2016-09,21,318896.36887801875
mixto,Loss Incurred,month,cumulative,Synthetic,Portfolio,Auto,2016-09,22,317054.5191295796
mixto,Loss Incurred,month,cumulative,Synthetic,Portfolio,Auto,2016-09,23,315322.66121460166
mixto,Loss Incurred,month,cumulative,Synthetic,Portfolio,Auto,2016-09,24,313697.8972465062
mixto,Loss Incurred,month,cumulative,Synthetic,Portfolio,Auto,2016-09,25,312176.68839808676
mixto,Loss Incurred,month,cumulative,Synthetic,Portfolio,Auto,2016-09,26,310755.03085411555
mixto,Loss Incurred,month,cumulative,Synthetic,Portfolio,Auto,2016-09,27,309428.600224302
mixto,Loss Incurred,month,cumulative,Synthetic,Portfolio,Auto,2016-09,28,308192.8693575161
mixto,Loss Incurred,month,cumulative,Synthetic,Portfolio,Auto,2016-09,29,307043.20377055154
mixto,Loss Incurred,month,cumulative,Synthetic,Portfolio,Auto,2016-09,30,305974.9382807685
mixto,Loss Incurred,month,cumulative,Synthetic,Portfolio,Auto,2016-09,31,304983.43789721484
mixto,Loss Incurred,month,cumulative,Synthetic,Portfolio,Auto,2016-09,32,304064.1455667847
mixto,Loss Incurred,month,cumulative,Synthetic,Portfolio,Auto,2016-09,33,303212.61897985655
mixto,Loss Incurred,month,cumulative,Synthetic,Portfolio,Auto,2016-09,34,302424.5583043974
mixto,Loss Incurred,month,cumulative,Synthetic,Portfolio,Auto,2016-09,35,301695.82643072447
mixto,Loss Incurred,month,cumulative,Synthetic,Portfolio,Auto,2016-09,36,301022.4630641102
mixto,Loss Incurred,month,cumulative,Synthetic,Portfolio,Auto,2016-09,37,300400.6937932841
mixto,Loss Incurred,month,cumulative,Synthetic,Portfolio,Auto,2016-09,38,299826.93508451775
mixto,Loss Incurred,month,cumulative,Synthetic,Portfolio,Auto,2016-09,39,299297.7959990101
mixto,Loss Incurred,month,cumulative,Synthetic,Portfolio,Auto,2016-09,40,298810.0773019343
mixto,Loss Incurred,month,cumulative,Synthetic,Portfolio,Auto,2016-09,41,298360.768521529
mixto,Loss Incurred,month,cumulative,Synthetic,Portfolio,Auto,2016-09,42,297947.0434232305
mixto,Loss Incurred,month,cumulative,Synthetic,Portfolio,Auto,2016-09,43,297566.2542846464
mixto,Loss Incurred,month,cumulative,Synthetic,Portfolio,Auto,2016-09,44,297215.92529010936
mixto,Loss Incurred,month,cumulative,Synthetic,Portfolio,Auto,2016-09,45,296893.74530686624
mixto,Loss Incurred,month,cumulative,Synthetic,Portfolio,Auto,2016-09,46,296597.56025711226
mixto,Loss Incurred,month,cumulative,Synthetic,Portfolio,Auto,2016-09,47,296325.3652597958
mixto,Loss Incurred,month,cumulative,Synthetic,Portfolio,Auto,2016-09,48,296075.2966822683
mixto,Loss Incurred,month,cumulative,Synthetic,Portfolio,Auto,2016-09,49,295845.62421347137
mixto,Loss Incurred,month,cumulative,Synthetic,Portfolio,Auto,2016-09,50,295634.74304664327
mixto,Loss Incurred,month,cumulative,Synthetic,Portfolio,Auto,2016-09,51,295441.1662397604
mixto,Loss Incurred,month,cumulative,Synthetic,Portfolio,Auto,2016-09,52,295263.517305525
mixto,Loss Incurred,month,cumulative,Synthetic,Portfolio,Auto,2016-09,53,295100.52306914655
mixto,Loss Incurred,month,cumulative,Synthetic,Portfolio,Auto,2016-09,54,294951.0068210043
mixto,Loss Incurred,month,cumulative,Synthetic,Portfolio,Auto,2016-09,55,294813.8817821451
mixto,Loss Incurred,month,cumulative,Synthetic,Portfolio,Auto,2016-09,56,294688.14489315
mixto,Loss Incurred,month,cumulative,Synthetic,Portfolio,Auto,2016-09,57,294572.8709309139
mixto,Loss Incurred,month,cumulative,Synthetic,Portfolio,Auto,2016-09,58,294467.2069531034
mixto,Loss Incurred,month,cumulative,Synthetic,Portfolio,Auto,2016-09,59,294370.36706628284
mixto,Loss Incurred,month,cumulative,Synthetic,Portfolio,Auto,2016-09,60,294281.62751076266
mixto,Loss Incurred,month,cumulative,Synthetic,Portfolio,Auto,2016-09,61,294200.3220529888
mixto,Loss Incurred,month,cumulative,Synthetic,Portfolio,Auto,2016-09,62,294125.8376746318
mixto,Loss Incurred,month,cumulative,Synthetic,Portfolio,Auto,2016-09,63,294057.6105463481
mixto,Loss Incurred,month,cumulative,Synthetic,Portfolio,Auto,2016-09,64,293995.1222733932
mixto,Loss Incurred,month,cumulative,Synthetic,Portfolio,Auto,2016-09,65,293937.89639978425
mixto,Loss Incurred,month,cumulative,Synthetic,Portfolio,Auto,2016-09,66,293885.49515748996
mixto,Loss Incurred,month,cumulative,Synthetic,Portfolio,Auto,2016-09,67,293837.51644710696
mixto,Loss Incurred,month,cumulative,Synthetic,Portfolio,Auto,2016-09,68,293793.59103662113
mixto,Loss Incurred,month,cumulative,Synthetic,Portfolio,Auto,2016-09,69,293753.37996512995
mixto,Loss Incurred,month,cumulative,Synthetic,Portfolio,Auto,2016-09,70,293716.57213876117
mixto,Loss Incurred,month,cumulative,Synthetic,Portfolio,Auto,2016-09,71,293682.8821064637
mixto,Loss Incurred,month,cumulative,Synthetic,Portfolio,Auto,2016-09,72,293652.0480038397
mixto,Loss Incurred,month,cumulative,Synthetic,Portfolio,Auto,2016-09,73,293623.82965370617
mixto,Loss Incurred,month,cumulative,Synthetic,Portfolio,Auto,2016-09,74,293598.00681262725
mixto,Loss Incurred,month,cumulative,Synthetic,Portfolio,Auto,2016-09,75,293574.3775532102
mixto,Loss Incurred,month,cumulative,Synthetic,Portfolio,Auto,2016-09,76,293552.7567725227
mixto,Loss Incurred,month,cumulative,Synthetic,Portfolio,Auto,2016-09,77,293532.9748175398
mixto,Loss Incurred,month,cumulative,Synthetic,Portfolio,Auto,2016-09,78,293514.8762190752
mixto,Loss Incurred,month,cumulative,Synthetic,Portfolio,Auto,2016-09,79,293498.3185261784
mixto,Loss Incurred,month,cumulative,Synthetic,Portfolio,Auto,2016-09,80,293483.1712334959
mixto,Loss Incurred,month,cumulative,Synthetic,Portfolio,Auto,2016-09,81,293469.3147945801
mixto,Loss Incurred,month,cumulative,Synthetic,Portfolio,Auto,2016-09,82,293456.6397146056
mixto,Loss Incurred,month,cumulative,Synthetic,Portfolio,Auto,2016-09,83,293445.04571639677
mixto,Loss Incurred,month,cumulative,Synthetic,Portfolio,Auto,2016-09,84,293434.44097409764
mixto,Loss Incurred,month,cumulative,Synthetic,Portfolio,Auto,2016-09,85,293424.74140921526
mixto,Loss Incurred,month,cumulative,Synthetic,Portfolio,Auto,2016-09,86,293415.870044148
mixto,Loss Incurred,month,cumulative,Synthetic,Portfolio,Auto,2016-09,87,293407.7564086658
mixto,Loss Incurred,month,cumulative,Synthetic,Portfolio,Auto,2016-09,88,293400.3359951434
mixto,Loss Incurred,month,cumulative,Synthetic,Portfolio,Auto,2016-09,89,293393.5497586627
mixto,Loss Incurred,month,cumulative,Synthetic,Portfolio,Auto,2016-09,90,293387.3436583891
mixto,Loss Incurred,month,cumulative,Synthetic,Portfolio,Auto,2016-09,91,293381.66823690524
mixto,Loss Incurred,month,cumulative,Synthetic,Portfolio,Auto,2016-09,92,293376.478234434
mixto,Loss Incurred,month,cumulative,Synthetic,Portfolio,Auto,2016-09,93,293371.732235125
mixto,Loss Incurred,month,cumulative,Synthetic,Portfolio,Auto,2016-09,94,293367.39234279527
mixto,Loss Incurred,month,cumulative,Synthetic,Portfolio,Auto,2016-09,95,293363.42388371995
mixto,Loss Incurred,month,cumulative,Synthetic,Portfolio,Auto,2016-09,96,293359.7951342579
mixto,Loss Incurred,month,cumulative,Synthetic,Portfolio,Auto,2016-09,97,293356.4770712746
mixto,Loss Incurred,month,cumulative,Synthetic,Portfolio,Auto,2016-09,98,293353.44314348465
mixto,Loss Incurred,month,cumulative,Synthetic,Portfolio,Auto,2016-09,99,293350.6690619863
mixto,Loss Incurred,month,cumulative,Synthetic,Portfolio,Auto,2016-09,100,293348.13260840205
mixto,Loss Incurred,month,cumulative,Synthetic,Portfolio,Auto,2016-09,101,293345.8134591642
mixto,Loss Incurred,month,cumulative,Synthetic,Portfolio,Auto,2016-09,102,293343.69302460435
mixto,Loss Incurred,month,cumulative,Synthetic,Portfolio,Auto,2016-09,103,293341.75430161465
mixto,Loss Incurred,month,cumulative,Synthetic,Portfolio,Auto,2016-09,104,293339.9817387488
mixto,Loss Incurred,month,cumulative,Synthetic,Portfolio,Auto,2016-09,105,293338.3611127229
mixto,Loss Incurred,month,cumulative,Synthetic,Portfolio,Auto,2016-09,106,293336.879415364
mixto,Loss Incurred,month,cumulative,Synthetic,Portfolio,Auto,2016-09,107,293335.5247501285
mixto,Loss Incurred,month,cumulative,Synthetic,Portfolio,Auto,2016-09,108,293334.28623738984
mixto,Loss Incurred,month,cumulative,Synthetic,Portfolio,Auto,2016-09,109,293333.15392775566
mixto,Loss Incurred,month,cumulative,Synthetic,Portfolio,Auto,2016-09,110,293332.11872274213
mixto,Loss Incurred,month,cumulative,Synthetic,Portfolio,Auto,2016-09,111,293331.1723021831
mixto,Loss Incurred,month,cumulative,Synthetic,Portfolio,Auto,2016-10,0,222972.23556595444
mixto,Loss Incurred,month,cumulative,Synthetic,Portfolio,Auto,2016-10,1,250206.08492435495
mixto,Loss Incurred,month,cumulative,Synthetic,Portfolio,Auto,2016-10,2,273468.7992265005
mixto,Loss Incurred,month,cumulative,Synthetic,Portfolio,Auto,2016-10,3,293339.4340964229
mixto,Loss Incurred,month,cumulative,Synthetic,Portfolio,Auto,2016-10,4,310312.6094965678
mixto,Loss Incurred,month,cumulative,Synthetic,Portfolio,Auto,2016-10,5,324810.8218108687
mixto,Loss Incurred,month,cumulative,Synthetic,Portfolio,Auto,2016-10,6,337194.96062727127
mixto,Loss Incurred,month,cumulative,Synthetic,Portfolio,Auto,2016-10,7,347773.29200352315
mixto,Loss Incurred,month,cumulative,Synthetic,Portfolio,Auto,2016-10,8,356809.1318277331
mixto,Loss Incurred,month,cumulative,Synthetic,Portfolio,Auto,2016-10,9,364527.40027903847
mixto,Loss Incurred,month,cumulative,Synthetic,Portfolio,Auto,2016-10,10,371120.2205420541
mixto,Loss Incurred,month,cumulative,Synthetic,Portfolio,Auto,2016-10,11,376751.70113833726
mixto,Loss Incurred,month,cumulative,Synthetic,Portfolio,Auto,2016-10,12,381562.02091669064
mixto,Loss Incurred,month,cumulative,Synthetic,Portfolio,Auto,2016-10,13,385670.91838590853
mixto,Loss Incurred,month,cumulative,Synthetic,Portfolio,Auto,2016-10,14,389180.67224645644
mixto,Loss Incurred,month,cumulative,Synthetic,Portfolio,Auto,2016-10,15,392178.6473124966
mixto,Loss Incurred,month,cumulative,Synthetic,Portfolio,Auto,2016-10,16,394739.4691973668
mixto,Loss Incurred,month,cumulative,Synthetic,Portfolio,Auto,2016-10,17,396926.881894795
mixto,Loss Incurred,month,cumulative,Synthetic,Portfolio,Auto,2016-10,18,398795.3344947748
mixto,Loss Incurred,month,cumulative,Synthetic,Portfolio,Auto,2016-10,19,397360.9932270416
mixto,Loss Incurred,month,cumulative,Synthetic,Portfolio,Auto,2016-10,20,395927.00415081833
mixto,Loss Incurred,month,cumulative,Synthetic,Portfolio,Auto,2016-10,21,394509.3753423824
mixto,Loss Incurred,month,cumulative,Synthetic,Portfolio,Auto,2016-10,22,393120.54545088566
mixto,Loss Incurred,month,cumulative,Synthetic,Portfolio,Auto,2016-10,23,391769.9991816507
mixto,Loss Incurred,month,cumulative,Synthetic,Portfolio,Auto,2016-10,24,390464.7857250128
mixto,Loss Incurred,month,cumulative,Synthetic,Portfolio,Auto,2016-10,25,389209.95484482555
mixto,Loss Incurred,month,cumulative,Synthetic,Portfolio,Auto,2016-10,26,388008.9231519685
mixto,Loss Incurred,month,cumulative,Synthetic,Portfolio,Auto,2016-10,27,386863.7812218953
mixto,Loss Incurred,month,cumulative,Synthetic,Portfolio,Auto,2016-10,28,385775.5506241665
mixto,Loss Incurred,month,cumulative,Synthetic,Portfolio,Auto,2016-10,29,384744.3985756632
mixto,Loss Incurred,month,cumulative,Synthetic,Portfolio,Auto,2016-10,30,383769.8167732968
mixto,Loss Incurred,month,cumulative,Synthetic,Portfolio,Auto,2016-10,31,382850.76997712144
mixto,Loss Incurred,month,cumulative,Synthetic,Portfolio,Auto,2016-10,32,381985.819075682
mixto,Loss Incurred,month,cumulative,Synthetic,Portfolio,Auto,2016-10,33,381173.22265076556
mixto,Loss Incurred,month,cumulative,Synthetic,Portfolio,Auto,2016-10,34,380411.0204501744
mixto,Loss Incurred,month,cumulative,Synthetic,Portfolio,Auto,2016-10,35,379697.10165906645
mixto,Loss Incurred,month,cumulative,Synthetic,Portfolio,Auto,2016-10,36,379029.26041950914
mixto,Loss Incurred,month,cumulative,Synthetic,Portfolio,Auto,2016-10,37,378405.2406727688
mixto,Loss Incurred,month,cumulative,Synthetic,Portfolio,Auto,2016-10,38,377822.77207981475
mixto,Loss Incurred,month,cumulative,Synthetic,Portfolio,Auto,2016-10,39,377279.59850426926
mixto,Loss Incurred,month,cumulative,Synthetic,Portfolio,Auto,2016-10,40,376773.5003115092
mixto,Loss Incurred,month,cumulative,Synthetic,Portfolio,Auto,2016-10,41,376302.3115418054
mixto,Loss Incurred,month,cumulative,Synthetic,Portfolio,Auto,2016-10,42,375863.9328491135
mixto,Loss Incurred,month,cumulative,Synthetic,Portfolio,Auto,2016-10,43,375456.3409560305
mixto,Loss Incurred,month,cumulative,Synthetic,Portfolio,Auto,2016-10,44,375077.5952557597
mixto,Loss Incurred,month,cumulative,Synthetic,Portfolio,Auto,2016-10,45,374725.84209049074
mixto,Loss Incurred,month,cumulative,Synthetic,Portfolio,Auto,2016-10,46,374399.31714968366
mixto,Loss Incurred,month,cumulative,Synthetic,Portfolio,Auto,2016-10,47,374096.34635902673
mixto,Loss Incurred,month,cumulative,Synthetic,Portfolio,Auto,2016-10,48,373815.3455693439
mixto,Loss Incurred,month,cumulative,Synthetic,Portfolio,Auto,2016-10,49,373554.8193027687
mixto,Loss Incurred,month,cumulative,Synthetic,Portfolio,Auto,2016-10,50,373313.35876964754
mixto,Loss Incurred,month,cumulative,Synthetic,Portfolio,Auto,2016-10,51,373089.63933266606
mixto,Loss Incurred,month,cumulative,Synthetic,Portfolio,Auto,2016-10,52,372882.4175635592
mixto,Loss Incurred,month,cumulative,Synthetic,Portfolio,Auto,2016-10,53,372690.52801158786
mixto,Loss Incurred,month,cumulative,Synthetic,Portfolio,Auto,2016-10,54,372512.87978099304
mixto,Loss Incurred,month,cumulative,Synthetic,Portfolio,Auto,2016-10,55,372348.4529962128
mixto,Loss Incurred,month,cumulative,Synthetic,Portfolio,Auto,2016-10,56,372196.2952182483
mixto,Loss Incurred,month,cumulative,Synthetic,Portfolio,Auto,2016-10,57,372055.5178627012
mixto,Loss Incurred,month,cumulative,Synthetic,Portfolio,Auto,2016-10,58,371925.2926593025
mixto,Loss Incurred,month,cumulative,Synthetic,Portfolio,Auto,2016-10,59,371804.84818386333
mixto,Loss Incurred,month,cumulative,Synthetic,Portfolio,Auto,2016-10,60,371693.4664862255
mixto,Loss Incurred,month,cumulative,Synthetic,Portfolio,Auto,2016-10,61,371590.4798317243
mixto,Loss Incurred,month,cumulative,Synthetic,Portfolio,Auto,2016-10,62,371495.26756869873
mixto,Loss Incurred,month,cumulative,Synthetic,Portfolio,Auto,2016-10,63,371407.25313052174
mixto,Loss Incurred,month,cumulative,Synthetic,Portfolio,Auto,2016-10,64,371325.9011773185
mixto,Loss Incurred,month,cumulative,Synthetic,Portfolio,Auto,2016-10,65,371250.7148798849
mixto,Loss Incurred,month,cumulative,Synthetic,Portfolio,Auto,2016-10,66,371181.23334618926
mixto,Loss Incurred,month,cumulative,Synthetic,Portfolio,Auto,2016-10,67,371117.0291891614
mixto,Loss Incurred,month,cumulative,Synthetic,Portfolio,Auto,2016-10,68,371057.70623316296
mixto,Loss Incurred,month,cumulative,Synthetic,Portfolio,Auto,2016-10,69,371002.8973555287
mixto,Loss Incurred,month,cumulative,Synthetic,Portfolio,Auto,2016-10,70,370952.26245881594
mixto,Loss Incurred,month,cumulative,Synthetic,Portfolio,Auto,2016-10,71,370905.4865688579
mixto,Loss Incurred,month,cumulative,Synthetic,Portfolio,Auto,2016-10,72,370862.278053343
mixto,Loss Incurred,month,cumulative,Synthetic,Portfolio,Auto,2016-10,73,370822.3669554048
mixto,Loss Incurred,month,cumulative,Synthetic,Portfolio,Auto,2016-10,74,370785.5034365864
mixto,Loss Incurred,month,cumulative,Synthetic,Portfolio,Auto,2016-10,75,370751.4563235076
mixto,Loss Incurred,month,cumulative,Synthetic,Portfolio,Auto,2016-10,76,370720.01175259904
mixto,Loss Incurred,month,cumulative,Synthetic,Portfolio,Auto,2016-10,77,370690.9719073608
mixto,Loss Incurred,month,cumulative,Synthetic,Portfolio,Auto,2016-10,78,370664.1538427378
mixto,Loss Incurred,month,cumulative,Synthetic,Portfolio,Auto,2016-10,79,370639.3883913683
mixto,Loss Incurred,month,cumulative,Synthetic,Portfolio,Auto,2016-10,80,370616.519146658
mixto,Loss Incurred,month,cumulative,Synthetic,Portfolio,Auto,2016-10,81,370595.4015178321
mixto,Loss Incurred,month,cumulative,Synthetic,Portfolio,Auto,2016-10,82,370575.90185234137
mixto,Loss Incurred,month,cumulative,Synthetic,Portfolio,Auto,2016-10,83,370557.89662121574
mixto,Loss Incurred,month,cumulative,Synthetic,Portfolio,Auto,2016-10,84,370541.2716631898
mixto,Loss Incurred,month,cumulative,Synthetic,Portfolio,Auto,2016-10,85,370525.9214836454
mixto,Loss Incurred,month,cumulative,Synthetic,Portfolio,Auto,2016-10,86,370511.7486046388
mixto,Loss Incurred,month,cumulative,Synthetic,Portfolio,Auto,2016-10,87,370498.6629624983
mixto,Loss Incurred,month,cumulative,Synthetic,Portfolio,Auto,2016-10,88,370486.5813496851
mixto,Loss Incurred,month,cumulative,Synthetic,Portfolio,Auto,2016-10,89,370475.4268978156
mixto,Loss Incurred,month,cumulative,Synthetic,Portfolio,Auto,2016-10,90,370465.12859893683
mixto,Loss Incurred,month,cumulative,Synthetic,Portfolio,Auto,2016-10,91,370455.62086233275
mixto,Loss Incurred,month,cumulative,Synthetic,Portfolio,Auto,2016-10,92,370446.8431043165
mixto,Loss Incurred,month,cumulative,Synthetic,Portfolio,Auto,2016-10,93,370438.7393686333
mixto,Loss Incurred,month,cumulative,Synthetic,Portfolio,Auto,2016-10,94,370431.2579752544
mixto,Loss Incurred,month,cumulative,Synthetic,Portfolio,Auto,2016-10,95,370424.35119549854
mixto,Loss Incurred,month,cumulative,Synthetic,Portfolio,Auto,2016-10,96,370417.9749515537
mixto,Loss Incurred,month,cumulative,Synthetic,Portfolio,Auto,2016-10,97,370412.0885386098
mixto,Loss Incurred,month,cumulative,Synthetic,Portfolio,Auto,2016-10,98,370406.654367934
mixto,Loss Incurred,month,cumulative,Synthetic,Portfolio,Auto,2016-10,99,370401.63772934285
mixto,Loss Incurred,month,cumulative,Synthetic,Portfolio,Auto,2016-10,100,370397.0065716311
mixto,Loss Incurred,month,cumulative,Synthetic,Portfolio,Auto,2016-10,101,370392.73129962134
mixto,Loss Incurred,month,cumulative,Synthetic,Portfolio,Auto,2016-10,102,370388.784586596
mixto,Loss Incurred,month,cumulative,Synthetic,Portfolio,Auto,2016-10,103,370385.14120096184
mixto,Loss Incurred,month,cumulative,Synthetic,Portfolio,Auto,2016-10,104,370381.777846079
mixto,Loss Incurred,month,cumulative,Synthetic,Portfolio,Auto,2016-10,105,370378.67301226803
mixto,Loss Incurred,month,cumulative,Synthetic,Portfolio,Auto,2016-10,106,370375.8068400791
mixto,Loss Incurred,month,cumulative,Synthetic,Portfolio,Auto,2016-10,107,370373.1609939725
mixto,Loss Incurred,month,cumulative,Synthetic,Portfolio,Auto,2016-10,108,370370.7185456278
mixto,Loss Incurred,month,cumulative,Synthetic,Portfolio,Auto,2016-10,109,370368.4638661518
mixto,Loss Incurred,month,cumulative,Synthetic,Portfolio,Auto,2016-10,110,370366.3825265132
mixto,Loss Incurred,month,cumulative,Synthetic,Portfolio,Auto,2016-11,0,192473.54032811473
mixto,Loss Incurred,month,cumulative,Synthetic,Portfolio,Auto,2016-11,1,216392.9057729598
mixto,Loss Incurred,month,cumulative,Synthetic,Portfolio,Auto,2016-11,2,236823.15522562165
mixto,Loss Incurred,month,cumulative,Synthetic,Portfolio,Auto,2016-11,3,254273.24576671261
mixto,Loss Incurred,month,cumulative,Synthetic,Portfolio,Auto,2016-11,4,269177.89294675965
mixto,Loss Incurred,month,cumulative,Synthetic,Portfolio,Auto,2016-11,5,281908.4003924702
mixto,Loss Incurred,month,cumulative,Synthetic,Portfolio,Auto,2016-11,6,292781.9096991683
mixto,Loss Incurred,month,cumulative,Synthetic,Portfolio,Auto,2016-11,7,302069.3010421338
mixto,Loss Incurred,month,cumulative,Synthetic,Portfolio,Auto,2016-11,8,310001.9413263755
mixto,Loss Incurred,month,cumulative,Synthetic,Portfolio,Auto,2016-11,9,316777.44798431743
mixto,Loss Incurred,month,cumulative,Synthetic,Portfolio,Auto,2016-11,10,322564.61200876086
mixto,Loss Incurred,month,cumulative,Synthetic,Portfolio,Auto,2016-11,11,327507.6028634088
mixto,Loss Incurred,month,cumulative,Synthetic,Portfolio,Auto,2016-11,12,331729.5600234156
mixto,Loss Incurred,month,cumulative,Synthetic,Portfolio,Auto,2016-11,13,335335.66061819455
mixto,Loss Incurred,month,cumulative,Synthetic,Portfolio,Auto,2016-11,14,338415.73959740525
mixto,Loss Incurred,month,cumulative,Synthetic,Portfolio,Auto,2016-11,15,341046.5276935308
mixto,Loss Incurred,month,cumulative,Synthetic,Portfolio,Auto,2016-11,16,343293.5629330263
mixto,Loss Incurred,month,cumulative,Synthetic,Portfolio,Auto,2016-11,17,345212.82331548375
mixto,Loss Incurred,month,cumulative,Synthetic,Portfolio,Auto,2016-11,18,346852.12133401335
mixto,Loss Incurred,month,cumulative,Synthetic,Portfolio,Auto,2016-11,19,345387.19287809345
mixto,Loss Incurred,month,cumulative,Synthetic,Portfolio,Auto,2016-11,20,343952.7099631916
mixto,Loss Incurred,month,cumulative,Synthetic,Portfolio,Auto,2016-11,21,342559.2415003985
mixto,Loss Incurred,month,cumulative,Synthetic,Portfolio,Auto,2016-11,22,341214.58520222397
mixto,Loss Incurred,month,cumulative,Synthetic,Portfolio,Auto,2016-11,23,339924.27253001794
mixto,Loss Incurred,month,cumulative,Synthetic,Portfolio,Auto,2016-11,24,338691.99173506704
mixto,Loss Incurred,month,cumulative,Synthetic,Portfolio,Auto,2016-11,25,337519.9416167904
mixto,Loss Incurred,month,cumulative,Synthetic,Portfolio,Auto,2016-11,26,336409.1267247295
mixto,Loss Incurred,month,cumulative,Synthetic,Portfolio,Auto,2016-11,27,335359.603115502
mixto,Loss Incurred,month,cumulative,Synthetic,Portfolio,Auto,2016-11,28,334370.6824001943
mixto,Loss Incurred,month,cumulative,Synthetic,Portfolio,Auto,2016-11,29,333441.10064645257
mixto,Loss Incurred,month,cumulative,Synthetic,Portfolio,Auto,2016-11,30,332569.1577026828
mixto,Loss Incurred,month,cumulative,Synthetic,Portfolio,Auto,2016-11,31,331752.8316635474
mixto,Loss Incurred,month,cumulative,Synthetic,Portfolio,Auto,2016-11,32,330989.8724744105
mixto,Loss Incurred,month,cumulative,Synthetic,Portfolio,Auto,2016-11,33,330277.8780588146
mixto,Loss Incurred,month,cumulative,Synthetic,Portfolio,Auto,2016-11,34,329614.35583149834
mixto,Loss Incurred,month,cumulative,Synthetic,Portfolio,Auto,2016-11,35,328996.77201625827
mixto,Loss Incurred,month,cumulative,Synthetic,Portfolio,Auto,2016-11,36,328422.590811505
mixto,Loss Incurred,month,cumulative,Synthetic,Portfolio,Auto,2016-11,37,327889.3051267554
mixto,Loss Incurred,month,cumulative,Synthetic,Portfolio,Auto,2016-11,38,327394.4603420798
mixto,Loss Incurred,month,cumulative,Synthetic,Portfolio,Auto,2016-11,39,326935.67231249844
mixto,Loss Incurred,month,cumulative,Synthetic,Portfolio,Auto,2016-11,40,326510.64064433397
mixto,Loss Incurred,month,cumulative,Synthetic,Portfolio,Auto,2016-11,41,326117.1581053616
mixto,Loss Incurred,month,cumulative,Synthetic,Portfolio,Auto,2016-11,42,325753.11689077463
mixto,Loss Incurred,month,cumulative,Synthetic,Portfolio,Auto,2016-11,43,325416.5123487201
mixto,Loss Incurred,month,cumulative,Synthetic,Portfolio,Auto,2016-11,44,325105.4446692009
mixto,Loss Incurred,month,cumulative,Synthetic,Portfolio,Auto,2016-11,45,324818.11895573774
mixto,Loss Incurred,month,cumulative,Synthetic,Portfolio,Auto,2016-11,46,324552.84402799304
mixto,Loss Incurred,month,cumulative,Synthetic,Portfolio,Auto,2016-11,47,324308.0302435631
mixto,Loss Incurred,month,cumulative,Synthetic,Portfolio,Auto,2016-11,48,324082.18657666416
mixto,Loss Incurred,month,cumulative,Synthetic,Portfolio,Auto,2016-11,49,323873.9171490033
mixto,Loss Incurred,month,cumulative,Synthetic,Portfolio,Auto,2016-11,50,323681.9173725264
mixto,Loss Incurred,month,cumulative,Synthetic,Portfolio,Auto,2016-11,51,323504.96983389766
mixto,Loss Incurred,month,cumulative,Synthetic,Portfolio,Auto,2016-11,52,323341.9400256328
mixto,Loss Incurred,month,cumulative,Synthetic,Portfolio,Auto,2016-11,53,323191.7720079877
mixto,Loss Incurred,month,cumulative,Synthetic,Portfolio,Auto,2016-11,54,323053.4840683838
mixto,Loss Incurred,month,cumulative,Synthetic,Portfolio,Auto,2016-11,55,322926.1644307646
mixto,Loss Incurred,month,cumulative,Synthetic,Portfolio,Auto,2016-11,56,322808.96705537476
mixto,Loss Incurred,month,cumulative,Synthetic,Portfolio,Auto,2016-11,57,322701.10755963216
mixto,Loss Incurred,month,cumulative,Synthetic,Portfolio,Auto,2016-11,58,322601.8592826961
mixto,Loss Incurred,month,cumulative,Synthetic,Portfolio,Auto,2016-11,59,322510.54950974125
mixto,Loss Incurred,month,cumulative,Synthetic,Portfolio,Auto,2016-11,60,322426.5558665815
mixto,Loss Incurred,month,cumulative,Synthetic,Portfolio,Auto,2016-11,61,322349.3028909552
mixto,Loss Incurred,month,cumulative,Synthetic,Portfolio,Auto,2016-11,62,322278.2587833121
mixto,Loss Incurred,month,cumulative,Synthetic,Portfolio,Auto,2016-11,63,322212.9323371816
mixto,Loss Incurred,month,cumulative,Synthetic,Portfolio,Auto,2016-11,64,322152.87004704063
mixto,Loss Incurred,month,cumulative,Synthetic,Portfolio,Auto,2016-11,65,322097.65338992875
mixto,Loss Incurred,month,cumulative,Synthetic,Portfolio,Auto,2016-11,66,322046.8962757897
mixto,Loss Incurred,month,cumulative,Synthetic,Portfolio,Auto,2016-11,67,322000.24266058754
mixto,Loss Incurred,month,cumulative,Synthetic,Portfolio,Auto,2016-11,68,321957.36431558535
mixto,Loss Incurred,month,cumulative,Synthetic,Portfolio,Auto,2016-11,69,321917.9587457357
mixto,Loss Incurred,month,cumulative,Synthetic,Portfolio,Auto,2016-11,70,321881.7472498707
mixto,Loss Incurred,month,cumulative,Synthetic,Portfolio,Auto,2016-11,71,321848.47311526566
mixto,Loss Incurred,month,cumulative,Synthetic,Portfolio,Auto,2016-11,72,321817.89993914566
mixto,Loss Incurred,month,cumulative,Synthetic,Portfolio,Auto,2016-11,73,321789.8100697927
mixto,Loss Incurred,month,cumulative,Synthetic,Portfolio,Auto,2016-11,74,321764.0031600651
mixto,Loss Incurred,month,cumulative,Synthetic,Portfolio,Auto,2016-11,75,321740.2948263524
mixto,Loss Incurred,month,cumulative,Synthetic,Portfolio,Auto,2016-11,76,321718.51540622965
mixto,Loss Incurred,month,cumulative,Synthetic,Portfolio,Auto,2016-11,77,321698.50880835566
mixto,Loss Incurred,month,cumulative,Synthetic,Portfolio,Auto,2016-11,78,321680.13144844596
mixto,Loss Incurred,month,cumulative,Synthetic,Portfolio,Auto,2016-11,79,321663.25126545795
mixto,Loss Incurred,month,cumulative,Synthetic,Portfolio,Auto,2016-11,80,321647.74681242846
mixto,Loss Incurred,month,cumulative,Synthetic,Portfolio,Auto,2016-11,81,321633.5064167182
mixto,Loss Incurred,month,cumulative,Synthetic,Portfolio,Auto,2016-11,82,321620.42740471184
mixto,Loss Incurred,month,cumulative,Synthetic,Portfolio,Auto,2016-11,83,321608.4153863308
mixto,Loss Incurred,month,cumulative,Synthetic,Portfolio,Auto,2016-11,84,321597.38359499385
mixto,Loss Incurred,month,cumulative,Synthetic,Portfolio,Auto,2016-11,85,321587.25227894774
mixto,Loss Incurred,month,cumulative,Synthetic,Portfolio,Auto,2016-11,86,321577.9481401507
mixto,Loss Incurred,month,cumulative,Synthetic,Portfolio,Auto,2016-11,87,321569.4038171529
mixto,Loss Incurred,month,cumulative,Synthetic,Portfolio,Auto,2016-11,88,321561.5574086525
mixto,Loss Incurred,month,cumulative,Synthetic,Portfolio,Auto,2016-11,89,321554.3520346458
mixto,Loss Incurred,month,cumulative,Synthetic,Portfolio,Auto,2016-11,90,321547.7354322961
mixto,Loss Incurred,month,cumulative,Synthetic,Portfolio,Auto,2016-11,91,321541.6595838616
mixto,Loss Incurred,month,cumulative,Synthetic,Portfolio,Auto,2016-11,92,321536.0803742037
mixto,Loss Incurred,month,cumulative,Synthetic,Portfolio,Auto,2016-11,93,321530.9572755881
mixto,Loss Incurred,month,cumulative,Synthetic,Portfolio,Auto,2016-11,94,321526.25305765035
mixto,Loss Incurred,month,cumulative,Synthetic,Portfolio,Auto,2016-11,95,321521.9335205628
mixto,Loss Incurred,month,cumulative,Synthetic,Portfolio,Auto,2016-11,96,321517.9672495819
mixto,Loss Incurred,month,cumulative,Synthetic,Portfolio,Auto,2016-11,97,321514.32538929506
mixto,Loss Incurred,month,cumulative,Synthetic,Portfolio,Auto,2016-11,98,321510.9814360121
mixto,Loss Incurred,month,cumulative,Synthetic,Portfolio,Auto,2016-11,99,321507.91104686557
mixto,Loss Incurred,month,cumulative,Synthetic,Portfolio,Auto,2016-11,100,321505.09186429565
mixto,Loss Incurred,month,cumulative,Synthetic,Portfolio,Auto,2016-11,101,321502.5033546944
mixto,Loss Incurred,month,cumulative,Synthetic,Portfolio,Auto,2016-11,102,321500.1266600834
mixto,Loss Incurred,month,cumulative,Synthetic,Portfolio,Auto,2016-11,103,321497.94446178264
mixto,Loss Incurred,month,cumulative,Synthetic,Portfolio,Auto,2016-11,104,321495.9408551114
mixto,Loss Incurred,month,cumulative,Synthetic,Portfolio,Auto,2016-11,105,321494.10123423825
mixto,Loss Incurred,month,cumulative,Synthetic,Portfolio,Auto,2016-11,106,321492.4121863643
mixto,Loss Incurred,month,cumulative,Synthetic,Portfolio,Auto,2016-11,107,321490.86139449076
mixto,Loss Incurred,month,cumulative,Synthetic,Portfolio,Auto,2016-11,108,321489.43754807906
mixto,Loss Incurred,month,cumulative,Synthetic,Portfolio,Auto,2016-11,109,321488.13026096753
mixto,Loss Incurred,month,cumulative,Synthetic,Portfolio,Auto,2016-12,0,210047.9371225134
mixto,Loss Incurred,month,cumulative,Synthetic,Portfolio,Auto,2016-12,1,231828.06036216975
mixto,Loss Incurred,month,cumulative,Synthetic,Portfolio,Auto,2016-12,2,250739.8823137307
mixto,Loss Incurred,month,cumulative,Synthetic,Portfolio,Auto,2016-12,3,267161.1396956143
mixto,Loss Incurred,month,cumulative,Synthetic,Portfolio,Auto,2016-12,4,281419.823744816
mixto,Loss Incurred,month,cumulative,Synthetic,Portfolio,Auto,2016-12,5,293800.7313749015
mixto,Loss Incurred,month,cumulative,Synthetic,Portfolio,Auto,2016-12,6,304551.153588885
mixto,Loss Incurred,month,cumulative,Synthetic,Portfolio,Auto,2016-12,7,313885.81476494204
mixto,Loss Incurred,month,cumulative,Synthetic,Portfolio,Auto,2016-12,8,321991.16147015773
mixto,Loss Incurred,month,cumulative,Synthetic,Portfolio,Auto,2016-12,9,329029.0864652566
mixto,Loss Incurred,month,cumulative,Synthetic,Portfolio,Auto,2016-12,10,335140.16228200885
mixto,Loss Incurred,month,cumulative,Synthetic,Portfolio,Auto,2016-12,11,340446.4489594176
mixto,Loss Incurred,month,cumulative,Synthetic,Portfolio,Auto,2016-12,12,345053.9320192185
mixto,Loss Incurred,month,cumulative,Synthetic,Portfolio,Auto,2016-12,13,349054.63937578356
mixto,Loss Incurred,month,cumulative,Synthetic,Portfolio,Auto,2016-12,14,352528.479462689
mixto,Loss Incurred,month,cumulative,Synthetic,Portfolio,Auto,2016-12,15,355544.83728990896
mixto,Loss Incurred,month,cumulative,Synthetic,Portfolio,Auto,2016-12,16,358163.9603106049
mixto,Loss Incurred,month,cumulative,Synthetic,Portfolio,Auto,2016-12,17,360438.1617782279
mixto,Loss Incurred,month,cumulative,Synthetic,Portfolio,Auto,2016-12,18,362412.8656292766
mixto,Loss Incurred,month,cumulative,Synthetic,Portfolio,Auto,2016-12,19,360646.6658164051
mixto,Loss Incurred,month,cumulative,Synthetic,Portfolio,Auto,2016-12,20,358939.11405962764
mixto,Loss Incurred,month,cumulative,Synthetic,Portfolio,Auto,2016-12,21,357296.70196543314
mixto,Loss Incurred,month,cumulative,Synthetic,Portfolio,Auto,2016-12,22,355723.90456856106
mixto,Loss Incurred,month,cumulative,Synthetic,Portfolio,Auto,2016-12,23,354223.5408334661
mixto,Loss Incurred,month,cumulative,Synthetic,Portfolio,Auto,2016-12,24,352797.07892219425
mixto,Loss Incurred,month,cumulative,Synthetic,Portfolio,Auto,2016-12,25,351444.89413655555
mixto,Loss Incurred,month,cumulative,Synthetic,Portfolio,Auto,2016-12,26,350166.48634924635
mixto,Loss Incurred,month,cumulative,Synthetic,Portfolio,Auto,2016-12,27,348960.66279356106
mixto,Loss Incurred,month,cumulative,Synthetic,Portfolio,Auto,2016-12,28,347825.69126464496
mixto,Loss Incurred,month,cumulative,Synthetic,Portfolio,Auto,2016-12,29,346759.4280796885
mixto,Loss Incurred,month,cumulative,Synthetic,Portfolio,Auto,2016-12,30,345759.4245350952
mixto,Loss Incurred,month,cumulative,Synthetic,Portfolio,Auto,2016-12,31,344823.0150725542
mixto,Loss Incurred,month,cumulative,Synthetic,Portfolio,Auto,2016-12,32,343947.389911897
mixto,Loss Incurred,month,cumulative,Synthetic,Portfolio,Auto,2016-12,33,343129.65451689286
mixto,Loss Incurred,month,cumulative,Synthetic,Portfolio,Auto,2016-12,34,342366.8779223398
mixto,Loss Incurred,month,cumulative,Synthetic,Portfolio,Auto,2016-12,35,341656.1316596318
mixto,Loss Incurred,month,cumulative,Synthetic,Portfolio,Auto,2016-12,36,340994.52076711965
mixto,Loss Incurred,month,cumulative,Synthetic,Portfolio,Auto,2016-12,37,340379.2081555627
mixto,Loss Incurred,month,cumulative,Synthetic,Portfolio,Auto,2016-12,38,339807.4334130502
mixto,Loss Incurred,month,cumulative,Synthetic,Portfolio,Auto,2016-12,39,339276.5269738677
mixto,Loss Incurred,month,cumulative,Synthetic,Portfolio,Auto,2016-12,40,338783.9204383249
mixto,Loss Incurred,month,cumulative,Synthetic,Portfolio,Auto,2016-12,41,338327.1537124991
mixto,Loss Incurred,month,cumulative,Synthetic,Portfolio,Auto,2016-12,42,337903.8795355053
mixto,Loss Incurred,month,cumulative,Synthetic,Portfolio,Auto,2016-12,43,337511.86587499257
mixto,Loss Incurred,month,cumulative,Synthetic,Portfolio,Auto,2016-12,44,337148.9965970945
mixto,Loss Incurred,month,cumulative,Synthetic,Portfolio,Auto,2016-12,45,336813.2707533086
mixto,Loss Incurred,month,cumulative,Synthetic,Portfolio,Auto,2016-12,46,336502.80077226186
mixto,Loss Incurred,month,cumulative,Synthetic,Portfolio,Auto,2016-12,47,336215.8097977477
mixto,Loss Incurred,month,cumulative,Synthetic,Portfolio,Auto,2016-12,48,335950.6283746947
mixto,Loss Incurred,month,cumulative,Synthetic,Portfolio,Auto,2016-12,49,335705.69065087364
mixto,Loss Incurred,month,cumulative,Synthetic,Portfolio,Auto,2016-12,50,335479.5302333577
mixto,Loss Incurred,month,cumulative,Synthetic,Portfolio,Auto,2016-12,51,335270.77581429324
mixto,Loss Incurred,month,cumulative,Synthetic,Portfolio,Auto,2016-12,52,335078.1466598077
mixto,Loss Incurred,month,cumulative,Synthetic,Portfolio,Auto,2016-12,53,334900.44803833583
mixto,Loss Incurred,month,cumulative,Synthetic,Portfolio,Auto,2016-12,54,334736.56664984534
mixto,Loss Incurred,month,cumulative,Synthetic,Portfolio,Auto,2016-12,55,334585.46610496787
mixto,Loss Incurred,month,cumulative,Synthetic,Portfolio,Auto,2016-12,56,334446.1824925771
mixto,Loss Incurred,month,cumulative,Synthetic,Portfolio,Auto,2016-12,57,334317.82006559114
mixto,Loss Incurred,month,cumulative,Synthetic,Portfolio,Auto,2016-12,58,334199.5470674708
mixto,Loss Incurred,month,cumulative,Synthetic,Portfolio,Auto,2016-12,59,334090.59171581705
mixto,Loss Incurred,month,cumulative,Synthetic,Portfolio,Auto,2016-12,60,333990.23835445516
mixto,Loss Incurred,month,cumulative,Synthetic,Portfolio,Auto,2016-12,61,333897.8237812737
mixto,Loss Incurred,month,cumulative,Synthetic,Portfolio,Auto,2016-12,62,333812.733755721
mixto,Loss Incurred,month,cumulative,Synthetic,Portfolio,Auto,2016-12,63,333734.3996871372
mixto,Loss Incurred,month,cumulative,Synthetic,Portfolio,Auto,2016-12,64,333662.2955029157
mixto,Loss Incurred,month,cumulative,Synthetic,Portfolio,Auto,2016-12,65,333595.93469375715
mixto,Loss Incurred,month,cumulative,Synthetic,Portfolio,Auto,2016-12,66,333534.8675319257
mixto,Loss Incurred,month,cumulative,Synthetic,Portfolio,Auto,2016-12,67,333478.6784573856
mixto,Loss Incurred,month,cumulative,Synthetic,Portfolio,Auto,2016-12,68,333426.9836259292
mixto,Loss Incurred,month,cumulative,Synthetic,Portfolio,Auto,2016-12,69,333379.42861285224
mixto,Loss Incurred,month,cumulative,Synthetic,Portfolio,Auto,2016-12,70,333335.6862653717
mixto,Loss Incurred,month,cumulative,Synthetic,Portfolio,Auto,2016-12,71,333295.4546967522
mixto,Loss Incurred,month,cumulative,Synthetic,Portfolio,Auto,2016-12,72,333258.45541501243
mixto,Loss Incurred,month,cumulative,Synthetic,Portfolio,Auto,2016-12,73,333224.43157907797
mixto,Loss Incurred,month,cumulative,Synthetic,Portfolio,Auto,2016-12,74,333193.146375319
mixto,Loss Incurred,month,cumulative,Synthetic,Portfolio,Auto,2016-12,75,333164.3815075502
mixto,Loss Incurred,month,cumulative,Synthetic,Portfolio,Auto,2016-12,76,333137.9357937493
mixto,Loss Incurred,month,cumulative,Synthetic,Portfolio,Auto,2016-12,77,333113.62386296917
mixto,Loss Incurred,month,cumulative,Synthetic,Portfolio,Auto,2016-12,78,333091.27494616486
mixto,Loss Incurred,month,cumulative,Synthetic,Portfolio,Auto,2016-12,79,333070.73175491445
mixto,Loss Incurred,month,cumulative,Synthetic,Portfolio,Auto,2016-12,80,333051.8494422906
mixto,Loss Incurred,month,cumulative,Synthetic,Portfolio,Auto,2016-12,81,333034.4946404176
mixto,Loss Incurred,month,cumulative,Synthetic,Portfolio,Auto,2016-12,82,333018.54456953064
mixto,Loss Incurred,month,cumulative,Synthetic,Portfolio,Auto,2016-12,83,333003.88621363713
mixto,Loss Incurred,month,cumulative,Synthetic,Portfolio,Auto,2016-12,84,332990.41555815266
mixto,Loss Incurred,month,cumulative,Synthetic,Portfolio,Auto,2016-12,85,332978.03688515857
mixto,Loss Incurred,month,cumulative,Synthetic,Portfolio,Auto,2016-12,86,332966.6621221876
mixto,Loss Incurred,month,cumulative,Synthetic,Portfolio,Auto,2016-12,87,332956.21024069865
mixto,Loss Incurred,month,cumulative,Synthetic,Portfolio,Auto,2016-12,88,332946.6067006446
mixto,Loss Incurred,month,cumulative,Synthetic,Portfolio,Auto,2016-12,89,332937.78293777024
mixto,Loss Incurred,month,cumulative,Synthetic,Portfolio,Auto,2016-12,90,332929.6758904983
mixto,Loss Incurred,month,cumulative,Synthetic,Portfolio,Auto,2016-12,91,332922.2275634732
mixto,Loss Incurred,month,cumulative,Synthetic,Portfolio,Auto,2016-12,92,332915.3846250303
mixto,Loss Incurred,month,cumulative,Synthetic,Portfolio,Auto,2016-12,93,332909.09803604736
mixto,Loss Incurred,month,cumulative,Synthetic,Portfolio,Auto,2016-12,94,332903.322707815
mixto,Loss Incurred,month,cumulative,Synthetic,Portfolio,Auto,2016-12,95,332898.0171867238
mixto,Loss Incurred,month,cumulative,Synthetic,Portfolio,Auto,2016-12,96,332893.1433637311
mixto,Loss Incurred,month,cumulative,Synthetic,Portfolio,Auto,2016-12,97,332888.66620670847
mixto,Loss Incurred,month,cumulative,Synthetic,Portfolio,Auto,2016-12,98,332884.5535139175
mixto,Loss Incurred,month,cumulative,Synthetic,Portfolio,Auto,2016-12,99,332880.7756869818
mixto,Loss Incurred,month,cumulative,Synthetic,Portfolio,Auto,2016-12,100,332877.30552185024
mixto,Loss Incurred,month,cumulative,Synthetic,Portfolio,Auto,2016-12,101,332874.1180163537
mixto,Loss Incurred,month,cumulative,Synthetic,Portfolio,Auto,2016-12,102,332871.1901930638
mixto,Loss Incurred,month,cumulative,Synthetic,Portfolio,Auto,2016-12,103,332868.50093625934
mixto,Loss Incurred,month,cumulative,Synthetic,Portfolio,Auto,2016-12,104,332866.03084189695
mixto,Loss Incurred,month,cumulative,Synthetic,Portfolio,Auto,2016-12,105,332863.76207956264
mixto,Loss Incurred,month,cumulative,Synthetic,Portfolio,Auto,2016-12,106,332861.6782654651
mixto,Loss Incurred,month,cumulative,Synthetic,Portfolio,Auto,2016-12,107,332859.7643455978
mixto,Loss Incurred,month,cumulative,Synthetic,Portfolio,Auto,2016-12,108,332858.00648826774
mixto,Loss Incurred,month,cumulative,Synthetic,Portfolio,Auto,2017-01,0,258801.2031870875
mixto,Loss Incurred,month,cumulative,Synthetic,Portfolio,Auto,2017-01,1,287423.5150283215
mixto,Loss Incurred,month,cumulative,Synthetic,Portfolio,Auto,2017-01,2,311934.0185601137
mixto,Loss Incurred,month,cumulative,Synthetic,Portfolio,Auto,2017-01,3,332923.4056758156
mixto,Loss Incurred,month,cumulative,Synthetic,Portfolio,Auto,2017-01,4,350897.51097811415
mixto,Loss Incurred,month,cumulative,Synthetic,Portfolio,Auto,2017-01,5,366289.502160955
mixto,Loss Incurred,month,cumulative,Synthetic,Portfolio,Auto,2017-01,6,379470.3191522937
mixto,Loss Incurred,month,cumulative,Synthetic,Portfolio,Auto,2017-01,7,390757.6135962281
mixto,Loss Incurred,month,cumulative,Synthetic,Portfolio,Auto,2017-01,8,400423.40411192895
mixto,Loss Incurred,month,cumulative,Synthetic,Portfolio,Auto,2017-01,9,408700.6318176011
mixto,Loss Incurred,month,cumulative,Synthetic,Portfolio,Auto,2017-01,10,415788.7741045932
mixto,Loss Incurred,month,cumulative,Synthetic,Portfolio,Auto,2017-01,11,421858.65195103886
mixto,Loss Incurred,month,cumulative,Synthetic,Portfolio,Auto,2017-01,12,427056.5466290824
mixto,Loss Incurred,month,cumulative,Synthetic,Portfolio,Auto,2017-01,13,431507.7250164456
mixto,Loss Incurred,month,cumulative,Synthetic,Portfolio,Auto,2017-01,14,435319.4584707269
mixto,Loss Incurred,month,cumulative,Synthetic,Portfolio,Auto,2017-01,15,438583.60801991954
mixto,Loss Incurred,month,cumulative,Synthetic,Portfolio,Auto,2017-01,16,441378.8381710537
mixto,Loss Incurred,month,cumulative,Synthetic,Portfolio,Auto,2017-01,17,443772.51268873696
mixto,Loss Incurred,month,cumulative,Synthetic,Portfolio,Auto,2017-01,18,445822.31803098455
mixto,Loss Incurred,month,cumulative,Synthetic,Portfolio,Auto,2017-01,19,443675.70059676794
mixto,Loss Incurred,month,cumulative,Synthetic,Portfolio,Auto,2017-01,20,441592.2499237592
mixto,Loss Incurred,month,cumulative,Synthetic,Portfolio,Auto,2017-01,21,439582.7081891151
mixto,Loss Incurred,month,cumulative,Synthetic,Portfolio,Auto,2017-01,22,437654.6729144096
mixto,Loss Incurred,month,cumulative,Synthetic,Portfolio,Auto,2017-01,23,435813.1781399256
mixto,Loss Incurred,month,cumulative,Synthetic,Portfolio,Auto,2017-01,24,434061.181649851
mixto,Loss Incurred,month,cumulative,Synthetic,Portfolio,Auto,2017-01,25,432399.97259010683
mixto,Loss Incurred,month,cumulative,Synthetic,Portfolio,Auto,2017-01,26,430829.5116919372
mixto,Loss Incurred,month,cumulative,Synthetic,Portfolio,Auto,2017-01,27,429348.71449709305
mixto,Loss Incurred,month,cumulative,Synthetic,Portfolio,Auto,2017-01,28,427955.6864292904
mixto,Loss Incurred,month,cumulative,Synthetic,Portfolio,Auto,2017-01,29,426647.9172329701
mixto,Loss Incurred,month,cumulative,Synthetic,Portfolio,Auto,2017-01,30,425422.44117117254
mixto,Loss Incurred,month,cumulative,Synthetic,Portfolio,Auto,2017-01,31,424275.9684112867
mixto,Loss Incurred,month,cumulative,Synthetic,Portfolio,Auto,2017-01,32,423204.99220635375
mixto,Loss Incurred,month,cumulative,Synthetic,Portfolio,Auto,2017-01,33,422205.8757798057
mixto,Loss Incurred,month,cumulative,Synthetic,Portfolio,Auto,2017-01,34,421274.9222253162
mixto,Loss Incurred,month,cumulative,Synthetic,Portfolio,Auto,2017-01,35,420408.43022569496
mixto,Loss Incurred,month,cumulative,Synthetic,Portfolio,Auto,2017-01,36,419602.7379625441
mixto,Loss Incurred,month,cumulative,Synthetic,Portfolio,Auto,2017-01,37,418854.25722064293
mixto,Loss Incurred,month,cumulative,Synthetic,Portfolio,Auto,2017-01,38,418159.4993782952
mixto,Loss Incurred,month,cumulative,Synthetic,Portfolio,Auto,2017-01,39,417515.0947090752
mixto,Loss Incurred,month,cumulative,Synthetic,Portfolio,Auto,2017-01,40,416917.8061946357
mixto,Loss Incurred,month,cumulative,Synthetic,Portfolio,Auto,2017-01,41,416364.5388566065
mixto,Loss Incurred,month,cumulative,Synthetic,Portfolio,Auto,2017-01,42,415852.3454530595
mixto,Loss Incurred,month,cumulative,Synthetic,Portfolio,Auto,2017-01,43,415378.4292472515
mixto,Loss Incurred,month,cumulative,Synthetic,Portfolio,Auto,2017-01,44,414940.1444397064
mixto,Loss Incurred,month,cumulative,Synthetic,Portfolio,Auto,2017-01,45,414534.9947560026
mixto,Loss Incurred,month,cumulative,Synthetic,Portfolio,Auto,2017-01,46,414160.6305992441
mixto,Loss Incurred,month,cumulative,Synthetic,Portfolio,Auto,2017-01,47,413814.8451057985
mixto,Loss Incurred,month,cumulative,Synthetic,Portfolio,Auto,2017-01,48,413495.5693835453
mixto,Loss Incurred,month,cumulative,Synthetic,Portfolio,Auto,2017-01,49,413200.8671619291
mixto,Loss Incurred,month,cumulative,Synthetic,Portfolio,Auto,2017-01,50,412928.9290411337
mixto,Loss Incurred,month,cumulative,Synthetic,Portfolio,Auto,2017-01,51,412678.0664924735
mixto,Loss Incurred,month,cumulative,Synthetic,Portfolio,Auto,2017-01,52,412446.7057326107
mixto,Loss Incurred,month,cumulative,Synthetic,Portfolio,Auto,2017-01,53,412233.38156957575
mixto,Loss Incurred,month,cumulative,Synthetic,Portfolio,Auto,2017-01,54,412036.731298035
mixto,Loss Incurred,month,cumulative,Synthetic,Portfolio,Auto,2017-01,55,411855.4887042004
mixto,Loss Incurred,month,cumulative,Synthetic,Portfolio,Auto,2017-01,56,411688.47822663945
mixto,Loss Incurred,month,cumulative,Synthetic,Portfolio,Auto,2017-01,57,411534.609307592
mixto,Loss Incurred,month,cumulative,Synthetic,Portfolio,Auto,2017-01,58,411392.8709598212
mixto,Loss Incurred,month,cumulative,Synthetic,Portfolio,Auto,2017-01,59,411262.3265661966
mixto,Loss Incurred,month,cumulative,Synthetic,Portfolio,Auto,2017-01,60,411142.1089228428
mixto,Loss Incurred,month,cumulative,Synthetic,Portfolio,Auto,2017-01,61,411031.4155315556
mixto,Loss Incurred,month,cumulative,Synthetic,Portfolio,Auto,2017-01,62,410929.50414307934
mixto,Loss Incurred,month,cumulative,Synthetic,Portfolio,Auto,2017-01,63,410835.688549587
mixto,Loss Incurred,month,cumulative,Synthetic,Portfolio,Auto,2017-01,64,410749.3346221638
mixto,Loss Incurred,month,cumulative,Synthetic,Portfolio,Auto,2017-01,65,410669.8565871475
mixto,Loss Incurred,month,cumulative,Synthetic,Portfolio,Auto,2017-01,66,410596.71353371034
mixto,Loss Incurred,month,cumulative,Synthetic,Portfolio,Auto,2017-01,67,410529.4061440053
mixto,Loss Incurred,month,cumulative,Synthetic,Portfolio,Auto,2017-01,68,410467.4736364652
mixto,Loss Incurred,month,cumulative,Synthetic,Portfolio,Auto,2017-01,69,410410.49091236596
mixto,Loss Incurred,month,cumulative,Synthetic,Portfolio,Auto,2017-01,70,410358.06589551666
mixto,Loss Incurred,month,cumulative,Synthetic,Portfolio,Auto,2017-01,71,410309.83705485176
mixto,Loss Incurred,month,cumulative,Synthetic,Portfolio,Auto,2017-01,72,410265.47109975206
mixto,Loss Incurred,month,cumulative,Synthetic,Portfolio,Auto,2017-01,73,410224.6608380869
mixto,Loss Incurred,month,cumulative,Synthetic,Portfolio,Auto,2017-01,74,410187.12318720407
mixto,Loss Incurred,month,cumulative,Synthetic,Portfolio,Auto,2017-01,75,410152.59732840455
mixto,Loss Incurred,month,cumulative,Synthetic,Portfolio,Auto,2017-01,76,410120.8429957846
mixto,Loss Incurred,month,cumulative,Synthetic,Portfolio,Auto,2017-01,77,410091.6388907091
mixto,Loss Incurred,month,cumulative,Synthetic,Portfolio,Auto,2017-01,78,410064.7812135818
mixto,Loss Incurred,month,cumulative,Synthetic,Portfolio,Auto,2017-01,79,410040.0823049894
mixto,Loss Incurred,month,cumulative,Synthetic,Portfolio,Auto,2017-01,80,410017.36938871414
mixto,Loss Incurred,month,cumulative,Synthetic,Portfolio,Auto,2017-01,81,409996.4834095236
mixto,Loss Incurred,month,cumulative,Synthetic,Portfolio,Auto,2017-01,82,409977.2779590562
mixto,Loss Incurred,month,cumulative,Synthetic,Portfolio,Auto,2017-01,83,409959.6182835208
mixto,Loss Incurred,month,cumulative,Synthetic,Portfolio,Auto,2017-01,84,409943.38036731374
mixto,Loss Incurred,month,cumulative,Synthetic,Portfolio,Auto,2017-01,85,409928.45008703443
mixto,Loss Incurred,month,cumulative,Synthetic,Portfolio,Auto,2017-01,86,409914.72243073385
mixto,Loss Incurred,month,cumulative,Synthetic,Portfolio,Auto,2017-01,87,409902.1007775762
mixto,Loss Incurred,month,cumulative,Synthetic,Portfolio,Auto,2017-01,88,409890.49623341486
mixto,Loss Incurred,month,cumulative,Synthetic,Portfolio,Auto,2017-01,89,409879.82701809704
mixto,Loss Incurred,month,cumulative,Synthetic,Portfolio,Auto,2017-01,90,409870.0179005963
mixto,Loss Incurred,month,cumulative,Synthetic,Portfolio,Auto,2017-01,91,409860.99967835174
mixto,Loss Incurred,month,cumulative,Synthetic,Portfolio,Auto,2017-01,92,409852.708697449
mixto,Loss Incurred,month,cumulative,Synthetic,Portfolio,Auto,2017-01,93,409845.0864105174
mixto,Loss Incurred,month,cumulative,Synthetic,Portfolio,Auto,2017-01,94,409838.0789694518
mixto,Loss Incurred,month,cumulative,Synthetic,Portfolio,Auto,2017-01,95,409831.63685026905
mixto,Loss Incurred,month,cumulative,Synthetic,Portfolio,Auto,2017-01,96,409825.7145076198
mixto,Loss Incurred,month,cumulative,Synthetic,Portfolio,Auto,2017-01,97,409820.2700566493
mixto,Loss Incurred,month,cumulative,Synthetic,Portfolio,Auto,2017-01,98,409815.26498008304
mixto,Loss Incurred,month,cumulative,Synthetic,Portfolio,Auto,2017-01,99,409810.66385856475
mixto,Loss Incurred,month,cumulative,Synthetic,Portfolio,Auto,2017-01,100,409806.4341224314
mixto,Loss Incurred,month,cumulative,Synthetic,Portfolio,Auto,2017-01,101,409802.54582324065
mixto,Loss Incurred,month,cumulative,Synthetic,Portfolio,Auto,2017-01,102,409798.97142350185
mixto,Loss Incurred,month,cumulative,Synthetic,Portfolio,Auto,2017-01,103,409795.6856031732
mixto,Loss Incurred,month,cumulative,Synthetic,Portfolio,Auto,2017-01,104,409792.665081607
mixto,Loss Incurred,month,cumulative,Synthetic,Portfolio,Auto,2017-01,105,409789.8884537174
mixto,Loss Incurred,month,cumulative,Synthetic,Portfolio,Auto,2017-01,106,409787.33603924856
mixto,Loss Incurred,month,cumulative,Synthetic,Portfolio,Auto,2017-01,107,409784.98974410334
mixto,Loss Incurred,month,cumulative,Synthetic,Portfolio,Auto,2017-02,0,227555.35635308686
mixto,Loss Incurred,month,cumulative,Synthetic,Portfolio,Auto,2017-02,1,258580.1977856094
mixto,Loss Incurred,month,cumulative,Synthetic,Portfolio,Auto,2017-02,2,284887.9682807785
mixto,Loss Incurred,month,cumulative,Synthetic,Portfolio,Auto,2017-02,3,307195.8595211503
mixto,Loss Incurred,month,cumulative,Synthetic,Portfolio,Auto,2017-02,4,326112.0201165012
mixto,Loss Incurred,month,cumulative,Synthetic,Portfolio,Auto,2017-02,5,342152.1347025693
mixto,Loss Incurred,month,cumulative,Synthetic,Portfolio,Auto,2017-02,6,355753.48232474097
mixto,Loss Incurred,month,cumulative,Synthetic,Portfolio,Auto,2017-02,7,367286.85736059246
mixto,Loss Incurred,month,cumulative,Synthetic,Portfolio,Auto,2017-02,8,377066.67796460143
mixto,Loss Incurred,month,cumulative,Synthetic,Portfolio,Auto,2017-02,9,385359.55760731536
mixto,Loss Incurred,month,cumulative,Synthetic,Portfolio,Auto,2017-02,10,392391.5733827732
mixto,Loss Incurred,month,cumulative,Synthetic,Portfolio,Auto,2017-02,11,398354.4292298052
mixto,Loss Incurred,month,cumulative,Synthetic,Portfolio,Auto,2017-02,12,403410.682086429
mixto,Loss Incurred,month,cumulative,Synthetic,Portfolio,Auto,2017-02,13,407698.1734506286
mixto,Loss Incurred,month,cumulative,Synthetic,Portfolio,Auto,2017-02,14,411333.7871589115
mixto,Loss Incurred,month,cumulative,Synthetic,Portfolio,Auto,2017-02,15,414416.63582566846
mixto,Loss Incurred,month,cumulative,Synthetic,Portfolio,Auto,2017-02,16,417030.76281074184
mixto,Loss Incurred,month,cumulative,Synthetic,Portfolio,Auto,2017-02,17,419247.43337513827
mixto,Loss Incurred,month,cumulative,Synthetic,Portfolio,Auto,2017-02,18,421127.07748543523
mixto,Loss Incurred,month,cumulative,Synthetic,Portfolio,Auto,2017-02,19,419136.27967322303
mixto,Loss Incurred,month,cumulative,Synthetic,Portfolio,Auto,2017-02,20,417187.8245972364
mixto,Loss Incurred,month,cumulative,Synthetic,Portfolio,Auto,2017-02,21,415295.94945149985
mixto,Loss Incurred,month,cumulative,Synthetic,Portfolio,Auto,2017-02,22,413471.08487044816
mixto,Loss Incurred,month,cumulative,Synthetic,Portfolio,Auto,2017-02,23,411720.56407747196
mixto,Loss Incurred,month,cumulative,Synthetic,Portfolio,Auto,2017-02,24,410049.2138581431
mixto,Loss Incurred,month,cumulative,Synthetic,Portfolio,Auto,2017-02,25,408459.8461480528
mixto,Loss Incurred,month,cumulative,Synthetic,Portfolio,Auto,2017-02,26,406953.666103042
mixto,Loss Incurred,month,cumulative,Synthetic,Portfolio,Auto,2017-02,27,405530.61004690605
mixto,Loss Incurred,month,cumulative,Synthetic,Portfolio,Auto,2017-02,28,404189.6245997111
mixto,Loss Incurred,month,cumulative,Synthetic,Portfolio,Auto,2017-02,29,402928.89652034914
mixto,Loss Incurred,month,cumulative,Synthetic,Portfolio,Auto,2017-02,30,401746.04130054964
mixto,Loss Incurred,month,cumulative,Synthetic,Portfolio,Auto,2017-02,31,400638.25728239195
mixto,Loss Incurred,month,cumulative,Synthetic,Portfolio,Auto,2017-02,32,399602.45100197924
mixto,Loss Incurred,month,cumulative,Synthetic,Portfolio,Auto,2017-02,33,398635.33855829685
mixto,Loss Incurred,month,cumulative,Synthetic,Portfolio,Auto,2017-02,34,397733.5270429402
mixto,Loss Incurred,month,cumulative,Synthetic,Portfolio,Auto,2017-02,35,396893.57942179014
mixto,Loss Incurred,month,cumulative,Synthetic,Portfolio,Auto,2017-02,36,396112.06571558106
mixto,Loss Incurred,month,cumulative,Synthetic,Portfolio,Auto,2017-02,37,395385.6028671676
mixto,Loss Incurred,month,cumulative,Synthetic,Portfolio,Auto,2017-02,38,394710.88529605675
mixto,Loss Incurred,month,cumulative,Synthetic,Portfolio,Auto,2017-02,39,394084.7078143272
mixto,Loss Incurred,month,cumulative,Synthetic,Portfolio,Auto,2017-02,40,393503.9823030177
mixto,Loss Incurred,month,cumulative,Synthetic,Portfolio,Auto,2017-02,41,392965.74931646977
mixto,Loss Incurred,month,cumulative,Synthetic,Portfolio,Auto,2017-02,42,392467.1855872274
mixto,Loss Incurred,month,cumulative,Synthetic,Portfolio,Auto,2017-02,43,392005.60824022145
mixto,Loss Incurred,month,cumulative,Synthetic,Portfolio,Auto,2017-02,44,391578.47638728184
mixto,Loss Incurred,month,cumulative,Synthetic,Portfolio,Auto,2017-02,45,391183.3906574323
mixto,Loss Incurred,month,cumulative,Synthetic,Portfolio,Auto,2017-02,46,390818.0911214951
mixto,Loss Incurred,month,cumulative,Synthetic,Portfolio,Auto,2017-02,47,390480.4539883215
mixto,Loss Incurred,month,cumulative,Synthetic,Portfolio,Auto,2017-02,48,390168.4873820267
mixto,Loss Incurred,month,cumulative,Synthetic,Portfolio,Auto,2017-02,49,389880.32645282475
mixto,Loss Incurred,month,cumulative,Synthetic,Portfolio,Auto,2017-02,50,389614.22802669666
mixto,Loss Incurred,month,cumulative,Synthetic,Portfolio,Auto,2017-02,51,389368.56495966215
mixto,Loss Incurred,month,cumulative,Synthetic,Portfolio,Auto,2017-02,52,389141.8203296324
mixto,Loss Incurred,month,cumulative,Synthetic,Portfolio,Auto,2017-02,53,388932.5815716034
mixto,Loss Incurred,month,cumulative,Synthetic,Portfolio,Auto,2017-02,54,388739.5346394341
mixto,Loss Incurred,month,cumulative,Synthetic,Portfolio,Auto,2017-02,55,388561.4582588714
mixto,Loss Incurred,month,cumulative,Synthetic,Portfolio,Auto,2017-02,56,388397.2183211938
mixto,Loss Incurred,month,cumulative,Synthetic,Portfolio,Auto,2017-02,57,388245.7624543201
mixto,Loss Incurred,month,cumulative,Synthetic,Portfolio,Auto,2017-02,58,388106.1147979978
mixto,Loss Incurred,month,cumulative,Synthetic,Portfolio,Auto,2017-02,59,387977.3710013901
mixto,Loss Incurred,month,cumulative,Synthetic,Portfolio,Auto,2017-02,60,387858.693454669
mixto,Loss Incurred,month,cumulative,Synthetic,Portfolio,Auto,2017-02,61,387749.30676085537
mixto,Loss Incurred,month,cumulative,Synthetic,Portfolio,Auto,2017-02,62,387648.4934498747
mixto,Loss Incurred,month,cumulative,Synthetic,Portfolio,Auto,2017-02,63,387555.5899334391
mixto,Loss Incurred,month,cumulative,Synthetic,Portfolio,Auto,2017-02,64,387469.9826967682
mixto,Loss Incurred,month,cumulative,Synthetic,Portfolio,Auto,2017-02,65,387391.1047211695
mixto,Loss Incurred,month,cumulative,Synthetic,Portfolio,Auto,2017-02,66,387318.43213003123
mixto,Loss Incurred,month,cumulative,Synthetic,Portfolio,Auto,2017-02,67,387251.48104970745
mixto,Loss Incurred,month,cumulative,Synthetic,Portfolio,Auto,2017-02,68,387189.80467606033
mixto,Loss Incurred,month,cumulative,Synthetic,Portfolio,Auto,2017-02,69,387132.9905369573
mixto,Loss Incurred,month,cumulative,Synthetic,Portfolio,Auto,2017-02,70,387080.65794079006
mixto,Loss Incurred,month,cumulative,Synthetic,Portfolio,Auto,2017-02,71,387032.4556010125
mixto,Loss Incurred,month,cumulative,Synthetic,Portfolio,Auto,2017-02,72,386988.059426765
mixto,Loss Incurred,month,cumulative,Synthetic,Portfolio,Auto,2017-02,73,386947.1704698241
mixto,Loss Incurred,month,cumulative,Synthetic,Portfolio,Auto,2017-02,74,386909.5130183736
mixto,Loss Incurred,month,cumulative,Synthetic,Portfolio,Auto,2017-02,75,386874.8328284026
mixto,Loss Incurred,month,cumulative,Synthetic,Portfolio,Auto,2017-02,76,386842.89548389293
mixto,Loss Incurred,month,cumulative,Synthetic,Portfolio,Auto,2017-02,77,386813.4848773406
mixto,Loss Incurred,month,cumulative,Synthetic,Portfolio,Auto,2017-02,78,386786.4018025607
mixto,Loss Incurred,month,cumulative,Synthetic,Portfolio,Auto,2017-02,79,386761.46265213145
mixto,Loss Incurred,month,cumulative,Synthetic,Portfolio,Auto,2017-02,80,386738.4982122517
mixto,Loss Incurred,month,cumulative,Synthetic,Portfolio,Auto,2017-02,81,386717.3525481899
mixto,Loss Incurred,month,cumulative,Synthetic,Portfolio,Auto,2017-02,82,386697.8819739093
mixto,Loss Incurred,month,cumulative,Synthetic,Portfolio,Auto,2017-02,83,386679.9540998443
mixto,Loss Incurred,month,cumulative,Synthetic,Portfolio,Auto,2017-02,84,386663.4469531782
mixto,Loss Incurred,month,cumulative,Synthetic,Portfolio,Auto,2017-02,85,386648.2481653422
mixto,Loss Incurred,month,cumulative,Synthetic,Portfolio,Auto,2017-02,86,386634.2542217958
mixto,Loss Incurred,month,cumulative,Synthetic,Portfolio,Auto,2017-02,87,386621.3697694858
mixto,Loss Incurred,month,cumulative,Synthetic,Portfolio,Auto,2017-02,88,386609.5069776911
mixto,Loss Incurred,month,cumulative,Synthetic,Portfolio,Auto,2017-02,89,386598.58494825964
mixto,Loss Incurred,month,cumulative,Synthetic,Portfolio,Auto,2017-02,90,386588.52917152166
mixto,Loss Incurred,month,cumulative,Synthetic,Portfolio,Auto,2017-02,91,386579.2710244296
mixto,Loss Incurred,month,cumulative,Synthetic,Portfolio,Auto,2017-02,92,386570.7473077193
mixto,Loss Incurred,month,cumulative,Synthetic,Portfolio,Auto,2017-02,93,386562.8998191209
mixto,Loss Incurred,month,cumulative,Synthetic,Portfolio,Auto,2017-02,94,386555.67495986447
mixto,Loss Incurred,month,cumulative,Synthetic,Portfolio,Auto,2017-02,95,386549.0233719263
mixto,Loss Incurred,month,cumulative,Synthetic,Portfolio,Auto,2017-02,96,386542.8996036528
mixto,Loss Incurred,month,cumulative,Synthetic,Portfolio,Auto,2017-02,97,386537.2618015735
mixto,Loss Incurred,month,cumulative,Synthetic,Portfolio,Auto,2017-02,98,386532.07142637885
mixto,Loss Incurred,month,cumulative,Synthetic,Portfolio,Auto,2017-02,99,386527.2929911908
mixto,Loss Incurred,month,cumulative,Synthetic,Portfolio,Auto,2017-02,100,386522.8938203963
mixto,Loss Incurred,month,cumulative,Synthetic,Portfolio,Auto,2017-02,101,386518.84382744395
mixto,Loss Incurred,month,cumulative,Synthetic,Portfolio,Auto,2017-02,102,386515.11531012616
mixto,Loss Incurred,month,cumulative,Synthetic,Portfolio,Auto,2017-02,103,386511.68276198494
mixto,Loss Incurred,month,cumulative,Synthetic,Portfolio,Auto,2017-02,104,386508.52269857726
mixto,Loss Incurred,month,cumulative,Synthetic,Portfolio,Auto,2017-02,105,386505.61349744204
mixto,Loss Incurred,month,cumulative,Synthetic,Portfolio,Auto,2017-02,106,386502.9352506922
mixto,Loss Incurred,month,cumulative,Synthetic,Portfolio,Auto,2017-03,0,276606.12425497296
mixto,Loss Incurred,month,cumulative,Synthetic,Portfolio,Auto,2017-03,1,308734.3834409916
mixto,Loss Incurred,month,cumulative,Synthetic,Portfolio,Auto,2017-03,2,336132.9943341489
mixto,Loss Incurred,month,cumulative,Synthetic,Portfolio,Auto,2017-03,3,359498.2154165695
mixto,Loss Incurred,month,cumulative,Synthetic,Portfolio,Auto,2017-03,4,379423.8079350844
mixto,Loss Incurred,month,cumulative,Synthetic,Portfolio,Auto,2017-03,5,396416.1246700032
mixto,Loss Incurred,month,cumulative,Synthetic,Portfolio,Auto,2017-03,6,410906.97746404214
mixto,Loss Incurred,month,cumulative,Synthetic,Portfolio,Auto,2017-03,7,423264.6105033906
mixto,Loss Incurred,month,cumulative,Synthetic,Portfolio,Auto,2017-03,8,433803.0582059314
mixto,Loss Incurred,month,cumulative,Synthetic,Portfolio,Auto,2017-03,9,442790.1255209713
mixto,Loss Incurred,month,cumulative,Synthetic,Portfolio,Auto,2017-03,10,450454.19343731046
mixto,Loss Incurred,month,cumulative,Synthetic,Portfolio,Auto,2017-03,11,456990.0226424573
mixto,Loss Incurred,month,cumulative,Synthetic,Portfolio,Auto,2017-03,12,462563.7028166349
mixto,Loss Incurred,month,cumulative,Synthetic,Portfolio,Auto,2017-03,13,467316.8733339361
mixto,Loss Incurred,month,cumulative,Synthetic,Portfolio,Auto,2017-03,14,471370.3226278536
mixto,Loss Incurred,month,cumulative,Synthetic,Portfolio,Auto,2017-03,15,474827.05768891517
mixto,Loss Incurred,month,cumulative,Synthetic,Portfolio,Auto,2017-03,16,477774.92169705854
mixto,Loss Incurred,month,cumulative,Synthetic,Portfolio,Auto,2017-03,17,480288.82630849193
mixto,Loss Incurred,month,cumulative,Synthetic,Portfolio,Auto,2017-03,18,482432.65532432456
mixto,Loss Incurred,month,cumulative,Synthetic,Portfolio,Auto,2017-03,19,484260.8881173362
mixto,Loss Incurred,month,cumulative,Synthetic,Portfolio,Auto,2017-03,20,480968.5369501131
mixto,Loss Incurred,month,cumulative,Synthetic,Portfolio,Auto,2017-03,21,477893.84896380064
mixto,Loss Incurred,month,cumulative,Synthetic,Portfolio,Auto,2017-03,22,475029.39304793125
mixto,Loss Incurred,month,cumulative,Synthetic,Portfolio,Auto,2017-03,23,472366.5634912404
mixto,Loss Incurred,month,cumulative,Synthetic,Portfolio,Auto,2017-03,24,469895.9619985551
mixto,Loss Incurred,month,cumulative,Synthetic,Portfolio,Auto,2017-03,25,467607.704196513
mixto,Loss Incurred,month,cumulative,Synthetic,Portfolio,Auto,2017-03,26,465491.6635207859
mixto,Loss Incurred,month,cumulative,Synthetic,Portfolio,Auto,2017-03,27,463537.6633157793
mixto,Loss Incurred,month,cumulative,Synthetic,Portfolio,Auto,2017-03,28,461735.6262346732
mixto,Loss Incurred,month,cumulative,Synthetic,Portfolio,Auto,2017-03,29,460075.68855487794
mixto,Loss Incurred,month,cumulative,Synthetic,Portfolio,Auto,2017-03,30,458548.2857804288
mixto,Loss Incurred,month,cumulative,Synthetic,Portfolio,Auto,2017-03,31,457144.21485366626
mixto,Loss Incurred,month,cumulative,Synthetic,Portfolio,Auto,2017-03,32,455854.6774140565
mixto,Loss Incurred,month,cumulative,Synthetic,Portfolio,Auto,2017-03,33,454671.3077970428
mixto,Loss Incurred,month,cumulative,Synthetic,Portfolio,Auto,2017-03,34,453586.1888389673
mixto,Loss Incurred,month,cumulative,Synthetic,Portfolio,Auto,2017-03,35,452591.8580271972
mixto,Loss Incurred,month,cumulative,Synthetic,Portfolio,Auto,2017-03,36,451681.30609221954
mixto,Loss Incurred,month,cumulative,Synthetic,Portfolio,Auto,2017-03,37,450847.9697675408
mixto,Loss Incurred,month,cumulative,Synthetic,Portfolio,Auto,2017-03,38,450085.7201326394
mixto,Loss Incurred,month,cumulative,Synthetic,Portfolio,Auto,2017-03,39,449388.8476945704
mixto,Loss Incurred,month,cumulative,Synthetic,Portfolio,Auto,2017-03,40,448752.045147119
mixto,Loss Incurred,month,cumulative,Synthetic,Portfolio,Auto,2017-03,41,448170.3885658949
mixto,Loss Incurred,month,cumulative,Synthetic,Portfolio,Auto,2017-03,42,447639.31764772563
mixto,Loss Incurred,month,cumulative,Synthetic,Portfolio,Auto,2017-03,43,447154.61547829636
mixto,Loss Incurred,month,cumulative,Synthetic,Portfolio,Auto,2017-03,44,446712.3882091032
mixto,Loss Incurred,month,cumulative,Synthetic,Portfolio,Auto,2017-03,45,446309.0449399633
mixto,Loss Incurred,month,cumulative,Synthetic,Portfolio,Auto,2017-03,46,445941.2780336426
mixto,Loss Incurred,month,cumulative,Synthetic,Portfolio,Auto,2017-03,47,445606.0440321348
mixto,Loss Incurred,month,cumulative,Synthetic,Portfolio,Auto,2017-03,48,445300.5452976771
mixto,Loss Incurred,month,cumulative,Synthetic,Portfolio,Auto,2017-03,49,445022.21246396465
mixto,Loss Incurred,month,cumulative,Synthetic,Portfolio,Auto,2017-03,50,444768.687752724
mixto,Loss Incurred,month,cumulative,Synthetic,Portfolio,Auto,2017-03,51,444537.8091866178
mixto,Loss Incurred,month,cumulative,Synthetic,Portfolio,Auto,2017-03,52,444327.59571028827
mixto,Loss Incurred,month,cumulative,Synthetic,Portfolio,Auto,2017-03,53,444136.2332163623
mixto,Loss Incurred,month,cumulative,Synthetic,Portfolio,Auto,2017-03,54,443962.0614616787
mixto,Loss Incurred,month,cumulative,Synthetic,Portfolio,Auto,2017-03,55,443803.5618502434
mixto,Loss Incurred,month,cumulative,Synthetic,Portfolio,Auto,2017-03,56,443659.34605297016
mixto,Loss Incurred,month,cumulative,Synthetic,Portfolio,Auto,2017-03,57,443528.1454296621
mixto,Loss Incurred,month,cumulative,Synthetic,Portfolio,Auto,2017-03,58,443408.8012156125
mixto,Loss Incurred,month,cumulative,Synthetic,Portfolio,Auto,2017-03,59,443300.2554333198
mixto,Loss Incurred,month,cumulative,Synthetic,Portfolio,Auto,2017-03,60,443201.54248889326
mixto,Loss Incurred,month,cumulative,Synthetic,Portfolio,Auto,2017-03,61,443111.7814125653
mixto,Loss Incurred,month,cumulative,Synthetic,Portfolio,Auto,2017-03,62,443030.16870314843
mixto,Loss Incurred,month,cumulative,Synthetic,Portfolio,Auto,2017-03,63,442955.9717371533
mixto,Loss Incurred,month,cumulative,Synthetic,Portfolio,Auto,2017-03,64,442888.52270448726
mixto,Loss Incurred,month,cumulative,Synthetic,Portfolio,Auto,2017-03,65,442827.21303411253
mixto,Loss Incurred,month,cumulative,Synthetic,Portfolio,Auto,2017-03,66,442771.48827466083
mixto,Loss Incurred,month,cumulative,Synthetic,Portfolio,Auto,2017-03,67,442720.8433967342
mixto,Loss Incurred,month,cumulative,Synthetic,Portfolio,Auto,2017-03,68,442674.8184854098
mixto,Loss Incurred,month,cumulative,Synthetic,Portfolio,Auto,2017-03,69,442632.99479328643
mixto,Loss Incurred,month,cumulative,Synthetic,Portfolio,Auto,2017-03,70,442594.9911262104
mixto,Loss Incurred,month,cumulative,Synthetic,Portfolio,Auto,2017-03,71,442560.46053559973
mixto,Loss Incurred,month,cumulative,Synthetic,Portfolio,Auto,2017-03,72,442529.0872930144
mixto,Loss Incurred,month,cumulative,Synthetic,Portfolio,Auto,2017-03,73,442500.5841242888
mixto,Loss Incurred,month,cumulative,Synthetic,Portfolio,Auto,2017-03,74,442474.68968214316
mixto,Loss Incurred,month,cumulative,Synthetic,Portfolio,Auto,2017-03,75,442451.16623771575
mixto,Loss Incurred,month,cumulative,Synthetic,Portfolio,Auto,2017-03,76,442429.79757290514
mixto,Loss Incurred,month,cumulative,Synthetic,Portfolio,Auto,2017-03,77,442410.387056774
mixto,Loss Incurred,month,cumulative,Synthetic,Portfolio,Auto,2017-03,78,442392.75589055126
mixto,Loss Incurred,month,cumulative,Synthetic,Portfolio,Auto,2017-03,79,442376.7415069759
mixto,Loss Incurred,month,cumulative,Synthetic,Portfolio,Auto,2017-03,80,442362.1961108488
mixto,Loss Incurred,month,cumulative,Synthetic,Portfolio,Auto,2017-03,81,442348.9853487065
mixto,Loss Incurred,month,cumulative,Synthetic,Portfolio,Auto,2017-03,82,442336.98709651333
mixto,Loss Incurred,month,cumulative,Synthetic,Portfolio,Auto,2017-03,83,442326.0903551701
mixto,Loss Incurred,month,cumulative,Synthetic,Portfolio,Auto,2017-03,84,442316.19424447854
mixto,Loss Incurred,month,cumulative,Synthetic,Portfolio,Auto,2017-03,85,442307.20708698285
mixto,Loss Incurred,month,cumulative,Synthetic,Portfolio,Auto,2017-03,86,442299.0455738191
mixto,Loss Incurred,month,cumulative,Synthetic,Portfolio,Auto,2017-03,87,442291.63400537736
mixto,Loss Incurred,month,cumulative,Synthetic,Portfolio,Auto,2017-03,88,442284.9036001833
mixto,Loss Incurred,month,cumulative,Synthetic,Portfolio,Auto,2017-03,89,442278.7918659722
mixto,Loss Incurred,month,cumulative,Synthetic,Portfolio,Auto,2017-03,90,442273.24202744686
mixto,Loss Incurred,month,cumulative,Synthetic,Portfolio,Auto,2017-03,91,442268.20250568213
mixto,Loss Incurred,month,cumulative,Synthetic,Portfolio,Auto,2017-03,92,442263.6264445789
mixto,Loss Incurred,month,cumulative,Synthetic,Portfolio,Auto,2017-03,93,442259.47128016804
mixto,Loss Incurred,month,cumulative,Synthetic,Portfolio,Auto,2017-03,94,442255.69834893104
mixto,Loss Incurred,month,cumulative,Synthetic,Portfolio,Auto,2017-03,95,442252.2725316448
mixto,Loss Incurred,month,cumulative,Synthetic,Portfolio,Auto,2017-03,96,442249.1619295574
mixto,Loss Incurred,month,cumulative,Synthetic,Portfolio,Auto,2017-03,97,442246.33756999025
mixto,Loss Incurred,month,cumulative,Synthetic,Portfolio,Auto,2017-03,98,442243.77313871647
mixto,Loss Incurred,month,cumulative,Synthetic,Portfolio,Auto,2017-03,99,442241.44473669864
mixto,Loss Incurred,month,cumulative,Synthetic,Portfolio,Auto,2017-03,100,442239.33065898926
mixto,Loss Incurred,month,cumulative,Synthetic,Portfolio,Auto,2017-03,101,442237.41119378415
mixto,Loss Incurred,month,cumulative,Synthetic,Portfolio,Auto,2017-03,102,442235.66843981127
mixto,Loss Incurred,month,cumulative,Synthetic,Portfolio,Auto,2017-03,103,442234.08614038577
mixto,Loss Incurred,month,cumulative,Synthetic,Portfolio,Auto,2017-03,104,442232.6495326249
mixto,Loss Incurred,month,cumulative,Synthetic,Portfolio,Auto,2017-03,105,442231.3452104414
mixto,Loss Incurred,month,cumulative,Synthetic,Portfolio,Auto,2017-04,0,255712.52107363363
mixto,Loss Incurred,month,cumulative,Synthetic,Portfolio,Auto,2017-04,1,284874.9814009705
mixto,Loss Incurred,month,cumulative,Synthetic,Portfolio,Auto,2017-04,2,309909.4709024449
mixto,Loss Incurred,month,cumulative,Synthetic,Portfolio,Auto,2017-04,3,331400.3073258705
mixto,Loss Incurred,month,cumulative,Synthetic,Portfolio,Auto,2017-04,4,349849.09774962696
mixto,Loss Incurred,month,cumulative,Synthetic,Portfolio,Auto,2017-04,5,365686.44634759455
mixto,Loss Incurred,month,cumulative,Synthetic,Portfolio,Auto,2017-04,6,379282.0049100986
mixto,Loss Incurred,month,cumulative,Synthetic,Portfolio,Auto,2017-04,7,390953.1007051485
mixto,Loss Incurred,month,cumulative,Synthetic,Portfolio,Auto,2017-04,8,400972.1430586494
mixto,Loss Incurred,month,cumulative,Synthetic,Portfolio,Auto,2017-04,9,409572.9815269464
mixto,Loss Incurred,month,cumulative,Synthetic,Portfolio,Auto,2017-04,10,416956.36406468874
mixto,Loss Incurred,month,cumulative,Synthetic,Portfolio,Auto,2017-04,11,423294.62258443405
mixto,Loss Incurred,month,cumulative,Synthetic,Portfolio,Auto,2017-04,12,428735.6952713449
mixto,Loss Incurred,month,cumulative,Synthetic,Portfolio,Auto,2017-04,13,433406.5795358507
mixto,Loss Incurred,month,cumulative,Synthetic,Portfolio,Auto,2017-04,14,437416.29619795125
mixto,Loss Incurred,month,cumulative,Synthetic,Portfolio,Auto,2017-04,15,440858.4340887364
mixto,Loss Incurred,month,cumulative,Synthetic,Portfolio,Auto,2017-04,16,443813.33446141554
mixto,Loss Incurred,month,cumulative,Synthetic,Portfolio,Auto,2017-04,17,446349.96619712666
mixto,Loss Incurred,month,cumulative,Synthetic,Portfolio,Auto,2017-04,18,448527.5355737831
mixto,Loss Incurred,month,cumulative,Synthetic,Portfolio,Auto,2017-04,19,446074.3544751401
mixto,Loss Incurred,month,cumulative,Synthetic,Portfolio,Auto,2017-04,20,443711.74244903174
mixto,Loss Incurred,month,cumulative,Synthetic,Portfolio,Auto,2017-04,21,441447.97045395337
mixto,Loss Incurred,month,cumulative,Synthetic,Portfolio,Auto,2017-04,22,439288.40566325176
mixto,Loss Incurred,month,cumulative,Synthetic,Portfolio,Auto,2017-04,23,437236.06489842565
mixto,Loss Incurred,month,cumulative,Synthetic,Portfolio,Auto,2017-04,24,435292.0780226706
mixto,Loss Incurred,month,cumulative,Synthetic,Portfolio,Auto,2017-04,25,433456.0750013078
mixto,Loss Incurred,month,cumulative,Synthetic,Portfolio,Auto,2017-04,26,431726.5083165538
mixto,Loss Incurred,month,cumulative,Synthetic,Portfolio,Auto,2017-04,27,430100.9206972064
mixto,Loss Incurred,month,cumulative,Synthetic,Portfolio,Auto,2017-04,28,428576.16664734716
mixto,Loss Incurred,month,cumulative,Synthetic,Portfolio,Auto,2017-04,29,427148.59499614453
mixto,Loss Incurred,month,cumulative,Synthetic,Portfolio,Auto,2017-04,30,425814.19861248543
mixto,Loss Incurred,month,cumulative,Synthetic,Portfolio,Auto,2017-04,31,424568.73650706065
mixto,Loss Incurred,month,cumulative,Synthetic,Portfolio,Auto,2017-04,32,423407.8327580291
mixto,Loss Incurred,month,cumulative,Synthetic,Portfolio,Auto,2017-04,33,422327.0560251039
mixto,Loss Incurred,month,cumulative,Synthetic,Portfolio,Auto,2017-04,34,421321.9828441996
mixto,Loss Incurred,month,cumulative,Synthetic,Portfolio,Auto,2017-04,35,420388.247406413
mixto,Loss Incurred,month,cumulative,Synthetic,Portfolio,Auto,2017-04,36,419521.5801088721
mixto,Loss Incurred,month,cumulative,Synthetic,Portfolio,Auto,2017-04,37,418717.836810424
mixto,Loss Incurred,month,cumulative,Synthetic,Portfolio,Auto,2017-04,38,417973.0204232822
mixto,Loss Incurred,month,cumulative,Synthetic,Portfolio,Auto,2017-04,39,417283.2962149571
mixto,Loss Incurred,month,cumulative,Synthetic,Portfolio,Auto,2017-04,40,416645.0019764636
mixto,Loss Incurred,month,cumulative,Synthetic,Portfolio,Auto,2017-04,41,416054.6540273466
mixto,Loss Incurred,month,cumulative,Synthetic,Portfolio,Auto,2017-04,42,415508.9498706392
mixto,Loss Incurred,month,cumulative,Synthetic,Portfolio,Auto,2017-04,43,415004.76817738573
mixto,Loss Incurred,month,cumulative,Synthetic,Portfolio,Auto,2017-04,44,414539.16666727664
mixto,Loss Incurred,month,cumulative,Synthetic,Portfolio,Auto,2017-04,45,414109.3783562567
mixto,Loss Incurred,month,cumulative,Synthetic,Portfolio,Auto,2017-04,46,413712.80656109645
mixto,Loss Incurred,month,cumulative,Synthetic,Portfolio,Auto,2017-04,47,413347.0189826617
mixto,Loss Incurred,month,cumulative,Synthetic,Portfolio,Auto,2017-04,48,413009.74113209767
mixto,Loss Incurred,month,cumulative,Synthetic,Portfolio,Auto,2017-04,49,412698.849315747
mixto,Loss Incurred,month,cumulative,Synthetic,Portfolio,Auto,2017-04,50,412412.36335398135
mixto,Loss Incurred,month,cumulative,Synthetic,Portfolio,Auto,2017-04,51,412148.4391750699
mixto,Loss Incurred,month,cumulative,Synthetic,Portfolio,Auto,2017-04,52,411905.36139672605
mixto,Loss Incurred,month,cumulative,Synthetic,Portfolio,Auto,2017-04,53,411681.53598423186
mixto,Loss Incurred,month,cumulative,Synthetic,Portfolio,Auto,2017-04,54,411475.4830542927
mixto,Loss Incurred,month,cumulative,Synthetic,Portfolio,Auto,2017-04,55,411285.82987741084
mixto,Loss Incurred,month,cumulative,Synthetic,Portfolio,Auto,2017-04,56,411111.30411806674
mixto,Loss Incurred,month,cumulative,Synthetic,Portfolio,Auto,2017-04,57,410950.72734089324
mixto,Loss Incurred,month,cumulative,Synthetic,Portfolio,Auto,2017-04,58,410803.00880196027
mixto,Loss Incurred,month,cumulative,Synthetic,Portfolio,Auto,2017-04,59,410667.1395369133
mixto,Loss Incurred,month,cumulative,Synthetic,Portfolio,Auto,2017-04,60,410542.1867517693
mixto,Loss Incurred,month,cumulative,Synthetic,Portfolio,Auto,2017-04,61,410427.28851741913
mixto,Loss Incurred,month,cumulative,Synthetic,Portfolio,Auto,2017-04,62,410321.6487651336
mixto,Loss Incurred,month,cumulative,Synthetic,Portfolio,Auto,2017-04,63,410224.5325774408
mixto,Loss Incurred,month,cumulative,Synthetic,Portfolio,Auto,2017-04,64,410135.26176650025
mixto,Loss Incurred,month,cumulative,Synthetic,Portfolio,Auto,2017-04,65,410053.2107304301
mixto,Loss Incurred,month,cumulative,Synthetic,Portfolio,Auto,2017-04,66,409977.80257682945
mixto,Loss Incurred,month,cumulative,Synthetic,Portfolio,Auto,2017-04,67,409908.5055019159
mixto,Loss Incurred,month,cumulative,Synthetic,Portfolio,Auto,2017-04,68,409844.82941317797
mixto,Loss Incurred,month,cumulative,Synthetic,Portfolio,Auto,2017-04,69,409786.32278317946
mixto,Loss Incurred,month,cumulative,Synthetic,Portfolio,Auto,2017-04,70,409732.5697220841
mixto,Loss Incurred,month,cumulative,Synthetic,Portfolio,Auto,2017-04,71,409683.18725656054
mixto,Loss Incurred,month,cumulative,Synthetic,Portfolio,Auto,2017-04,72,409637.82280294865
mixto,Loss Incurred,month,cumulative,Synthetic,Portfolio,Auto,2017-04,73,409596.1518228735
mixto,Loss Incurred,month,cumulative,Synthetic,Portfolio,Auto,2017-04,74,409557.87564988184
mixto,Loss Incurred,month,cumulative,Synthetic,Portfolio,Auto,2017-04,75,409522.71947610605
mixto,Loss Incurred,month,cumulative,Synthetic,Portfolio,Auto,2017-04,76,409490.4304884333
mixto,Loss Incurred,month,cumulative,Synthetic,Portfolio,Auto,2017-04,77,409460.77614415076
mixto,Loss Incurred,month,cumulative,Synthetic,Portfolio,Auto,2017-04,78,409433.5425765396
mixto,Loss Incurred,month,cumulative,Synthetic,Portfolio,Auto,2017-04,79,409408.5331214044
mixto,Loss Incurred,month,cumulative,Synthetic,Portfolio,Auto,2017-04,80,409385.56695602374
mixto,Loss Incurred,month,cumulative,Synthetic,Portfolio,Auto,2017-04,81,409364.477842513
mixto,Loss Incurred,month,cumulative,Synthetic,Portfolio,Auto,2017-04,82,409345.1129680665
mixto,Loss Incurred,month,cumulative,Synthetic,Portfolio,Auto,2017-04,83,409327.3318750254
mixto,Loss Incurred,month,cumulative,Synthetic,Portfolio,Auto,2017-04,84,409311.00547416083
mixto,Loss Incurred,month,cumulative,Synthetic,Portfolio,Auto,2017-04,85,409296.015135003
mixto,Loss Incurred,month,cumulative,Synthetic,Portfolio,Auto,2017-04,86,409282.2518474544
mixto,Loss Incurred,month,cumulative,Synthetic,Portfolio,Auto,2017-04,87,409269.6154493196
mixto,Loss Incurred,month,cumulative,Synthetic,Portfolio,Auto,2017-04,88,409258.01391475793
mixto,Loss Incurred,month,cumulative,Synthetic,Portfolio,Auto,2017-04,89,409247.36269901256
mixto,Loss Incurred,month,cumulative,Synthetic,Portfolio,Auto,2017-04,90,409237.5841351014
mixto,Loss Incurred,month,cumulative,Synthetic,Portfolio,Auto,2017-04,91,409228.60687846836
mixto,Loss Incurred,month,cumulative,Synthetic,Portfolio,Auto,2017-04,92,409220.36539588054
mixto,Loss Incurred,month,cumulative,Synthetic,Portfolio,Auto,2017-04,93,409212.7994951334
mixto,Loss Incurred,month,cumulative,Synthetic,Portfolio,Auto,2017-04,94,409205.85389237775
mixto,Loss Incurred,month,cumulative,Synthetic,Portfolio,Auto,2017-04,95,409199.47781412257
mixto,Loss Incurred,month,cumulative,Synthetic,Portfolio,Auto,2017-04,96,409193.62463118846
mixto,Loss Incurred,month,cumulative,Synthetic,Portfolio,Auto,2017-04,97,409188.25152209285
mixto,Loss Incurred,month,cumulative,Synthetic,Portfolio,Auto,2017-04,98,409183.31916353904
mixto,Loss Incurred,month,cumulative,Synthetic,Portfolio,Auto,2017-04,99,409178.79144586273
mixto,Loss Incurred,month,cumulative,Synthetic,Portfolio,Auto,2017-04,100,409174.63521145016
mixto,Loss Incurred,month,cumulative,Synthetic,Portfolio,Auto,2017-04,101,409170.8200142995
mixto,Loss Incurred,month,cumulative,Synthetic,Portfolio,Auto,2017-04,102,409167.3178990379
mixto,Loss Incurred,month,cumulative,Synthetic,Portfolio,Auto,2017-04,103,409164.10319783806
mixto,Loss Incurred,month,cumulative,Synthetic,Portfolio,Auto,2017-04,104,409161.1523437991
mixto,Loss Incurred,month,cumulative,Synthetic,Portfolio,Auto,2017-05,0,237659.88046679928
mixto,Loss Incurred,month,cumulative,Synthetic,Portfolio,Auto,2017-05,1,263940.9849018625
mixto,Loss Incurred,month,cumulative,Synthetic,Portfolio,Auto,2017-05,2,286834.67900405783
mixto,Loss Incurred,month,cumulative,Synthetic,Portfolio,Auto,2017-05,3,306777.57108988776
mixto,Loss Incurred,month,cumulative,Synthetic,Portfolio,Auto,2017-05,4,324149.99438565114
mixto,Loss Incurred,month,cumulative,Synthetic,Portfolio,Auto,2017-05,5,339283.2604068628
mixto,Loss Incurred,month,cumulative,Synthetic,Portfolio,Auto,2017-05,6,352465.97743889655
mixto,Loss Incurred,month,cumulative,Synthetic,Portfolio,Auto,2017-05,7,363949.5546193338
mixto,Loss Incurred,month,cumulative,Synthetic,Portfolio,Auto,2017-05,8,373952.99659101624
mixto,Loss Incurred,month,cumulative,Synthetic,Portfolio,Auto,2017-05,9,382667.08016519115
mixto,Loss Incurred,month,cumulative,Synthetic,Portfolio,Auto,2017-05,10,390257.9926483806
mixto,Loss Incurred,month,cumulative,Synthetic,Portfolio,Auto,2017-05,11,396870.5012199312
mixto,Loss Incurred,month,cumulative,Synthetic,Portfolio,Auto,2017-05,12,402630.7138038153
mixto,Loss Incurred,month,cumulative,Synthetic,Portfolio,Auto,2017-05,13,407648.4840875907
mixto,Loss Incurred,month,cumulative,Synthetic,Portfolio,Auto,2017-05,14,412019.50655491825
mixto,Loss Incurred,month,cumulative,Synthetic,Portfolio,Auto,2017-05,15,415827.14148624596
mixto,Loss Incurred,month,cumulative,Synthetic,Portfolio,Auto,2017-05,16,419144.0047324628
mixto,Loss Incurred,month,cumulative,Synthetic,Portfolio,Auto,2017-05,17,422033.3525802799
mixto,Loss Incurred,month,cumulative,Synthetic,Portfolio,Auto,2017-05,18,424550.2881202684
mixto,Loss Incurred,month,cumulative,Synthetic,Portfolio,Auto,2017-05,19,422631.8563716091
mixto,Loss Incurred,month,cumulative,Synthetic,Portfolio,Auto,2017-05,20,420813.1627291981
mixto,Loss Incurred,month,cumulative,Synthetic,Portfolio,Auto,2017-05,21,419095.07282649155
mixto,Loss Incurred,month,cumulative,Synthetic,Portfolio,Auto,2017-05,22,417477.0646125079
mixto,Loss Incurred,month,cumulative,Synthetic,Portfolio,Auto,2017-05,23,415957.525896146
mixto,Loss Incurred,month,cumulative,Synthetic,Portfolio,Auto,2017-05,24,414534.0025015131
mixto,Loss Incurred,month,cumulative,Synthetic,Portfolio,Auto,2017-05,25,413203.4044266669
mixto,Loss Incurred,month,cumulative,Synthetic,Portfolio,Auto,2017-05,26,411962.17634988355
mixto,Loss Incurred,month,cumulative,Synthetic,Portfolio,Auto,2017-05,27,410806.43792326265
mixto,Loss Incurred,month,cumulative,Synthetic,Portfolio,Auto,2017-05,28,409732.09851379157
mixto,Loss Incurred,month,cumulative,Synthetic,Portfolio,Auto,2017-05,29,408734.9503801069
mixto,Loss Incurred,month,cumulative,Synthetic,Portfolio,Auto,2017-05,30,407810.74369452184
mixto,Loss Incurred,month,cumulative,Synthetic,Portfolio,Auto,2017-05,31,406955.2463218276
mixto,Loss Incurred,month,cumulative,Synthetic,Portfolio,Auto,2017-05,32,406164.2908379495
mixto,Loss Incurred,month,cumulative,Synthetic,Portfolio,Auto,2017-05,33,405433.8109032839
mixto,Loss Incurred,month,cumulative,Synthetic,Portfolio,Auto,2017-05,34,404759.86878923094
mixto,Loss Incurred,month,cumulative,Synthetic,Portfolio,Auto,2017-05,35,404138.67558496917
mixto,Loss Incurred,month,cumulative,Synthetic,Portfolio,Auto,2017-05,36,403566.60537871835
mixto,Loss Incurred,month,cumulative,Synthetic,Portfolio,Auto,2017-05,37,403040.2045083004
mixto,Loss Incurred,month,cumulative,Synthetic,Portfolio,Auto,2017-05,38,402556.19680510013
mixto,Loss Incurred,month,cumulative,Synthetic,Portfolio,Auto,2017-05,39,402111.48560958356
mixto,Loss Incurred,month,cumulative,Synthetic,Portfolio,Auto,2017-05,40,401703.15321188926
mixto,Loss Incurred,month,cumulative,Synthetic,Portfolio,Auto,2017-05,41,401328.45826469536
mixto,Loss Incurred,month,cumulative,Synthetic,Portfolio,Auto,2017-05,42,400984.83162501286
mixto,Loss Incurred,month,cumulative,Synthetic,Portfolio,Auto,2017-05,43,400669.8710045317
mixto,Loss Incurred,month,cumulative,Synthetic,Portfolio,Auto,2017-05,44,400381.334742743
mixto,Loss Incurred,month,cumulative,Synthetic,Portfolio,Auto,2017-05,45,400117.1349616177
mixto,Loss Incurred,month,cumulative,Synthetic,Portfolio,Auto,2017-05,46,399875.33031371696
mixto,Loss Incurred,month,cumulative,Synthetic,Portfolio,Auto,2017-05,47,399654.1184960064
mixto,Loss Incurred,month,cumulative,Synthetic,Portfolio,Auto,2017-05,48,399451.8286682962
mixto,Loss Incurred,month,cumulative,Synthetic,Portfolio,Auto,2017-05,49,399266.9138872099
mixto,Loss Incurred,month,cumulative,Synthetic,Portfolio,Auto,2017-05,50,399097.94364311924
mixto,Loss Incurred,month,cumulative,Synthetic,Portfolio,Auto,2017-05,51,398943.59656789503
mixto,Loss Incurred,month,cumulative,Synthetic,Portfolio,Auto,2017-05,52,398802.65336503455
mixto,Loss Incurred,month,cumulative,Synthetic,Portfolio,Auto,2017-05,53,398673.9900002347
mixto,Loss Incurred,month,cumulative,Synthetic,Portfolio,Auto,2017-05,54,398556.5711793698
mixto,Loss Incurred,month,cumulative,Synthetic,Portfolio,Auto,2017-05,55,398449.4441317288
mixto,Loss Incurred,month,cumulative,Synthetic,Portfolio,Auto,2017-05,56,398351.7327089559
mixto,Loss Incurred,month,cumulative,Synthetic,Portfolio,Auto,2017-05,57,398262.6318041673
mixto,Loss Incurred,month,cumulative,Synthetic,Portfolio,Auto,2017-05,58,398181.402090935
mixto,Loss Incurred,month,cumulative,Synthetic,Portfolio,Auto,2017-05,59,398107.3650780618
mixto,Loss Incurred,month,cumulative,Synthetic,Portfolio,Auto,2017-05,60,398039.898473141
mixto,Loss Incurred,month,cumulative,Synthetic,Portfolio,Auto,2017-05,61,397978.43184566346
mixto,Loss Incurred,month,cumulative,Synthetic,Portfolio,Auto,2017-05,62,397922.44257878157
mixto,Loss Incurred,month,cumulative,Synthetic,Portfolio,Auto,2017-05,63,397871.4520976692
mixto,Loss Incurred,month,cumulative,Synthetic,Portfolio,Auto,2017-05,64,397825.02236162784
mixto,Loss Incurred,month,cumulative,Synthetic,Portfolio,Auto,2017-05,65,397782.75260662776
mixto,Loss Incurred,month,cumulative,Synthetic,Portfolio,Auto,2017-05,66,397744.2763247653
mixto,Loss Incurred,month,cumulative,Synthetic,Portfolio,Auto,2017-05,67,397709.2584671128
mixto,Loss Incurred,month,cumulative,Synthetic,Portfolio,Auto,2017-05,68,397677.3928566012
mixto,Loss Incurred,month,cumulative,Synthetic,Portfolio,Auto,2017-05,69,397648.3997978604
mixto,Loss Incurred,month,cumulative,Synthetic,Portfolio,Auto,2017-05,70,397622.02387132443
mixto,Loss Incurred,month,cumulative,Synthetic,Portfolio,Auto,2017-05,71,397598.03189936874
mixto,Loss Incurred,month,cumulative,Synthetic,Portfolio,Auto,2017-05,72,397576.2110727478
mixto,Loss Incurred,month,cumulative,Synthetic,Portfolio,Auto,2017-05,73,397556.3672261433
mixto,Loss Incurred,month,cumulative,Synthetic,Portfolio,Auto,2017-05,74,397538.3232521964
mixto,Loss Incurred,month,cumulative,Synthetic,Portfolio,Auto,2017-05,75,397521.9176439665
mixto,Loss Incurred,month,cumulative,Synthetic,Portfolio,Auto,2017-05,76,397507.0031563303
mixto,Loss Incurred,month,cumulative,Synthetic,Portfolio,Auto,2017-05,77,397493.4455774024
mixto,Loss Incurred,month,cumulative,Synthetic,Portfolio,Auto,2017-05,78,397481.1226016079
mixto,Loss Incurred,month,cumulative,Synthetic,Portfolio,Auto,2017-05,79,397469.9227965818
mixto,Loss Incurred,month,cumulative,Synthetic,Portfolio,Auto,2017-05,80,397459.74465658225
mixto,Loss Incurred,month,cumulative,Synthetic,Portfolio,Auto,2017-05,81,397450.4957356045
mixto,Loss Incurred,month,cumulative,Synthetic,Portfolio,Auto,2017-05,82,397442.0918538596
mixto,Loss Incurred,month,cumulative,Synthetic,Portfolio,Auto,2017-05,83,397434.4563717277
mixto,Loss Incurred,month,cumulative,Synthetic,Portfolio,Auto,2017-05,84,397427.5195257278
mixto,Loss Incurred,month,cumulative,Synthetic,Portfolio,Auto,2017-05,85,397421.21782144567
mixto,Loss Incurred,month,cumulative,Synthetic,Portfolio,Auto,2017-05,86,397415.49347874086
mixto,Loss Incurred,month,cumulative,Synthetic,Portfolio,Auto,2017-05,87,397410.29392490984
mixto,Loss Incurred,month,cumulative,Synthetic,Portfolio,Auto,2017-05,88,397405.5713318144
mixto,Loss Incurred,month,cumulative,Synthetic,Portfolio,Auto,2017-05,89,397401.282193296
mixto,Loss Incurred,month,cumulative,Synthetic,Portfolio,Auto,2017-05,90,397397.3869394832
mixto,Loss Incurred,month,cumulative,Synthetic,Portfolio,Auto,2017-05,91,397393.84958487574
mixto,Loss Incurred,month,cumulative,Synthetic,Portfolio,Auto,2017-05,92,397390.63740732876
mixto,Loss Incurred,month,cumulative,Synthetic,Portfolio,Auto,2017-05,93,397387.72065530263
mixto,Loss Incurred,month,cumulative,Synthetic,Portfolio,Auto,2017-05,94,397385.0722809539
mixto,Loss Incurred,month,cumulative,Synthetic,Portfolio,Auto,2017-05,95,397382.66769684094
mixto,Loss Incurred,month,cumulative,Synthetic,Portfolio,Auto,2017-05,96,397380.4845542069
mixto,Loss Incurred,month,cumulative,Synthetic,Portfolio,Auto,2017-05,97,397378.50254096516
mixto,Loss Incurred,month,cumulative,Synthetic,Portfolio,Auto,2017-05,98,397376.7031976758
mixto,Loss Incurred,month,cumulative,Synthetic,Portfolio,Auto,2017-05,99,397375.0697499413
mixto,Loss Incurred,month,cumulative,Synthetic,Portfolio,Auto,2017-05,100,397373.5869557842
mixto,Loss Incurred,month,cumulative,Synthetic,Portfolio,Auto,2017-05,101,397372.24096669216
mixto,Loss Incurred,month,cumulative,Synthetic,Portfolio,Auto,2017-05,102,397371.0192011264
mixto,Loss Incurred,month,cumulative,Synthetic,Portfolio,Auto,2017-05,103,397369.91022939415
mixto,Loss Incurred,month,cumulative,Synthetic,Portfolio,Auto,2017-06,0,253950.585459758
mixto,Loss Incurred,month,cumulative,Synthetic,Portfolio,Auto,2017-06,1,278657.9071721558
mixto,Loss Incurred,month,cumulative,Synthetic,Portfolio,Auto,2017-06,2,300025.67183801805
mixto,Loss Incurred,month,cumulative,Synthetic,Portfolio,Auto,2017-06,3,318505.26959168975
mixto,Loss Incurred,month,cumulative,Synthetic,Portfolio,Auto,2017-06,4,334487.0785678571
mixto,Loss Incurred,month,cumulative,Synthetic,Portfolio,Auto,2017-06,5,348308.7115684972
mixto,Loss Incurred,month,cumulative,Synthetic,Portfolio,Auto,2017-06,6,360262.1480717907
mixto,Loss Incurred,month,cumulative,Synthetic,Portfolio,Auto,2017-06,7,370599.90224538604
mixto,Loss Incurred,month,cumulative,Synthetic,Portfolio,Auto,2017-06,8,379540.3572621707
mixto,Loss Incurred,month,cumulative,Synthetic,Portfolio,Auto,2017-06,9,387272.3786049989
mixto,Loss Incurred,month,cumulative,Synthetic,Portfolio,Auto,2017-06,10,393959.30381559645
mixto,Loss Incurred,month,cumulative,Synthetic,Portfolio,Auto,2017-06,11,399742.39297036204
mixto,Loss Incurred,month,cumulative,Synthetic,Portfolio,Auto,2017-06,12,404743.8127737364
mixto,Loss Incurred,month,cumulative,Synthetic,Portfolio,Auto,2017-06,13,409069.21730756987
mixto,Loss Incurred,month,cumulative,Synthetic,Portfolio,Auto,2017-06,14,412809.97995434556
mixto,Loss Incurred,month,cumulative,Synthetic,Portfolio,Auto,2017-06,15,416045.12364323204
mixto,Loss Incurred,month,cumulative,Synthetic,Portfolio,Auto,2017-06,16,418842.99019506015
mixto,Loss Incurred,month,cumulative,Synthetic,Portfolio,Auto,2017-06,17,421262.6840308332
mixto,Loss Incurred,month,cumulative,Synthetic,Portfolio,Auto,2017-06,18,423355.3207418488
mixto,Loss Incurred,month,cumulative,Synthetic,Portfolio,Auto,2017-06,19,425165.1068972493
mixto,Loss Incurred,month,cumulative,Synthetic,Portfolio,Auto,2017-06,20,423176.0136530872
mixto,Loss Incurred,month,cumulative,Synthetic,Portfolio,Auto,2017-06,21,421257.7627262486
mixto,Loss Incurred,month,cumulative,Synthetic,Portfolio,Auto,2017-06,22,419416.5115043249
mixto,Loss Incurred,month,cumulative,Synthetic,Portfolio,Auto,2017-06,23,417656.3350938935
mixto,Loss Incurred,month,cumulative,Synthetic,Portfolio,Auto,2017-06,24,415979.60708950576
mixto,Loss Incurred,month,cumulative,Synthetic,Portfolio,Auto,2017-06,25,414387.3209850076
mixto,Loss Incurred,month,cumulative,Synthetic,Portfolio,Auto,2017-06,26,412879.36087722867
mixto,Loss Incurred,month,cumulative,Synthetic,Portfolio,Auto,2017-06,27,411454.728893085
mixto,Loss Incurred,month,cumulative,Synthetic,Portfolio,Auto,2017-06,28,410111.73572086345
mixto,Loss Incurred,month,cumulative,Synthetic,Portfolio,Auto,2017-06,29,408848.15972179314
mixto,Loss Incurred,month,cumulative,Synthetic,Portfolio,Auto,2017-06,30,407661.37931896624
mixto,Loss Incurred,month,cumulative,Synthetic,Portfolio,Auto,2017-06,31,406548.48269003007
mixto,Loss Incurred,month,cumulative,Synthetic,Portfolio,Auto,2017-06,32,405506.3582129029
mixto,Loss Incurred,month,cumulative,Synthetic,Portfolio,Auto,2017-06,33,404531.7686172436
mixto,Loss Incurred,month,cumulative,Synthetic,Portfolio,Auto,2017-06,34,403621.41136738844
mixto,Loss Incurred,month,cumulative,Synthetic,Portfolio,Auto,2017-06,35,402771.96743539843
mixto,Loss Incurred,month,cumulative,Synthetic,Portfolio,Auto,2017-06,36,401980.14030743716
mixto,Loss Incurred,month,cumulative,Synthetic,Portfolio,Auto,2017-06,37,401242.68679579516
mixto,Loss Incurred,month,cumulative,Synthetic,Portfolio,Auto,2017-06,38,400556.4409963166
mixto,Loss Incurred,month,cumulative,Synthetic,Portfolio,Auto,2017-06,39,399918.33253144677
mixto,Loss Incurred,month,cumulative,Synthetic,Portfolio,Auto,2017-06,40,399325.40004802693
mixto,Loss Incurred,month,cumulative,Synthetic,Portfolio,Auto,2017-06,41,398774.80079233175
mixto,Loss Incurred,month,cumulative,Synthetic,Portfolio,Auto,2017-06,42,398263.81695929065
mixto,Loss Incurred,month,cumulative,Synthetic,Portfolio,Auto,2017-06,43,397789.8594053785
mixto,Loss Incurred,month,cumulative,Synthetic,Portfolio,Auto,2017-06,44,397350.4692227974
mixto,Loss Incurred,month,cumulative,Synthetic,Portfolio,Auto,2017-06,45,396943.31759407703
mixto,Loss Incurred,month,cumulative,Synthetic,Portfolio,Auto,2017-06,46,396566.2042792445
mixto,Loss Incurred,month,cumulative,Synthetic,Portfolio,Auto,2017-06,47,396217.0550305985
mixto,Loss Incurred,month,cumulative,Synthetic,Portfolio,Auto,2017-06,48,395893.91818148916
mixto,Loss Incurred,month,cumulative,Synthetic,Portfolio,Auto,2017-06,49,395594.96061414323
mixto,Loss Incurred,month,cumulative,Synthetic,Portfolio,Auto,2017-06,50,395318.46327643254
mixto,Loss Incurred,month,cumulative,Synthetic,Portfolio,Auto,2017-06,51,395062.8163876969
mixto,Loss Incurred,month,cumulative,Synthetic,Portfolio,Auto,2017-06,52,394826.51444850024
mixto,Loss Incurred,month,cumulative,Synthetic,Portfolio,Auto,2017-06,53,394608.1511478867
mixto,Loss Incurred,month,cumulative,Synthetic,Portfolio,Auto,2017-06,54,394406.4142437262
mixto,Loss Incurred,month,cumulative,Synthetic,Portfolio,Auto,2017-06,55,394220.08047661604
mixto,Loss Incurred,month,cumulative,Synthetic,Portfolio,Auto,2017-06,56,394048.010565122
mixto,Loss Incurred,month,cumulative,Synthetic,Portfolio,Auto,2017-06,57,393889.14431951777
mixto,Loss Incurred,month,cumulative,Synthetic,Portfolio,Auto,2017-06,58,393742.49590234325
mixto,Loss Incurred,month,cumulative,Synthetic,Portfolio,Auto,2017-06,59,393607.14925674244
mixto,Loss Incurred,month,cumulative,Synthetic,Portfolio,Auto,2017-06,60,393482.2537174745
mixto,Loss Incurred,month,cumulative,Synthetic,Portfolio,Auto,2017-06,61,393367.0198144862
mixto,Loss Incurred,month,cumulative,Synthetic,Portfolio,Auto,2017-06,62,393260.7152748551
mixto,Loss Incurred,month,cumulative,Synthetic,Portfolio,Auto,2017-06,63,393162.66122559464
mixto,Loss Incurred,month,cumulative,Synthetic,Portfolio,Auto,2017-06,64,393072.2285971513
mixto,Loss Incurred,month,cumulative,Synthetic,Portfolio,Auto,2017-06,65,392988.83472529706
mixto,Loss Incurred,month,cumulative,Synthetic,Portfolio,Auto,2017-06,66,392911.94014746585
mixto,Loss Incurred,month,cumulative,Synthetic,Portfolio,Auto,2017-06,67,392841.0455882929
mixto,Loss Incurred,month,cumulative,Synthetic,Portfolio,Auto,2017-06,68,392775.6891281571
mixto,Loss Incurred,month,cumulative,Synthetic,Portfolio,Auto,2017-06,69,392715.44354782446
mixto,Loss Incurred,month,cumulative,Synthetic,Portfolio,Auto,2017-06,70,392659.91384180356
mixto,Loss Incurred,month,cumulative,Synthetic,Portfolio,Auto,2017-06,71,392608.73489272385
mixto,Loss Incurred,month,cumulative,Synthetic,Portfolio,Auto,2017-06,72,392561.56929888116
mixto,Loss Incurred,month,cumulative,Synthetic,Portfolio,Auto,2017-06,73,392518.1053470545
mixto,Loss Incurred,month,cumulative,Synthetic,Portfolio,Auto,2017-06,74,392478.0551227463
mixto,Loss Incurred,month,cumulative,Synthetic,Portfolio,Auto,2017-06,75,392441.1527501232
mixto,Loss Incurred,month,cumulative,Synthetic,Portfolio,Auto,2017-06,76,392407.15275411727
mixto,Loss Incurred,month,cumulative,Synthetic,Portfolio,Auto,2017-06,77,392375.8285373684
mixto,Loss Incurred,month,cumulative,Synthetic,Portfolio,Auto,2017-06,78,392346.97096495406
mixto,Loss Incurred,month,cumulative,Synthetic,Portfolio,Auto,2017-06,79,392320.387050129
mixto,Loss Incurred,month,cumulative,Synthetic,Portfolio,Auto,2017-06,80,392295.89873459324
mixto,Loss Incurred,month,cumulative,Synthetic,Portfolio,Auto,2017-06,81,392273.34175711824
mixto,Loss Incurred,month,cumulative,Synthetic,Portfolio,Auto,2017-06,82,392252.5646046647
mixto,Loss Incurred,month,cumulative,Synthetic,Portfolio,Auto,2017-06,83,392233.4275404387
mixto,Loss Incurred,month,cumulative,Synthetic,Portfolio,Auto,2017-06,84,392215.8017036393
mixto,Loss Incurred,month,cumulative,Synthetic,Portfolio,Auto,2017-06,85,392199.5682759461
mixto,Loss Incurred,month,cumulative,Synthetic,Portfolio,Auto,2017-06,86,392184.61771009484
mixto,Loss Incurred,month,cumulative,Synthetic,Portfolio,Auto,2017-06,87,392170.84901616524
mixto,Loss Incurred,month,cumulative,Synthetic,Portfolio,Auto,2017-06,88,392158.16910147935
mixto,Loss Incurred,month,cumulative,Synthetic,Portfolio,Auto,2017-06,89,392146.4921602702
mixto,Loss Incurred,month,cumulative,Synthetic,Portfolio,Auto,2017-06,90,392135.7391095283
mixto,Loss Incurred,month,cumulative,Synthetic,Portfolio,Auto,2017-06,91,392125.8370676684
mixto,Loss Incurred,month,cumulative,Synthetic,Portfolio,Auto,2017-06,92,392116.718872887
mixto,Loss Incurred,month,cumulative,Synthetic,Portfolio,Auto,2017-06,93,392108.32263829035
mixto,Loss Incurred,month,cumulative,Synthetic,Portfolio,Auto,2017-06,94,392100.5913410727
mixto,Loss Incurred,month,cumulative,Synthetic,Portfolio,Auto,2017-06,95,392093.4724432166
mixto,Loss Incurred,month,cumulative,Synthetic,Portfolio,Auto,2017-06,96,392086.9175413601
mixto,Loss Incurred,month,cumulative,Synthetic,Portfolio,Auto,2017-06,97,392080.8820436459
mixto,Loss Incurred,month,cumulative,Synthetic,Portfolio,Auto,2017-06,98,392075.32487152104
mixto,Loss Incurred,month,cumulative,Synthetic,Portfolio,Auto,2017-06,99,392070.208184603
mixto,Loss Incurred,month,cumulative,Synthetic,Portfolio,Auto,2017-06,100,392065.49712686427
mixto,Loss Incurred,month,cumulative,Synthetic,Portfolio,Auto,2017-06,101,392061.1595925143
mixto,Loss Incurred,month,cumulative,Synthetic,Portfolio,Auto,2017-06,102,392057.1660100778
mixto,Loss Incurred,month,cumulative,Synthetic,Portfolio,Auto,2017-07,0,226091.09468214063
mixto,Loss Incurred,month,cumulative,Synthetic,Portfolio,Auto,2017-07,1,251967.09671493768
mixto,Loss Incurred,month,cumulative,Synthetic,Portfolio,Auto,2017-07,2,274462.41128037404
mixto,Loss Incurred,month,cumulative,Synthetic,Portfolio,Auto,2017-07,3,294018.72360236815
mixto,Loss Incurred,month,cumulative,Synthetic,Portfolio,Auto,2017-07,4,311020.0129385485
mixto,Loss Incurred,month,cumulative,Synthetic,Portfolio,Auto,2017-07,5,325800.0918375467
mixto,Loss Incurred,month,cumulative,Synthetic,Portfolio,Auto,2017-07,6,338649.160395878
mixto,Loss Incurred,month,cumulative,Synthetic,Portfolio,Auto,2017-07,7,349819.50420425175
mixto,Loss Incurred,month,cumulative,Synthetic,Portfolio,Auto,2017-07,8,359530.4478598811
mixto,Loss Incurred,month,cumulative,Synthetic,Portfolio,Auto,2017-07,9,367972.6613047452
mixto,Loss Incurred,month,cumulative,Synthetic,Portfolio,Auto,2017-07,10,375311.90354278754
mixto,Loss Incurred,month,cumulative,Synthetic,Portfolio,Auto,2017-07,11,381692.277242227
mixto,Loss Incurred,month,cumulative,Synthetic,Portfolio,Auto,2017-07,12,387239.05812561105
mixto,Loss Incurred,month,cumulative,Synthetic,Portfolio,Auto,2017-07,13,392061.1547013928
mixto,Loss Incurred,month,cumulative,Synthetic,Portfolio,Auto,2017-07,14,396253.2466327367
mixto,Loss Incurred,month,cumulative,Synthetic,Portfolio,Auto,2017-07,15,399897.64372944745
mixto,Loss Incurred,month,cumulative,Synthetic,Portfolio,Auto,2017-07,16,403065.9020634807
mixto,Loss Incurred,month,cumulative,Synthetic,Portfolio,Auto,2017-07,17,405820.2289397234
mixto,Loss Incurred,month,cumulative,Synthetic,Portfolio,Auto,2017-07,18,408214.7043080042
mixto,Loss Incurred,month,cumulative,Synthetic,Portfolio,Auto,2017-07,19,410296.34259820037
mixto,Loss Incurred,month,cumulative,Synthetic,Portfolio,Auto,2017-07,20,408751.79320821445
mixto,Loss Incurred,month,cumulative,Synthetic,Portfolio,Auto,2017-07,21,407254.3986273846
mixto,Loss Incurred,month,cumulative,Synthetic,Portfolio,Auto,2017-07,22,405811.07235851424
mixto,Loss Incurred,month,cumulative,Synthetic,Portfolio,Auto,2017-07,23,404426.71927598177
mixto,Loss Incurred,month,cumulative,Synthetic,Portfolio,Auto,2017-07,24,403104.5915083161
mixto,Loss Incurred,month,cumulative,Synthetic,Portfolio,Auto,2017-07,25,401846.58992348606
mixto,Loss Incurred,month,cumulative,Synthetic,Portfolio,Auto,2017-07,26,400653.518991918
mixto,Loss Incurred,month,cumulative,Synthetic,Portfolio,Auto,2017-07,27,399525.3017299763
mixto,Loss Incurred,month,cumulative,Synthetic,Portfolio,Auto,2017-07,28,398461.16049922316
mixto,Loss Incurred,month,cumulative,Synthetic,Portfolio,Auto,2017-07,29,397459.76863490406
mixto,Loss Incurred,month,cumulative,Synthetic,Portfolio,Auto,2017-07,30,396519.3771839903
mixto,Loss Incurred,month,cumulative,Synthetic,Portfolio,Auto,2017-07,31,395637.92043422133
mixto,Loss Incurred,month,cumulative,Synthetic,Portfolio,Auto,2017-07,32,394813.103398296
mixto,Loss Incurred,month,cumulative,Synthetic,Portfolio,Auto,2017-07,33,394042.47397072386
mixto,Loss Incurred,month,cumulative,Synthetic,Portfolio,Auto,2017-07,34,393323.48208937206
mixto,Loss Incurred,month,cumulative,Synthetic,Portfolio,Auto,2017-07,35,392653.5279012023
mixto,Loss Incurred,month,cumulative,Synthetic,Portfolio,Auto,2017-07,36,392030.00064496027
mixto,Loss Incurred,month,cumulative,Synthetic,Portfolio,Auto,2017-07,37,391450.30971645133
mixto,Loss Incurred,month,cumulative,Synthetic,Portfolio,Auto,2017-07,38,390911.90916918486
mixto,Loss Incurred,month,cumulative,Synthetic,Portfolio,Auto,2017-07,39,390412.3167199235
mixto,Loss Incurred,month,cumulative,Synthetic,Portfolio,Auto,2017-07,40,389949.12817102653
mixto,Loss Incurred,month,cumulative,Synthetic,Portfolio,Auto,2017-07,41,389520.0280259397
mixto,Loss Incurred,month,cumulative,Synthetic,Portfolio,Auto,2017-07,42,389122.79695774504
mixto,Loss Incurred,month,cumulative,Synthetic,Portfolio,Auto,2017-07,43,388755.3166907189
mixto,Loss Incurred,month,cumulative,Synthetic,Portfolio,Auto,2017-07,44,388415.5727691117
mixto,Loss Incurred,month,cumulative,Synthetic,Portfolio,Auto,2017-07,45,388101.65561389166
mixto,Loss Incurred,month,cumulative,Synthetic,Portfolio,Auto,2017-07,46,387811.76020528807
mixto,Loss Incurred,month,cumulative,Synthetic,Portfolio,Auto,2017-07,47,387544.18467518734
mixto,Loss Incurred,month,cumulative,Synthetic,Portfolio,Auto,2017-07,48,387297.32804748265
mixto,Loss Incurred,month,cumulative,Synthetic,Portfolio,Auto,2017-07,49,387069.687325281
mixto,Loss Incurred,month,cumulative,Synthetic,Portfolio,Auto,2017-07,50,386859.8540904841
mixto,Loss Incurred,month,cumulative,Synthetic,Portfolio,Auto,2017-07,51,386666.51075285074
mixto,Loss Incurred,month,cumulative,Synthetic,Portfolio,Auto,2017-07,52,386488.4265615323
mixto,Loss Incurred,month,cumulative,Synthetic,Portfolio,Auto,2017-07,53,386324.45347163
mixto,Loss Incurred,month,cumulative,Synthetic,Portfolio,Auto,2017-07,54,386173.521941027
mixto,Loss Incurred,month,cumulative,Synthetic,Portfolio,Auto,2017-07,55,386034.6367181603
mixto,Loss Incurred,month,cumulative,Synthetic,Portfolio,Auto,2017-07,56,385906.8726691072
mixto,Loss Incurred,month,cumulative,Synthetic,Portfolio,Auto,2017-07,57,385789.37068205705
mixto,Loss Incurred,month,cumulative,Synthetic,Portfolio,Auto,2017-07,58,385681.3336786073
mixto,Loss Incurred,month,cumulative,Synthetic,Portfolio,Auto,2017-07,59,385582.02275413496
mixto,Loss Incurred,month,cumulative,Synthetic,Portfolio,Auto,2017-07,60,385490.7534635263
mixto,Loss Incurred,month,cumulative,Synthetic,Portfolio,Auto,2017-07,61,385406.8922636184
mixto,Loss Incurred,month,cumulative,Synthetic,Portfolio,Auto,2017-07,62,385329.8531196538
mixto,Loss Incurred,month,cumulative,Synthetic,Portfolio,Auto,2017-07,63,385259.094279754
mixto,Loss Incurred,month,cumulative,Synthetic,Portfolio,Auto,2017-07,64,385194.115218735
mixto,Loss Incurred,month,cumulative,Synthetic,Portfolio,Auto,2017-07,65,385134.4537504569
mixto,Loss Incurred,month,cumulative,Synthetic,Portfolio,Auto,2017-07,66,385079.6833061951
mixto,Loss Incurred,month,cumulative,Synthetic,Portfolio,Auto,2017-07,67,385029.41037520295
mixto,Loss Incurred,month,cumulative,Synthetic,Portfolio,Auto,2017-07,68,384983.2721026277
mixto,Loss Incurred,month,cumulative,Synthetic,Portfolio,Auto,2017-07,69,384940.93403918785
mixto,Loss Incurred,month,cumulative,Synthetic,Portfolio,Auto,2017-07,70,384902.0880364874
mixto,Loss Incurred,month,cumulative,Synthetic,Portfolio,Auto,2017-07,71,384866.45028148254
mixto,Loss Incurred,month,cumulative,Synthetic,Portfolio,Auto,2017-07,72,384833.7594634063
mixto,Loss Incurred,month,cumulative,Synthetic,Portfolio,Auto,2017-07,73,384803.77506635466
mixto,Loss Incurred,month,cumulative,Synthetic,Portfolio,Auto,2017-07,74,384776.2757807433
mixto,Loss Incurred,month,cumulative,Synthetic,Portfolio,Auto,2017-07,75,384751.05802691303
mixto,Loss Incurred,month,cumulative,Synthetic,Portfolio,Auto,2017-07,76,384727.93458429695
mixto,Loss Incurred,month,cumulative,Synthetic,Portfolio,Auto,2017-07,77,384706.7333197417
mixto,Loss Incurred,month,cumulative,Synthetic,Portfolio,Auto,2017-07,78,384687.2960087867
mixto,Loss Incurred,month,cumulative,Synthetic,Portfolio,Auto,2017-07,79,384669.4772439449
mixto,Loss Incurred,month,cumulative,Synthetic,Portfolio,Auto,2017-07,80,384653.14342428185
mixto,Loss Incurred,month,cumulative,Synthetic,Portfolio,Auto,2017-07,81,384638.17182085785
mixto,Loss Incurred,month,cumulative,Synthetic,Portfolio,Auto,2017-07,82,384624.44971286843
mixto,Loss Incurred,month,cumulative,Synthetic,Portfolio,Auto,2017-07,83,384611.87358959223
mixto,Loss Incurred,month,cumulative,Synthetic,Portfolio,Auto,2017-07,84,384600.3484135277
mixto,Loss Incurred,month,cumulative,Synthetic,Portfolio,Auto,2017-07,85,384589.78694036434
mixto,Loss Incurred,month,cumulative,Synthetic,Portfolio,Auto,2017-07,86,384580.1090917
mixto,Loss Incurred,month,cumulative,Synthetic,Portfolio,Auto,2017-07,87,384571.24137666303
mixto,Loss Incurred,month,cumulative,Synthetic,Portfolio,Auto,2017-07,88,384563.11635884433
mixto,Loss Incurred,month,cumulative,Synthetic,Portfolio,Auto,2017-07,89,384555.6721651786
mixto,Loss Incurred,month,cumulative,Synthetic,Portfolio,Auto,2017-07,90,384548.8520336344
mixto,Loss Incurred,month,cumulative,Synthetic,Portfolio,Auto,2017-07,91,384542.60389678803
mixto,Loss Incurred,month,cumulative,Synthetic,Portfolio,Auto,2017-07,92,384536.8799985529
mixto,Loss Incurred,month,cumulative,Synthetic,Portfolio,Auto,2017-07,93,384531.6365415324
mixto,Loss Incurred,month,cumulative,Synthetic,Portfolio,Auto,2017-07,94,384526.83336263633
mixto,Loss Incurred,month,cumulative,Synthetic,Portfolio,Auto,2017-07,95,384522.43363477814
mixto,Loss Incurred,month,cumulative,Synthetic,Portfolio,Auto,2017-07,96,384518.40359261906
mixto,Loss Incurred,month,cumulative,Synthetic,Portfolio,Auto,2017-07,97,384514.71228048333
mixto,Loss Incurred,month,cumulative,Synthetic,Portfolio,Auto,2017-07,98,384511.3313206999
mixto,Loss Incurred,month,cumulative,Synthetic,Portfolio,Auto,2017-07,99,384508.23470076185
mixto,Loss Incurred,month,cumulative,Synthetic,Portfolio,Auto,2017-07,100,384505.3985778103
mixto,Loss Incurred,month,cumulative,Synthetic,Portfolio,Auto,2017-07,101,384502.80109906883
mixto,Loss Incurred,month,cumulative,Synthetic,Portfolio,Auto,2017-08,0,231309.5058951751
mixto,Loss Incurred,month,cumulative,Synthetic,Portfolio,Auto,2017-08,1,253786.72279894876
mixto,Loss Incurred,month,cumulative,Synthetic,Portfolio,Auto,2017-08,2,273404.02962508396
mixto,Loss Incurred,month,cumulative,Synthetic,Portfolio,Auto,2017-08,3,290525.3097532355
mixto,Loss Incurred,month,cumulative,Synthetic,Portfolio,Auto,2017-08,4,305468.14751504804
mixto,Loss Incurred,month,cumulative,Synthetic,Portfolio,Auto,2017-08,5,318509.71909757884
mixto,Loss Incurred,month,cumulative,Synthetic,Portfolio,Auto,2017-08,6,329891.9339120188
mixto,Loss Incurred,month,cumulative,Synthetic,Portfolio,Auto,2017-08,7,339825.9217954726
mixto,Loss Incurred,month,cumulative,Synthetic,Portfolio,Auto,2017-08,8,348495.9492793514
mixto,Loss Incurred,month,cumulative,Synthetic,Portfolio,Auto,2017-08,9,356062.8375676306
mixto,Loss Incurred,month,cumulative,Synthetic,Portfolio,Auto,2017-08,10,362666.9456253919
mixto,Loss Incurred,month,cumulative,Synthetic,Portfolio,Auto,2017-08,11,368430.77371125715
mixto,Loss Incurred,month,cumulative,Synthetic,Portfolio,Auto,2017-08,12,373461.23564689525
mixto,Loss Incurred,month,cumulative,Synthetic,Portfolio,Auto,2017-08,13,377851.641972157
mixto,Loss Incurred,month,cumulative,Synthetic,Portfolio,Auto,2017-08,14,381683.4307715792
mixto,Loss Incurred,month,cumulative,Synthetic,Portfolio,Auto,2017-08,15,385027.6782775324
mixto,Loss Incurred,month,cumulative,Synthetic,Portfolio,Auto,2017-08,16,387946.41727033915
mixto,Loss Incurred,month,cumulative,Synthetic,Portfolio,Auto,2017-08,17,390493.7877304998
mixto,Loss Incurred,month,cumulative,Synthetic,Portfolio,Auto,2017-08,18,388728.99496326887
mixto,Loss Incurred,month,cumulative,Synthetic,Portfolio,Auto,2017-08,19,387001.8728471459
mixto,Loss Incurred,month,cumulative,Synthetic,Portfolio,Auto,2017-08,20,385322.6487848589
mixto,Loss Incurred,month,cumulative,Synthetic,Portfolio,Auto,2017-08,21,383699.04158138635
mixto,Loss Incurred,month,cumulative,Synthetic,Portfolio,Auto,2017-08,22,382136.67766765715
mixto,Loss Incurred,month,cumulative,Synthetic,Portfolio,Auto,2017-08,23,380639.44656582875
mixto,Loss Incurred,month,cumulative,Synthetic,Portfolio,Auto,2017-08,24,379209.8039537246
mixto,Loss Incurred,month,cumulative,Synthetic,Portfolio,Auto,2017-08,25,377849.0295722399
mixto,Loss Incurred,month,cumulative,Synthetic,Portfolio,Auto,2017-08,26,376557.44625150884
mixto,Loss Incurred,month,cumulative,Synthetic,Portfolio,Auto,2017-08,27,375334.6054905052
mixto,Loss Incurred,month,cumulative,Synthetic,Portfolio,Auto,2017-08,28,374179.44429407094
mixto,Loss Incurred,month,cumulative,Synthetic,Portfolio,Auto,2017-08,29,373090.4173368138
mixto,Loss Incurred,month,cumulative,Synthetic,Portfolio,Auto,2017-08,30,372065.60797238495
mixto,Loss Incurred,month,cumulative,Synthetic,Portfolio,Auto,2017-08,31,371102.8211284955
mixto,Loss Incurred,month,cumulative,Synthetic,Portfolio,Auto,2017-08,32,370199.6607131513
mixto,Loss Incurred,month,cumulative,Synthetic,Portfolio,Auto,2017-08,33,369353.5937977559
mixto,Loss Incurred,month,cumulative,Synthetic,Portfolio,Auto,2017-08,34,368562.00353075715
mixto,Loss Incurred,month,cumulative,Synthetic,Portfolio,Auto,2017-08,35,367822.23246512946
mixto,Loss Incurred,month,cumulative,Synthetic,Portfolio,Auto,2017-08,36,367131.61774876737
mixto,Loss Incurred,month,cumulative,Synthetic,Portfolio,Auto,2017-08,37,366487.5194240523
mixto,Loss Incurred,month,cumulative,Synthetic,Portfolio,Auto,2017-08,38,365887.34290733014
mixto,Loss Incurred,month,cumulative,Synthetic,Portfolio,Auto,2017-08,39,365328.55656721315
mixto,Loss Incurred,month,cumulative,Synthetic,Portfolio,Auto,2017-08,40,364808.7051893584
mixto,Loss Incurred,month,cumulative,Synthetic,Portfolio,Auto,2017-08,41,364325.4200019742
mixto,Loss Incurred,month,cumulative,Synthetic,Portfolio,Auto,2017-08,42,363876.4258383908
mixto,Loss Incurred,month,cumulative,Synthetic,Portfolio,Auto,2017-08,43,363459.545928548
mixto,Loss Incurred,month,cumulative,Synthetic,Portfolio,Auto,2017-08,44,363072.7047384183
mixto,Loss Incurred,month,cumulative,Synthetic,Portfolio,Auto,2017-08,45,362713.9292136369
mixto,Loss Incurred,month,cumulative,Synthetic,Portfolio,Auto,2017-08,46,362381.3487296092
mixto,Loss Incurred,month,cumulative,Synthetic,Portfolio,Auto,2017-08,47,362073.19400392886
mixto,Loss Incurred,month,cumulative,Synthetic,Portfolio,Auto,2017-08,48,361787.79518705467
mixto,Loss Incurred,month,cumulative,Synthetic,Portfolio,Auto,2017-08,49,361523.579312974
mixto,Loss Incurred,month,cumulative,Synthetic,Portfolio,Auto,2017-08,50,361279.067262254
mixto,Loss Incurred,month,cumulative,Synthetic,Portfolio,Auto,2017-08,51,361052.8703647866
mixto,Loss Incurred,month,cumulative,Synthetic,Portfolio,Auto,2017-08,52,360843.68674809113
mixto,Loss Incurred,month,cumulative,Synthetic,Portfolio,Auto,2017-08,53,360650.2975187431
mixto,Loss Incurred,month,cumulative,Synthetic,Portfolio,Auto,2017-08,54,360471.56284891954
mixto,Loss Incurred,month,cumulative,Synthetic,Portfolio,Auto,2017-08,55,360306.41802681255
mixto,Loss Incurred,month,cumulative,Synthetic,Portfolio,Auto,2017-08,56,360153.8695184343
mixto,Loss Incurred,month,cumulative,Synthetic,Portfolio,Auto,2017-08,57,360012.99107884156
mixto,Loss Incurred,month,cumulative,Synthetic,Portfolio,Auto,2017-08,58,359882.91994279344
mixto,Loss Incurred,month,cumulative,Synthetic,Portfolio,Auto,2017-08,59,359762.8531181223
mixto,Loss Incurred,month,cumulative,Synthetic,Portfolio,Auto,2017-08,60,359652.0437994511
mixto,Loss Incurred,month,cumulative,Synthetic,Portfolio,Auto,2017-08,61,359549.79791517695
mixto,Loss Incurred,month,cumulative,Synthetic,Portfolio,Auto,2017-08,62,359455.4708167323
mixto,Loss Incurred,month,cumulative,Synthetic,Portfolio,Auto,2017-08,63,359368.4641158967
mixto,Loss Incurred,month,cumulative,Synthetic,Portfolio,Auto,2017-08,64,359288.22267328063
mixto,Loss Incurred,month,cumulative,Synthetic,Portfolio,Auto,2017-08,65,359214.23173894145
mixto,Loss Incurred,month,cumulative,Synthetic,Portfolio,Auto,2017-08,66,359146.0142443441
mixto,Loss Incurred,month,cumulative,Synthetic,Portfolio,Auto,2017-08,67,359083.12824348913
mixto,Loss Incurred,month,cumulative,Synthetic,Portfolio,Auto,2017-08,68,359025.1644999327
mixto,Loss Incurred,month,cumulative,Synthetic,Portfolio,Auto,2017-08,69,358971.7442155789
mixto,Loss Incurred,month,cumulative,Synthetic,Portfolio,Auto,2017-08,70,358922.516896489
mixto,Loss Incurred,month,cumulative,Synthetic,Portfolio,Auto,2017-08,71,358877.15835048654
mixto,Loss Incurred,month,cumulative,Synthetic,Portfolio,Auto,2017-08,72,358835.3688110235
mixto,Loss Incurred,month,cumulative,Synthetic,Portfolio,Auto,2017-08,73,358796.87118157145
mixto,Loss Incurred,month,cumulative,Synthetic,Portfolio,Auto,2017-08,74,358761.4093947025
mixto,Loss Incurred,month,cumulative,Synthetic,Portfolio,Auto,2017-08,75,358728.7468800028
mixto,Loss Incurred,month,cumulative,Synthetic,Portfolio,Auto,2017-08,76,358698.66513500566
mixto,Loss Incurred,month,cumulative,Synthetic,Portfolio,Auto,2017-08,77,358670.96239342424
mixto,Loss Incurred,month,cumulative,Synthetic,Portfolio,Auto,2017-08,78,358645.4523850979
mixto,Loss Incurred,month,cumulative,Synthetic,Portfolio,Auto,2017-08,79,358621.9631822309
mixto,Loss Incurred,month,cumulative,Synthetic,Portfolio,Auto,2017-08,80,358600.3361266909
mixto,Loss Incurred,month,cumulative,Synthetic,Portfolio,Auto,2017-08,81,358580.42483333603
mixto,Loss Incurred,month,cumulative,Synthetic,Portfolio,Auto,2017-08,82,358562.09426455776
mixto,Loss Incurred,month,cumulative,Synthetic,Portfolio,Auto,2017-08,83,358545.2198714458
mixto,Loss Incurred,month,cumulative,Synthetic,Portfolio,Auto,2017-08,84,358529.6867972099
mixto,Loss Incurred,month,cumulative,Synthetic,Portfolio,Auto,2017-08,85,358515.38913871365
mixto,Loss Incurred,month,cumulative,Synthetic,Portfolio,Auto,2017-08,86,358502.2292622046
mixto,Loss Incurred,month,cumulative,Synthetic,Portfolio,Auto,2017-08,87,358490.1171695394
mixto,Loss Incurred,month,cumulative,Synthetic,Portfolio,Auto,2017-08,88,358478.9699114191
mixto,Loss Incurred,month,cumulative,Synthetic,Portfolio,Auto,2017-08,89,358468.71104435605
mixto,Loss Incurred,month,cumulative,Synthetic,Portfolio,Auto,2017-08,90,358459.2701282939
mixto,Loss Incurred,month,cumulative,Synthetic,Portfolio,Auto,2017-08,91,358450.5822619948
mixto,Loss Incurred,month,cumulative,Synthetic,Portfolio,Auto,2017-08,92,358442.58765348856
mixto,Loss Incurred,month,cumulative,Synthetic,Portfolio,Auto,2017-08,93,358435.23122305935
mixto,Loss Incurred,month,cumulative,Synthetic,Portfolio,Auto,2017-08,94,358428.46223640384
mixto,Loss Incurred,month,cumulative,Synthetic,Portfolio,Auto,2017-08,95,358422.23396576016
mixto,Loss Incurred,month,cumulative,Synthetic,Portfolio,Auto,2017-08,96,358416.50337695074
mixto,Loss Incurred,month,cumulative,Synthetic,Portfolio,Auto,2017-08,97,358411.23084042413
mixto,Loss Incurred,month,cumulative,Synthetic,Portfolio,Auto,2017-08,98,358406.37986451545
mixto,Loss Incurred,month,cumulative,Synthetic,Portfolio,Auto,2017-08,99,358401.9168492659
mixto,Loss Incurred,month,cumulative,Synthetic,Portfolio,Auto,2017-08,100,358397.8108592626
mixto,Loss Incurred,month,cumulative,Synthetic,Portfolio,Auto,2017-09,0,258466.32979440904
mixto,Loss Incurred,month,cumulative,Synthetic,Portfolio,Auto,2017-09,1,286677.393204067
mixto,Loss Incurred,month,cumulative,Synthetic,Portfolio,Auto,2017-09,2,310996.3369845027
mixto,Loss Incurred,month,cumulative,Synthetic,Portfolio,Auto,2017-09,3,331960.13469776156
mixto,Loss Incurred,month,cumulative,Synthetic,Portfolio,Auto,2017-09,4,350031.6767240233
mixto,Loss Incurred,month,cumulative,Synthetic,Portfolio,Auto,2017-09,5,365609.99109596515
mixto,Loss Incurred,month,cumulative,Synthetic,Portfolio,Auto,2017-09,6,379039.0542228627
mixto,Loss Incurred,month,cumulative,Synthetic,Portfolio,Auto,2017-09,7,390615.3860493028
mixto,Loss Incurred,month,cumulative,Synthetic,Portfolio,Auto,2017-09,8,400594.5973531378
mixto,Loss Incurred,month,cumulative,Synthetic,Portfolio,Auto,2017-09,9,409197.0337500575
mixto,Loss Incurred,month,cumulative,Synthetic,Portfolio,Auto,2017-09,10,416612.6410270183
mixto,Loss Incurred,month,cumulative,Synthetic,Portfolio,Auto,2017-09,11,423005.15923334943
mixto,Loss Incurred,month,cumulative,Synthetic,Portfolio,Auto,2017-09,12,428515.73813701305
mixto,Loss Incurred,month,cumulative,Synthetic,Portfolio,Auto,2017-09,13,433266.05387697107
mixto,Loss Incurred,month,cumulative,Synthetic,Portfolio,Auto,2017-09,14,437360.99562878767
mixto,Loss Incurred,month,cumulative,Synthetic,Portfolio,Auto,2017-09,15,440890.9816062924
mixto,Loss Incurred,month,cumulative,Synthetic,Portfolio,Auto,2017-09,16,443933.9555376924
mixto,Loss Incurred,month,cumulative,Synthetic,Portfolio,Auto,2017-09,17,446557.1076992559
mixto,Loss Incurred,month,cumulative,Synthetic,Portfolio,Auto,2017-09,18,448818.35850778624
mixto,Loss Incurred,month,cumulative,Synthetic,Portfolio,Auto,2017-09,19,450767.63743029896
mixto,Loss Incurred,month,cumulative,Synthetic,Portfolio,Auto,2017-09,20,448635.8239410636
mixto,Loss Incurred,month,cumulative,Synthetic,Portfolio,Auto,2017-09,21,446550.64076910325
mixto,Loss Incurred,month,cumulative,Synthetic,Portfolio,Auto,2017-09,22,444523.73198868294
mixto,Loss Incurred,month,cumulative,Synthetic,Portfolio,Auto,2017-09,23,442563.8147489605
mixto,Loss Incurred,month,cumulative,Synthetic,Portfolio,Auto,2017-09,24,440677.1795377158
mixto,Loss Incurred,month,cumulative,Synthetic,Portfolio,Auto,2017-09,25,438868.114381194
mixto,Loss Incurred,month,cumulative,Synthetic,Portfolio,Auto,2017-09,26,437139.26398878597
mixto,Loss Incurred,month,cumulative,Synthetic,Portfolio,Auto,2017-09,27,435491.9332948744
mixto,Loss Incurred,month,cumulative,Synthetic,Portfolio,Auto,2017-09,28,433926.3435112415
mixto,Loss Incurred,month,cumulative,Synthetic,Portfolio,Auto,2017-09,29,432441.84765177325
mixto,Loss Incurred,month,cumulative,Synthetic,Portfolio,Auto,2017-09,30,431037.11150079133
mixto,Loss Incurred,month,cumulative,Synthetic,Portfolio,Auto,2017-09,31,429710.26514475106
mixto,Loss Incurred,month,cumulative,Synthetic,Portfolio,Auto,2017-09,32,428459.0294549836
mixto,Loss Incurred,month,cumulative,Synthetic,Portfolio,Auto,2017-09,33,427280.821279966
mixto,Loss Incurred,month,cumulative,Synthetic,Portfolio,Auto,2017-09,34,426172.84056496446
mixto,Loss Incurred,month,cumulative,Synthetic,Portfolio,Auto,2017-09,35,425132.14215245575
mixto,Loss Incurred,month,cumulative,Synthetic,Portfolio,Auto,2017-09,36,424155.694617866
mixto,Loss Incurred,month,cumulative,Synthetic,Portfolio,Auto,2017-09,37,423240.4281527207
mixto,Loss Incurred,month,cumulative,Synthetic,Portfolio,Auto,2017-09,38,422383.2732133784
mixto,Loss Incurred,month,cumulative,Synthetic,Portfolio,Auto,2017-09,39,421581.19140134833
mixto,Loss Incurred,month,cumulative,Synthetic,Portfolio,Auto,2017-09,40,420831.19982491387
mixto,Loss Incurred,month,cumulative,Synthetic,Portfolio,Auto,2017-09,41,420130.39000636426
mixto,Loss Incurred,month,cumulative,Synthetic,Portfolio,Auto,2017-09,42,419475.94224025763
mixto,Loss Incurred,month,cumulative,Synthetic,Portfolio,Auto,2017-09,43,418865.13617204747
mixto,Loss Incurred,month,cumulative,Synthetic,Portfolio,Auto,2017-09,44,418295.35824991553
mixto,Loss Incurred,month,cumulative,Synthetic,Portfolio,Auto,2017-09,45,417764.10660298524
mixto,Loss Incurred,month,cumulative,Synthetic,Portfolio,Auto,2017-09,46,417268.99381387583
mixto,Loss Incurred,month,cumulative,Synthetic,Portfolio,Auto,2017-09,47,416807.74798075086
mixto,Loss Incurred,month,cumulative,Synthetic,Portfolio,Auto,2017-09,48,416378.2124018518
mixto,Loss Incurred,month,cumulative,Synthetic,Portfolio,Auto,2017-09,49,415978.3441624825
mixto,Loss Incurred,month,cumulative,Synthetic,Portfolio,Auto,2017-09,50,415606.211859216
mixto,Loss Incurred,month,cumulative,Synthetic,Portfolio,Auto,2017-09,51,415259.9926576179
mixto,Loss Incurred,month,cumulative,Synthetic,Portfolio,Auto,2017-09,52,414937.9688470541
mixto,Loss Incurred,month,cumulative,Synthetic,Portfolio,Auto,2017-09,53,414638.5240283538
mixto,Loss Incurred,month,cumulative,Synthetic,Portfolio,Auto,2017-09,54,414360.13904651895
mixto,Loss Incurred,month,cumulative,Synthetic,Portfolio,Auto,2017-09,55,414101.38776069466
mixto,Loss Incurred,month,cumulative,Synthetic,Portfolio,Auto,2017-09,56,413860.93272672954
mixto,Loss Incurred,month,cumulative,Synthetic,Portfolio,Auto,2017-09,57,413637.5208533998
mixto,Loss Incurred,month,cumulative,Synthetic,Portfolio,Auto,2017-09,58,413429.97908136045
mixto,Loss Incurred,month,cumulative,Synthetic,Portfolio,Auto,2017-09,59,413237.21012380667
mixto,Loss Incurred,month,cumulative,Synthetic,Portfolio,Auto,2017-09,60,413058.1882993658
mixto,Loss Incurred,month,cumulative,Synthetic,Portfolio,Auto,2017-09,61,412891.9554806854
mixto,Loss Incurred,month,cumulative,Synthetic,Portfolio,Auto,2017-09,62,412737.6171762958
mixto,Loss Incurred,month,cumulative,Synthetic,Portfolio,Auto,2017-09,63,412594.33875845675
mixto,Loss Incurred,month,cumulative,Synthetic,Portfolio,Auto,2017-09,64,412461.3418456658
mixto,Loss Incurred,month,cumulative,Synthetic,Portfolio,Auto,2017-09,65,412337.9008452113
mixto,Loss Incurred,month,cumulative,Synthetic,Portfolio,Auto,2017-09,66,412223.3396584506
mixto,Loss Incurred,month,cumulative,Synthetic,Portfolio,Auto,2017-09,67,412117.02854932396
mixto,Loss Incurred,month,cumulative,Synthetic,Portfolio,Auto,2017-09,68,412018.3811748591
mixto,Loss Incurred,month,cumulative,Synthetic,Portfolio,Auto,2017-09,69,411926.8517750444
mixto,Loss Incurred,month,cumulative,Synthetic,Portfolio,Auto,2017-09,70,411841.9325183682
mixto,Loss Incurred,month,cumulative,Synthetic,Portfolio,Auto,2017-09,71,411763.1509984948
mixto,Loss Incurred,month,cumulative,Synthetic,Portfolio,Auto,2017-09,72,411690.06787693826
mixto,Loss Incurred,month,cumulative,Synthetic,Portfolio,Auto,2017-09,73,411622.27466615324
mixto,Loss Incurred,month,cumulative,Synthetic,Portfolio,Auto,2017-09,74,411559.3916471709
mixto,Loss Incurred,month,cumulative,Synthetic,Portfolio,Auto,2017-09,75,411501.0659157292
mixto,Loss Incurred,month,cumulative,Synthetic,Portfolio,Auto,2017-09,76,411446.96955077077
mixto,Loss Incurred,month,cumulative,Synthetic,Portfolio,Auto,2017-09,77,411396.7978991771
mixto,Loss Incurred,month,cumulative,Synthetic,Portfolio,Auto,2017-09,78,411350.2679706692
mixto,Loss Incurred,month,cumulative,Synthetic,Portfolio,Auto,2017-09,79,411307.11693691515
mixto,Loss Incurred,month,cumulative,Synthetic,Portfolio,Auto,2017-09,80,411267.1007290299
mixto,Loss Incurred,month,cumulative,Synthetic,Portfolio,Auto,2017-09,81,411229.9927278325
mixto,Loss Incurred,month,cumulative,Synthetic,Portfolio,Auto,2017-09,82,411195.58254142175
mixto,Loss Incurred,month,cumulative,Synthetic,Portfolio,Auto,2017-09,83,411163.6748648427
mixto,Loss Incurred,month,cumulative,Synthetic,Portfolio,Auto,2017-09,84,411134.08841684315
mixto,Loss Incurred,month,cumulative,Synthetic,Portfolio,Auto,2017-09,85,411106.65494894463
mixto,Loss Incurred,month,cumulative,Synthetic,Portfolio,Auto,2017-09,86,411081.21832228306
mixto,Loss Incurred,month,cumulative,Synthetic,Portfolio,Auto,2017-09,87,411057.6336479055
mixto,Loss Incurred,month,cumulative,Synthetic,Portfolio,Auto,2017-09,88,411035.76648643764
mixto,Loss Incurred,month,cumulative,Synthetic,Portfolio,Auto,2017-09,89,411015.4921032559
mixto,Loss Incurred,month,cumulative,Synthetic,Portfolio,Auto,2017-09,90,410996.6947755191
mixto,Loss Incurred,month,cumulative,Synthetic,Portfolio,Auto,2017-09,91,410979.2671476225
mixto,Loss Incurred,month,cumulative,Synthetic,Portfolio,Auto,2017-09,92,410963.10963183985
mixto,Loss Incurred,month,cumulative,Synthetic,Portfolio,Auto,2017-09,93,410948.12985111395
mixto,Loss Incurred,month,cumulative,Synthetic,Portfolio,Auto,2017-09,94,410934.2421211425
mixto,Loss Incurred,month,cumulative,Synthetic,Portfolio,Auto,2017-09,95,410921.3669690819
mixto,Loss Incurred,month,cumulative,Synthetic,Portfolio,Auto,2017-09,96,410909.4306863631
mixto,Loss Incurred,month,cumulative,Synthetic,Portfolio,Auto,2017-09,97,410898.3649132697
mixto,Loss Incurred,month,cumulative,Synthetic,Portfolio,Auto,2017-09,98,410888.1062530855
mixto,Loss Incurred,month,cumulative,Synthetic,Portfolio,Auto,2017-09,99,410878.5959137555
mixto,Loss Incurred,month,cumulative,Synthetic,Portfolio,Auto,2017-10,0,226352.5505844744
mixto,Loss Incurred,month,cumulative,Synthetic,Portfolio,Auto,2017-10,1,252682.65795698078
mixto,Loss Incurred,month,cumulative,Synthetic,Portfolio,Auto,2017-10,2,275454.14383062563
mixto,Loss Incurred,month,cumulative,Synthetic,Portfolio,Auto,2017-10,3,295147.9704283502
mixto,Loss Incurred,month,cumulative,Synthetic,Portfolio,Auto,2017-10,4,312180.0959652316
mixto,Loss Incurred,month,cumulative,Synthetic,Portfolio,Auto,2017-10,5,326910.26020551217
mixto,Loss Incurred,month,cumulative,Synthetic,Portfolio,Auto,2017-10,6,339649.5826157303
mixto,Loss Incurred,month,cumulative,Synthetic,Portfolio,Auto,2017-10,7,350667.1335964377
mixto,Loss Incurred,month,cumulative,Synthetic,Portfolio,Auto,2017-10,8,360195.61758512486
mixto,Loss Incurred,month,cumulative,Synthetic,Portfolio,Auto,2017-10,9,368436.2880645854
mixto,Loss Incurred,month,cumulative,Synthetic,Portfolio,Auto,2017-10,10,375563.1982878359
mixto,Loss Incurred,month,cumulative,Synthetic,Portfolio,Auto,2017-10,11,381726.8775002096
mixto,Loss Incurred,month,cumulative,Synthetic,Portfolio,Auto,2017-10,12,387057.510305027
mixto,Loss Incurred,month,cumulative,Synthetic,Portfolio,Auto,2017-10,13,391667.68632501684
mixto,Loss Incurred,month,cumulative,Synthetic,Portfolio,Auto,2017-10,14,395654.7782357713
mixto,Loss Incurred,month,cumulative,Synthetic,Portfolio,Auto,2017-10,15,399102.9983982712
mixto,Loss Incurred,month,cumulative,Synthetic,Portfolio,Auto,2017-10,16,402085.1775291311
mixto,Loss Incurred,month,cumulative,Synthetic,Portfolio,Auto,2017-10,17,404664.3029762975
mixto,Loss Incurred,month,cumulative,Synthetic,Portfolio,Auto,2017-10,18,406894.84909050865
mixto,Loss Incurred,month,cumulative,Synthetic,Portfolio,Auto,2017-10,19,408823.92779161985
mixto,Loss Incurred,month,cumulative,Synthetic,Portfolio,Auto,2017-10,20,410492.28363119275
mixto,Loss Incurred,month,cumulative,Synthetic,Portfolio,Auto,2017-10,21,408023.25287896645
mixto,Loss Incurred,month,cumulative,Synthetic,Portfolio,Auto,2017-10,22,405663.9488607218
mixto,Loss Incurred,month,cumulative,Synthetic,Portfolio,Auto,2017-10,23,403416.9890156877
mixto,Loss Incurred,month,cumulative,Synthetic,Portfolio,Auto,2017-10,24,401283.2778710578
mixto,Loss Incurred,month,cumulative,Synthetic,Portfolio,Auto,2017-10,25,399262.34442699427
mixto,Loss Incurred,month,cumulative,Synthetic,Portfolio,Auto,2017-10,26,397352.6256947924
mixto,Loss Incurred,month,cumulative,Synthetic,Portfolio,Auto,2017-10,27,395551.7043083361
mixto,Loss Incurred,month,cumulative,Synthetic,Portfolio,Auto,2017-10,28,393856.5070084818
mixto,Loss Incurred,month,cumulative,Synthetic,Portfolio,Auto,2017-10,29,392263.46983486164
mixto,Loss Incurred,month,cumulative,Synthetic,Portfolio,Auto,2017-10,30,390768.67502847896
mixto,Loss Incurred,month,cumulative,Synthetic,Portfolio,Auto,2017-10,31,389367.9639330072
mixto,Loss Incurred,month,cumulative,Synthetic,Portfolio,Auto,2017-10,32,388057.0295669839
mixto,Loss Incurred,month,cumulative,Synthetic,Portfolio,Auto,2017-10,33,386831.4920094174
mixto,Loss Incurred,month,cumulative,Synthetic,Portfolio,Auto,2017-10,34,385686.95928583085
mixto,Loss Incurred,month,cumulative,Synthetic,Portfolio,Auto,2017-10,35,384619.07605023775
mixto,Loss Incurred,month,cumulative,Synthetic,Portfolio,Auto,2017-10,36,383623.5620221346
mixto,Loss Incurred,month,cumulative,Synthetic,Portfolio,Auto,2017-10,37,382696.2418486979
mixto,Loss Incurred,month,cumulative,Synthetic,Portfolio,Auto,2017-10,38,381833.0678143971
mixto,Loss Incurred,month,cumulative,Synthetic,Portfolio,Auto,2017-10,39,381030.1366075043
mixto,Loss Incurred,month,cumulative,Synthetic,Portfolio,Auto,2017-10,40,380283.7011706065
mixto,Loss Incurred,month,cumulative,Synthetic,Portfolio,Auto,2017-10,41,379590.1785059653
mixto,Loss Incurred,month,cumulative,Synthetic,Portfolio,Auto,2017-10,42,378946.15417279344
mixto,Loss Incurred,month,cumulative,Synthetic,Portfolio,Auto,2017-10,43,378348.38409906824
mixto,Loss Incurred,month,cumulative,Synthetic,Portfolio,Auto,2017-10,44,377793.7942326826
mixto,Loss Incurred,month,cumulative,Synthetic,Portfolio,Auto,2017-10,45,377279.4784731938
mixto,Loss Incurred,month,cumulative,Synthetic,Portfolio,Auto,2017-10,46,376802.6952541697
mixto,Loss Incurred,month,cumulative,Synthetic,Portfolio,Auto,2017-10,47,376360.86308540293
mixto,Loss Incurred,month,cumulative,Synthetic,Portfolio,Auto,2017-10,48,375951.5553125803
mixto,Loss Incurred,month,cumulative,Synthetic,Portfolio,Auto,2017-10,49,375572.49430806463
mixto,Loss Incurred,month,cumulative,Synthetic,Portfolio,Auto,2017-10,50,375221.54526916693
mixto,Loss Incurred,month,cumulative,Synthetic,Portfolio,Auto,2017-10,51,374896.7097686949
mixto,Loss Incurred,month,cumulative,Synthetic,Portfolio,Auto,2017-10,52,374596.11917585356
mixto,Loss Incurred,month,cumulative,Synthetic,Portfolio,Auto,2017-10,53,374318.02804302046
mixto,Loss Incurred,month,cumulative,Synthetic,Portfolio,Auto,2017-10,54,374060.80753493594
mixto,Loss Incurred,month,cumulative,Synthetic,Portfolio,Auto,2017-10,55,373822.93896089745
mixto,Loss Incurred,month,cumulative,Synthetic,Portfolio,Auto,2017-10,56,373603.00745719473
mixto,Loss Incurred,month,cumulative,Synthetic,Portfolio,Auto,2017-10,57,373399.6958558709
mixto,Loss Incurred,month,cumulative,Synthetic,Portfolio,Auto,2017-10,58,373211.77876662824
mixto,Loss Incurred,month,cumulative,Synthetic,Portfolio,Auto,2017-10,59,373038.1168910179
mixto,Loss Incurred,month,cumulative,Synthetic,Portfolio,Auto,2017-10,60,372877.6515817356
mixto,Loss Incurred,month,cumulative,Synthetic,Portfolio,Auto,2017-10,61,372729.39965466294
mixto,Loss Incurred,month,cumulative,Synthetic,Portfolio,Auto,2017-10,62,372592.44845708995
mixto,Loss Incurred,month,cumulative,Synthetic,Portfolio,Auto,2017-10,63,372465.9511921592
mixto,Loss Incurred,month,cumulative,Synthetic,Portfolio,Auto,2017-10,64,372349.1224968671
mixto,Loss Incurred,month,cumulative,Synthetic,Portfolio,Auto,2017-10,65,372241.23426882614
mixto,Loss Incurred,month,cumulative,Synthetic,Portfolio,Auto,2017-10,66,372141.6117353476
mixto,Loss Incurred,month,cumulative,Synthetic,Portfolio,Auto,2017-10,67,372049.6297571535
mixto,Loss Incurred,month,cumulative,Synthetic,Portfolio,Auto,2017-10,68,371964.70935811655
mixto,Loss Incurred,month,cumulative,Synthetic,Portfolio,Auto,2017-10,69,371886.3144717879
mixto,Loss Incurred,month,cumulative,Synthetic,Portfolio,Auto,2017-10,70,371813.9488950626
mixto,Loss Incurred,month,cumulative,Synthetic,Portfolio,Auto,2017-10,71,371747.15343910415
mixto,Loss Incurred,month,cumulative,Synthetic,Portfolio,Auto,2017-10,72,371685.5032675752
mixto,Loss Incurred,month,cumulative,Synthetic,Portfolio,Auto,2017-10,73,371628.6054122649
mixto,Loss Incurred,month,cumulative,Synthetic,Portfolio,Auto,2017-10,74,371576.0964563415
mixto,Loss Incurred,month,cumulative,Synthetic,Portfolio,Auto,2017-10,75,371527.6403756749
mixto,Loss Incurred,month,cumulative,Synthetic,Portfolio,Auto,2017-10,76,371482.9265289409
mixto,Loss Incurred,month,cumulative,Synthetic,Portfolio,Auto,2017-10,77,371441.66778754024
mixto,Loss Incurred,month,cumulative,Synthetic,Portfolio,Auto,2017-10,78,371403.59879670176
mixto,Loss Incurred,month,cumulative,Synthetic,Portfolio,Auto,2017-10,79,371368.47435951134
mixto,Loss Incurred,month,cumulative,Synthetic,Portfolio,Auto,2017-10,80,371336.067935985
mixto,Loss Incurred,month,cumulative,Synthetic,Portfolio,Auto,2017-10,81,371306.1702496881
mixto,Loss Incurred,month,cumulative,Synthetic,Portfolio,Auto,2017-10,82,371278.58799479034
mixto,Loss Incurred,month,cumulative,Synthetic,Portfolio,Auto,2017-10,83,371253.1426368302
mixto,Loss Incurred,month,cumulative,Synthetic,Portfolio,Auto,2017-10,84,371229.6693008333
mixto,Loss Incurred,month,cumulative,Synthetic,Portfolio,Auto,2017-10,85,371208.015740802
mixto,Loss Incurred,month,cumulative,Synthetic,Portfolio,Auto,2017-10,86,371188.0413849465
mixto,Loss Incurred,month,cumulative,Synthetic,Portfolio,Auto,2017-10,87,371169.6164513677
mixto,Loss Incurred,month,cumulative,Synthetic,Portfolio,Auto,2017-10,88,371152.62112923665
mixto,Loss Incurred,month,cumulative,Synthetic,Portfolio,Auto,2017-10,89,371136.94482082565
mixto,Loss Incurred,month,cumulative,Synthetic,Portfolio,Auto,2017-10,90,371122.4854400469
mixto,Loss Incurred,month,cumulative,Synthetic,Portfolio,Auto,2017-10,91,371109.1487634403
mixto,Loss Incurred,month,cumulative,Synthetic,Portfolio,Auto,2017-10,92,371096.84782982204
mixto,Loss Incurred,month,cumulative,Synthetic,Portfolio,Auto,2017-10,93,371085.502385058
mixto,Loss Incurred,month,cumulative,Synthetic,Portfolio,Auto,2017-10,94,371075.0383686693
mixto,Loss Incurred,month,cumulative,Synthetic,Portfolio,Auto,2017-10,95,371065.38743920473
mixto,Loss Incurred,month,cumulative,Synthetic,Portfolio,Auto,2017-10,96,371056.4865355239
mixto,Loss Incurred,month,cumulative,Synthetic,Portfolio,Auto,2017-10,97,371048.27747133764
mixto,Loss Incurred,month,cumulative,Synthetic,Portfolio,Auto,2017-10,98,371040.7065605404
mixto,Loss Incurred,month,cumulative,Synthetic,Portfolio,Auto,2017-11,0,279736.09300265607
mixto,Loss Incurred,month,cumulative,Synthetic,Portfolio,Auto,2017-11,1,313036.39264450944
mixto,Loss Incurred,month,cumulative,Synthetic,Portfolio,Auto,2017-11,2,341184.4741448506
mixto,Loss Incurred,month,cumulative,Synthetic,Portfolio,Auto,2017-11,3,364977.48804175947
mixto,Loss Incurred,month,cumulative,Synthetic,Portfolio,Auto,2017-11,4,385089.2498430616
mixto,Loss Incurred,month,cumulative,Synthetic,Portfolio,Auto,2017-11,5,402089.3224065826
mixto,Loss Incurred,month,cumulative,Synthetic,Portfolio,Auto,2017-11,6,416459.14589694777
mixto,Loss Incurred,month,cumulative,Synthetic,Portfolio,Auto,2017-11,7,428605.6721175089
mixto,Loss Incurred,month,cumulative,Synthetic,Portfolio,Auto,2017-11,8,438872.8893401632
mixto,Loss Incurred,month,cumulative,Synthetic,Portfolio,Auto,2017-11,9,447551.56401496247
mixto,Loss Incurred,month,cumulative,Synthetic,Portfolio,Auto,2017-11,10,454887.4752436459
mixto,Loss Incurred,month,cumulative,Synthetic,Portfolio,Auto,2017-11,11,461088.37521647144
mixto,Loss Incurred,month,cumulative,Synthetic,Portfolio,Auto,2017-11,12,466329.87273114186
mixto,Loss Incurred,month,cumulative,Synthetic,Portfolio,Auto,2017-11,13,470760.40641442884
mixto,Loss Incurred,month,cumulative,Synthetic,Portfolio,Auto,2017-11,14,474505.44848757645
mixto,Loss Incurred,month,cumulative,Synthetic,Portfolio,Auto,2017-11,15,477671.05812565546
mixto,Loss Incurred,month,cumulative,Synthetic,Portfolio,Auto,2017-11,16,480346.88504160667
mixto,Loss Incurred,month,cumulative,Synthetic,Portfolio,Auto,2017-11,17,482608.70835614344
mixto,Loss Incurred,month,cumulative,Synthetic,Portfolio,Auto,2017-11,18,484520.5826540231
mixto,Loss Incurred,month,cumulative,Synthetic,Portfolio,Auto,2017-11,19,481196.434440321
mixto,Loss Incurred,month,cumulative,Synthetic,Portfolio,Auto,2017-11,20,478075.0972363849
mixto,Loss Incurred,month,cumulative,Synthetic,Portfolio,Auto,2017-11,21,475153.7461205014
mixto,Loss Incurred,month,cumulative,Synthetic,Portfolio,Auto,2017-11,22,472427.3758194538
mixto,Loss Incurred,month,cumulative,Synthetic,Portfolio,Auto,2017-11,23,469889.37798043806
mixto,Loss Incurred,month,cumulative,Synthetic,Portfolio,Auto,2017-11,24,467532.007134327
mixto,Loss Incurred,month,cumulative,Synthetic,Portfolio,Auto,2017-11,25,465346.75458797003
mixto,Loss Incurred,month,cumulative,Synthetic,Portfolio,Auto,2017-11,26,463324.64632195944
mixto,Loss Incurred,month,cumulative,Synthetic,Portfolio,Auto,2017-11,27,461456.47831509414
mixto,Loss Incurred,month,cumulative,Synthetic,Portfolio,Auto,2017-11,28,459733.0004877647
mixto,Loss Incurred,month,cumulative,Synthetic,Portfolio,Auto,2017-11,29,458145.05858632573
mixto,Loss Incurred,month,cumulative,Synthetic,Portfolio,Auto,2017-11,30,456683.7017624166
mixto,Loss Incurred,month,cumulative,Synthetic,Portfolio,Auto,2017-11,31,455340.26228722086
mixto,Loss Incurred,month,cumulative,Synthetic,Portfolio,Auto,2017-11,32,454106.41274047585
mixto,Loss Incurred,month,cumulative,Synthetic,Portfolio,Auto,2017-11,33,452974.2050935769
mixto,Loss Incurred,month,cumulative,Synthetic,Portfolio,Auto,2017-11,34,451936.09533673275
mixto,Loss Incurred,month,cumulative,Synthetic,Portfolio,Auto,2017-11,35,450984.9566576102
mixto,Loss Incurred,month,cumulative,Synthetic,Portfolio,Auto,2017-11,36,450114.0836429429
mixto,Loss Incurred,month,cumulative,Synthetic,Portfolio,Auto,2017-11,37,449317.18952801294
mixto,Loss Incurred,month,cumulative,Synthetic,Portfolio,Auto,2017-11,38,448588.39814731735
mixto,Loss Incurred,month,cumulative,Synthetic,Portfolio,Auto,2017-11,39,447922.2319309839
mixto,Loss Incurred,month,cumulative,Synthetic,Portfolio,Auto,2017-11,40,447313.5970353642
mixto,Loss Incurred,month,cumulative,Synthetic,Portfolio,Auto,2017-11,41,446757.7664841451
mixto,Loss Incurred,month,cumulative,Synthetic,Portfolio,Auto,2017-11,42,446250.36202104285
mixto,Loss Incurred,month,cumulative,Synthetic,Portfolio,Auto,2017-11,43,445787.3352306287
mixto,Loss Incurred,month,cumulative,Synthetic,Portfolio,Auto,2017-11,44,445364.9483649841
mixto,Loss Incurred,month,cumulative,Synthetic,Portfolio,Auto,2017-11,45,444979.7552164168
mixto,Loss Incurred,month,cumulative,Synthetic,Portfolio,Auto,2017-11,46,444628.582296818
mixto,Loss Incurred,month,cumulative,Synthetic,Portfolio,Auto,2017-11,47,444308.5105193801
mixto,Loss Incurred,month,cumulative,Synthetic,Portfolio,Auto,2017-11,48,444016.85752582515
mixto,Loss Incurred,month,cumulative,Synthetic,Portfolio,Auto,2017-11,49,443751.1607598994
mixto,Loss Incurred,month,cumulative,Synthetic,Portfolio,Auto,2017-11,50,443509.16135390813
mixto,Loss Incurred,month,cumulative,Synthetic,Portfolio,Auto,2017-11,51,443288.7888680306
mixto,Loss Incurred,month,cumulative,Synthetic,Portfolio,Auto,2017-11,52,443088.14690083265
mixto,Loss Incurred,month,cumulative,Synthetic,Portfolio,Auto,2017-11,53,442905.4995727583
mixto,Loss Incurred,month,cumulative,Synthetic,Portfolio,Auto,2017-11,54,442739.2588715944
mixto,Loss Incurred,month,cumulative,Synthetic,Portfolio,Auto,2017-11,55,442587.9728392252
mixto,Loss Incurred,month,cumulative,Synthetic,Portfolio,Auto,2017-11,56,442450.3145718697
mixto,Loss Incurred,month,cumulative,Synthetic,Portfolio,Auto,2017-11,57,442325.07200091257
mixto,Loss Incurred,month,cumulative,Synthetic,Portfolio,Auto,2017-11,58,442211.13841800706
mixto,Loss Incurred,month,cumulative,Synthetic,Portfolio,Auto,2017-11,59,442107.5037060027
mixto,Loss Incurred,month,cumulative,Synthetic,Portfolio,Auto,2017-11,60,442013.2462361748
mixto,Loss Incurred,month,cumulative,Synthetic,Portfolio,Auto,2017-11,61,441927.5253919516
mixto,Loss Incurred,month,cumulative,Synthetic,Portfolio,Auto,2017-11,62,441849.57467970037
mixto,Loss Incurred,month,cumulative,Synthetic,Portfolio,Auto,2017-11,63,441778.69538796
mixto,Loss Incurred,month,cumulative,Synthetic,Portfolio,Auto,2017-11,64,441714.25075769745
mixto,Loss Incurred,month,cumulative,Synthetic,Portfolio,Auto,2017-11,65,441655.6606276076
mixto,Loss Incurred,month,cumulative,Synthetic,Portfolio,Auto,2017-11,66,441602.39652009273
mixto,Loss Incurred,month,cumulative,Synthetic,Portfolio,Auto,2017-11,67,441553.97713528806
mixto,Loss Incurred,month,cumulative,Synthetic,Portfolio,Auto,2017-11,68,441509.9642222891
mixto,Loss Incurred,month,cumulative,Synthetic,Portfolio,Auto,2017-11,69,441469.9587985502
mixto,Loss Incurred,month,cumulative,Synthetic,Portfolio,Auto,2017-11,70,441433.59769022674
mixto,Loss Incurred,month,cumulative,Synthetic,Portfolio,Auto,2017-11,71,441400.5503680029
mixto,Loss Incurred,month,cumulative,Synthetic,Portfolio,Auto,2017-11,72,441370.5160546684
mixto,Loss Incurred,month,cumulative,Synthetic,Portfolio,Auto,2017-11,73,441343.2210823647
mixto,Loss Incurred,month,cumulative,Synthetic,Portfolio,Auto,2017-11,74,441318.41647900897
mixto,Loss Incurred,month,cumulative,Synthetic,Portfolio,Auto,2017-11,75,441295.87576490914
mixto,Loss Incurred,month,cumulative,Synthetic,Portfolio,Auto,2017-11,76,441275.3929420126
mixto,Loss Incurred,month,cumulative,Synthetic,Portfolio,Auto,2017-11,77,441256.78065957705
mixto,Loss Incurred,month,cumulative,Synthetic,Portfolio,Auto,2017-11,78,441239.8685413124
mixto,Loss Incurred,month,cumulative,Synthetic,Portfolio,Auto,2017-11,79,441224.5016602246
mixto,Loss Incurred,month,cumulative,Synthetic,Portfolio,Auto,2017-11,80,441210.53914849635
mixto,Loss Incurred,month,cumulative,Synthetic,Portfolio,Auto,2017-11,81,441197.8529307621
mixto,Loss Incurred,month,cumulative,Synthetic,Portfolio,Auto,2017-11,82,441186.326570093
mixto,Loss Incurred,month,cumulative,Synthetic,Portfolio,Auto,2017-11,83,441175.8542168835
mixto,Loss Incurred,month,cumulative,Synthetic,Portfolio,Auto,2017-11,84,441166.3396516567
mixto,Loss Incurred,month,cumulative,Synthetic,Portfolio,Auto,2017-11,85,441157.69541355263
mixto,Loss Incurred,month,cumulative,Synthetic,Portfolio,Auto,2017-11,86,441149.8420069649
mixto,Loss Incurred,month,cumulative,Synthetic,Portfolio,Auto,2017-11,87,441142.70717943297
mixto,Loss Incurred,month,cumulative,Synthetic,Portfolio,Auto,2017-11,88,441136.22526448173
mixto,Loss Incurred,month,cumulative,Synthetic,Portfolio,Auto,2017-11,89,441130.3365836518
mixto,Loss Incurred,month,cumulative,Synthetic,Portfolio,Auto,2017-11,90,441124.98690245446
mixto,Loss Incurred,month,cumulative,Synthetic,Portfolio,Auto,2017-11,91,441120.12693544617
mixto,Loss Incurred,month,cumulative,Synthetic,Portfolio,Auto,2017-11,92,441115.71189603634
mixto,Loss Incurred,month,cumulative,Synthetic,Portfolio,Auto,2017-11,93,441111.7010870269
mixto,Loss Incurred,month,cumulative,Synthetic,Portfolio,Auto,2017-11,94,441108.0575282308
mixto,Loss Incurred,month,cumulative,Synthetic,Portfolio,Auto,2017-11,95,441104.74761784286
mixto,Loss Incurred,month,cumulative,Synthetic,Portfolio,Auto,2017-11,96,441101.7408245272
mixto,Loss Incurred,month,cumulative,Synthetic,Portfolio,Auto,2017-11,97,441099.00940745574
mixto,Loss Incurred,month,cumulative,Synthetic,Portfolio,Auto,2017-12,0,235091.69931875772
mixto,Loss Incurred,month,cumulative,Synthetic,Portfolio,Auto,2017-12,1,262386.7846396918
mixto,Loss Incurred,month,cumulative,Synthetic,Portfolio,Auto,2017-12,2,285920.72804779373
mixto,Loss Incurred,month,cumulative,Synthetic,Portfolio,Auto,2017-12,3,306211.7982468294
mixto,Loss Incurred,month,cumulative,Synthetic,Portfolio,Auto,2017-12,4,323706.84880773333
mixto,Loss Incurred,month,cumulative,Synthetic,Portfolio,Auto,2017-12,5,338791.15885773406
mixto,Loss Incurred,month,cumulative,Synthetic,Portfolio,Auto,2017-12,6,351796.9177660865
mixto,Loss Incurred,month,cumulative,Synthetic,Portfolio,Auto,2017-12,7,363010.5406776748
mixto,Loss Incurred,month,cumulative,Synthetic,Portfolio,Auto,2017-12,8,372678.9759984727
mixto,Loss Incurred,month,cumulative,Synthetic,Portfolio,Auto,2017-12,9,381015.1437374335
mixto,Loss Incurred,month,cumulative,Synthetic,Portfolio,Auto,2017-12,10,388202.6244689439
mixto,Loss Incurred,month,cumulative,Synthetic,Portfolio,Auto,2017-12,11,394399.7021770125
mixto,Loss Incurred,month,cumulative,Synthetic,Portfolio,Auto,2017-12,12,399742.85001342685
mixto,Loss Incurred,month,cumulative,Synthetic,Portfolio,Auto,2017-12,13,404349.73573387024
mixto,Loss Incurred,month,cumulative,Synthetic,Portfolio,Auto,2017-12,14,408321.8129982472
mixto,Loss Incurred,month,cumulative,Synthetic,Portfolio,Auto,2017-12,15,411746.55560129596
mixto,Loss Incurred,month,cumulative,Synthetic,Portfolio,Auto,2017-12,16,414699.38383611554
mixto,Loss Incurred,month,cumulative,Synthetic,Portfolio,Auto,2017-12,17,417245.3254133266
mixto,Loss Incurred,month,cumulative,Synthetic,Portfolio,Auto,2017-12,18,419440.4475129255
mixto,Loss Incurred,month,cumulative,Synthetic,Portfolio,Auto,2017-12,19,421333.09150573297
mixto,Loss Incurred,month,cumulative,Synthetic,Portfolio,Auto,2017-12,20,419694.3463805167
mixto,Loss Incurred,month,cumulative,Synthetic,Portfolio,Auto,2017-12,21,418077.2626027764
mixto,Loss Incurred,month,cumulative,Synthetic,Portfolio,Auto,2017-12,22,416494.24328277225
mixto,Loss Incurred,month,cumulative,Synthetic,Portfolio,Auto,2017-12,23,414954.82256251475
mixto,Loss Incurred,month,cumulative,Synthetic,Portfolio,Auto,2017-12,24,413466.1483730332
mixto,Loss Incurred,month,cumulative,Synthetic,Portfolio,Auto,2017-12,25,412033.39208004245
mixto,Loss Incurred,month,cumulative,Synthetic,Portfolio,Auto,2017-12,26,410660.0955891656
mixto,Loss Incurred,month,cumulative,Synthetic,Portfolio,Auto,2017-12,27,409348.46498778136
mixto,Loss Incurred,month,cumulative,Synthetic,Portfolio,Auto,2017-12,28,408099.61851516395
mixto,Loss Incurred,month,cumulative,Synthetic,Portfolio,Auto,2017-12,29,406913.79554691643
mixto,Loss Incurred,month,cumulative,Synthetic,Portfolio,Auto,2017-12,30,405790.5323288046
mixto,Loss Incurred,month,cumulative,Synthetic,Portfolio,Auto,2017-12,31,404728.80937745806
mixto,Loss Incurred,month,cumulative,Synthetic,Portfolio,Auto,2017-12,32,403727.17476249946
mixto,Loss Incurred,month,cumulative,Synthetic,Portfolio,Auto,2017-12,33,402783.84688052046
mixto,Loss Incurred,month,cumulative,Synthetic,Portfolio,Auto,2017-12,34,401896.7998121899
mixto,Loss Incurred,month,cumulative,Synthetic,Portfolio,Auto,2017-12,35,401063.83390781406
mixto,Loss Incurred,month,cumulative,Synthetic,Portfolio,Auto,2017-12,36,400282.6338636621
mixto,Loss Incurred,month,cumulative,Synthetic,Portfolio,Auto,2017-12,37,399550.8162225336
mixto,Loss Incurred,month,cumulative,Synthetic,Portfolio,Auto,2017-12,38,398865.9679498077
mixto,Loss Incurred,month,cumulative,Synthetic,Portfolio,Auto,2017-12,39,398225.6774940653
mixto,Loss Incurred,month,cumulative,Synthetic,Portfolio,Auto,2017-12,40,397627.5595336862
mixto,Loss Incurred,month,cumulative,Synthetic,Portfolio,Auto,2017-12,41,397069.27443278336
mixto,Loss Incurred,month,cumulative,Synthetic,Portfolio,Auto,2017-12,42,396548.5432772602
mixto,Loss Incurred,month,cumulative,Synthetic,Portfolio,Auto,2017-12,43,396063.15923110355
mixto,Loss Incurred,month,cumulative,Synthetic,Portfolio,Auto,2017-12,44,395610.9958411641
mixto,Loss Incurred,month,cumulative,Synthetic,Portfolio,Auto,2017-12,45,395190.01282296184
mixto,Loss Incurred,month,cumulative,Synthetic,Portfolio,Auto,2017-12,46,394798.2597782377
mixto,Loss Incurred,month,cumulative,Synthetic,Portfolio,Auto,2017-12,47,394433.8782250468
mixto,Loss Incurred,month,cumulative,Synthetic,Portfolio,Auto,2017-12,48,394095.1022614979
mixto,Loss Incurred,month,cumulative,Synthetic,Portfolio,Auto,2017-12,49,393780.2581333239
mixto,Loss Incurred,month,cumulative,Synthetic,Portfolio,Auto,2017-12,50,393487.76293205796
mixto,Loss Incurred,month,cumulative,Synthetic,Portfolio,Auto,2017-12,51,393216.12261363765
mixto,Loss Incurred,month,cumulative,Synthetic,Portfolio,Auto,2017-12,52,392963.9294958237
mixto,Loss Incurred,month,cumulative,Synthetic,Portfolio,Auto,2017-12,53,392729.85936611437
mixto,Loss Incurred,month,cumulative,Synthetic,Portfolio,Auto,2017-12,54,392512.6683091792
mixto,Loss Incurred,month,cumulative,Synthetic,Portfolio,Auto,2017-12,55,392311.18934364064
mixto,Loss Incurred,month,cumulative,Synthetic,Portfolio,Auto,2017-12,56,392124.32894179825
mixto,Loss Incurred,month,cumulative,Synthetic,Portfolio,Auto,2017-12,57,391951.0634921776
mixto,Loss Incurred,month,cumulative,Synthetic,Portfolio,Auto,2017-12,58,391790.4357532427
mixto,Loss Incurred,month,cumulative,Synthetic,Portfolio,Auto,2017-12,59,391641.55133689503
mixto,Loss Incurred,month,cumulative,Synthetic,Portfolio,Auto,2017-12,60,391503.5752522432
mixto,Loss Incurred,month,cumulative,Synthetic,Portfolio,Auto,2017-12,61,391375.7285333197
mixto,Loss Incurred,month,cumulative,Synthetic,Portfolio,Auto,2017-12,62,391257.2849687465
mixto,Loss Incurred,month,cumulative,Synthetic,Portfolio,Auto,2017-12,63,391147.56794664415
mixto,Loss Incurred,month,cumulative,Synthetic,Portfolio,Auto,2017-12,64,391045.9474241833
mixto,Loss Incurred,month,cumulative,Synthetic,Portfolio,Auto,2017-12,65,390951.8370279797
mixto,Loss Incurred,month,cumulative,Synthetic,Portfolio,Auto,2017-12,66,390864.69128891645
mixto,Loss Incurred,month,cumulative,Synthetic,Portfolio,Auto,2017-12,67,390784.00301285187
mixto,Loss Incurred,month,cumulative,Synthetic,Portfolio,Auto,2017-12,68,390709.3007869691
mixto,Loss Incurred,month,cumulative,Synthetic,Portfolio,Auto,2017-12,69,390640.1466201599
mixto,Loss Incurred,month,cumulative,Synthetic,Portfolio,Auto,2017-12,70,390576.1337147704
mixto,Loss Incurred,month,cumulative,Synthetic,Portfolio,Auto,2017-12,71,390516.8843662147
mixto,Loss Incurred,month,cumulative,Synthetic,Portfolio,Auto,2017-12,72,390462.0479863424
mixto,Loss Incurred,month,cumulative,Synthetic,Portfolio,Auto,2017-12,73,390411.2992459944
mixto,Loss Incurred,month,cumulative,Synthetic,Portfolio,Auto,2017-12,74,390364.33633186884
mixto,Loss Incurred,month,cumulative,Synthetic,Portfolio,Auto,2017-12,75,390320.87931262376
mixto,Loss Incurred,month,cumulative,Synthetic,Portfolio,Auto,2017-12,76,390280.6686090329
mixto,Loss Incurred,month,cumulative,Synthetic,Portfolio,Auto,2017-12,77,390243.46356298507
mixto,Loss Incurred,month,cumulative,Synthetic,Portfolio,Auto,2017-12,78,390209.0411001477
mixto,Loss Incurred,month,cumulative,Synthetic,Portfolio,Auto,2017-12,79,390177.19448118657
mixto,Loss Incurred,month,cumulative,Synthetic,Portfolio,Auto,2017-12,80,390147.73213655944
mixto,Loss Incurred,month,cumulative,Synthetic,Portfolio,Auto,2017-12,81,390120.4765800346
mixto,Loss Incurred,month,cumulative,Synthetic,Portfolio,Auto,2017-12,82,390095.2633962569
mixto,Loss Incurred,month,cumulative,Synthetic,Portfolio,Auto,2017-12,83,390071.94029785926
mixto,Loss Incurred,month,cumulative,Synthetic,Portfolio,Auto,2017-12,84,390050.36624781287
mixto,Loss Incurred,month,cumulative,Synthetic,Portfolio,Auto,2017-12,85,390030.410642899
mixto,Loss Incurred,month,cumulative,Synthetic,Portfolio,Auto,2017-12,86,390011.9525543916
mixto,Loss Incurred,month,cumulative,Synthetic,Portfolio,Auto,2017-12,87,389994.88002223405
mixto,Loss Incurred,month,cumulative,Synthetic,Portfolio,Auto,2017-12,88,389979.08939919336
mixto,Loss Incurred,month,cumulative,Synthetic,Portfolio,Auto,2017-12,89,389964.4847416704
mixto,Loss Incurred,month,cumulative,Synthetic,Portfolio,Auto,2017-12,90,389950.9772440302
mixto,Loss Incurred,month,cumulative,Synthetic,Portfolio,Auto,2017-12,91,389938.484713505
mixto,Loss Incurred,month,cumulative,Synthetic,Portfolio,Auto,2017-12,92,389926.9310828931
mixto,Loss Incurred,month,cumulative,Synthetic,Portfolio,Auto,2017-12,93,389916.24595845415
mixto,Loss Incurred,month,cumulative,Synthetic,Portfolio,Auto,2017-12,94,389906.36420055607
mixto,Loss Incurred,month,cumulative,Synthetic,Portfolio,Auto,2017-12,95,389897.22553478956
mixto,Loss Incurred,month,cumulative,Synthetic,Portfolio,Auto,2017-12,96,389888.77419141034
mixto,Loss Incurred,month,cumulative,Synthetic,Portfolio,Auto,2018-01,0,279135.8027235867
mixto,Loss Incurred,month,cumulative,Synthetic,Portfolio,Auto,2018-01,1,308316.8811657685
mixto,Loss Incurred,month,cumulative,Synthetic,Portfolio,Auto,2018-01,2,333595.6747474395
mixto,Loss Incurred,month,cumulative,Synthetic,Portfolio,Auto,2018-01,3,355494.0225487675
mixto,Loss Incurred,month,cumulative,Synthetic,Portfolio,Auto,2018-01,4,374463.97991159145
mixto,Loss Incurred,month,cumulative,Synthetic,Portfolio,Auto,2018-01,5,390897.15037779143
mixto,Loss Incurred,month,cumulative,Synthetic,Portfolio,Auto,2018-01,6,405132.7696997627
mixto,Loss Incurred,month,cumulative,Synthetic,Portfolio,Auto,2018-01,7,417464.7088040822
mixto,Loss Incurred,month,cumulative,Synthetic,Portfolio,Auto,2018-01,8,428147.5402730251
mixto,Loss Incurred,month,cumulative,Synthetic,Portfolio,Auto,2018-01,9,437401.7935764543
mixto,Loss Incurred,month,cumulative,Synthetic,Portfolio,Auto,2018-01,10,445418.5075396957
mixto,Loss Incurred,month,cumulative,Synthetic,Portfolio,Auto,2018-01,11,452363.174025604
mixto,Loss Incurred,month,cumulative,Synthetic,Portfolio,Auto,2018-01,12,458379.15424164216
mixto,Loss Incurred,month,cumulative,Synthetic,Portfolio,Auto,2018-01,13,463590.63819601224
mixto,Loss Incurred,month,cumulative,Synthetic,Portfolio,Auto,2018-01,14,468105.20839593606
mixto,Loss Incurred,month,cumulative,Synthetic,Portfolio,Auto,2018-01,15,472016.060711417
mixto,Loss Incurred,month,cumulative,Synthetic,Portfolio,Auto,2018-01,16,475403.9282505596
mixto,Loss Incurred,month,cumulative,Synthetic,Portfolio,Auto,2018-01,17,478338.7479616856
mixto,Loss Incurred,month,cumulative,Synthetic,Portfolio,Auto,2018-01,18,480881.1043665035
mixto,Loss Incurred,month,cumulative,Synthetic,Portfolio,Auto,2018-01,19,477817.0690788287
mixto,Loss Incurred,month,cumulative,Synthetic,Portfolio,Auto,2018-01,20,474964.7076145621
mixto,Loss Incurred,month,cumulative,Synthetic,Portfolio,Auto,2018-01,21,472314.751301853
mixto,Loss Incurred,month,cumulative,Synthetic,Portfolio,Auto,2018-01,22,469857.34109223896
mixto,Loss Incurred,month,cumulative,Synthetic,Portfolio,Auto,2018-01,23,467582.2823882072
mixto,Loss Incurred,month,cumulative,Synthetic,Portfolio,Auto,2018-01,24,465479.24888868455
mixto,Loss Incurred,month,cumulative,Synthetic,Portfolio,Auto,2018-01,25,463537.9438949532
mixto,Loss Incurred,month,cumulative,Synthetic,Portfolio,Auto,2018-01,26,461748.2262343259
mixto,Loss Incurred,month,cumulative,Synthetic,Portfolio,Auto,2018-01,27,460100.20686062943
mixto,Loss Incurred,month,cumulative,Synthetic,Portfolio,Auto,2018-01,28,458584.3212526893
mixto,Loss Incurred,month,cumulative,Synthetic,Portfolio,Auto,2018-01,29,457191.38193184335
mixto,Loss Incurred,month,cumulative,Synthetic,Portfolio,Auto,2018-01,30,455912.61473742663
mixto,Loss Incurred,month,cumulative,Synthetic,Portfolio,Auto,2018-01,31,454739.6819183224
mixto,Loss Incurred,month,cumulative,Synthetic,Portfolio,Auto,2018-01,32,453664.694604554
mixto,Loss Incurred,month,cumulative,Synthetic,Portfolio,Auto,2018-01,33,452680.2168030417
mixto,Loss Incurred,month,cumulative,Synthetic,Portfolio,Auto,2018-01,34,451779.2627053345
mixto,Loss Incurred,month,cumulative,Synthetic,Portfolio,Auto,2018-01,35,450955.2887931552
mixto,Loss Incurred,month,cumulative,Synthetic,Portfolio,Auto,2018-01,36,450202.1819720517
mixto,Loss Incurred,month,cumulative,Synthetic,Portfolio,Auto,2018-01,37,449514.244747537
mixto,Loss Incurred,month,cumulative,Synthetic,Portfolio,Auto,2018-01,38,448886.1782760042
mixto,Loss Incurred,month,cumulative,Synthetic,Portfolio,Auto,2018-01,39,448313.0639694217
mixto,Loss Incurred,month,cumulative,Synthetic,Portfolio,Auto,2018-01,40,447790.34420406446
mixto,Loss Incurred,month,cumulative,Synthetic,Portfolio,Auto,2018-01,41,447313.8025756538
mixto,Loss Incurred,month,cumulative,Synthetic,Portfolio,Auto,2018-01,42,446879.54405311984
mixto,Loss Incurred,month,cumulative,Synthetic,Portfolio,Auto,2018-01,43,446483.9753080716
mixto,Loss Incurred,month,cumulative,Synthetic,Portfolio,Auto,2018-01,44,446123.7854346845
mixto,Loss Incurred,month,cumulative,Synthetic,Portfolio,Auto,2018-01,45,445795.92722309905
mixto,Loss Incurred,month,cumulative,Synthetic,Portfolio,Auto,2018-01,46,445497.5991069259
mixto,Loss Incurred,month,cumulative,Synthetic,Portfolio,Auto,2018-01,47,445226.2278706181
mixto,Loss Incurred,month,cumulative,Synthetic,Portfolio,Auto,2018-01,48,444979.4521740937
mixto,Loss Incurred,month,cumulative,Synthetic,Portfolio,Auto,2018-01,49,444755.1069290403
mixto,Loss Incurred,month,cumulative,Synthetic,Portfolio,Auto,2018-01,50,444551.20854290854
mixto,Loss Incurred,month,cumulative,Synthetic,Portfolio,Auto,2018-01,51,444365.9410319823
mixto,Loss Incurred,month,cumulative,Synthetic,Portfolio,Auto,2018-01,52,444197.64299343515
mixto,Loss Incurred,month,cumulative,Synthetic,Portfolio,Auto,2018-01,53,444044.79541743814
mixto,Loss Incurred,month,cumulative,Synthetic,Portfolio,Auto,2018-01,54,443906.01031368756
mixto,Loss Incurred,month,cumulative,Synthetic,Portfolio,Auto,2018-01,55,443780.0201218224
mixto,Loss Incurred,month,cumulative,Synthetic,Portfolio,Auto,2018-01,56,443665.6678717451
mixto,Loss Incurred,month,cumulative,Synthetic,Portfolio,Auto,2018-01,57,443561.8980575973
mixto,Loss Incurred,month,cumulative,Synthetic,Portfolio,Auto,2018-01,58,443467.748187835
mixto,Loss Incurred,month,cumulative,Synthetic,Portfolio,Auto,2018-01,59,443382.34097330685
mixto,Loss Incurred,month,cumulative,Synthetic,Portfolio,Auto,2018-01,60,443304.87711530336
mixto,Loss Incurred,month,cumulative,Synthetic,Portfolio,Auto,2018-01,61,443234.6286560877
mixto,Loss Incurred,month,cumulative,Synthetic,Portfolio,Auto,2018-01,62,443170.93285532383
mixto,Loss Incurred,month,cumulative,Synthetic,Portfolio,Auto,2018-01,63,443113.1865569957
mixto,Loss Incurred,month,cumulative,Synthetic,Portfolio,Auto,2018-01,64,443060.8410127889
mixto,Loss Incurred,month,cumulative,Synthetic,Portfolio,Auto,2018-01,65,443013.39712942584
mixto,Loss Incurred,month,cumulative,Synthetic,Portfolio,Auto,2018-01,66,442970.40110904654
mixto,Loss Incurred,month,cumulative,Synthetic,Portfolio,Auto,2018-01,67,442931.4404533851
mixto,Loss Incurred,month,cumulative,Synthetic,Portfolio,Auto,2018-01,68,442896.1403041616
mixto,Loss Incurred,month,cumulative,Synthetic,Portfolio,Auto,2018-01,69,442864.16009377065
mixto,Loss Incurred,month,cumulative,Synthetic,Portfolio,Auto,2018-01,70,442835.19048198825
mixto,Loss Incurred,month,cumulative,Synthetic,Portfolio,Auto,2018-01,71,442808.9505560044
mixto,Loss Incurred,month,cumulative,Synthetic,Portfolio,Auto,2018-01,72,442785.1852726335
mixto,Loss Incurred,month,cumulative,Synthetic,Portfolio,Auto,2018-01,73,442763.66312302725
mixto,Loss Incurred,month,cumulative,Synthetic,Portfolio,Auto,2018-01,74,442744.1740016261
mixto,Loss Incurred,month,cumulative,Synthetic,Portfolio,Auto,2018-01,75,442726.52726242394
mixto,Loss Incurred,month,cumulative,Synthetic,Portfolio,Auto,2018-01,76,442710.54994688084
mixto,Loss Incurred,month,cumulative,Synthetic,Portfolio,Auto,2018-01,77,442696.0851690203
mixto,Loss Incurred,month,cumulative,Synthetic,Portfolio,Auto,2018-01,78,442682.99064435496
mixto,Loss Incurred,month,cumulative,Synthetic,Portfolio,Auto,2018-01,79,442671.13735034486
mixto,Loss Incurred,month,cumulative,Synthetic,Portfolio,Auto,2018-01,80,442660.4083070607
mixto,Loss Incurred,month,cumulative,Synthetic,Portfolio,Auto,2018-01,81,442650.69746764365
mixto,Loss Incurred,month,cumulative,Synthetic,Portfolio,Auto,2018-01,82,442641.90870899725
mixto,Loss Incurred,month,cumulative,Synthetic,Portfolio,Auto,2018-01,83,442633.9549139352
mixto,Loss Incurred,month,cumulative,Synthetic,Portfolio,Auto,2018-01,84,442626.7571367383
mixto,Loss Incurred,month,cumulative,Synthetic,Portfolio,Auto,2018-01,85,442620.24384474533
mixto,Loss Incurred,month,cumulative,Synthetic,Portfolio,Auto,2018-01,86,442614.3502292295
mixto,Loss Incurred,month,cumulative,Synthetic,Portfolio,Auto,2018-01,87,442609.0175793821
mixto,Loss Incurred,month,cumulative,Synthetic,Portfolio,Auto,2018-01,88,442604.1927137561
mixto,Loss Incurred,month,cumulative,Synthetic,Portfolio,Auto,2018-01,89,442599.8274640111
mixto,Loss Incurred,month,cumulative,Synthetic,Portfolio,Auto,2018-01,90,442595.8782062444
mixto,Loss Incurred,month,cumulative,Synthetic,Portfolio,Auto,2018-01,91,442592.3054356071
mixto,Loss Incurred,month,cumulative,Synthetic,Portfolio,Auto,2018-01,92,442589.0733802812
mixto,Loss Incurred,month,cumulative,Synthetic,Portfolio,Auto,2018-01,93,442586.1496512376
mixto,Loss Incurred,month,cumulative,Synthetic,Portfolio,Auto,2018-01,94,442583.50492451206
mixto,Loss Incurred,month,cumulative,Synthetic,Portfolio,Auto,2018-01,95,442581.112653029
mixto,Loss Incurred,month,cumulative,Synthetic,Portfolio,Auto,2018-02,0,227418.35091532738
mixto,Loss Incurred,month,cumulative,Synthetic,Portfolio,Auto,2018-02,1,257516.48228476182
mixto,Loss Incurred,month,cumulative,Synthetic,Portfolio,Auto,2018-02,2,283433.8215416236
mixto,Loss Incurred,month,cumulative,Synthetic,Portfolio,Auto,2018-02,3,305751.1031665357
mixto,Loss Incurred,month,cumulative,Synthetic,Portfolio,Auto,2018-02,4,324968.3945014774
mixto,Loss Incurred,month,cumulative,Synthetic,Portfolio,Auto,2018-02,5,341516.300848628
mixto,Loss Incurred,month,cumulative,Synthetic,Portfolio,Auto,2018-02,6,355765.61412079394
mixto,Loss Incurred,month,cumulative,Synthetic,Portfolio,Auto,2018-02,7,368035.6212424675
mixto,Loss Incurred,month,cumulative,Synthetic,Portfolio,Auto,2018-02,8,378601.25846935087
mixto,Loss Incurred,month,cumulative,Synthetic,Portfolio,Auto,2018-02,9,387699.27193447086
mixto,Loss Incurred,month,cumulative,Synthetic,Portfolio,Auto,2018-02,10,395533.5224613481
mixto,Loss Incurred,month,cumulative,Synthetic,Portfolio,Auto,2018-02,11,402279.5535101234
mixto,Loss Incurred,month,cumulative,Synthetic,Portfolio,Auto,2018-02,12,408088.524611432
mixto,Loss Incurred,month,cumulative,Synthetic,Portfolio,Auto,2018-02,13,413090.59842518414
mixto,Loss Incurred,month,cumulative,Synthetic,Portfolio,Auto,2018-02,14,417397.8573186892
mixto,Loss Incurred,month,cumulative,Synthetic,Portfolio,Auto,2018-02,15,421106.81481641176
mixto,Loss Incurred,month,cumulative,Synthetic,Portfolio,Auto,2018-02,16,424300.5781958678
mixto,Loss Incurred,month,cumulative,Synthetic,Portfolio,Auto,2018-02,17,427050.7106873342
mixto,Loss Incurred,month,cumulative,Synthetic,Portfolio,Auto,2018-02,18,425803.0092879691
mixto,Loss Incurred,month,cumulative,Synthetic,Portfolio,Auto,2018-02,19,424486.23500277696
mixto,Loss Incurred,month,cumulative,Synthetic,Portfolio,Auto,2018-02,20,423127.4028538747
mixto,Loss Incurred,month,cumulative,Synthetic,Portfolio,Auto,2018-02,21,421748.5233115866
mixto,Loss Incurred,month,cumulative,Synthetic,Portfolio,Auto,2018-02,22,420367.38743726205
mixto,Loss Incurred,month,cumulative,Synthetic,Portfolio,Auto,2018-02,23,418998.23649833834
mixto,Loss Incurred,month,cumulative,Synthetic,Portfolio,Auto,2018-02,24,417652.33256787545
mixto,Loss Incurred,month,cumulative,Synthetic,Portfolio,Auto,2018-02,25,416338.4442937526
mixto,Loss Incurred,month,cumulative,Synthetic,Portfolio,Auto,2018-02,26,415063.2600213041
mixto,Loss Incurred,month,cumulative,Synthetic,Portfolio,Auto,2018-02,27,413831.7387320112
mixto,Loss Incurred,month,cumulative,Synthetic,Portfolio,Auto,2018-02,28,412647.40778083925
mixto,Loss Incurred,month,cumulative,Synthetic,Portfolio,Auto,2018-02,29,411512.61514229333
mixto,Loss Incurred,month,cumulative,Synthetic,Portfolio,Auto,2018-02,30,410428.74278128706
mixto,Loss Incurred,month,cumulative,Synthetic,Portfolio,Auto,2018-02,31,409396.3868245553
mixto,Loss Incurred,month,cumulative,Synthetic,Portfolio,Auto,2018-02,32,408415.5094001312
mixto,Loss Incurred,month,cumulative,Synthetic,Portfolio,Auto,2018-02,33,407485.56631789106
mixto,Loss Incurred,month,cumulative,Synthetic,Portfolio,Auto,2018-02,34,406605.6141674442
mixto,Loss Incurred,month,cumulative,Synthetic,Portfolio,Auto,2018-02,35,405774.3998970346
mixto,Loss Incurred,month,cumulative,Synthetic,Portfolio,Auto,2018-02,36,404990.4354968566
mixto,Loss Incurred,month,cumulative,Synthetic,Portfolio,Auto,2018-02,37,404252.0600321317
mixto,Loss Incurred,month,cumulative,Synthetic,Portfolio,Auto,2018-02,38,403557.49094673275
mixto,Loss Incurred,month,cumulative,Synthetic,Portfolio,Auto,2018-02,39,402904.86627957865
mixto,Loss Incurred,month,cumulative,Synthetic,Portfolio,Auto,2018-02,40,402292.2791969931
mixto,Loss Incurred,month,cumulative,Synthetic,Portfolio,Auto,2018-02,41,401717.8060391853
mixto,Loss Incurred,month,cumulative,Synthetic,Portfolio,Auto,2018-02,42,401179.52890317276
mixto,Loss Incurred,month,cumulative,Synthetic,Portfolio,Auto,2018-02,43,400675.5536337423
mixto,Loss Incurred,month,cumulative,Synthetic,Portfolio,Auto,2018-02,44,400204.0239648735
mixto,Loss Incurred,month,cumulative,Synthetic,Portfolio,Auto,2018-02,45,399763.1324434065
mixto,Loss Incurred,month,cumulative,Synthetic,Portfolio,Auto,2018-02,46,399351.128672005
mixto,Loss Incurred,month,cumulative,Synthetic,Portfolio,Auto,2018-02,47,398966.3253273878
mixto,Loss Incurred,month,cumulative,Synthetic,Portfolio,Auto,2018-02,48,398607.10234045825
mixto,Loss Incurred,month,cumulative,Synthetic,Portfolio,Auto,2018-02,49,398271.9095656797
mixto,Loss Incurred,month,cumulative,Synthetic,Portfolio,Auto,2018-02,50,397959.2682163941
mixto,Loss Incurred,month,cumulative,Synthetic,Portfolio,Auto,2018-02,51,397667.7712995469
mixto,Loss Incurred,month,cumulative,Synthetic,Portfolio,Auto,2018-02,52,397396.0832463889
mixto,Loss Incurred,month,cumulative,Synthetic,Portfolio,Auto,2018-02,53,397142.9389042849
mixto,Loss Incurred,month,cumulative,Synthetic,Portfolio,Auto,2018-02,54,396907.1420279786
mixto,Loss Incurred,month,cumulative,Synthetic,Portfolio,Auto,2018-02,55,396687.56338588224
mixto,Loss Incurred,month,cumulative,Synthetic,Portfolio,Auto,2018-02,56,396483.1385775963
mixto,Loss Incurred,month,cumulative,Synthetic,Portfolio,Auto,2018-02,57,396292.86564243014
mixto,Loss Incurred,month,cumulative,Synthetic,Portfolio,Auto,2018-02,58,396115.8025247645
mixto,Loss Incurred,month,cumulative,Synthetic,Portfolio,Auto,2018-02,59,395951.06445030484
mixto,Loss Incurred,month,cumulative,Synthetic,Portfolio,Auto,2018-02,60,395797.8212573098
mixto,Loss Incurred,month,cumulative,Synthetic,Portfolio,Auto,2018-02,61,395655.2947184821
mixto,Loss Incurred,month,cumulative,Synthetic,Portfolio,Auto,2018-02,62,395522.75588212884
mixto,Loss Incurred,month,cumulative,Synthetic,Portfolio,Auto,2018-02,63,395399.52245526836
mixto,Loss Incurred,month,cumulative,Synthetic,Portfolio,Auto,2018-02,64,395284.95624638646
mixto,Loss Incurred,month,cumulative,Synthetic,Portfolio,Auto,2018-02,65,395178.4606813921
mixto,Loss Incurred,month,cumulative,Synthetic,Portfolio,Auto,2018-02,66,395079.47840287635
mixto,Loss Incurred,month,cumulative,Synthetic,Portfolio,Auto,2018-02,67,394987.4889599122
mixto,Loss Incurred,month,cumulative,Synthetic,Portfolio,Auto,2018-02,68,394902.0065932811
mixto,Loss Incurred,month,cumulative,Synthetic,Portfolio,Auto,2018-02,69,394822.57811907394
mixto,Loss Incurred,month,cumulative,Synthetic,Portfolio,Auto,2018-02,70,394748.78091204347
mixto,Loss Incurred,month,cumulative,Synthetic,Portfolio,Auto,2018-02,71,394680.22098880995
mixto,Loss Incurred,month,cumulative,Synthetic,Portfolio,Auto,2018-02,72,394616.5311900082
mixto,Loss Incurred,month,cumulative,Synthetic,Portfolio,Auto,2018-02,73,394557.3694596546
mixto,Loss Incurred,month,cumulative,Synthetic,Portfolio,Auto,2018-02,74,394502.4172193929
mixto,Loss Incurred,month,cumulative,Synthetic,Portfolio,Auto,2018-02,75,394451.37783479714
mixto,Loss Incurred,month,cumulative,Synthetic,Portfolio,Auto,2018-02,76,394403.97517055855
mixto,Loss Incurred,month,cumulative,Synthetic,Portfolio,Auto,2018-02,77,394359.9522311318
mixto,Loss Incurred,month,cumulative,Synthetic,Portfolio,Auto,2018-02,78,394319.0698832556
mixto,Loss Incurred,month,cumulative,Synthetic,Portfolio,Auto,2018-02,79,394281.1056566562
mixto,Loss Incurred,month,cumulative,Synthetic,Portfolio,Auto,2018-02,80,394245.8526192117
mixto,Loss Incurred,month,cumulative,Synthetic,Portfolio,Auto,2018-02,81,394213.11832285475
mixto,Loss Incurred,month,cumulative,Synthetic,Portfolio,Auto,2018-02,82,394182.723816531
mixto,Loss Incurred,month,cumulative,Synthetic,Portfolio,Auto,2018-02,83,394154.50272260676
mixto,Loss Incurred,month,cumulative,Synthetic,Portfolio,Auto,2018-02,84,394128.30037320225
mixto,Loss Incurred,month,cumulative,Synthetic,Portfolio,Auto,2018-02,85,394103.9730030428
mixto,Loss Incurred,month,cumulative,Synthetic,Portfolio,Auto,2018-02,86,394081.3869955358
mixto,Loss Incurred,month,cumulative,Synthetic,Portfolio,Auto,2018-02,87,394060.418178914
mixto,Loss Incurred,month,cumulative,Synthetic,Portfolio,Auto,2018-02,88,394040.9511694178
mixto,Loss Incurred,month,cumulative,Synthetic,Portfolio,Auto,2018-02,89,394022.8787586291
mixto,Loss Incurred,month,cumulative,Synthetic,Portfolio,Auto,2018-02,90,394006.10134220804
mixto,Loss Incurred,month,cumulative,Synthetic,Portfolio,Auto,2018-02,91,393990.52638742246
mixto,Loss Incurred,month,cumulative,Synthetic,Portfolio,Auto,2018-02,92,393976.06793699425
mixto,Loss Incurred,month,cumulative,Synthetic,Portfolio,Auto,2018-02,93,393962.6461469284
mixto,Loss Incurred,month,cumulative,Synthetic,Portfolio,Auto,2018-02,94,393950.18685610953
mixto,Loss Incurred,month,cumulative,Synthetic,Portfolio,Auto,2018-03,0,304392.3219831222
mixto,Loss Incurred,month,cumulative,Synthetic,Portfolio,Auto,2018-03,1,341890.5017876911
mixto,Loss Incurred,month,cumulative,Synthetic,Portfolio,Auto,2018-03,2,373838.70154669747
mixto,Loss Incurred,month,cumulative,Synthetic,Portfolio,Auto,2018-03,3,401058.3552248478
mixto,Loss Incurred,month,cumulative,Synthetic,Portfolio,Auto,2018-03,4,424249.3190959678
mixto,Loss Incurred,month,cumulative,Synthetic,Portfolio,Auto,2018-03,5,444007.8660499767
mixto,Loss Incurred,month,cumulative,Synthetic,Portfolio,Auto,2018-03,6,460842.01662273257
mixto,Loss Incurred,month,cumulative,Synthetic,Portfolio,Auto,2018-03,7,475184.6009314798
mixto,Loss Incurred,month,cumulative,Synthetic,Portfolio,Auto,2018-03,8,487404.38735696435
mixto,Loss Incurred,month,cumulative,Synthetic,Portfolio,Auto,2018-03,9,497815.56410656776
mixto,Loss Incurred,month,cumulative,Synthetic,Portfolio,Auto,2018-03,10,506685.8174430276
mixto,Loss Incurred,month,cumulative,Synthetic,Portfolio,Auto,2018-03,11,514243.2142815719
mixto,Loss Incurred,month,cumulative,Synthetic,Portfolio,Auto,2018-03,12,520682.06611689425
mixto,Loss Incurred,month,cumulative,Synthetic,Portfolio,Auto,2018-03,13,526167.9250499314
mixto,Loss Incurred,month,cumulative,Synthetic,Portfolio,Auto,2018-03,14,530841.8403694435
mixto,Loss Incurred,month,cumulative,Synthetic,Portfolio,Auto,2018-03,15,534823.9851312077
mixto,Loss Incurred,month,cumulative,Synthetic,Portfolio,Auto,2018-03,16,538216.7459793654
mixto,Loss Incurred,month,cumulative,Synthetic,Portfolio,Auto,2018-03,17,541107.355653659
mixto,Loss Incurred,month,cumulative,Synthetic,Portfolio,Auto,2018-03,18,543570.1358680839
mixto,Loss Incurred,month,cumulative,Synthetic,Portfolio,Auto,2018-03,19,540359.8702447811
mixto,Loss Incurred,month,cumulative,Synthetic,Portfolio,Auto,2018-03,20,537289.5646207236
mixto,Loss Incurred,month,cumulative,Synthetic,Portfolio,Auto,2018-03,21,534366.9496726245
mixto,Loss Incurred,month,cumulative,Synthetic,Portfolio,Auto,2018-03,22,531596.1977930953
mixto,Loss Incurred,month,cumulative,Synthetic,Portfolio,Auto,2018-03,23,528978.6546165054
mixto,Loss Incurred,month,cumulative,Synthetic,Portfolio,Auto,2018-03,24,526513.4448869769
mixto,Loss Incurred,month,cumulative,Synthetic,Portfolio,Auto,2018-03,25,524197.9727423109
mixto,Loss Incurred,month,cumulative,Synthetic,Portfolio,Auto,2018-03,26,522028.3333913529
mixto,Loss Incurred,month,cumulative,Synthetic,Portfolio,Auto,2018-03,27,519999.6505349179
mixto,Loss Incurred,month,cumulative,Synthetic,Portfolio,Auto,2018-03,28,518106.3516516125
mixto,Loss Incurred,month,cumulative,Synthetic,Portfolio,Auto,2018-03,29,516342.391379873
mixto,Loss Incurred,month,cumulative,Synthetic,Portfolio,Auto,2018-03,30,514701.4316254099
mixto,Loss Incurred,month,cumulative,Synthetic,Portfolio,Auto,2018-03,31,513176.9856656912
mixto,Loss Incurred,month,cumulative,Synthetic,Portfolio,Auto,2018-03,32,511762.5323732976
mixto,Loss Incurred,month,cumulative,Synthetic,Portfolio,Auto,2018-03,33,510451.6057065932
mixto,Loss Incurred,month,cumulative,Synthetic,Portfolio,Auto,2018-03,34,509237.8637925565
mixto,Loss Incurred,month,cumulative,Synthetic,Portfolio,Auto,2018-03,35,508115.14123013325
mixto,Loss Incurred,month,cumulative,Synthetic,Portfolio,Auto,2018-03,36,507077.4876538705
mixto,Loss Incurred,month,cumulative,Synthetic,Portfolio,Auto,2018-03,37,506119.19510046847
mixto,Loss Incurred,month,cumulative,Synthetic,Portfolio,Auto,2018-03,38,505234.81630136474
mixto,Loss Incurred,month,cumulative,Synthetic,Portfolio,Auto,2018-03,39,504419.175670686
mixto,Loss Incurred,month,cumulative,Synthetic,Portfolio,Auto,2018-03,40,503667.3744598547
mixto,Loss Incurred,month,cumulative,Synthetic,Portfolio,Auto,2018-03,41,502974.7912992607
mixto,Loss Incurred,month,cumulative,Synthetic,Portfolio,Auto,2018-03,42,502337.0791364839
mixto,Loss Incurred,month,cumulative,Synthetic,Portfolio,Auto,2018-03,43,501750.1594034096
mixto,Loss Incurred,month,cumulative,Synthetic,Portfolio,Auto,2018-03,44,501210.2140960133
mixto,Loss Incurred,month,cumulative,Synthetic,Portfolio,Auto,2018-03,45,500713.67632616387
mixto,Loss Incurred,month,cumulative,Synthetic,Portfolio,Auto,2018-03,46,500257.21980075643
mixto,Loss Incurred,month,cumulative,Synthetic,Portfolio,Auto,2018-03,47,499837.7475966487
mixto,Loss Incurred,month,cumulative,Synthetic,Portfolio,Auto,2018-03,48,499452.3805275395
mixto,Loss Incurred,month,cumulative,Synthetic,Portfolio,Auto,2018-03,49,499098.44533881213
mixto,Loss Incurred,month,cumulative,Synthetic,Portfolio,Auto,2018-03,50,498773.4629165274
mixto,Loss Incurred,month,cumulative,Synthetic,Portfolio,Auto,2018-03,51,498475.1366555524
mixto,Loss Incurred,month,cumulative,Synthetic,Portfolio,Auto,2018-03,52,498201.34109787294
mixto,Loss Incurred,month,cumulative,Synthetic,Portfolio,Auto,2018-03,53,497950.11092427623
mixto,Loss Incurred,month,cumulative,Synthetic,Portfolio,Auto,2018-03,54,497719.6303598257
mixto,Loss Incurred,month,cumulative,Synthetic,Portfolio,Auto,2018-03,55,497508.2230350418
mixto,Loss Incurred,month,cumulative,Synthetic,Portfolio,Auto,2018-03,56,497314.3423297411
mixto,Loss Incurred,month,cumulative,Synthetic,Portfolio,Auto,2018-03,57,497136.56221448845
mixto,Loss Incurred,month,cumulative,Synthetic,Portfolio,Auto,2018-03,58,496973.5685950719
mixto,Loss Incurred,month,cumulative,Synthetic,Portfolio,Auto,2018-03,59,496824.15115789673
mixto,Loss Incurred,month,cumulative,Synthetic,Portfolio,Auto,2018-03,60,496687.1957083701
mixto,Loss Incurred,month,cumulative,Synthetic,Portfolio,Auto,2018-03,61,496561.6769899009
mixto,Loss Incurred,month,cumulative,Synthetic,Portfolio,Auto,2018-03,62,496446.65196782636
mixto,Loss Incurred,month,cumulative,Synthetic,Portfolio,Auto,2018-03,63,496341.2535601988
mixto,Loss Incurred,month,cumulative,Synthetic,Portfolio,Auto,2018-03,64,496244.6847957278
mixto,Loss Incurred,month,cumulative,Synthetic,Portfolio,Auto,2018-03,65,496156.21337815264
mixto,Loss Incurred,month,cumulative,Synthetic,Portfolio,Auto,2018-03,66,496075.1666357786
mixto,Loss Incurred,month,cumulative,Synthetic,Portfolio,Auto,2018-03,67,496000.9268347599
mixto,Loss Incurred,month,cumulative,Synthetic,Portfolio,Auto,2018-03,68,495932.9268348579
mixto,Loss Incurred,month,cumulative,Synthetic,Portfolio,Auto,2018-03,69,495870.64606679406
mixto,Loss Incurred,month,cumulative,Synthetic,Portfolio,Auto,2018-03,70,495813.606810871
mixto,Loss Incurred,month,cumulative,Synthetic,Portfolio,Auto,2018-03,71,495761.3707572328
mixto,Loss Incurred,month,cumulative,Synthetic,Portfolio,Auto,2018-03,72,495713.53582892305
mixto,Loss Incurred,month,cumulative,Synthetic,Portfolio,Auto,2018-03,73,495669.7332497485
mixto,Loss Incurred,month,cumulative,Synthetic,Portfolio,Auto,2018-03,74,495629.6248398399
mixto,Loss Incurred,month,cumulative,Synthetic,Portfolio,Auto,2018-03,75,495592.90052272397
mixto,Loss Incurred,month,cumulative,Synthetic,Portfolio,Auto,2018-03,76,495559.27602861286
mixto,Loss Incurred,month,cumulative,Synthetic,Portfolio,Auto,2018-03,77,495528.49077953474
mixto,Loss Incurred,month,cumulative,Synthetic,Portfolio,Auto,2018-03,78,495500.3059428091
mixto,Loss Incurred,month,cumulative,Synthetic,Portfolio,Auto,2018-03,79,495474.5026402247
mixto,Loss Incurred,month,cumulative,Synthetic,Portfolio,Auto,2018-03,80,495450.88030111475
mixto,Loss Incurred,month,cumulative,Synthetic,Portfolio,Auto,2018-03,81,495429.2551483107
mixto,Loss Incurred,month,cumulative,Synthetic,Portfolio,Auto,2018-03,82,495409.4588067207
mixto,Loss Incurred,month,cumulative,Synthetic,Portfolio,Auto,2018-03,83,495391.33702499024
mixto,Loss Incurred,month,cumulative,Synthetic,Portfolio,Auto,2018-03,84,495374.7485013939
mixto,Loss Incurred,month,cumulative,Synthetic,Portfolio,Auto,2018-03,85,495359.5638057371
mixto,Loss Incurred,month,cumulative,Synthetic,Portfolio,Auto,2018-03,86,495345.6643896612
mixto,Loss Incurred,month,cumulative,Synthetic,Portfolio,Auto,2018-03,87,495332.941678306
mixto,Loss Incurred,month,cumulative,Synthetic,Portfolio,Auto,2018-03,88,495321.29623681377
mixto,Loss Incurred,month,cumulative,Synthetic,Portfolio,Auto,2018-03,89,495310.6370056583
mixto,Loss Incurred,month,cumulative,Synthetic,Portfolio,Auto,2018-03,90,495300.8805992379
mixto,Loss Incurred,month,cumulative,Synthetic,Portfolio,Auto,2018-03,91,495291.9506626074
mixto,Loss Incurred,month,cumulative,Synthetic,Portfolio,Auto,2018-03,92,495283.77728161775
mixto,Loss Incurred,month,cumulative,Synthetic,Portfolio,Auto,2018-03,93,495276.2964421093
mixto,Loss Incurred,month,cumulative,Synthetic,Portfolio,Auto,2018-04,0,209879.22038436987
mixto,Loss Incurred,month,cumulative,Synthetic,Portfolio,Auto,2018-04,1,234068.17752877105
mixto,Loss Incurred,month,cumulative,Synthetic,Portfolio,Auto,2018-04,2,254871.81800333492
mixto,Loss Incurred,month,cumulative,Synthetic,Portfolio,Auto,2018-04,3,272763.9269690612
mixto,Loss Incurred,month,cumulative,Synthetic,Portfolio,Auto,2018-04,4,288151.9819411147
mixto,Loss Incurred,month,cumulative,Synthetic,Portfolio,Auto,2018-04,5,301386.4327415505
mixto,Loss Incurred,month,cumulative,Synthetic,Portfolio,Auto,2018-04,6,312768.6826949882
mixto,Loss Incurred,month,cumulative,Synthetic,Portfolio,Auto,2018-04,7,322557.9528321569
mixto,Loss Incurred,month,cumulative,Synthetic,Portfolio,Auto,2018-04,8,330977.1854276878
mixto,Loss Incurred,month,cumulative,Synthetic,Portfolio,Auto,2018-04,9,338218.1213201925
mixto,Loss Incurred,month,cumulative,Synthetic,Portfolio,Auto,2018-04,10,344445.6666462588
mixto,Loss Incurred,month,cumulative,Synthetic,Portfolio,Auto,2018-04,11,349801.64843700425
mixto,Loss Incurred,month,cumulative,Synthetic,Portfolio,Auto,2018-04,12,354408.04460769513
mixto,Loss Incurred,month,cumulative,Synthetic,Portfolio,Auto,2018-04,13,358369.7619006891
mixto,Loss Incurred,month,cumulative,Synthetic,Portfolio,Auto,2018-04,14,361777.02504697914
mixto,Loss Incurred,month,cumulative,Synthetic,Portfolio,Auto,2018-04,15,364707.43155745807
mixto,Loss Incurred,month,cumulative,Synthetic,Portfolio,Auto,2018-04,16,367227.7189400183
mixto,Loss Incurred,month,cumulative,Synthetic,Portfolio,Auto,2018-04,17,369395.2845893502
mixto,Loss Incurred,month,cumulative,Synthetic,Portfolio,Auto,2018-04,18,371259.49296363106
mixto,Loss Incurred,month,cumulative,Synthetic,Portfolio,Auto,2018-04,19,368720.50516096695
mixto,Loss Incurred,month,cumulative,Synthetic,Portfolio,Auto,2018-04,20,366320.5583984394
mixto,Loss Incurred,month,cumulative,Synthetic,Portfolio,Auto,2018-04,21,364059.1705911757
mixto,Loss Incurred,month,cumulative,Synthetic,Portfolio,Auto,2018-04,22,361934.26214548695
mixto,Loss Incurred,month,cumulative,Synthetic,Portfolio,Auto,2018-04,23,359942.52561360254
mixto,Loss Incurred,month,cumulative,Synthetic,Portfolio,Auto,2018-04,24,358079.73079776095
mixto,Loss Incurred,month,cumulative,Synthetic,Portfolio,Auto,2018-04,25,356340.9754621687
mixto,Loss Incurred,month,cumulative,Synthetic,Portfolio,Auto,2018-04,26,354720.89029096917
mixto,Loss Incurred,month,cumulative,Synthetic,Portfolio,Auto,2018-04,27,353213.8054314318
mixto,Loss Incurred,month,cumulative,Synthetic,Portfolio,Auto,2018-04,28,351813.8848523223
mixto,Loss Incurred,month,cumulative,Synthetic,Portfolio,Auto,2018-04,29,350515.23380061355
mixto,Loss Incurred,month,cumulative,Synthetic,Portfolio,Auto,2018-04,30,349311.98383197375
mixto,Loss Incurred,month,cumulative,Synthetic,Portfolio,Auto,2018-04,31,348198.35920178465
mixto,Loss Incurred,month,cumulative,Synthetic,Portfolio,Auto,2018-04,32,347168.72781661013
mixto,Loss Incurred,month,cumulative,Synthetic,Portfolio,Auto,2018-04,33,346217.63944632123
mixto,Loss Incurred,month,cumulative,Synthetic,Portfolio,Auto,2018-04,34,345339.85347185686
mixto,Loss Incurred,month,cumulative,Synthetic,Portfolio,Auto,2018-04,35,344530.3580820377
mixto,Loss Incurred,month,cumulative,Synthetic,Portfolio,Auto,2018-04,36,343784.38252567843
mixto,Loss Incurred,month,cumulative,Synthetic,Portfolio,Auto,2018-04,37,343097.40376451326
mixto,Loss Incurred,month,cumulative,Synthetic,Portfolio,Auto,2018-04,38,342465.14865136624
mixto,Loss Incurred,month,cumulative,Synthetic,Portfolio,Auto,2018-04,39,341883.59257072787
mixto,Loss Incurred,month,cumulative,Synthetic,Portfolio,Auto,2018-04,40,341348.95532046474
mixto,Loss Incurred,month,cumulative,Synthetic,Portfolio,Auto,2018-04,41,340857.6948795167
mixto,Loss Incurred,month,cumulative,Synthetic,Portfolio,Auto,2018-04,42,340406.4995934884
mixto,Loss Incurred,month,cumulative,Synthetic,Portfolio,Auto,2018-04,43,339992.2792148888
mixto,Loss Incurred,month,cumulative,Synthetic,Portfolio,Auto,2018-04,44,339612.1551547554
mixto,Loss Incurred,month,cumulative,Synthetic,Portfolio,Auto,2018-04,45,339263.45023523836
mixto,Loss Incurred,month,cumulative,Synthetic,Portfolio,Auto,2018-04,46,338943.6781764702
mixto,Loss Incurred,month,cumulative,Synthetic,Portfolio,Auto,2018-04,47,338650.5330040485
mixto,Loss Incurred,month,cumulative,Synthetic,Portfolio,Auto,2018-04,48,338381.8785242968
mixto,Loss Incurred,month,cumulative,Synthetic,Portfolio,Auto,2018-04,49,338135.73798193637
mixto,Loss Incurred,month,cumulative,Synthetic,Portfolio,Auto,2018-04,50,337910.2839878688
mixto,Loss Incurred,month,cumulative,Synthetic,Portfolio,Auto,2018-04,51,337703.8287825594
mixto,Loss Incurred,month,cumulative,Synthetic,Portfolio,Auto,2018-04,52,337514.81488228636
mixto,Loss Incurred,month,cumulative,Synthetic,Portfolio,Auto,2018-04,53,337341.80614063534
mixto,Loss Incurred,month,cumulative,Synthetic,Portfolio,Auto,2018-04,54,337183.4792455474
mixto,Loss Incurred,month,cumulative,Synthetic,Portfolio,Auto,2018-04,55,337038.6156625041
mixto,Loss Incurred,month,cumulative,Synthetic,Portfolio,Auto,2018-04,56,336906.09402667714
mixto,Loss Incurred,month,cumulative,Synthetic,Portfolio,Auto,2018-04,57,336784.8829807465
mixto,Loss Incurred,month,cumulative,Synthetic,Portfolio,Auto,2018-04,58,336674.0344503295
mixto,Loss Incurred,month,cumulative,Synthetic,Portfolio,Auto,2018-04,59,336572.6773453261
mixto,Loss Incurred,month,cumulative,Synthetic,Portfolio,Auto,2018-04,60,336480.0116727743
mixto,Loss Incurred,month,cumulative,Synthetic,Portfolio,Auto,2018-04,61,336395.30304485874
mixto,Loss Incurred,month,cumulative,Synthetic,Portfolio,Auto,2018-04,62,336317.87756439025
mixto,Loss Incurred,month,cumulative,Synthetic,Portfolio,Auto,2018-04,63,336247.11706924473
mixto,Loss Incurred,month,cumulative,Synthetic,Portfolio,Auto,2018-04,64,336182.45471683133
mixto,Loss Incurred,month,cumulative,Synthetic,Portfolio,Auto,2018-04,65,336123.3708895624
mixto,Loss Incurred,month,cumulative,Synthetic,Portfolio,Auto,2018-04,66,336069.38940245466
mixto,Loss Incurred,month,cumulative,Synthetic,Portfolio,Auto,2018-04,67,336020.0739943451
mixto,Loss Incurred,month,cumulative,Synthetic,Portfolio,Auto,2018-04,68,335975.025084714
mixto,Loss Incurred,month,cumulative,Synthetic,Portfolio,Auto,2018-04,69,335933.87677872134
mixto,Loss Incurred,month,cumulative,Synthetic,Portfolio,Auto,2018-04,70,335896.2941037652
mixto,Loss Incurred,month,cumulative,Synthetic,Portfolio,Auto,2018-04,71,335861.9704616221
mixto,Loss Incurred,month,cumulative,Synthetic,Portfolio,Auto,2018-04,72,335830.6252810142
mixto,Loss Incurred,month,cumulative,Synthetic,Portfolio,Auto,2018-04,73,335802.0018562555
mixto,Loss Incurred,month,cumulative,Synthetic,Portfolio,Auto,2018-04,74,335775.86535843124
mixto,Loss Incurred,month,cumulative,Synthetic,Portfolio,Auto,2018-04,75,335752.00100636575
mixto,Loss Incurred,month,cumulative,Synthetic,Portfolio,Auto,2018-04,76,335730.21238541906
mixto,Loss Incurred,month,cumulative,Synthetic,Portfolio,Auto,2018-04,77,335710.3199029084
mixto,Loss Incurred,month,cumulative,Synthetic,Portfolio,Auto,2018-04,78,335692.1593696943
mixto,Loss Incurred,month,cumulative,Synthetic,Portfolio,Auto,2018-04,79,335675.58069816657
mixto,Loss Incurred,month,cumulative,Synthetic,Portfolio,Auto,2018-04,80,335660.44670754677
mixto,Loss Incurred,month,cumulative,Synthetic,Portfolio,Auto,2018-04,81,335646.6320280584
mixto,Loss Incurred,month,cumulative,Synthetic,Portfolio,Auto,2018-04,82,335634.02209612296
mixto,Loss Incurred,month,cumulative,Synthetic,Portfolio,Auto,2018-04,83,335622.51223331364
mixto,Loss Incurred,month,cumulative,Synthetic,Portfolio,Auto,2018-04,84,335612.0068023313
mixto,Loss Incurred,month,cumulative,Synthetic,Portfolio,Auto,2018-04,85,335602.4184337776
mixto,Loss Incurred,month,cumulative,Synthetic,Portfolio,Auto,2018-04,86,335593.6673179673
mixto,Loss Incurred,month,cumulative,Synthetic,Portfolio,Auto,2018-04,87,335585.68055646715
mixto,Loss Incurred,month,cumulative,Synthetic,Portfolio,Auto,2018-04,88,335578.3915684557
mixto,Loss Incurred,month,cumulative,Synthetic,Portfolio,Auto,2018-04,89,335571.7395473875
mixto,Loss Incurred,month,cumulative,Synthetic,Portfolio,Auto,2018-04,90,335565.66896379355
mixto,Loss Incurred,month,cumulative,Synthetic,Portfolio,Auto,2018-04,91,335560.1291103888
mixto,Loss Incurred,month,cumulative,Synthetic,Portfolio,Auto,2018-04,92,335555.07368595473
mixto,Loss Incurred,month,cumulative,Synthetic,Portfolio,Auto,2018-05,0,261539.24071782557
mixto,Loss Incurred,month,cumulative,Synthetic,Portfolio,Auto,2018-05,1,294907.34676512686
mixto,Loss Incurred,month,cumulative,Synthetic,Portfolio,Auto,2018-05,2,323330.68787538866
mixto,Loss Incurred,month,cumulative,Synthetic,Portfolio,Auto,2018-05,3,347542.0206590074
mixto,Loss Incurred,month,cumulative,Synthetic,Portfolio,Auto,2018-05,4,368165.51572544425
mixto,Loss Incurred,month,cumulative,Synthetic,Portfolio,Auto,2018-05,5,385732.8488647053
mixto,Loss Incurred,month,cumulative,Synthetic,Portfolio,Auto,2018-05,6,400696.9077030165
mixto,Loss Incurred,month,cumulative,Synthetic,Portfolio,Auto,2018-05,7,413443.46719166153
mixto,Loss Incurred,month,cumulative,Synthetic,Portfolio,Auto,2018-05,8,424301.13492426893
mixto,Loss Incurred,month,cumulative,Synthetic,Portfolio,Auto,2018-05,9,433549.82267383137
mixto,Loss Incurred,month,cumulative,Synthetic,Portfolio,Auto,2018-05,10,441427.9625465431
mixto,Loss Incurred,month,cumulative,Synthetic,Portfolio,Auto,2018-05,11,448138.6537856267
mixto,Loss Incurred,month,cumulative,Synthetic,Portfolio,Auto,2018-05,12,453854.89869037893
mixto,Loss Incurred,month,cumulative,Synthetic,Portfolio,Auto,2018-05,13,458724.06263295485
mixto,Loss Incurred,month,cumulative,Synthetic,Portfolio,Auto,2018-05,14,462871.67315257597
mixto,Loss Incurred,month,cumulative,Synthetic,Portfolio,Auto,2018-05,15,466404.6560681957
mixto,Loss Incurred,month,cumulative,Synthetic,Portfolio,Auto,2018-05,16,469414.0920369329
mixto,Loss Incurred,month,cumulative,Synthetic,Portfolio,Auto,2018-05,17,471977.5646226305
mixto,Loss Incurred,month,cumulative,Synthetic,Portfolio,Auto,2018-05,18,474161.1604079832
mixto,Loss Incurred,month,cumulative,Synthetic,Portfolio,Auto,2018-05,19,471223.2533950428
mixto,Loss Incurred,month,cumulative,Synthetic,Portfolio,Auto,2018-05,20,468434.4104078501
mixto,Loss Incurred,month,cumulative,Synthetic,Portfolio,Auto,2018-05,21,465797.8842013095
mixto,Loss Incurred,month,cumulative,Synthetic,Portfolio,Auto,2018-05,22,463314.20229124906
mixto,Loss Incurred,month,cumulative,Synthetic,Portfolio,Auto,2018-05,23,460981.76936554577
mixto,Loss Incurred,month,cumulative,Synthetic,Portfolio,Auto,2018-05,24,458797.3628488352
mixto,Loss Incurred,month,cumulative,Synthetic,Portfolio,Auto,2018-05,25,456756.5390099794
mixto,Loss Incurred,month,cumulative,Synthetic,Portfolio,Auto,2018-05,26,454853.96428688226
mixto,Loss Incurred,month,cumulative,Synthetic,Portfolio,Auto,2018-05,27,453083.68420311366
mixto,Loss Incurred,month,cumulative,Synthetic,Portfolio,Auto,2018-05,28,451439.3403026444
mixto,Loss Incurred,month,cumulative,Synthetic,Portfolio,Auto,2018-05,29,449914.3438796477
mixto,Loss Incurred,month,cumulative,Synthetic,Portfolio,Auto,2018-05,30,448502.0138846319
mixto,Loss Incurred,month,cumulative,Synthetic,Portfolio,Auto,2018-05,31,447195.68520770903
mixto,Loss Incurred,month,cumulative,Synthetic,Portfolio,Auto,2018-05,32,445988.79254194605
mixto,Loss Incurred,month,cumulative,Synthetic,Portfolio,Auto,2018-05,33,444874.9341867515
mixto,Loss Incurred,month,cumulative,Synthetic,Portfolio,Auto,2018-05,34,443847.9194395427
mixto,Loss Incurred,month,cumulative,Synthetic,Portfolio,Auto,2018-05,35,442901.8026235159
mixto,Loss Incurred,month,cumulative,Synthetic,Portfolio,Auto,2018-05,36,442030.90629317577
mixto,Loss Incurred,month,cumulative,Synthetic,Portfolio,Auto,2018-05,37,441229.8357329578
mixto,Loss Incurred,month,cumulative,Synthetic,Portfolio,Auto,2018-05,38,440493.4865055214
mixto,Loss Incurred,month,cumulative,Synthetic,Portfolio,Auto,2018-05,39,439817.0465047131
mixto,Loss Incurred,month,cumulative,Synthetic,Portfolio,Auto,2018-05,40,439195.99371495855
mixto,Loss Incurred,month,cumulative,Synthetic,Portfolio,Auto,2018-05,41,438626.0906664665
mixto,Loss Incurred,month,cumulative,Synthetic,Portfolio,Auto,2018-05,42,438103.37639775145
mixto,Loss Incurred,month,cumulative,Synthetic,Portfolio,Auto,2018-05,43,437624.1565882382
mixto,Loss Incurred,month,cumulative,Synthetic,Portfolio,Auto,2018-05,44,437184.9923995287
mixto,Loss Incurred,month,cumulative,Synthetic,Portfolio,Auto,2018-05,45,436782.68846042803
mixto,Loss Incurred,month,cumulative,Synthetic,Portfolio,Auto,2018-05,46,436414.28034477815
mixto,Loss Incurred,month,cumulative,Synthetic,Portfolio,Auto,2018-05,47,436077.0218197554
mixto,Loss Incurred,month,cumulative,Synthetic,Portfolio,Auto,2018-05,48,435768.37208322197
mixto,Loss Incurred,month,cumulative,Synthetic,Portfolio,Auto,2018-05,49,435485.98315998435
mixto,Loss Incurred,month,cumulative,Synthetic,Portfolio,Auto,2018-05,50,435227.68758675724
mixto,Loss Incurred,month,cumulative,Synthetic,Portfolio,Auto,2018-05,51,434991.48648281966
mixto,Loss Incurred,month,cumulative,Synthetic,Portfolio,Auto,2018-05,52,434775.5380766048
mixto,Loss Incurred,month,cumulative,Synthetic,Portfolio,Auto,2018-05,53,434578.1467367815
mixto,Loss Incurred,month,cumulative,Synthetic,Portfolio,Auto,2018-05,54,434397.75253891223
mixto,Loss Incurred,month,cumulative,Synthetic,Portfolio,Auto,2018-05,55,434232.92138478934
mixto,Loss Incurred,month,cumulative,Synthetic,Portfolio,Auto,2018-05,56,434082.33568049024
mixto,Loss Incurred,month,cumulative,Synthetic,Portfolio,Auto,2018-05,57,433944.7855705012
mixto,Loss Incurred,month,cumulative,Synthetic,Portfolio,Auto,2018-05,58,433819.1607185644
mixto,Loss Incurred,month,cumulative,Synthetic,Portfolio,Auto,2018-05,59,433704.44262082
mixto,Loss Incurred,month,cumulative,Synthetic,Portfolio,Auto,2018-05,60,433599.6974330578
mixto,Loss Incurred,month,cumulative,Synthetic,Portfolio,Auto,2018-05,61,433504.0692912147
mixto,Loss Incurred,month,cumulative,Synthetic,Portfolio,Auto,2018-05,62,433416.7741024514
mixto,Loss Incurred,month,cumulative,Synthetic,Portfolio,Auto,2018-05,63,433337.09378303634
mixto,Loss Incurred,month,cumulative,Synthetic,Portfolio,Auto,2018-05,64,433264.37091871694
mixto,Loss Incurred,month,cumulative,Synthetic,Portfolio,Auto,2018-05,65,433198.00382315705
mixto,Loss Incurred,month,cumulative,Synthetic,Portfolio,Auto,2018-05,66,433137.4419702571
mixto,Loss Incurred,month,cumulative,Synthetic,Portfolio,Auto,2018-05,67,433082.1817766753
mixto,Loss Incurred,month,cumulative,Synthetic,Portfolio,Auto,2018-05,68,433031.7627115716
mixto,Loss Incurred,month,cumulative,Synthetic,Portfolio,Auto,2018-05,69,432985.7637114397
mixto,Loss Incurred,month,cumulative,Synthetic,Portfolio,Auto,2018-05,70,432943.7998788399
mixto,Loss Incurred,month,cumulative,Synthetic,Portfolio,Auto,2018-05,71,432905.5194448609
mixto,Loss Incurred,month,cumulative,Synthetic,Portfolio,Auto,2018-05,72,432870.60097618547
mixto,Loss Incurred,month,cumulative,Synthetic,Portfolio,Auto,2018-05,73,432838.75080870633
mixto,Loss Incurred,month,cumulative,Synthetic,Portfolio,Auto,2018-05,74,432809.70069070224
mixto,Loss Incurred,month,cumulative,Synthetic,Portfolio,Auto,2018-05,75,432783.2056196331
mixto,Loss Incurred,month,cumulative,Synthetic,Portfolio,Auto,2018-05,76,432759.04185763816
mixto,Loss Incurred,month,cumulative,Synthetic,Portfolio,Auto,2018-05,77,432737.0051118131
mixto,Loss Incurred,month,cumulative,Synthetic,Portfolio,Auto,2018-05,78,432716.9088662934
mixto,Loss Incurred,month,cumulative,Synthetic,Portfolio,Auto,2018-05,79,432698.5828540791
mixto,Loss Incurred,month,cumulative,Synthetic,Portfolio,Auto,2018-05,80,432681.8716574019
mixto,Loss Incurred,month,cumulative,Synthetic,Portfolio,Auto,2018-05,81,432666.63342625514
mixto,Loss Incurred,month,cumulative,Synthetic,Portfolio,Auto,2018-05,82,432652.7387054729
mixto,Loss Incurred,month,cumulative,Synthetic,Portfolio,Auto,2018-05,83,432640.06936147617
mixto,Loss Incurred,month,cumulative,Synthetic,Portfolio,Auto,2018-05,84,432628.5176004786
mixto,Loss Incurred,month,cumulative,Synthetic,Portfolio,Auto,2018-05,85,432617.985070581
mixto,Loss Incurred,month,cumulative,Synthetic,Portfolio,Auto,2018-05,86,432608.38204077486
mixto,Loss Incurred,month,cumulative,Synthetic,Portfolio,Auto,2018-05,87,432599.6266504314
mixto,Loss Incurred,month,cumulative,Synthetic,Portfolio,Auto,2018-05,88,432591.6442233573
mixto,Loss Incurred,month,cumulative,Synthetic,Portfolio,Auto,2018-05,89,432584.36664098024
mixto,Loss Incurred,month,cumulative,Synthetic,Portfolio,Auto,2018-05,90,432577.73176966555
mixto,Loss Incurred,month,cumulative,Synthetic,Portfolio,Auto,2018-05,91,432571.6829375728
mixto,Loss Incurred,month,cumulative,Synthetic,Portfolio,Auto,2018-06,0,219655.57630991642
mixto,Loss Incurred,month,cumulative,Synthetic,Portfolio,Auto,2018-06,1,242608.9412819679
mixto,Loss Incurred,month,cumulative,Synthetic,Portfolio,Auto,2018-06,2,262547.2748340529
mixto,Loss Incurred,month,cumulative,Synthetic,Portfolio,Auto,2018-06,3,279866.6153890542
mixto,Loss Incurred,month,cumulative,Synthetic,Portfolio,Auto,2018-06,4,294910.97987801844
mixto,Loss Incurred,month,cumulative,Synthetic,Portfolio,Auto,2018-06,5,307979.197005457
mixto,Loss Incurred,month,cumulative,Synthetic,Portfolio,Auto,2018-06,6,319330.8429334158
mixto,Loss Incurred,month,cumulative,Synthetic,Portfolio,Auto,2018-06,7,329191.3972857906
mixto,Loss Incurred,month,cumulative,Synthetic,Portfolio,Auto,2018-06,8,337756.72188745573
mixto,Loss Incurred,month,cumulative,Synthetic,Portfolio,Auto,2018-06,9,345196.95120014355
mixto,Loss Incurred,month,cumulative,Synthetic,Portfolio,Auto,2018-06,10,351659.8717314469
mixto,Loss Incurred,month,cumulative,Synthetic,Portfolio,Auto,2018-06,11,357273.85754270566
mixto,Loss Incurred,month,cumulative,Synthetic,Portfolio,Auto,2018-06,12,362150.42016425787
mixto,Loss Incurred,month,cumulative,Synthetic,Portfolio,Auto,2018-06,13,366386.423567442
mixto,Loss Incurred,month,cumulative,Synthetic,Portfolio,Auto,2018-06,14,370066.0081897094
mixto,Loss Incurred,month,cumulative,Synthetic,Portfolio,Auto,2018-06,15,373262.2622300743
mixto,Loss Incurred,month,cumulative,Synthetic,Portfolio,Auto,2018-06,16,376038.6734121207
mixto,Loss Incurred,month,cumulative,Synthetic,Portfolio,Auto,2018-06,17,378450.39005117485
mixto,Loss Incurred,month,cumulative,Synthetic,Portfolio,Auto,2018-06,18,380545.3164744302
mixto,Loss Incurred,month,cumulative,Synthetic,Portfolio,Auto,2018-06,19,379063.61739084416
mixto,Loss Incurred,month,cumulative,Synthetic,Portfolio,Auto,2018-06,20,377629.80427602446
mixto,Loss Incurred,month,cumulative,Synthetic,Portfolio,Auto,2018-06,21,376250.3399785532
mixto,Loss Incurred,month,cumulative,Synthetic,Portfolio,Auto,2018-06,22,374929.7301079922
mixto,Loss Incurred,month,cumulative,Synthetic,Portfolio,Auto,2018-06,23,373670.8764473977
mixto,Loss Incurred,month,cumulative,Synthetic,Portfolio,Auto,2018-06,24,372475.3755725826
mixto,Loss Incurred,month,cumulative,Synthetic,Portfolio,Auto,2018-06,25,371343.7706029623
mixto,Loss Incurred,month,cumulative,Synthetic,Portfolio,Auto,2018-06,26,370275.7629046309
mixto,Loss Incurred,month,cumulative,Synthetic,Portfolio,Auto,2018-06,27,369270.3896126626
mixto,Loss Incurred,month,cumulative,Synthetic,Portfolio,Auto,2018-06,28,368326.1720162627
mixto,Loss Incurred,month,cumulative,Synthetic,Portfolio,Auto,2018-06,29,367441.2391397629
mixto,Loss Incurred,month,cumulative,Synthetic,Portfolio,Auto,2018-06,30,366613.4302393402
mixto,Loss Incurred,month,cumulative,Synthetic,Portfolio,Auto,2018-06,31,365840.3794065959
mixto,Loss Incurred,month,cumulative,Synthetic,Portfolio,Auto,2018-06,32,365119.58501431247
mixto,Loss Incurred,month,cumulative,Synthetic,Portfolio,Auto,2018-06,33,364448.4663469554
mixto,Loss Incurred,month,cumulative,Synthetic,Portfolio,Auto,2018-06,34,363824.4094202313
mixto,Loss Incurred,month,cumulative,Synthetic,Portfolio,Auto,2018-06,35,363244.80370284274
mixto,Loss Incurred,month,cumulative,Synthetic,Portfolio,Auto,2018-06,36,362707.0712030801
mixto,Loss Incurred,month,cumulative,Synthetic,Portfolio,Auto,2018-06,37,362208.6891675136
mixto,Loss Incurred,month,cumulative,Synthetic,Portfolio,Auto,2018-06,38,361747.20745397336
mixto,Loss Incurred,month,cumulative,Synthetic,Portfolio,Auto,2018-06,39,361320.26148209895
mixto,Loss Incurred,month,cumulative,Synthetic,Portfolio,Auto,2018-06,40,360925.5815283798
mixto,Loss Incurred,month,cumulative,Synthetic,Portfolio,Auto,2018-06,41,360560.9990157044
mixto,Loss Incurred,month,cumulative,Synthetic,Portfolio,Auto,2018-06,42,360224.450347294
mixto,Loss Incurred,month,cumulative,Synthetic,Portfolio,Auto,2018-06,43,359913.97874918755
mixto,Loss Incurred,month,cumulative,Synthetic,Portfolio,Auto,2018-06,44,359627.7345121672
mixto,Loss Incurred,month,cumulative,Synthetic,Portfolio,Auto,2018-06,45,359363.97396143223
mixto,Loss Incurred,month,cumulative,Synthetic,Portfolio,Auto,2018-06,46,359121.05742894334
mixto,Loss Incurred,month,cumulative,Synthetic,Portfolio,Auto,2018-06,47,358897.4464578781
mixto,Loss Incurred,month,cumulative,Synthetic,Portfolio,Auto,2018-06,48,358691.7004299433
mixto,Loss Incurred,month,cumulative,Synthetic,Portfolio,Auto,2018-06,49,358502.472773428
mixto,Loss Incurred,month,cumulative,Synthetic,Portfolio,Auto,2018-06,50,358328.5068820043
mixto,Loss Incurred,month,cumulative,Synthetic,Portfolio,Auto,2018-06,51,358168.631850697
mixto,Loss Incurred,month,cumulative,Synthetic,Portfolio,Auto,2018-06,52,358021.7581155164
mixto,Loss Incurred,month,cumulative,Synthetic,Portfolio,Auto,2018-06,53,357886.87306645827
mixto,Loss Incurred,month,cumulative,Synthetic,Portfolio,Auto,2018-06,54,357763.0366894575
mixto,Loss Incurred,month,cumulative,Synthetic,Portfolio,Auto,2018-06,55,357649.37728106003
mixto,Loss Incurred,month,cumulative,Synthetic,Portfolio,Auto,2018-06,56,357545.0872696884
mixto,Loss Incurred,month,cumulative,Synthetic,Portfolio,Auto,2018-06,57,357449.4191691559
mixto,Loss Incurred,month,cumulative,Synthetic,Portfolio,Auto,2018-06,58,357361.68168326886
mixto,Loss Incurred,month,cumulative,Synthetic,Portfolio,Auto,2018-06,59,357281.2359747318
mixto,Loss Incurred,month,cumulative,Synthetic,Portfolio,Auto,2018-06,60,357207.49210696254
mixto,Loss Incurred,month,cumulative,Synthetic,Portfolio,Auto,2018-06,61,357139.905663673
mixto,Loss Incurred,month,cumulative,Synthetic,Portfolio,Auto,2018-06,62,357077.9745480323
mixto,Loss Incurred,month,cumulative,Synthetic,Portfolio,Auto,2018-06,63,357021.235960807
mixto,Loss Incurred,month,cumulative,Synthetic,Portfolio,Auto,2018-06,64,356969.2635549551
mixto,Loss Incurred,month,cumulative,Synthetic,Portfolio,Auto,2018-06,65,356921.6647626548
mixto,Loss Incurred,month,cumulative,Synthetic,Portfolio,Auto,2018-06,66,356878.07828961744
mixto,Loss Incurred,month,cumulative,Synthetic,Portfolio,Auto,2018-06,67,356838.1717706831
mixto,Loss Incurred,month,cumulative,Synthetic,Portfolio,Auto,2018-06,68,356801.6395801035
mixto,Loss Incurred,month,cumulative,Synthetic,Portfolio,Auto,2018-06,69,356768.20078951214
mixto,Loss Incurred,month,cumulative,Synthetic,Portfolio,Auto,2018-06,70,356737.5972663433
mixto,Loss Incurred,month,cumulative,Synthetic,Portfolio,Auto,2018-06,71,356709.5919053577
mixto,Loss Incurred,month,cumulative,Synthetic,Portfolio,Auto,2018-06,72,356683.9669859297
mixto,Loss Incurred,month,cumulative,Synthetic,Portfolio,Auto,2018-06,73,356660.52264783526
mixto,Loss Incurred,month,cumulative,Synthetic,Portfolio,Auto,2018-06,74,356639.0754784295
mixto,Loss Incurred,month,cumulative,Synthetic,Portfolio,Auto,2018-06,75,356619.45720430167
mixto,Loss Incurred,month,cumulative,Synthetic,Portfolio,Auto,2018-06,76,356601.5134807322
mixto,Loss Incurred,month,cumulative,Synthetic,Portfolio,Auto,2018-06,77,356585.10277253995
mixto,Loss Incurred,month,cumulative,Synthetic,Portfolio,Auto,2018-06,78,356570.09532019455
mixto,Loss Incurred,month,cumulative,Synthetic,Portfolio,Auto,2018-06,79,356556.37218535645
mixto,Loss Incurred,month,cumulative,Synthetic,Portfolio,Auto,2018-06,80,356543.8243703125
mixto,Loss Incurred,month,cumulative,Synthetic,Portfolio,Auto,2018-06,81,356532.3520060756
mixto,Loss Incurred,month,cumulative,Synthetic,Portfolio,Auto,2018-06,82,356521.86360421067
mixto,Loss Incurred,month,cumulative,Synthetic,Portfolio,Auto,2018-06,83,356512.2753677494
mixto,Loss Incurred,month,cumulative,Synthetic,Portfolio,Auto,2018-06,84,356503.51055683644
mixto,Loss Incurred,month,cumulative,Synthetic,Portfolio,Auto,2018-06,85,356495.4989050273
mixto,Loss Incurred,month,cumulative,Synthetic,Portfolio,Auto,2018-06,86,356488.17608242517
mixto,Loss Incurred,month,cumulative,Synthetic,Portfolio,Auto,2018-06,87,356481.4832020958
mixto,Loss Incurred,month,cumulative,Synthetic,Portfolio,Auto,2018-06,88,356475.36636644375
mixto,Loss Incurred,month,cumulative,Synthetic,Portfolio,Auto,2018-06,89,356469.77625046356
mixto,Loss Incurred,month,cumulative,Synthetic,Portfolio,Auto,2018-06,90,356464.6677189924
mixto,Loss Incurred,month,cumulative,Synthetic,Portfolio,Auto,2018-07,0,211440.13353423224
mixto,Loss Incurred,month,cumulative,Synthetic,Portfolio,Auto,2018-07,1,234768.14267944463
mixto,Loss Incurred,month,cumulative,Synthetic,Portfolio,Auto,2018-07,2,254981.73340372273
mixto,Loss Incurred,month,cumulative,Synthetic,Portfolio,Auto,2018-07,3,272496.6978151833
mixto,Loss Incurred,month,cumulative,Synthetic,Portfolio,Auto,2018-07,4,287673.3174726829
mixto,Loss Incurred,month,cumulative,Synthetic,Portfolio,Auto,2018-07,5,300823.7743515842
mixto,Loss Incurred,month,cumulative,Synthetic,Portfolio,Auto,2018-07,6,312218.5724045476
mixto,Loss Incurred,month,cumulative,Synthetic,Portfolio,Auto,2018-07,7,322092.1018083919
mixto,Loss Incurred,month,cumulative,Synthetic,Portfolio,Auto,2018-07,8,330647.46035318193
mixto,Loss Incurred,month,cumulative,Synthetic,Portfolio,Auto,2018-07,9,338060.6311491705
mixto,Loss Incurred,month,cumulative,Synthetic,Portfolio,Auto,2018-07,10,344484.102586725
mixto,Loss Incurred,month,cumulative,Synthetic,Portfolio,Auto,2018-07,11,350050.0050115561
mixto,Loss Incurred,month,cumulative,Synthetic,Portfolio,Auto,2018-07,12,354872.82863642985
mixto,Loss Incurred,month,cumulative,Synthetic,Portfolio,Auto,2018-07,13,359051.7785966148
mixto,Loss Incurred,month,cumulative,Synthetic,Portfolio,Auto,2018-07,14,362672.81559238216
mixto,Loss Incurred,month,cumulative,Synthetic,Portfolio,Auto,2018-07,15,365810.4240944319
mixto,Loss Incurred,month,cumulative,Synthetic,Portfolio,Auto,2018-07,16,368529.1444840999
mixto,Loss Incurred,month,cumulative,Synthetic,Portfolio,Auto,2018-07,17,370884.9006443625
mixto,Loss Incurred,month,cumulative,Synthetic,Portfolio,Auto,2018-07,18,368991.7152637227
mixto,Loss Incurred,month,cumulative,Synthetic,Portfolio,Auto,2018-07,19,367136.7191500783
mixto,Loss Incurred,month,cumulative,Synthetic,Portfolio,Auto,2018-07,20,365331.75802011864
mixto,Loss Incurred,month,cumulative,Synthetic,Portfolio,Auto,2018-07,21,363585.7580168201
mixto,Loss Incurred,month,cumulative,Synthetic,Portfolio,Auto,2018-07,22,361905.2211605768
mixto,Loss Incurred,month,cumulative,Synthetic,Portfolio,Auto,2018-07,23,360294.646309817
mixto,Loss Incurred,month,cumulative,Synthetic,Portfolio,Auto,2018-07,24,358756.88623502036
mixto,Loss Incurred,month,cumulative,Synthetic,Portfolio,Auto,2018-07,25,357293.4499423278
mixto,Loss Incurred,month,cumulative,Synthetic,Portfolio,Auto,2018-07,26,355904.7581152667
mixto,Loss Incurred,month,cumulative,Synthetic,Portfolio,Auto,2018-07,27,354590.35844847636
mixto,Loss Incurred,month,cumulative,Synthetic,Portfolio,Auto,2018-07,28,353349.10670230637
mixto,Loss Incurred,month,cumulative,Synthetic,Portfolio,Auto,2018-07,29,352179.3184915209
mixto,Loss Incurred,month,cumulative,Synthetic,Portfolio,Auto,2018-07,30,351078.8961175563
mixto,Loss Incurred,month,cumulative,Synthetic,Portfolio,Auto,2018-07,31,350045.43414667476
mixto,Loss Incurred,month,cumulative,Synthetic,Portfolio,Auto,2018-07,32,349076.306912812
mixto,Loss Incurred,month,cumulative,Synthetic,Portfolio,Auto,2018-07,33,348168.7406725817
mixto,Loss Incurred,month,cumulative,Synthetic,Portfolio,Auto,2018-07,34,347319.87275094667
mixto,Loss Incurred,month,cumulative,Synthetic,Portfolio,Auto,2018-07,35,346526.79968099884
mixto,Loss Incurred,month,cumulative,Synthetic,Portfolio,Auto,2018-07,36,345786.6160527687
mixto,Loss Incurred,month,cumulative,Synthetic,Portfolio,Auto,2018-07,37,345096.44553763507
mixto,Loss Incurred,month,cumulative,Synthetic,Portfolio,Auto,2018-07,38,344453.46534125274
mixto,Loss Incurred,month,cumulative,Synthetic,Portfolio,Auto,2018-07,39,343854.92515419214
mixto,Loss Incurred,month,cumulative,Synthetic,Portfolio,Auto,2018-07,40,343298.16151158983
mixto,Loss Incurred,month,cumulative,Synthetic,Portfolio,Auto,2018-07,41,342780.6083374899
mixto,Loss Incurred,month,cumulative,Synthetic,Portfolio,Auto,2018-07,42,342299.80433314556
mixto,Loss Incurred,month,cumulative,Synthetic,Portfolio,Auto,2018-07,43,341853.397768697
mixto,Loss Incurred,month,cumulative,Synthetic,Portfolio,Auto,2018-07,44,341439.1491520517
mixto,Loss Incurred,month,cumulative,Synthetic,Portfolio,Auto,2018-07,45,341054.93217549263
mixto,Loss Incurred,month,cumulative,Synthetic,Portfolio,Auto,2018-07,46,340698.73327781993
mixto,Loss Incurred,month,cumulative,Synthetic,Portfolio,Auto,2018-07,47,340368.6501062134
mixto,Loss Incurred,month,cumulative,Synthetic,Portfolio,Auto,2018-07,48,340062.88911621436
mixto,Loss Incurred,month,cumulative,Synthetic,Portfolio,Auto,2018-07,49,339779.76250917447
mixto,Loss Incurred,month,cumulative,Synthetic,Portfolio,Auto,2018-07,50,339517.6846732479
mixto,Loss Incurred,month,cumulative,Synthetic,Portfolio,Auto,2018-07,51,339275.16826570133
mixto,Loss Incurred,month,cumulative,Synthetic,Portfolio,Auto,2018-07,52,339050.8200502756
mixto,Loss Incurred,month,cumulative,Synthetic,Portfolio,Auto,2018-07,53,338843.33658294997
mixto,Loss Incurred,month,cumulative,Synthetic,Portfolio,Auto,2018-07,54,338651.4998222085
mixto,Loss Incurred,month,cumulative,Synthetic,Portfolio,Auto,2018-07,55,338474.1727253321
mixto,Loss Incurred,month,cumulative,Synthetic,Portfolio,Auto,2018-07,56,338310.2948799705
mixto,Loss Incurred,month,cumulative,Synthetic,Portfolio,Auto,2018-07,57,338158.87820992456
mixto,Loss Incurred,month,cumulative,Synthetic,Portfolio,Auto,2018-07,58,338019.00278542883
mixto,Loss Incurred,month,cumulative,Synthetic,Portfolio,Auto,2018-07,59,337889.81276100315
mixto,Loss Incurred,month,cumulative,Synthetic,Portfolio,Auto,2018-07,60,337770.5124579436
mixto,Loss Incurred,month,cumulative,Synthetic,Portfolio,Auto,2018-07,61,337660.3626035442
mixto,Loss Incurred,month,cumulative,Synthetic,Portfolio,Auto,2018-07,62,337558.6767350535
mixto,Loss Incurred,month,cumulative,Synthetic,Portfolio,Auto,2018-07,63,337464.8177730121
mixto,Loss Incurred,month,cumulative,Synthetic,Portfolio,Auto,2018-07,64,337378.19476589607
mixto,Loss Incurred,month,cumulative,Synthetic,Portfolio,Auto,2018-07,65,337298.25980579463
mixto,Loss Incurred,month,cumulative,Synthetic,Portfolio,Auto,2018-07,66,337224.50511310337
mixto,Loss Incurred,month,cumulative,Synthetic,Portfolio,Auto,2018-07,67,337156.46028683946
mixto,Loss Incurred,month,cumulative,Synthetic,Portfolio,Auto,2018-07,68,337093.6897161241
mixto,Loss Incurred,month,cumulative,Synthetic,Portfolio,Auto,2018-07,69,337035.79014757805
mixto,Loss Incurred,month,cumulative,Synthetic,Portfolio,Auto,2018-07,70,336982.3884027939
mixto,Loss Incurred,month,cumulative,Synthetic,Portfolio,Auto,2018-07,71,336933.1392396441
mixto,Loss Incurred,month,cumulative,Synthetic,Portfolio,Auto,2018-07,72,336887.7233509275
mixto,Loss Incurred,month,cumulative,Synthetic,Portfolio,Auto,2018-07,73,336845.84549372236
mixto,Loss Incurred,month,cumulative,Synthetic,Portfolio,Auto,2018-07,74,336807.23274277354
mixto,Loss Incurred,month,cumulative,Synthetic,Portfolio,Auto,2018-07,75,336771.6328612831
mixto,Loss Incurred,month,cumulative,Synthetic,Portfolio,Auto,2018-07,76,336738.8127825712
mixto,Loss Incurred,month,cumulative,Synthetic,Portfolio,Auto,2018-07,77,336708.5571962296
mixto,Loss Incurred,month,cumulative,Synthetic,Portfolio,Auto,2018-07,78,336680.6672325717
mixto,Loss Incurred,month,cumulative,Synthetic,Portfolio,Auto,2018-07,79,336654.9592394
mixto,Loss Incurred,month,cumulative,Synthetic,Portfolio,Auto,2018-07,80,336631.26364534657
mixto,Loss Incurred,month,cumulative,Synthetic,Portfolio,Auto,2018-07,81,336609.42390428705
mixto,Loss Incurred,month,cumulative,Synthetic,Portfolio,Auto,2018-07,82,336589.295515587
mixto,Loss Incurred,month,cumulative,Synthetic,Portfolio,Auto,2018-07,83,336570.74511519633
mixto,Loss Incurred,month,cumulative,Synthetic,Portfolio,Auto,2018-07,84,336553.6496328687
mixto,Loss Incurred,month,cumulative,Synthetic,Portfolio,Auto,2018-07,85,336537.895511038
mixto,Loss Incurred,month,cumulative,Synthetic,Portfolio,Auto,2018-07,86,336523.37798113615
mixto,Loss Incurred,month,cumulative,Synthetic,Portfolio,Auto,2018-07,87,336510.0003933844
mixto,Loss Incurred,month,cumulative,Synthetic,Portfolio,Auto,2018-07,88,336497.67359632463
mixto,Loss Incurred,month,cumulative,Synthetic,Portfolio,Auto,2018-07,89,336486.3153625886
mixto,Loss Incurred,month,cumulative,Synthetic,Portfolio,Auto,2018-08,0,208329.62308966342
mixto,Loss Incurred,month,cumulative,Synthetic,Portfolio,Auto,2018-08,1,230106.23579229828
mixto,Loss Incurred,month,cumulative,Synthetic,Portfolio,Auto,2018-08,2,248890.2042840234
mixto,Loss Incurred,month,cumulative,Synthetic,Portfolio,Auto,2018-08,3,265092.7917624437
mixto,Loss Incurred,month,cumulative,Synthetic,Portfolio,Auto,2018-08,4,279068.74370846164
mixto,Loss Incurred,month,cumulative,Synthetic,Portfolio,Auto,2018-08,5,291124.0548158727
mixto,Loss Incurred,month,cumulative,Synthetic,Portfolio,Auto,2018-08,6,301522.6685530842
mixto,Loss Incurred,month,cumulative,Synthetic,Portfolio,Auto,2018-08,7,310492.25603965257
mixto,Loss Incurred,month,cumulative,Synthetic,Portfolio,Auto,2018-08,8,318229.2007625152
mixto,Loss Incurred,month,cumulative,Synthetic,Portfolio,Auto,2018-08,9,324902.8982691474
mixto,Loss Incurred,month,cumulative,Synthetic,Portfolio,Auto,2018-08,10,330659.46497672884
mixto,Loss Incurred,month,cumulative,Synthetic,Portfolio,Auto,2018-08,11,335624.93729936605
mixto,Loss Incurred,month,cumulative,Synthetic,Portfolio,Auto,2018-08,12,339908.03113625397
mixto,Loss Incurred,month,cumulative,Synthetic,Portfolio,Auto,2018-08,13,343602.5221380373
mixto,Loss Incurred,month,cumulative,Synthetic,Portfolio,Auto,2018-08,14,346789.2988658093
mixto,Loss Incurred,month,cumulative,Synthetic,Portfolio,Auto,2018-08,15,349538.1337953751
mixto,Loss Incurred,month,cumulative,Synthetic,Portfolio,Auto,2018-08,16,351909.21094180713
mixto,Loss Incurred,month,cumulative,Synthetic,Portfolio,Auto,2018-08,17,350408.79378114094
mixto,Loss Incurred,month,cumulative,Synthetic,Portfolio,Auto,2018-08,18,348924.72154235555
mixto,Loss Incurred,month,cumulative,Synthetic,Portfolio,Auto,2018-08,19,347470.67266871926
mixto,Loss Incurred,month,cumulative,Synthetic,Portfolio,Auto,2018-08,20,346057.11008325825
mixto,Loss Incurred,month,cumulative,Synthetic,Portfolio,Auto,2018-08,21,344691.8351250233
mixto,Loss Incurred,month,cumulative,Synthetic,Portfolio,Auto,2018-08,22,343380.4559625153
mixto,Loss Incurred,month,cumulative,Synthetic,Portfolio,Auto,2018-08,23,342126.78302554955
mixto,Loss Incurred,month,cumulative,Synthetic,Portfolio,Auto,2018-08,24,340933.16220724065
mixto,Loss Incurred,month,cumulative,Synthetic,Portfolio,Auto,2018-08,25,339800.75504965655
mixto,Loss Incurred,month,cumulative,Synthetic,Portfolio,Auto,2018-08,26,338729.77380502876
mixto,Loss Incurred,month,cumulative,Synthetic,Portfolio,Auto,2018-08,27,337719.6781290188
mixto,Loss Incurred,month,cumulative,Synthetic,Portfolio,Auto,2018-08,28,336769.3391874571
mixto,Loss Incurred,month,cumulative,Synthetic,Portfolio,Auto,2018-08,29,335877.1761207874
mixto,Loss Incurred,month,cumulative,Synthetic,Portfolio,Auto,2018-08,30,335041.2690918998
mixto,Loss Incurred,month,cumulative,Synthetic,Portfolio,Auto,2018-08,31,334259.45252650976
mixto,Loss Incurred,month,cumulative,Synthetic,Portfolio,Auto,2018-08,32,333529.3916264428
mixto,Loss Incurred,month,cumulative,Synthetic,Portfolio,Auto,2018-08,33,332848.64478281315
mixto,Loss Incurred,month,cumulative,Synthetic,Portfolio,Auto,2018-08,34,332214.71412753395
mixto,Loss Incurred,month,cumulative,Synthetic,Portfolio,Auto,2018-08,35,331625.0861287551
mixto,Loss Incurred,month,cumulative,Synthetic,Portfolio,Auto,2018-08,36,331077.26385083824
mixto,Loss Incurred,month,cumulative,Synthetic,Portfolio,Auto,2018-08,37,330568.7922555965
mixto,Loss Incurred,month,cumulative,Synthetic,Portfolio,Auto,2018-08,38,330097.2777129343
mixto,Loss Incurred,month,cumulative,Synthetic,Portfolio,Auto,2018-08,39,329660.40271072125
mixto,Loss Incurred,month,cumulative,Synthetic,Portfolio,Auto,2018-08,40,329255.9366014332
mixto,Loss Incurred,month,cumulative,Synthetic,Portfolio,Auto,2018-08,41,328881.7430930757
mixto,Loss Incurred,month,cumulative,Synthetic,Portfolio,Auto,2018-08,42,328535.7850810218
mixto,Loss Incurred,month,cumulative,Synthetic,Portfolio,Auto,2018-08,43,328216.1273228805
mixto,Loss Incurred,month,cumulative,Synthetic,Portfolio,Auto,2018-08,44,327920.93737804785
mixto,Loss Incurred,month,cumulative,Synthetic,Portfolio,Auto,2018-08,45,327648.485165141
mixto,Loss Incurred,month,cumulative,Synthetic,Portfolio,Auto,2018-08,46,327397.1414323543
mixto,Loss Incurred,month,cumulative,Synthetic,Portfolio,Auto,2018-08,47,327165.37538641447
mixto,Loss Incurred,month,cumulative,Synthetic,Portfolio,Auto,2018-08,48,326951.751683975
mixto,Loss Incurred,month,cumulative,Synthetic,Portfolio,Auto,2018-08,49,326754.926953874
mixto,Loss Incurred,month,cumulative,Synthetic,Portfolio,Auto,2018-08,50,326573.64598876255
mixto,Loss Incurred,month,cumulative,Synthetic,Portfolio,Auto,2018-08,51,326406.7377193586
mixto,Loss Incurred,month,cumulative,Synthetic,Portfolio,Auto,2018-08,52,326253.111063335
mixto,Loss Incurred,month,cumulative,Synthetic,Portfolio,Auto,2018-08,53,326111.7507229898
mixto,Loss Incurred,month,cumulative,Synthetic,Portfolio,Auto,2018-08,54,325981.71299088607
mixto,Loss Incurred,month,cumulative,Synthetic,Portfolio,Auto,2018-08,55,325862.1216101366
mixto,Loss Incurred,month,cumulative,Synthetic,Portfolio,Auto,2018-08,56,325752.16372559214
mixto,Loss Incurred,month,cumulative,Synthetic,Portfolio,Auto,2018-08,57,325651.085953533
mixto,Loss Incurred,month,cumulative,Synthetic,Portfolio,Auto,2018-08,58,325558.1905903116
mixto,Loss Incurred,month,cumulative,Synthetic,Portfolio,Auto,2018-08,59,325472.8319745006
mixto,Loss Incurred,month,cumulative,Synthetic,Portfolio,Auto,2018-08,60,325394.4130122792
mixto,Loss Incurred,month,cumulative,Synthetic,Portfolio,Auto,2018-08,61,325322.381871865
mixto,Loss Incurred,month,cumulative,Synthetic,Portfolio,Auto,2018-08,62,325256.22884963645
mixto,Loss Incurred,month,cumulative,Synthetic,Portfolio,Auto,2018-08,63,325195.4834080508
mixto,Loss Incurred,month,cumulative,Synthetic,Portfolio,Auto,2018-08,64,325139.7113834652
mixto,Loss Incurred,month,cumulative,Synthetic,Portfolio,Auto,2018-08,65,325088.5123604049
mixto,Loss Incurred,month,cumulative,Synthetic,Portfolio,Auto,2018-08,66,325041.51720762794
mixto,Loss Incurred,month,cumulative,Synthetic,Portfolio,Auto,2018-08,67,324998.3857704491
mixto,Loss Incurred,month,cumulative,Synthetic,Portfolio,Auto,2018-08,68,324958.804713143
mixto,Loss Incurred,month,cumulative,Synthetic,Portfolio,Auto,2018-08,69,324922.48550481495
mixto,Loss Incurred,month,cumulative,Synthetic,Portfolio,Auto,2018-08,70,324889.16254186037
mixto,Loss Incurred,month,cumulative,Synthetic,Portfolio,Auto,2018-08,71,324858.5914000025
mixto,Loss Incurred,month,cumulative,Synthetic,Portfolio,Auto,2018-08,72,324830.5472088746
mixto,Loss Incurred,month,cumulative,Synthetic,Portfolio,Auto,2018-08,73,324804.82314217626
mixto,Loss Incurred,month,cumulative,Synthetic,Portfolio,Auto,2018-08,74,324781.22901656356
mixto,Loss Incurred,month,cumulative,Synthetic,Portfolio,Auto,2018-08,75,324759.5899926135
mixto,Loss Incurred,month,cumulative,Synthetic,Portfolio,Auto,2018-08,76,324739.7453714243
mixto,Loss Incurred,month,cumulative,Synthetic,Portfolio,Auto,2018-08,77,324721.5474806615
mixto,Loss Incurred,month,cumulative,Synthetic,Portfolio,Auto,2018-08,78,324704.86064412637
mixto,Loss Incurred,month,cumulative,Synthetic,Portfolio,Auto,2018-08,79,324689.5602292037
mixto,Loss Incurred,month,cumulative,Synthetic,Portfolio,Auto,2018-08,80,324675.53176683234
mixto,Loss Incurred,month,cumulative,Synthetic,Portfolio,Auto,2018-08,81,324662.67013892805
mixto,Loss Incurred,month,cumulative,Synthetic,Portfolio,Auto,2018-08,82,324650.8788284769
mixto,Loss Incurred,month,cumulative,Synthetic,Portfolio,Auto,2018-08,83,324640.0692277955
mixto,Loss Incurred,month,cumulative,Synthetic,Portfolio,Auto,2018-08,84,324630.1600007302
mixto,Loss Incurred,month,cumulative,Synthetic,Portfolio,Auto,2018-08,85,324621.07649483223
mixto,Loss Incurred,month,cumulative,Synthetic,Portfolio,Auto,2018-08,86,324612.75019980076
mixto,Loss Incurred,month,cumulative,Synthetic,Portfolio,Auto,2018-08,87,324605.1182487308
mixto,Loss Incurred,month,cumulative,Synthetic,Portfolio,Auto,2018-08,88,324598.1229589351
mixto,Loss Incurred,month,cumulative,Synthetic,Portfolio,Auto,2018-09,0,213785.63533712437
mixto,Loss Incurred,month,cumulative,Synthetic,Portfolio,Auto,2018-09,1,236277.21182178523
mixto,Loss Incurred,month,cumulative,Synthetic,Portfolio,Auto,2018-09,2,255900.0837196336
mixto,Loss Incurred,month,cumulative,Synthetic,Portfolio,Auto,2018-09,3,273020.1420571172
mixto,Loss Incurred,month,cumulative,Synthetic,Portfolio,Auto,2018-09,4,287956.6100218792
mixto,Loss Incurred,month,cumulative,Synthetic,Portfolio,Auto,2018-09,5,300987.9952464201
mixto,Loss Incurred,month,cumulative,Synthetic,Portfolio,Auto,2018-09,6,312357.2829033825
mixto,Loss Incurred,month,cumulative,Synthetic,Portfolio,Auto,2018-09,7,322276.46644369647
mixto,Loss Incurred,month,cumulative,Synthetic,Portfolio,Auto,2018-09,8,330930.50045841193
mixto,Loss Incurred,month,cumulative,Synthetic,Portfolio,Auto,2018-09,9,338480.74936987425
mixto,Loss Incurred,month,cumulative,Synthetic,Portfolio,Auto,2018-09,10,345067.99625706056
mixto,Loss Incurred,month,cumulative,Synthetic,Portfolio,Auto,2018-09,11,350815.06791808497
mixto,Loss Incurred,month,cumulative,Synthetic,Portfolio,Auto,2018-09,12,355829.12511718564
mixto,Loss Incurred,month,cumulative,Synthetic,Portfolio,Auto,2018-09,13,360203.6607204831
mixto,Loss Incurred,month,cumulative,Synthetic,Portfolio,Auto,2018-09,14,364020.2429780508
mixto,Loss Incurred,month,cumulative,Synthetic,Portfolio,Auto,2018-09,15,367350.0364577976
mixto,Loss Incurred,month,cumulative,Synthetic,Portfolio,Auto,2018-09,16,370255.12899072544
mixto,Loss Incurred,month,cumulative,Synthetic,Portfolio,Auto,2018-09,17,372789.68936998193
mixto,Loss Incurred,month,cumulative,Synthetic,Portfolio,Auto,2018-09,18,375000.9773903406
mixto,Loss Incurred,month,cumulative,Synthetic,Portfolio,Auto,2018-09,19,376930.22506145603
mixto,Loss Incurred,month,cumulative,Synthetic,Portfolio,Auto,2018-09,20,375453.462800114
mixto,Loss Incurred,month,cumulative,Synthetic,Portfolio,Auto,2018-09,21,374057.114810289
mixto,Loss Incurred,month,cumulative,Synthetic,Portfolio,Auto,2018-09,22,372741.00480188866
mixto,Loss Incurred,month,cumulative,Synthetic,Portfolio,Auto,2018-09,23,371504.0376121878
mixto,Loss Incurred,month,cumulative,Synthetic,Portfolio,Auto,2018-09,24,370344.404314436
mixto,Loss Incurred,month,cumulative,Synthetic,Portfolio,Auto,2018-09,25,369259.7529560803
mixto,Loss Incurred,month,cumulative,Synthetic,Portfolio,Auto,2018-09,26,368247.3300770703
mixto,Loss Incurred,month,cumulative,Synthetic,Portfolio,Auto,2018-09,27,367304.09743019746
mixto,Loss Incurred,month,cumulative,Synthetic,Portfolio,Auto,2018-09,28,366426.8276965107
mixto,Loss Incurred,month,cumulative,Synthetic,Portfolio,Auto,2018-09,29,365612.1824462093
mixto,Loss Incurred,month,cumulative,Synthetic,Portfolio,Auto,2018-09,30,364856.7751274934
mixto,Loss Incurred,month,cumulative,Synthetic,Portfolio,Auto,2018-09,31,364157.2214625811
mixto,Loss Incurred,month,cumulative,Synthetic,Portfolio,Auto,2018-09,32,363510.179282794
mixto,Loss Incurred,month,cumulative,Synthetic,Portfolio,Auto,2018-09,33,362912.3795356933
mixto,Loss Incurred,month,cumulative,Synthetic,Portfolio,Auto,2018-09,34,362360.6499401678
mixto,Loss Incurred,month,cumulative,Synthetic,Portfolio,Auto,2018-09,35,361851.9325444501
mixto,Loss Incurred,month,cumulative,Synthetic,Portfolio,Auto,2018-09,36,361383.2962523477
mixto,Loss Incurred,month,cumulative,Synthetic,Portfolio,Auto,2018-09,37,360951.9452202354
mixto,Loss Incurred,month,cumulative,Synthetic,Portfolio,Auto,2018-09,38,360555.2238878932
mixto,Loss Incurred,month,cumulative,Synthetic,Portfolio,Auto,2018-09,39,360190.6192868647
mixto,Loss Incurred,month,cumulative,Synthetic,Portfolio,Auto,2018-09,40,359855.7611678963
mixto,Loss Incurred,month,cumulative,Synthetic,Portfolio,Auto,2018-09,41,359548.42040180013
mixto,Loss Incurred,month,cumulative,Synthetic,Portfolio,Auto,2018-09,42,359266.5060336784
mixto,Loss Incurred,month,cumulative,Synthetic,Portfolio,Auto,2018-09,43,359008.06130707136
mixto,Loss Incurred,month,cumulative,Synthetic,Portfolio,Auto,2018-09,44,358771.2589206971
mixto,Loss Incurred,month,cumulative,Synthetic,Portfolio,Auto,2018-09,45,358554.39573468117
mixto,Loss Incurred,month,cumulative,Synthetic,Portfolio,Auto,2018-09,46,358355.88710440294
mixto,Loss Incurred,month,cumulative,Synthetic,Portfolio,Auto,2018-09,47,358174.26098728104
mixto,Loss Incurred,month,cumulative,Synthetic,Portfolio,Auto,2018-09,48,358008.15194015624
mixto,Loss Incurred,month,cumulative,Synthetic,Portfolio,Auto,2018-09,49,357856.29510163394
mixto,Loss Incurred,month,cumulative,Synthetic,Portfolio,Auto,2018-09,50,357717.52023421007
mixto,Loss Incurred,month,cumulative,Synthetic,Portfolio,Auto,2018-09,51,357590.74588464614
mixto,Loss Incurred,month,cumulative,Synthetic,Portfolio,Auto,2018-09,52,357474.97370743466
mixto,Loss Incurred,month,cumulative,Synthetic,Portfolio,Auto,2018-09,53,357369.2829848788
mixto,Loss Incurred,month,cumulative,Synthetic,Portfolio,Auto,2018-09,54,357272.8253679619
mixto,Loss Incurred,month,cumulative,Synthetic,Portfolio,Auto,2018-09,55,357184.81985449814
mixto,Loss Incurred,month,cumulative,Synthetic,Portfolio,Auto,2018-09,56,357104.54801478394
mixto,Loss Incurred,month,cumulative,Synthetic,Portfolio,Auto,2018-09,57,357031.34946988465
mixto,Loss Incurred,month,cumulative,Synthetic,Portfolio,Auto,2018-09,58,356964.6176236078
mixto,Loss Incurred,month,cumulative,Synthetic,Portfolio,Auto,2018-09,59,356903.79564597626
mixto,Loss Incurred,month,cumulative,Synthetic,Portfolio,Auto,2018-09,60,356848.3727034702
mixto,Loss Incurred,month,cumulative,Synthetic,Portfolio,Auto,2018-09,61,356797.8804293632
mixto,Loss Incurred,month,cumulative,Synthetic,Portfolio,Auto,2018-09,62,356751.88962600764
mixto,Loss Incurred,month,cumulative,Synthetic,Portfolio,Auto,2018-09,63,356710.00718986616
mixto,Loss Incurred,month,cumulative,Synthetic,Portfolio,Auto,2018-09,64,356671.8732493592
mixto,Loss Incurred,month,cumulative,Synthetic,Portfolio,Auto,2018-09,65,356637.1585051334
mixto,Loss Incurred,month,cumulative,Synthetic,Portfolio,Auto,2018-09,66,356605.561762124
mixto,Loss Incurred,month,cumulative,Synthetic,Portfolio,Auto,2018-09,67,356576.80764271505
mixto,Loss Incurred,month,cumulative,Synthetic,Portfolio,Auto,2018-09,68,356550.6444703858
mixto,Loss Incurred,month,cumulative,Synthetic,Portfolio,Auto,2018-09,69,356526.84231341415
mixto,Loss Incurred,month,cumulative,Synthetic,Portfolio,Auto,2018-09,70,356505.1911784833
mixto,Loss Incurred,month,cumulative,Synthetic,Portfolio,Auto,2018-09,71,356485.4993443754
mixto,Loss Incurred,month,cumulative,Synthetic,Portfolio,Auto,2018-09,72,356467.59182631987
mixto,Loss Incurred,month,cumulative,Synthetic,Portfolio,Auto,2018-09,73,356451.3089619746
mixto,Loss Incurred,month,cumulative,Synthetic,Portfolio,Auto,2018-09,74,356436.505110462
mixto,Loss Incurred,month,cumulative,Synthetic,Portfolio,Auto,2018-09,75,356423.04745632317
mixto,Loss Incurred,month,cumulative,Synthetic,Portfolio,Auto,2018-09,76,356410.81491070625
mixto,Loss Incurred,month,cumulative,Synthetic,Portfolio,Auto,2018-09,77,356399.69710255397
mixto,Loss Incurred,month,cumulative,Synthetic,Portfolio,Auto,2018-09,78,356389.5934529939
mixto,Loss Incurred,month,cumulative,Synthetic,Portfolio,Auto,2018-09,79,356380.41232656525
mixto,Loss Incurred,month,cumulative,Synthetic,Portfolio,Auto,2018-09,80,356372.07025333174
mixto,Loss Incurred,month,cumulative,Synthetic,Portfolio,Auto,2018-09,81,356364.4912163295
mixto,Loss Incurred,month,cumulative,Synthetic,Portfolio,Auto,2018-09,82,356357.60599918076
mixto,Loss Incurred,month,cumulative,Synthetic,Portfolio,Auto,2018-09,83,356351.3515890671
mixto,Loss Incurred,month,cumulative,Synthetic,Portfolio,Auto,2018-09,84,356345.67063060426
mixto,Loss Incurred,month,cumulative,Synthetic,Portfolio,Auto,2018-09,85,356340.51092648157
mixto,Loss Incurred,month,cumulative,Synthetic,Portfolio,Auto,2018-09,86,356335.82498104067
mixto,Loss Incurred,month,cumulative,Synthetic,Portfolio,Auto,2018-09,87,356331.56958325417
mixto,Loss Incurred,month,cumulative,Synthetic,Portfolio,Auto,2018-10,0,241949.48710583552
mixto,Loss Incurred,month,cumulative,Synthetic,Portfolio,Auto,2018-10,1,268791.732042441
mixto,Loss Incurred,month,cumulative,Synthetic,Portfolio,Auto,2018-10,2,292006.9014138533
mixto,Loss Incurred,month,cumulative,Synthetic,Portfolio,Auto,2018-10,3,312085.10613243055
mixto,Loss Incurred,month,cumulative,Synthetic,Portfolio,Auto,2018-10,4,329450.2305591137
mixto,Loss Incurred,month,cumulative,Synthetic,Portfolio,Auto,2018-10,5,344468.8814086681
mixto,Loss Incurred,month,cumulative,Synthetic,Portfolio,Auto,2018-10,6,357458.12742836424
mixto,Loss Incurred,month,cumulative,Synthetic,Portfolio,Auto,2018-10,7,368692.1932476117
mixto,Loss Incurred,month,cumulative,Synthetic,Portfolio,Auto,2018-10,8,378408.248716868
mixto,Loss Incurred,month,cumulative,Synthetic,Portfolio,Auto,2018-10,9,386811.41595841345
mixto,Loss Incurred,month,cumulative,Synthetic,Portfolio,Auto,2018-10,10,394079.0998361782
mixto,Loss Incurred,month,cumulative,Synthetic,Portfolio,Auto,2018-10,11,400364.73326805636
mixto,Loss Incurred,month,cumulative,Synthetic,Portfolio,Auto,2018-10,12,405801.0164504912
mixto,Loss Incurred,month,cumulative,Synthetic,Portfolio,Auto,2018-10,13,410502.7183807599
mixto,Loss Incurred,month,cumulative,Synthetic,Portfolio,Auto,2018-10,14,414569.0998217636
mixto,Loss Incurred,month,cumulative,Synthetic,Portfolio,Auto,2018-10,15,418086.00886214443
mixto,Loss Incurred,month,cumulative,Synthetic,Portfolio,Auto,2018-10,16,421127.6933124993
mixto,Loss Incurred,month,cumulative,Synthetic,Portfolio,Auto,2018-10,17,423758.3682003917
mixto,Loss Incurred,month,cumulative,Synthetic,Portfolio,Auto,2018-10,18,426033.5714565938
mixto,Loss Incurred,month,cumulative,Synthetic,Portfolio,Auto,2018-10,19,428001.33641335764
mixto,Loss Incurred,month,cumulative,Synthetic,Portfolio,Auto,2018-10,20,429703.2058681029
mixto,Loss Incurred,month,cumulative,Synthetic,Portfolio,Auto,2018-10,21,426412.6327067192
mixto,Loss Incurred,month,cumulative,Synthetic,Portfolio,Auto,2018-10,22,423376.79177196417
mixto,Loss Incurred,month,cumulative,Synthetic,Portfolio,Auto,2018-10,23,420579.35092980036
mixto,Loss Incurred,month,cumulative,Synthetic,Portfolio,Auto,2018-10,24,418004.46199231956
mixto,Loss Incurred,month,cumulative,Synthetic,Portfolio,Auto,2018-10,25,415636.8594339806
mixto,Loss Incurred,month,cumulative,Synthetic,Portfolio,Auto,2018-10,26,413461.9301373564
mixto,Loss Incurred,month,cumulative,Synthetic,Portfolio,Auto,2018-10,27,411465.75957193325
mixto,Loss Incurred,month,cumulative,Synthetic,Portfolio,Auto,2018-10,28,409635.1589375298
mixto,Loss Incurred,month,cumulative,Synthetic,Portfolio,Auto,2018-10,29,407957.67706326355
mixto,Loss Incurred,month,cumulative,Synthetic,Portfolio,Auto,2018-10,30,406421.6002246569
mixto,Loss Incurred,month,cumulative,Synthetic,Portfolio,Auto,2018-10,31,405015.94250909647
mixto,Loss Incurred,month,cumulative,Synthetic,Portfolio,Auto,2018-10,32,403730.4289094246
mixto,Loss Incurred,month,cumulative,Synthetic,Portfolio,Auto,2018-10,33,402555.4729449267
mixto,Loss Incurred,month,cumulative,Synthetic,Portfolio,Auto,2018-10,34,401482.1502880608
mixto,Loss Incurred,month,cumulative,Synthetic,Portfolio,Auto,2018-10,35,400502.1696051427
mixto,Loss Incurred,month,cumulative,Synthetic,Portfolio,Auto,2018-10,36,399607.8415922634
mixto,Loss Incurred,month,cumulative,Synthetic,Portfolio,Auto,2018-10,37,398792.0469975112
mixto,Loss Incurred,month,cumulative,Synthetic,Portfolio,Auto,2018-10,38,398048.2042615602
mixto,Loss Incurred,month,cumulative,Synthetic,Portfolio,Auto,2018-10,39,397370.2372761152
mixto,Loss Incurred,month,cumulative,Synthetic,Portfolio,Auto,2018-10,40,396752.54364955315
mixto,Loss Incurred,month,cumulative,Synthetic,Portfolio,Auto,2018-10,41,396189.96377788374
mixto,Loss Incurred,month,cumulative,Synthetic,Portfolio,Auto,2018-10,42,395677.7509439454
mixto,Loss Incurred,month,cumulative,Synthetic,Portfolio,Auto,2018-10,43,395211.5426060359
mixto,Loss Incurred,month,cumulative,Synthetic,Portfolio,Auto,2018-10,44,394787.3329868036
mixto,Loss Incurred,month,cumulative,Synthetic,Portfolio,Auto,2018-10,45,394401.4470323849
mixto,Loss Incurred,month,cumulative,Synthetic,Portfolio,Auto,2018-10,46,394050.515778918
mixto,Loss Incurred,month,cumulative,Synthetic,Portfolio,Auto,2018-10,47,393731.453137371
mixto,Loss Incurred,month,cumulative,Synthetic,Portfolio,Auto,2018-10,48,393441.43408698833
mixto,Loss Incurred,month,cumulative,Synthetic,Portfolio,Auto,2018-10,49,393177.87425164063
mixto,Loss Incurred,month,cumulative,Synthetic,Portfolio,Auto,2018-10,50,392938.41082115564
mixto,Loss Incurred,month,cumulative,Synthetic,Portfolio,Auto,2018-10,51,392720.88477064535
mixto,Loss Incurred,month,cumulative,Synthetic,Portfolio,Auto,2018-10,52,392523.3243243593
mixto,Loss Incurred,month,cumulative,Synthetic,Portfolio,Auto,2018-10,53,392343.9296062045
mixto,Loss Incurred,month,cumulative,Synthetic,Portfolio,Auto,2018-10,54,392181.0584163846
mixto,Loss Incurred,month,cumulative,Synthetic,Portfolio,Auto,2018-10,55,392033.21307228605
mixto,Loss Incurred,month,cumulative,Synthetic,Portfolio,Auto,2018-10,56,391899.0282515003
mixto,Loss Incurred,month,cumulative,Synthetic,Portfolio,Auto,2018-10,57,391777.2597754798
mixto,Loss Incurred,month,cumulative,Synthetic,Portfolio,Auto,2018-10,58,391666.7742735986
mixto,Loss Incurred,month,cumulative,Synthetic,Portfolio,Auto,2018-10,59,391566.5396691554
mixto,Loss Incurred,month,cumulative,Synthetic,Portfolio,Auto,2018-10,60,391475.6164309939
mixto,Loss Incurred,month,cumulative,Synthetic,Portfolio,Auto,2018-10,61,391393.149536814
mixto,Loss Incurred,month,cumulative,Synthetic,Portfolio,Auto,2018-10,62,391318.36109681317
mixto,Loss Incurred,month,cumulative,Synthetic,Portfolio,Auto,2018-10,63,391250.54358897504
mixto,Loss Incurred,month,cumulative,Synthetic,Portfolio,Auto,2018-10,64,391189.053660031
mixto,Loss Incurred,month,cumulative,Synthetic,Portfolio,Auto,2018-10,65,391133.30644884874
mixto,Loss Incurred,month,cumulative,Synthetic,Portfolio,Auto,2018-10,66,391082.7703916759
mixto,Loss Incurred,month,cumulative,Synthetic,Portfolio,Auto,2018-10,67,391036.96247129486
mixto,Loss Incurred,month,cumulative,Synthetic,Portfolio,Auto,2018-10,68,390995.4438746819
mixto,Loss Incurred,month,cumulative,Synthetic,Portfolio,Auto,2018-10,69,390957.8160262074
mixto,Loss Incurred,month,cumulative,Synthetic,Portfolio,Auto,2018-10,70,390923.7169657521
mixto,Loss Incurred,month,cumulative,Synthetic,Portfolio,Auto,2018-10,71,390892.8180433328
mixto,Loss Incurred,month,cumulative,Synthetic,Portfolio,Auto,2018-10,72,390864.82090393984
mixto,Loss Incurred,month,cumulative,Synthetic,Portfolio,Auto,2018-10,73,390839.45473826746
mixto,Loss Incurred,month,cumulative,Synthetic,Portfolio,Auto,2018-10,74,390816.4737768944
mixto,Loss Incurred,month,cumulative,Synthetic,Portfolio,Auto,2018-10,75,390795.65500720876
mixto,Loss Incurred,month,cumulative,Synthetic,Portfolio,Auto,2018-10,76,390776.7960940195
mixto,Loss Incurred,month,cumulative,Synthetic,Portfolio,Auto,2018-10,77,390759.71348630986
mixto,Loss Incurred,month,cumulative,Synthetic,Portfolio,Auto,2018-10,78,390744.2406940185
mixto,Loss Incurred,month,cumulative,Synthetic,Portfolio,Auto,2018-10,79,390730.22672003973
mixto,Loss Incurred,month,cumulative,Synthetic,Portfolio,Auto,2018-10,80,390717.53463386913
mixto,Loss Incurred,month,cumulative,Synthetic,Portfolio,Auto,2018-10,81,390706.0402744391
mixto,Loss Incurred,month,cumulative,Synthetic,Portfolio,Auto,2018-10,82,390695.6310707438
mixto,Loss Incurred,month,cumulative,Synthetic,Portfolio,Auto,2018-10,83,390686.204969811
mixto,Loss Incurred,month,cumulative,Synthetic,Portfolio,Auto,2018-10,84,390677.66946247144
mixto,Loss Incurred,month,cumulative,Synthetic,Portfolio,Auto,2018-10,85,390669.94069819245
mixto,Loss Incurred,month,cumulative,Synthetic,Portfolio,Auto,2018-10,86,390662.94268099684
mixto,Loss Incurred,month,cumulative,Synthetic,Portfolio,Auto,2018-11,0,236856.4787123018
mixto,Loss Incurred,month,cumulative,Synthetic,Portfolio,Auto,2018-11,1,265925.34304602124
mixto,Loss Incurred,month,cumulative,Synthetic,Portfolio,Auto,2018-11,2,290935.7417834621
mixto,Loss Incurred,month,cumulative,Synthetic,Portfolio,Auto,2018-11,3,312454.2998469839
mixto,Loss Incurred,month,cumulative,Synthetic,Portfolio,Auto,2018-11,4,330968.5325065366
mixto,Loss Incurred,month,cumulative,Synthetic,Portfolio,Auto,2018-11,5,346897.89031760284
mixto,Loss Incurred,month,cumulative,Synthetic,Portfolio,Auto,2018-11,6,360603.26201401267
mixto,Loss Incurred,month,cumulative,Synthetic,Portfolio,Auto,2018-11,7,372395.1506491124
mixto,Loss Incurred,month,cumulative,Synthetic,Portfolio,Auto,2018-11,8,382540.7082204565
mixto,Loss Incurred,month,cumulative,Synthetic,Portfolio,Auto,2018-11,9,391269.78815147525
mixto,Loss Incurred,month,cumulative,Synthetic,Portfolio,Auto,2018-11,10,398780.15275256237
mixto,Loss Incurred,month,cumulative,Synthetic,Portfolio,Auto,2018-11,11,405241.95363959816
mixto,Loss Incurred,month,cumulative,Synthetic,Portfolio,Auto,2018-11,12,410801.5866163582
mixto,Loss Incurred,month,cumulative,Synthetic,Portfolio,Auto,2018-11,13,415585.00835538027
mixto,Loss Incurred,month,cumulative,Synthetic,Portfolio,Auto,2018-11,14,419700.5900185933
mixto,Loss Incurred,month,cumulative,Synthetic,Portfolio,Auto,2018-11,15,423241.5724681229
mixto,Loss Incurred,month,cumulative,Synthetic,Portfolio,Auto,2018-11,16,426288.17869147944
mixto,Loss Incurred,month,cumulative,Synthetic,Portfolio,Auto,2018-11,17,428909.4312993333
mixto,Loss Incurred,month,cumulative,Synthetic,Portfolio,Auto,2018-11,18,431164.7162723323
mixto,Loss Incurred,month,cumulative,Synthetic,Portfolio,Auto,2018-11,19,433105.1283845396
mixto,Loss Incurred,month,cumulative,Synthetic,Portfolio,Auto,2018-11,20,431327.5191854502
mixto,Loss Incurred,month,cumulative,Synthetic,Portfolio,Auto,2018-11,21,429575.6711563434
mixto,Loss Incurred,month,cumulative,Synthetic,Portfolio,Auto,2018-11,22,427862.689592137
mixto,Loss Incurred,month,cumulative,Synthetic,Portfolio,Auto,2018-11,23,426198.5959061948
mixto,Loss Incurred,month,cumulative,Synthetic,Portfolio,Auto,2018-11,24,424590.8523665843
mixto,Loss Incurred,month,cumulative,Synthetic,Portfolio,Auto,2018-11,25,423044.8064989697
mixto,Loss Incurred,month,cumulative,Synthetic,Portfolio,Auto,2018-11,26,421564.06690297974
mixto,Loss Incurred,month,cumulative,Synthetic,Portfolio,Auto,2018-11,27,420150.8205489683
mixto,Loss Incurred,month,cumulative,Synthetic,Portfolio,Auto,2018-11,28,418806.1001797032
mixto,Loss Incurred,month,cumulative,Synthetic,Portfolio,Auto,2018-11,29,417530.00920329057
mixto,Loss Incurred,month,cumulative,Synthetic,Portfolio,Auto,2018-11,30,416321.91040084034
mixto,Loss Incurred,month,cumulative,Synthetic,Portfolio,Auto,2018-11,31,415180.58386034344
mixto,Loss Incurred,month,cumulative,Synthetic,Portfolio,Auto,2018-11,32,414104.3587657083
mixto,Loss Incurred,month,cumulative,Synthetic,Portfolio,Auto,2018-11,33,413091.222998672
mixto,Loss Incurred,month,cumulative,Synthetic,Portfolio,Auto,2018-11,34,412138.9139356487
mixto,Loss Incurred,month,cumulative,Synthetic,Portfolio,Auto,2018-11,35,411244.9933280372
mixto,Loss Incurred,month,cumulative,Synthetic,Portfolio,Auto,2018-11,36,410406.9087314718
mixto,Loss Incurred,month,cumulative,Synthetic,Portfolio,Auto,2018-11,37,409622.04358701536
mixto,Loss Incurred,month,cumulative,Synthetic,Portfolio,Auto,2018-11,38,408887.7577467795
mixto,Loss Incurred,month,cumulative,Synthetic,Portfolio,Auto,2018-11,39,408201.4199705753
mixto,Loss Incurred,month,cumulative,Synthetic,Portfolio,Auto,2018-11,40,407560.43369260326
mixto,Loss Incurred,month,cumulative,Synthetic,Portfolio,Auto,2018-11,41,406962.2571624578
mixto,Loss Incurred,month,cumulative,Synthetic,Portfolio,Auto,2018-11,42,406404.4188981882
mixto,Loss Incurred,month,cumulative,Synthetic,Portfolio,Auto,2018-11,43,405884.5292467905
mixto,Loss Incurred,month,cumulative,Synthetic,Portfolio,Auto,2018-11,44,405400.288725885
mixto,Loss Incurred,month,cumulative,Synthetic,Portfolio,Auto,2018-11,45,404949.49371648394
mixto,Loss Incurred,month,cumulative,Synthetic,Portfolio,Auto,2018-11,46,404530.0399881325
mixto,Loss Incurred,month,cumulative,Synthetic,Portfolio,Auto,2018-11,47,404139.92446214875
mixto,Loss Incurred,month,cumulative,Synthetic,Portfolio,Auto,2018-11,48,403777.24555429525
mixto,Loss Incurred,month,cumulative,Synthetic,Portfolio,Auto,2018-11,49,403440.2023834049
mixto,Loss Incurred,month,cumulative,Synthetic,Portfolio,Auto,2018-11,50,403127.0930858556
mixto,Loss Incurred,month,cumulative,Synthetic,Portfolio,Auto,2018-11,51,402836.31243617134
mixto,Loss Incurred,month,cumulative,Synthetic,Portfolio,Auto,2018-11,52,402566.3489403999
mixto,Loss Incurred,month,cumulative,Synthetic,Portfolio,Auto,2018-11,53,402315.781540412
mixto,Loss Incurred,month,cumulative,Synthetic,Portfolio,Auto,2018-11,54,402083.27604313317
mixto,Loss Incurred,month,cumulative,Synthetic,Portfolio,Auto,2018-11,55,401867.58136831876
mixto,Loss Incurred,month,cumulative,Synthetic,Portfolio,Auto,2018-11,56,401667.52569126687
mixto,Loss Incurred,month,cumulative,Synthetic,Portfolio,Auto,2018-11,57,401482.01254236855
mixto,Loss Incurred,month,cumulative,Synthetic,Portfolio,Auto,2018-11,58,401310.01691319793
mixto,Loss Incurred,month,cumulative,Synthetic,Portfolio,Auto,2018-11,59,401150.5814086338
mixto,Loss Incurred,month,cumulative,Synthetic,Portfolio,Auto,2018-11,60,401002.8124759505
mixto,Loss Incurred,month,cumulative,Synthetic,Portfolio,Auto,2018-11,61,400865.87673469586
mixto,Loss Incurred,month,cumulative,Synthetic,Portfolio,Auto,2018-11,62,400738.9974252474
mixto,Loss Incurred,month,cumulative,Synthetic,Portfolio,Auto,2018-11,63,400621.45098904654
mixto,Loss Incurred,month,cumulative,Synthetic,Portfolio,Auto,2018-11,64,400512.56378946913
mixto,Loss Incurred,month,cumulative,Synthetic,Portfolio,Auto,2018-11,65,400411.7089789906
mixto,Loss Incurred,month,cumulative,Synthetic,Portfolio,Auto,2018-11,66,400318.3035156141
mixto,Loss Incurred,month,cumulative,Synthetic,Portfolio,Auto,2018-11,67,400231.8053293567
mixto,Loss Incurred,month,cumulative,Synthetic,Portfolio,Auto,2018-11,68,400151.71063785587
mixto,Loss Incurred,month,cumulative,Synthetic,Portfolio,Auto,2018-11,69,400077.55140878615
mixto,Loss Incurred,month,cumulative,Synthetic,Portfolio,Auto,2018-11,70,400008.8929657054
mixto,Loss Incurred,month,cumulative,Synthetic,Portfolio,Auto,2018-11,71,399945.3317331432
mixto,Loss Incurred,month,cumulative,Synthetic,Portfolio,Auto,2018-11,72,399886.49311613035
mixto,Loss Incurred,month,cumulative,Synthetic,Portfolio,Auto,2018-11,73,399832.0295089495
mixto,Loss Incurred,month,cumulative,Synthetic,Portfolio,Auto,2018-11,74,399781.6184275893
mixto,Loss Incurred,month,cumulative,Synthetic,Portfolio,Auto,2018-11,75,399734.9607602197
mixto,Loss Incurred,month,cumulative,Synthetic,Portfolio,Auto,2018-11,76,399691.779129929
mixto,Loss Incurred,month,cumulative,Synthetic,Portfolio,Auto,2018-11,77,399651.81636395765
mixto,Loss Incurred,month,cumulative,Synthetic,Portfolio,Auto,2018-11,78,399614.8340637326
mixto,Loss Incurred,month,cumulative,Synthetic,Portfolio,Auto,2018-11,79,399580.61127010436
mixto,Loss Incurred,month,cumulative,Synthetic,Portfolio,Auto,2018-11,80,399548.9432183406
mixto,Loss Incurred,month,cumulative,Synthetic,Portfolio,Auto,2018-11,81,399519.64017759543
mixto,Loss Incurred,month,cumulative,Synthetic,Portfolio,Auto,2018-11,82,399492.5263697736
mixto,Loss Incurred,month,cumulative,Synthetic,Portfolio,Auto,2018-11,83,399467.4389629056
mixto,Loss Incurred,month,cumulative,Synthetic,Portfolio,Auto,2018-11,84,399444.2271343734
mixto,Loss Incurred,month,cumulative,Synthetic,Portfolio,Auto,2018-11,85,399422.7511995405
mixto,Loss Incurred,month,cumulative,Synthetic,Portfolio,Auto,2018-12,0,229804.9256585255
mixto,Loss Incurred,month,cumulative,Synthetic,Portfolio,Auto,2018-12,1,256634.35356206677
mixto,Loss Incurred,month,cumulative,Synthetic,Portfolio,Auto,2018-12,2,279926.91572769155
mixto,Loss Incurred,month,cumulative,Synthetic,Portfolio,Auto,2018-12,3,300148.86955354566
mixto,Loss Incurred,month,cumulative,Synthetic,Portfolio,Auto,2018-12,4,317705.00672846206
mixto,Loss Incurred,month,cumulative,Synthetic,Portfolio,Auto,2018-12,5,332946.75612413214
mixto,Loss Incurred,month,cumulative,Synthetic,Portfolio,Auto,2018-12,6,346179.2185004417
mixto,Loss Incurred,month,cumulative,Synthetic,Portfolio,Auto,2018-12,7,357667.2738407421
mixto,Loss Incurred,month,cumulative,Synthetic,Portfolio,Auto,2018-12,8,367640.88357025717
mixto,Loss Incurred,month,cumulative,Synthetic,Portfolio,Auto,2018-12,9,376299.6937944493
mixto,Loss Incurred,month,cumulative,Synthetic,Portfolio,Auto,2018-12,10,383817.03170237853
mixto,Loss Incurred,month,cumulative,Synthetic,Portfolio,Auto,2018-12,11,390343.37513280765
mixto,Loss Incurred,month,cumulative,Synthetic,Portfolio,Auto,2018-12,12,396009.3647548756
mixto,Loss Incurred,month,cumulative,Synthetic,Portfolio,Auto,2018-12,13,400928.41915947525
mixto,Loss Incurred,month,cumulative,Synthetic,Portfolio,Auto,2018-12,14,405199.0052087627
mixto,Loss Incurred,month,cumulative,Synthetic,Portfolio,Auto,2018-12,15,408906.60909037775
mixto,Loss Incurred,month,cumulative,Synthetic,Portfolio,Auto,2018-12,16,412125.4475318276
mixto,Loss Incurred,month,cumulative,Synthetic,Portfolio,Auto,2018-12,17,414919.9534291628
mixto,Loss Incurred,month,cumulative,Synthetic,Portfolio,Auto,2018-12,18,417346.06562842045
mixto,Loss Incurred,month,cumulative,Synthetic,Portfolio,Auto,2018-12,19,415715.6891240711
mixto,Loss Incurred,month,cumulative,Synthetic,Portfolio,Auto,2018-12,20,414121.8926071393
mixto,Loss Incurred,month,cumulative,Synthetic,Portfolio,Auto,2018-12,21,412574.8526690855
mixto,Loss Incurred,month,cumulative,Synthetic,Portfolio,Auto,2018-12,22,411082.14296509477
mixto,Loss Incurred,month,cumulative,Synthetic,Portfolio,Auto,2018-12,23,409649.1834333308
mixto,Loss Incurred,month,cumulative,Synthetic,Portfolio,Auto,2018-12,24,408279.62137345306
mixto,Loss Incurred,month,cumulative,Synthetic,Portfolio,Auto,2018-12,25,406975.6541174977
mixto,Loss Incurred,month,cumulative,Synthetic,Portfolio,Auto,2018-12,26,405738.3016800279
mixto,Loss Incurred,month,cumulative,Synthetic,Portfolio,Auto,2018-12,27,404567.6366110527
mixto,Loss Incurred,month,cumulative,Synthetic,Portfolio,Auto,2018-12,28,403462.97727001493
mixto,Loss Incurred,month,cumulative,Synthetic,Portfolio,Auto,2018-12,29,402423.04987093667
mixto,Loss Incurred,month,cumulative,Synthetic,Portfolio,Auto,2018-12,30,401446.12389911094
mixto,Loss Incurred,month,cumulative,Synthetic,Portfolio,Auto,2018-12,31,400530.1248526079
mixto,Loss Incurred,month,cumulative,Synthetic,Portfolio,Auto,2018-12,32,399672.72770346346
mixto,Loss Incurred,month,cumulative,Synthetic,Portfolio,Auto,2018-12,33,398871.43399176636
mixto,Loss Incurred,month,cumulative,Synthetic,Portfolio,Auto,2018-12,34,398123.63505057245
mixto,Loss Incurred,month,cumulative,Synthetic,Portfolio,Auto,2018-12,35,397426.6635016592
mixto,Loss Incurred,month,cumulative,Synthetic,Portfolio,Auto,2018-12,36,396777.8348538098
mixto,Loss Incurred,month,cumulative,Synthetic,Portfolio,Auto,2018-12,37,396174.48076984205
mixto,Loss Incurred,month,cumulative,Synthetic,Portfolio,Auto,2018-12,38,395613.97534013976
mixto,Loss Incurred,month,cumulative,Synthetic,Portfolio,Auto,2018-12,39,395093.7555039485
mixto,Loss Incurred,month,cumulative,Synthetic,Portfolio,Auto,2018-12,40,394611.33659080707
mixto,Loss Incurred,month,cumulative,Synthetic,Portfolio,Auto,2018-12,41,394164.32380940346
mixto,Loss Incurred,month,cumulative,Synthetic,Portfolio,Auto,2018-12,42,393750.420386612
mixto,Loss Incurred,month,cumulative,Synthetic,Portfolio,Auto,2018-12,43,393367.4329526552
mixto,Loss Incurred,month,cumulative,Synthetic,Portfolio,Auto,2018-12,44,393013.2746767887
mixto,Loss Incurred,month,cumulative,Synthetic,Portfolio,Auto,2018-12,45,392685.96657952963
mixto,Loss Incurred,month,cumulative,Synthetic,Portfolio,Auto,2018-12,46,392383.63738039514
mixto,Loss Incurred,month,cumulative,Synthetic,Portfolio,Auto,2018-12,47,392104.5221828256
mixto,Loss Incurred,month,cumulative,Synthetic,Portfolio,Auto,2018-12,48,391846.9602490617
mixto,Loss Incurred,month,cumulative,Synthetic,Portfolio,Auto,2018-12,49,391609.3920760599
mixto,Loss Incurred,month,cumulative,Synthetic,Portfolio,Auto,2018-12,50,391390.35594803584
mixto,Loss Incurred,month,cumulative,Synthetic,Portfolio,Auto,2018-12,51,391188.4841110673
mixto,Loss Incurred,month,cumulative,Synthetic,Portfolio,Auto,2018-12,52,391002.49868958065
mixto,Loss Incurred,month,cumulative,Synthetic,Portfolio,Auto,2018-12,53,390831.2074428669
mixto,Loss Incurred,month,cumulative,Synthetic,Portfolio,Auto,2018-12,54,390673.49944144115
mixto,Loss Incurred,month,cumulative,Synthetic,Portfolio,Auto,2018-12,55,390528.34072759753
mixto,Loss Incurred,month,cumulative,Synthetic,Portfolio,Auto,2018-12,56,390394.7700115082
mixto,Loss Incurred,month,cumulative,Synthetic,Portfolio,Auto,2018-12,57,390271.894443298
mixto,Loss Incurred,month,cumulative,Synthetic,Portfolio,Auto,2018-12,58,390158.8854924079
mixto,Loss Incurred,month,cumulative,Synthetic,Portfolio,Auto,2018-12,59,390054.9749579511
mixto,Loss Incurred,month,cumulative,Synthetic,Portfolio,Auto,2018-12,60,389959.4511274625
mixto,Loss Incurred,month,cumulative,Synthetic,Portfolio,Auto,2018-12,61,389871.65509622917
mixto,Loss Incurred,month,cumulative,Synthetic,Portfolio,Auto,2018-12,62,389790.9772551145
mixto,Loss Incurred,month,cumulative,Synthetic,Portfolio,Auto,2018-12,63,389716.85395130096
mixto,Loss Incurred,month,cumulative,Synthetic,Portfolio,Auto,2018-12,64,389648.7643235494
mixto,Loss Incurred,month,cumulative,Synthetic,Portfolio,Auto,2018-12,65,389586.22731131484
mixto,Loss Incurred,month,cumulative,Synthetic,Portfolio,Auto,2018-12,66,389528.7988352627
mixto,Loss Incurred,month,cumulative,Synthetic,Portfolio,Auto,2018-12,67,389476.069145336
mixto,Loss Incurred,month,cumulative,Synthetic,Portfolio,Auto,2018-12,68,389427.66033145104
mixto,Loss Incurred,month,cumulative,Synthetic,Portfolio,Auto,2018-12,69,389383.22399110795
mixto,Loss Incurred,month,cumulative,Synthetic,Portfolio,Auto,2018-12,70,389342.4390476319
mixto,Loss Incurred,month,cumulative,Synthetic,Portfolio,Auto,2018-12,71,389305.009712376
mixto,Loss Incurred,month,cumulative,Synthetic,Portfolio,Auto,2018-12,72,389270.6635839912
mixto,Loss Incurred,month,cumulative,Synthetic,Portfolio,Auto,2018-12,73,389239.1498777574
mixto,Loss Incurred,month,cumulative,Synthetic,Portfolio,Auto,2018-12,74,389210.23777796555
mixto,Loss Incurred,month,cumulative,Synthetic,Portfolio,Auto,2018-12,75,389183.7149064097
mixto,Loss Incurred,month,cumulative,Synthetic,Portfolio,Auto,2018-12,76,389159.3859001862
mixto,Loss Incurred,month,cumulative,Synthetic,Portfolio,Auto,2018-12,77,389137.07109217625
mixto,Loss Incurred,month,cumulative,Synthetic,Portfolio,Auto,2018-12,78,389116.60528780526
mixto,Loss Incurred,month,cumulative,Synthetic,Portfolio,Auto,2018-12,79,389097.8366319217
mixto,Loss Incurred,month,cumulative,Synthetic,Portfolio,Auto,2018-12,80,389080.62555989594
mixto,Loss Incurred,month,cumulative,Synthetic,Portfolio,Auto,2018-12,81,389064.8438273178
mixto,Loss Incurred,month,cumulative,Synthetic,Portfolio,Auto,2018-12,82,389050.3736129476
mixto,Loss Incurred,month,cumulative,Synthetic,Portfolio,Auto,2018-12,83,389037.1066898623
mixto,Loss Incurred,month,cumulative,Synthetic,Portfolio,Auto,2018-12,84,389024.9436600175
mixto,Loss Incurred,month,cumulative,Synthetic,Portfolio,Auto,2019-01,0,270298.72128098225
mixto,Loss Incurred,month,cumulative,Synthetic,Portfolio,Auto,2019-01,1,303230.1135139997
mixto,Loss Incurred,month,cumulative,Synthetic,Portfolio,Auto,2019-01,2,331491.98792609206
mixto,Loss Incurred,month,cumulative,Synthetic,Portfolio,Auto,2019-01,3,355746.4603648267
mixto,Loss Incurred,month,cumulative,Synthetic,Portfolio,Auto,2019-01,4,376561.76173880894
mixto,Loss Incurred,month,cumulative,Synthetic,Portfolio,Auto,2019-01,5,394425.55046413105
mixto,Loss Incurred,month,cumulative,Synthetic,Portfolio,Auto,2019-01,6,409756.337268007
mixto,Loss Incurred,month,cumulative,Synthetic,Portfolio,Auto,2019-01,7,422913.2900085381
mixto,Loss Incurred,month,cumulative,Synthetic,Portfolio,Auto,2019-01,8,434204.6482167682
mixto,Loss Incurred,month,cumulative,Synthetic,Portfolio,Auto,2019-01,9,443894.9444959215
mixto,Loss Incurred,month,cumulative,Synthetic,Portfolio,Auto,2019-01,10,452211.20195991104
mixto,Loss Incurred,month,cumulative,Synthetic,Portfolio,Auto,2019-01,11,459348.25290397194
mixto,Loss Incurred,month,cumulative,Synthetic,Portfolio,Auto,2019-01,12,465473.30331260664
mixto,Loss Incurred,month,cumulative,Synthetic,Portfolio,Auto,2019-01,13,470729.85014159285
mixto,Loss Incurred,month,cumulative,Synthetic,Portfolio,Auto,2019-01,14,475241.0431476736
mixto,Loss Incurred,month,cumulative,Synthetic,Portfolio,Auto,2019-01,15,479112.5700264776
mixto,Loss Incurred,month,cumulative,Synthetic,Portfolio,Auto,2019-01,16,482435.1324513391
mixto,Loss Incurred,month,cumulative,Synthetic,Portfolio,Auto,2019-01,17,485286.57102136186
mixto,Loss Incurred,month,cumulative,Synthetic,Portfolio,Auto,2019-01,18,487733.68890175864
mixto,Loss Incurred,month,cumulative,Synthetic,Portfolio,Auto,2019-01,19,489833.8168804969
mixto,Loss Incurred,month,cumulative,Synthetic,Portfolio,Auto,2019-01,20,487368.51806175103
mixto,Loss Incurred,month,cumulative,Synthetic,Portfolio,Auto,2019-01,21,485005.2856564351
mixto,Loss Incurred,month,cumulative,Synthetic,Portfolio,Auto,2019-01,22,482750.38784209243
mixto,Loss Incurred,month,cumulative,Synthetic,Portfolio,Auto,2019-01,23,480607.4659175935
mixto,Loss Incurred,month,cumulative,Synthetic,Portfolio,Auto,2019-01,24,478578.0524340881
mixto,Loss Incurred,month,cumulative,Synthetic,Portfolio,Auto,2019-01,25,476662.0036517292
mixto,Loss Incurred,month,cumulative,Synthetic,Portfolio,Auto,2019-01,26,474857.85949321056
mixto,Loss Incurred,month,cumulative,Synthetic,Portfolio,Auto,2019-01,27,473163.1422118603
mixto,Loss Incurred,month,cumulative,Synthetic,Portfolio,Auto,2019-01,28,471574.60332287615
mixto,Loss Incurred,month,cumulative,Synthetic,Portfolio,Auto,2019-01,29,470088.4269203883
mixto,Loss Incurred,month,cumulative,Synthetic,Portfolio,Auto,2019-01,30,468700.39628536266
mixto,Loss Incurred,month,cumulative,Synthetic,Portfolio,Auto,2019-01,31,467406.02964985557
mixto,Loss Incurred,month,cumulative,Synthetic,Portfolio,Auto,2019-01,32,466200.69009609823
mixto,Loss Incurred,month,cumulative,Synthetic,Portfolio,Auto,2019-01,33,465079.67381226056
mixto,Loss Incurred,month,cumulative,Synthetic,Portfolio,Auto,2019-01,34,464038.2802816627
mixto,Loss Incurred,month,cumulative,Synthetic,Portfolio,Auto,2019-01,35,463071.867432467
mixto,Loss Incurred,month,cumulative,Synthetic,Portfolio,Auto,2019-01,36,462175.894306683
mixto,Loss Incurred,month,cumulative,Synthetic,Portfolio,Auto,2019-01,37,461345.9534087537
mixto,Loss Incurred,month,cumulative,Synthetic,Portfolio,Auto,2019-01,38,460577.79455495503
mixto,Loss Incurred,month,cumulative,Synthetic,Portfolio,Auto,2019-01,39,459867.3417566049
mixto,Loss Incurred,month,cumulative,Synthetic,Portfolio,Auto,2019-01,40,459210.70442523184
mixto,Loss Incurred,month,cumulative,Synthetic,Portfolio,Auto,2019-01,41,458604.1839800348
mixto,Loss Incurred,month,cumulative,Synthetic,Portfolio,Auto,2019-01,42,458044.2767617074
mixto,Loss Incurred,month,cumulative,Synthetic,Portfolio,Auto,2019-01,43,457527.6740073849
mixto,Loss Incurred,month,cumulative,Synthetic,Portfolio,Auto,2019-01,44,457051.2595150875
mixto,Loss Incurred,month,cumulative,Synthetic,Portfolio,Auto,2019-01,45,456612.1055191972
mixto,Loss Incurred,month,cumulative,Synthetic,Portfolio,Auto,2019-01,46,456207.4672083029
mixto,Loss Incurred,month,cumulative,Synthetic,Portfolio,Auto,2019-01,47,455834.7762407026
mixto,Loss Incurred,month,cumulative,Synthetic,Portfolio,Auto,2019-01,48,455491.6335488243
mixto,Loss Incurred,month,cumulative,Synthetic,Portfolio,Auto,2019-01,49,455175.8016700372
mixto,Loss Incurred,month,cumulative,Synthetic,Portfolio,Auto,2019-01,50,454885.19679620006
mixto,Loss Incurred,month,cumulative,Synthetic,Portfolio,Auto,2019-01,51,454617.8806965229
mixto,Loss Incurred,month,cumulative,Synthetic,Portfolio,Auto,2019-01,52,454372.0526367999
mixto,Loss Incurred,month,cumulative,Synthetic,Portfolio,Auto,2019-01,53,454146.0413918029
mixto,Loss Incurred,month,cumulative,Synthetic,Portfolio,Auto,2019-01,54,453938.2974258417
mixto,Loss Incurred,month,cumulative,Synthetic,Portfolio,Auto,2019-01,55,453747.38529846596
mixto,Loss Incurred,month,cumulative,Synthetic,Portfolio,Auto,2019-01,56,453571.9763374314
mixto,Loss Incurred,month,cumulative,Synthetic,Portfolio,Auto,2019-01,57,453410.84160887625
mixto,Loss Incurred,month,cumulative,Synthetic,Portfolio,Auto,2019-01,58,453262.84520472225
mixto,Loss Incurred,month,cumulative,Synthetic,Portfolio,Auto,2019-01,59,453126.93785926787
mixto,Loss Incurred,month,cumulative,Synthetic,Portfolio,Auto,2019-01,60,453002.1509004709
mixto,Loss Incurred,month,cumulative,Synthetic,Portfolio,Auto,2019-01,61,452887.59053626796
mixto,Loss Incurred,month,cumulative,Synthetic,Portfolio,Auto,2019-01,62,452782.43247222115
mixto,Loss Incurred,month,cumulative,Synthetic,Portfolio,Auto,2019-01,63,452685.9168536387
mixto,Loss Incurred,month,cumulative,Synthetic,Portfolio,Auto,2019-01,64,452597.3435229265
mixto,Loss Incurred,month,cumulative,Synthetic,Portfolio,Auto,2019-01,65,452516.0675811539
mixto,Loss Incurred,month,cumulative,Synthetic,Portfolio,Auto,2019-01,66,452441.4952415625
mixto,Loss Incurred,month,cumulative,Synthetic,Portfolio,Auto,2019-01,67,452373.0799618915
mixto,Loss Incurred,month,cumulative,Synthetic,Portfolio,Auto,2019-01,68,452310.3188418956
mixto,Loss Incurred,month,cumulative,Synthetic,Portfolio,Auto,2019-01,69,452252.7492721836
mixto,Loss Incurred,month,cumulative,Synthetic,Portfolio,Auto,2019-01,70,452199.94582048827
mixto,Loss Incurred,month,cumulative,Synthetic,Portfolio,Auto,2019-01,71,452151.5173416239
mixto,Loss Incurred,month,cumulative,Synthetic,Portfolio,Auto,2019-01,72,452107.10429766873
mixto,Loss Incurred,month,cumulative,Synthetic,Portfolio,Auto,2019-01,73,452066.37627528486
mixto,Loss Incurred,month,cumulative,Synthetic,Portfolio,Auto,2019-01,74,452029.0296875486
mixto,Loss Incurred,month,cumulative,Synthetic,Portfolio,Auto,2019-01,75,451994.78564816294
mixto,Loss Incurred,month,cumulative,Synthetic,Portfolio,Auto,2019-01,76,451963.38800647575
mixto,Loss Incurred,month,cumulative,Synthetic,Portfolio,Auto,2019-01,77,451934.6015322822
mixto,Loss Incurred,month,cumulative,Synthetic,Portfolio,Auto,2019-01,78,451908.2102399731
mixto,Loss Incurred,month,cumulative,Synthetic,Portfolio,Auto,2019-01,79,451884.01584216027
mixto,Loss Incurred,month,cumulative,Synthetic,Portfolio,Auto,2019-01,80,451861.8363234834
mixto,Loss Incurred,month,cumulative,Synthetic,Portfolio,Auto,2019-01,81,451841.50462586054
mixto,Loss Incurred,month,cumulative,Synthetic,Portfolio,Auto,2019-01,82,451822.8674369894
mixto,Loss Incurred,month,cumulative,Synthetic,Portfolio,Auto,2019-01,83,451805.7840744255
mixto,Loss Incurred,month,cumulative,Synthetic,Portfolio,Auto,2019-02,0,232965.87459923094
mixto,Loss Incurred,month,cumulative,Synthetic,Portfolio,Auto,2019-02,1,260946.01411993755
mixto,Loss Incurred,month,cumulative,Synthetic,Portfolio,Auto,2019-02,2,285038.2555752043
mixto,Loss Incurred,month,cumulative,Synthetic,Portfolio,Auto,2019-02,3,305782.8304158452
mixto,Loss Incurred,month,cumulative,Synthetic,Portfolio,Auto,2019-02,4,323644.9038189356
mixto,Loss Incurred,month,cumulative,Synthetic,Portfolio,Auto,2019-02,5,339025.0053012917
mixto,Loss Incurred,month,cumulative,Synthetic,Portfolio,Auto,2019-02,6,352268.0099777056
mixto,Loss Incurred,month,cumulative,Synthetic,Portfolio,Auto,2019-02,7,363670.87185483356
mixto,Loss Incurred,month,cumulative,Synthetic,Portfolio,Auto,2019-02,8,373489.28256795806
mixto,Loss Incurred,month,cumulative,Synthetic,Portfolio,Auto,2019-02,9,381943.40487254906
mixto,Loss Incurred,month,cumulative,Synthetic,Portfolio,Auto,2019-02,10,389222.80945535423
mixto,Loss Incurred,month,cumulative,Synthetic,Portfolio,Auto,2019-02,11,395490.72576541174
mixto,Loss Incurred,month,cumulative,Synthetic,Portfolio,Auto,2019-02,12,400887.7021833296
mixto,Loss Incurred,month,cumulative,Synthetic,Portfolio,Auto,2019-02,13,405534.7576025006
mixto,Loss Incurred,month,cumulative,Synthetic,Portfolio,Auto,2019-02,14,409536.0950916085
mixto,Loss Incurred,month,cumulative,Synthetic,Portfolio,Auto,2019-02,15,412981.4384881365
mixto,Loss Incurred,month,cumulative,Synthetic,Portfolio,Auto,2019-02,16,415948.04431739025
mixto,Loss Incurred,month,cumulative,Synthetic,Portfolio,Auto,2019-02,17,418502.4341512253
mixto,Loss Incurred,month,cumulative,Synthetic,Portfolio,Auto,2019-02,18,417429.2299273339
mixto,Loss Incurred,month,cumulative,Synthetic,Portfolio,Auto,2019-02,19,416300.24999596126
mixto,Loss Incurred,month,cumulative,Synthetic,Portfolio,Auto,2019-02,20,415138.8870535662
mixto,Loss Incurred,month,cumulative,Synthetic,Portfolio,Auto,2019-02,21,413964.0891424054
mixto,Loss Incurred,month,cumulative,Synthetic,Portfolio,Auto,2019-02,22,412791.06841188413
mixto,Loss Incurred,month,cumulative,Synthetic,Portfolio,Auto,2019-02,23,411631.90443610336
mixto,Loss Incurred,month,cumulative,Synthetic,Portfolio,Auto,2019-02,24,410496.05727057793
mixto,Loss Incurred,month,cumulative,Synthetic,Portfolio,Auto,2019-02,25,409390.80328083155
mixto,Loss Incurred,month,cumulative,Synthetic,Portfolio,Auto,2019-02,26,408321.6049271822
mixto,Loss Incurred,month,cumulative,Synthetic,Portfolio,Auto,2019-02,27,407292.42410134553
mixto,Loss Incurred,month,cumulative,Synthetic,Portfolio,Auto,2019-02,28,406305.98724518466
mixto,Loss Incurred,month,cumulative,Synthetic,Portfolio,Auto,2019-02,29,405364.00930878974
mixto,Loss Incurred,month,cumulative,Synthetic,Portfolio,Auto,2019-02,30,404467.3825971886
mixto,Loss Incurred,month,cumulative,Synthetic,Portfolio,Auto,2019-02,31,403616.33568924235
mixto,Loss Incurred,month,cumulative,Synthetic,Portfolio,Auto,2019-02,32,402810.5668687419
mixto,Loss Incurred,month,cumulative,Synthetic,Portfolio,Auto,2019-02,33,402049.35586928955
mixto,Loss Incurred,month,cumulative,Synthetic,Portfolio,Auto,2019-02,34,401331.6571864585
mixto,Loss Incurred,month,cumulative,Synthetic,Portfolio,Auto,2019-02,35,400656.177740311
mixto,Loss Incurred,month,cumulative,Synthetic,Portfolio,Auto,2019-02,36,400021.44126770674
mixto,Loss Incurred,month,cumulative,Synthetic,Portfolio,Auto,2019-02,37,399425.8414775676
mixto,Loss Incurred,month,cumulative,Synthetic,Portfolio,Auto,2019-02,38,398867.6857053003
mixto,Loss Incurred,month,cumulative,Synthetic,Portfolio,Auto,2019-02,39,398345.2305479895
mixto,Loss Incurred,month,cumulative,Synthetic,Portfolio,Auto,2019-02,40,397856.7107437745
mixto,Loss Incurred,month,cumulative,Synthetic,Portfolio,Auto,2019-02,41,397400.3623718825
mixto,Loss Incurred,month,cumulative,Synthetic,Portfolio,Auto,2019-02,42,396974.44128969975
mixto,Loss Incurred,month,cumulative,Synthetic,Portfolio,Auto,2019-02,43,396577.237586217
mixto,Loss Incurred,month,cumulative,Synthetic,Portfolio,Auto,2019-02,44,396207.0867139194
mixto,Loss Incurred,month,cumulative,Synthetic,Portfolio,Auto,2019-02,45,395862.37786091625
mixto,Loss Incurred,month,cumulative,Synthetic,Portfolio,Auto,2019-02,46,395541.5600393823
mixto,Loss Incurred,month,cumulative,Synthetic,Portfolio,Auto,2019-02,47,395243.1462931665
mixto,Loss Incurred,month,cumulative,Synthetic,Portfolio,Auto,2019-02,48,394965.716364916
mixto,Loss Incurred,month,cumulative,Synthetic,Portfolio,Auto,2019-02,49,394707.9181097373
mixto,Loss Incurred,month,cumulative,Synthetic,Portfolio,Auto,2019-02,50,394468.4678969675
mixto,Loss Incurred,month,cumulative,Synthetic,Portfolio,Auto,2019-02,51,394246.15020291245
mixto,Loss Incurred,month,cumulative,Synthetic,Portfolio,Auto,2019-02,52,394039.8165644724
mixto,Loss Incurred,month,cumulative,Synthetic,Portfolio,Auto,2019-02,53,393848.38403556915
mixto,Loss Incurred,month,cumulative,Synthetic,Portfolio,Auto,2019-02,54,393670.8332645234
mixto,Loss Incurred,month,cumulative,Synthetic,Portfolio,Auto,2019-02,55,393506.2062903592
mixto,Loss Incurred,month,cumulative,Synthetic,Portfolio,Auto,2019-02,56,393353.6041389475
mixto,Loss Incurred,month,cumulative,Synthetic,Portfolio,Auto,2019-02,57,393212.18428545725
mixto,Loss Incurred,month,cumulative,Synthetic,Portfolio,Auto,2019-02,58,393081.15803739725
mixto,Loss Incurred,month,cumulative,Synthetic,Portfolio,Auto,2019-02,59,392959.7878822646
mixto,Loss Incurred,month,cumulative,Synthetic,Portfolio,Auto,2019-02,60,392847.38483517914
mixto,Loss Incurred,month,cumulative,Synthetic,Portfolio,Auto,2019-02,61,392743.3058146427
mixto,Loss Incurred,month,cumulative,Synthetic,Portfolio,Auto,2019-02,62,392646.95106850547
mixto,Loss Incurred,month,cumulative,Synthetic,Portfolio,Auto,2019-02,63,392557.7616671668
mixto,Loss Incurred,month,cumulative,Synthetic,Portfolio,Auto,2019-02,64,392475.2170768409
mixto,Loss Incurred,month,cumulative,Synthetic,Portfolio,Auto,2019-02,65,392398.8328222425
mixto,Loss Incurred,month,cumulative,Synthetic,Portfolio,Auto,2019-02,66,392328.1582451808
mixto,Loss Incurred,month,cumulative,Synthetic,Portfolio,Auto,2019-02,67,392262.77436321246
mixto,Loss Incurred,month,cumulative,Synthetic,Portfolio,Auto,2019-02,68,392202.29183058196
mixto,Loss Incurred,month,cumulative,Synthetic,Portfolio,Auto,2019-02,69,392146.34900214797
mixto,Loss Incurred,month,cumulative,Synthetic,Portfolio,Auto,2019-02,70,392094.6100997503
mixto,Loss Incurred,month,cumulative,Synthetic,Portfolio,Auto,2019-02,71,392046.76347950177
mixto,Loss Incurred,month,cumulative,Synthetic,Portfolio,Auto,2019-02,72,392002.51999772736
mixto,Loss Incurred,month,cumulative,Synthetic,Portfolio,Auto,2019-02,73,391961.6114726924
mixto,Loss Incurred,month,cumulative,Synthetic,Portfolio,Auto,2019-02,74,391923.7892388315
mixto,Loss Incurred,month,cumulative,Synthetic,Portfolio,Auto,2019-02,75,391888.8227898807
mixto,Loss Incurred,month,cumulative,Synthetic,Portfolio,Auto,2019-02,76,391856.49850710976
mixto,Loss Incurred,month,cumulative,Synthetic,Portfolio,Auto,2019-02,77,391826.61846872634
mixto,Loss Incurred,month,cumulative,Synthetic,Portfolio,Auto,2019-02,78,391798.99933646613
mixto,Loss Incurred,month,cumulative,Synthetic,Portfolio,Auto,2019-02,79,391773.47131538263
mixto,Loss Incurred,month,cumulative,Synthetic,Portfolio,Auto,2019-02,80,391749.8771828868
mixto,Loss Incurred,month,cumulative,Synthetic,Portfolio,Auto,2019-02,81,391728.07138316304
mixto,Loss Incurred,month,cumulative,Synthetic,Portfolio,Auto,2019-02,82,391707.91918318445
mixto,Loss Incurred,month,cumulative,Synthetic,Portfolio,Auto,2019-03,0,301869.1101120691
mixto,Loss Incurred,month,cumulative,Synthetic,Portfolio,Auto,2019-03,1,327718.9072643972
mixto,Loss Incurred,month,cumulative,Synthetic,Portfolio,Auto,2019-03,2,350378.6206423347
mixto,Loss Incurred,month,cumulative,Synthetic,Portfolio,Auto,2019-03,3,370241.9335861284
mixto,Loss Incurred,month,cumulative,Synthetic,Portfolio,Auto,2019-03,4,387653.9455795032
mixto,Loss Incurred,month,cumulative,Synthetic,Portfolio,Auto,2019-03,5,402917.16790879524
mixto,Loss Incurred,month,cumulative,Synthetic,Portfolio,Auto,2019-03,6,416296.7794069979
mixto,Loss Incurred,month,cumulative,Synthetic,Portfolio,Auto,2019-03,7,428025.2335945049
mixto,Loss Incurred,month,cumulative,Synthetic,Portfolio,Auto,2019-03,8,438306.29725968896
mixto,Loss Incurred,month,cumulative,Synthetic,Portfolio,Auto,2019-03,9,447318.5906444523
mixto,Loss Incurred,month,cumulative,Synthetic,Portfolio,Auto,2019-03,10,455218.69074091385
mixto,Loss Incurred,month,cumulative,Synthetic,Portfolio,Auto,2019-03,11,462143.85161501827
mixto,Loss Incurred,month,cumulative,Synthetic,Portfolio,Auto,2019-03,12,468214.3890191843
mixto,Loss Incurred,month,cumulative,Synthetic,Portfolio,Auto,2019-03,13,473535.7707235688
mixto,Loss Incurred,month,cumulative,Synthetic,Portfolio,Auto,2019-03,14,478200.44888275873
mixto,Loss Incurred,month,cumulative,Synthetic,Portfolio,Auto,2019-03,15,482289.46627290297
mixto,Loss Incurred,month,cumulative,Synthetic,Portfolio,Auto,2019-03,16,485873.8643055863
mixto,Loss Incurred,month,cumulative,Synthetic,Portfolio,Auto,2019-03,17,489015.9172808737
mixto,Loss Incurred,month,cumulative,Synthetic,Portfolio,Auto,2019-03,18,491770.21432308084
mixto,Loss Incurred,month,cumulative,Synthetic,Portfolio,Auto,2019-03,19,489224.0485966974
mixto,Loss Incurred,month,cumulative,Synthetic,Portfolio,Auto,2019-03,20,486763.1265116508
mixto,Loss Incurred,month,cumulative,Synthetic,Portfolio,Auto,2019-03,21,484394.6164444797
mixto,Loss Incurred,month,cumulative,Synthetic,Portfolio,Auto,2019-03,22,482123.43573333096
mixto,Loss Incurred,month,cumulative,Synthetic,Portfolio,Auto,2019-03,23,479952.63402873854
mixto,Loss Incurred,month,cumulative,Synthetic,Portfolio,Auto,2019-03,24,477883.7211817188
mixto,Loss Incurred,month,cumulative,Synthetic,Portfolio,Auto,2019-03,25,475916.94714363693
mixto,Loss Incurred,month,cumulative,Synthetic,Portfolio,Auto,2019-03,26,474051.540381226
mixto,Loss Incurred,month,cumulative,Synthetic,Portfolio,Auto,2019-03,27,472285.9104626705
mixto,Loss Incurred,month,cumulative,Synthetic,Portfolio,Auto,2019-03,28,470617.8197312453
mixto,Loss Incurred,month,cumulative,Synthetic,Portfolio,Auto,2019-03,29,469044.5283380389
mixto,Loss Incurred,month,cumulative,Synthetic,Portfolio,Auto,2019-03,30,467562.9163428618
mixto,Loss Incurred,month,cumulative,Synthetic,Portfolio,Auto,2019-03,31,466169.5861021624
mixto,Loss Incurred,month,cumulative,Synthetic,Portfolio,Auto,2019-03,32,464860.9477354979
mixto,Loss Incurred,month,cumulative,Synthetic,Portfolio,Auto,2019-03,33,463633.2900898979
mixto,Loss Incurred,month,cumulative,Synthetic,Portfolio,Auto,2019-03,34,462482.8392973063
mixto,Loss Incurred,month,cumulative,Synthetic,Portfolio,Auto,2019-03,35,461405.80673813215
mixto,Loss Incurred,month,cumulative,Synthetic,Portfolio,Auto,2019-03,36,460398.4279784139
mixto,Loss Incurred,month,cumulative,Synthetic,Portfolio,Auto,2019-03,37,459456.99403456476
mixto,Loss Incurred,month,cumulative,Synthetic,Portfolio,Auto,2019-03,38,458577.8761340345
mixto,Loss Incurred,month,cumulative,Synthetic,Portfolio,Auto,2019-03,39,457757.5449789268
mixto,Loss Incurred,month,cumulative,Synthetic,Portfolio,Auto,2019-03,40,456992.5853795523
mixto,Loss Incurred,month,cumulative,Synthetic,Portfolio,Auto,2019-03,41,456279.7070033276
mixto,Loss Incurred,month,cumulative,Synthetic,Portfolio,Auto,2019-03,42,455615.7518790042
mixto,Loss Incurred,month,cumulative,Synthetic,Portfolio,Auto,2019-03,43,454997.6992048223
mixto,Loss Incurred,month,cumulative,Synthetic,Portfolio,Auto,2019-03,44,454422.6679300419
mixto,Loss Incurred,month,cumulative,Synthetic,Portfolio,Auto,2019-03,45,453887.91751079756
mixto,Loss Incurred,month,cumulative,Synthetic,Portfolio,Auto,2019-03,46,453390.8471820105
mixto,Loss Incurred,month,cumulative,Synthetic,Portfolio,Auto,2019-03,47,452928.9940359089
mixto,Loss Incurred,month,cumulative,Synthetic,Portfolio,Auto,2019-03,48,452500.0301535681
mixto,Loss Incurred,month,cumulative,Synthetic,Portfolio,Auto,2019-03,49,452101.75899780187
mixto,Loss Incurred,month,cumulative,Synthetic,Portfolio,Auto,2019-03,50,451732.11124297086
mixto,Loss Incurred,month,cumulative,Synthetic,Portfolio,Auto,2019-03,51,451389.1401890788
mixto,Loss Incurred,month,cumulative,Synthetic,Portfolio,Auto,2019-03,52,451071.0168833302
mixto,Loss Incurred,month,cumulative,Synthetic,Portfolio,Auto,2019-03,53,450776.02505156724
mixto,Loss Incurred,month,cumulative,Synthetic,Portfolio,Auto,2019-03,54,450502.5559242426
mixto,Loss Incurred,month,cumulative,Synthetic,Portfolio,Auto,2019-03,55,450249.1030264101
mixto,Loss Incurred,month,cumulative,Synthetic,Portfolio,Auto,2019-03,56,450014.2569882786
mixto,Loss Incurred,month,cumulative,Synthetic,Portfolio,Auto,2019-03,57,449796.7004218709
mixto,Loss Incurred,month,cumulative,Synthetic,Portfolio,Auto,2019-03,58,449595.20289999584
mixto,Loss Incurred,month,cumulative,Synthetic,Portfolio,Auto,2019-03,59,449408.6160658454
mixto,Loss Incurred,month,cumulative,Synthetic,Portfolio,Auto,2019-03,60,449235.8688948718
mixto,Loss Incurred,month,cumulative,Synthetic,Portfolio,Auto,2019-03,61,449075.96312501095
mixto,Loss Incurred,month,cumulative,Synthetic,Portfolio,Auto,2019-03,62,448927.9688666416
mixto,Loss Incurred,month,cumulative,Synthetic,Portfolio,Auto,2019-03,63,448791.0203997782
mixto,Loss Incurred,month,cumulative,Synthetic,Portfolio,Auto,2019-03,64,448664.31216278096
mixto,Loss Incurred,month,cumulative,Synthetic,Portfolio,Auto,2019-03,65,448547.0949342178
mixto,Loss Incurred,month,cumulative,Synthetic,Portfolio,Auto,2019-03,66,448438.6722073633
mixto,Loss Incurred,month,cumulative,Synthetic,Portfolio,Auto,2019-03,67,448338.3967550784
mixto,Loss Incurred,month,cumulative,Synthetic,Portfolio,Auto,2019-03,68,448245.66738143255
mixto,Loss Incurred,month,cumulative,Synthetic,Portfolio,Auto,2019-03,69,448159.9258553448
mixto,Loss Incurred,month,cumulative,Synthetic,Portfolio,Auto,2019-03,70,448080.6540206881
mixto,Loss Incurred,month,cumulative,Synthetic,Portfolio,Auto,2019-03,71,448007.37107667956
mixto,Loss Incurred,month,cumulative,Synthetic,Portfolio,Auto,2019-03,72,447939.63102193864
mixto,Loss Incurred,month,cumulative,Synthetic,Portfolio,Auto,2019-03,73,447877.0202552979
mixto,Loss Incurred,month,cumulative,Synthetic,Portfolio,Auto,2019-03,74,447819.1553262787
mixto,Loss Incurred,month,cumulative,Synthetic,Portfolio,Auto,2019-03,75,447765.6808280739
mixto,Loss Incurred,month,cumulative,Synthetic,Portfolio,Auto,2019-03,76,447716.2674258856
mixto,Loss Incurred,month,cumulative,Synthetic,Portfolio,Auto,2019-03,77,447670.6100135473
mixto,Loss Incurred,month,cumulative,Synthetic,Portfolio,Auto,2019-03,78,447628.4259914816
mixto,Loss Incurred,month,cumulative,Synthetic,Portfolio,Auto,2019-03,79,447589.4536592241
mixto,Loss Incurred,month,cumulative,Synthetic,Portfolio,Auto,2019-03,80,447553.45071593876
mixto,Loss Incurred,month,cumulative,Synthetic,Portfolio,Auto,2019-03,81,447520.1928625801
mixto,Loss Incurred,month,cumulative,Synthetic,Portfolio,Auto,2019-04,0,282393.0428868319
mixto,Loss Incurred,month,cumulative,Synthetic,Portfolio,Auto,2019-04,1,313629.18282373383
mixto,Loss Incurred,month,cumulative,Synthetic,Portfolio,Auto,2019-04,2,340672.6593040823
mixto,Loss Incurred,month,cumulative,Synthetic,Portfolio,Auto,2019-04,3,364086.23158351606
mixto,Loss Incurred,month,cumulative,Synthetic,Portfolio,Auto,2019-04,4,384357.12269038334
mixto,Loss Incurred,month,cumulative,Synthetic,Portfolio,Auto,2019-04,5,401907.1582578908
mixto,Loss Incurred,month,cumulative,Synthetic,Portfolio,Auto,2019-04,6,417101.5444739183
mixto,Loss Incurred,month,cumulative,Synthetic,Portfolio,Auto,2019-04,7,430256.4678126061
mixto,Loss Incurred,month,cumulative,Synthetic,Portfolio,Auto,2019-04,8,441645.6746937773
mixto,Loss Incurred,month,cumulative,Synthetic,Portfolio,Auto,2019-04,9,451506.1679891383
mixto,Loss Incurred,month,cumulative,Synthetic,Portfolio,Auto,2019-04,10,460043.13891628844
mixto,Loss Incurred,month,cumulative,Synthetic,Portfolio,Auto,2019-04,11,467434.23695043
mixto,Loss Incurred,month,cumulative,Synthetic,Portfolio,Auto,2019-04,12,473833.2666081925
mixto,Loss Incurred,month,cumulative,Synthetic,Portfolio,Auto,2019-04,13,479373.38803152856
mixto,Loss Incurred,month,cumulative,Synthetic,Portfolio,Auto,2019-04,14,484169.8879739963
mixto,Loss Incurred,month,cumulative,Synthetic,Portfolio,Auto,2019-04,15,488322.57885206724
mixto,Loss Incurred,month,cumulative,Synthetic,Portfolio,Auto,2019-04,16,491917.8757843426
mixto,Loss Incurred,month,cumulative,Synthetic,Portfolio,Auto,2019-04,17,495030.59484067495
mixto,Loss Incurred,month,cumulative,Synthetic,Portfolio,Auto,2019-04,18,497725.5099217285
mixto,Loss Incurred,month,cumulative,Synthetic,Portfolio,Auto,2019-04,19,500058.700666751
mixto,Loss Incurred,month,cumulative,Synthetic,Portfolio,Auto,2019-04,20,498071.3352813542
mixto,Loss Incurred,month,cumulative,Synthetic,Portfolio,Auto,2019-04,21,496092.10165778856
mixto,Loss Incurred,month,cumulative,Synthetic,Portfolio,Auto,2019-04,22,494137.9312647649
mixto,Loss Incurred,month,cumulative,Synthetic,Portfolio,Auto,2019-04,23,492222.2269574078
mixto,Loss Incurred,month,cumulative,Synthetic,Portfolio,Auto,2019-04,24,490355.4241326296
mixto,Loss Incurred,month,cumulative,Synthetic,Portfolio,Auto,2019-04,25,488545.47046386485
mixto,Loss Incurred,month,cumulative,Synthetic,Portfolio,Auto,2019-04,26,486798.2355689087
mixto,Loss Incurred,month,cumulative,Synthetic,Portfolio,Auto,2019-04,27,485117.8604110286
mixto,Loss Incurred,month,cumulative,Synthetic,Portfolio,Auto,2019-04,28,483507.05489053123
mixto,Loss Incurred,month,cumulative,Synthetic,Portfolio,Auto,2019-04,29,481967.3509231674
mixto,Loss Incurred,month,cumulative,Synthetic,Portfolio,Auto,2019-04,30,480499.3172985497
mixto,Loss Incurred,month,cumulative,Synthetic,Portfolio,Auto,2019-04,31,479102.74174486916
mixto,Loss Incurred,month,cumulative,Synthetic,Portfolio,Auto,2019-04,32,477776.7848772138
mixto,Loss Incurred,month,cumulative,Synthetic,Portfolio,Auto,2019-04,33,476520.11005977314
mixto,Loss Incurred,month,cumulative,Synthetic,Portfolio,Auto,2019-04,34,475330.9926533889
mixto,Loss Incurred,month,cumulative,Synthetic,Portfolio,Auto,2019-04,35,474207.4116373293
mixto,Loss Incurred,month,cumulative,Synthetic,Portfolio,Auto,2019-04,36,473147.126177526
mixto,Loss Incurred,month,cumulative,Synthetic,Portfolio,Auto,2019-04,37,472147.73935386323
mixto,Loss Incurred,month,cumulative,Synthetic,Portfolio,Auto,2019-04,38,471206.7509487484
mixto,Loss Incurred,month,cumulative,Synthetic,Portfolio,Auto,2019-04,39,470321.6009314114
mixto,Loss Incurred,month,cumulative,Synthetic,Portfolio,Auto,2019-04,40,469489.7050414171
mixto,Loss Incurred,month,cumulative,Synthetic,Portfolio,Auto,2019-04,41,468708.48367571796
mixto,Loss Incurred,month,cumulative,Synthetic,Portfolio,Auto,2019-04,42,467975.3851118981
mixto,Loss Incurred,month,cumulative,Synthetic,Portfolio,Auto,2019-04,43,467287.90395232535
mixto,Loss Incurred,month,cumulative,Synthetic,Portfolio,Auto,2019-04,44,466643.59554650635
mixto,Loss Incurred,month,cumulative,Synthetic,Portfolio,Auto,2019-04,45,466040.08703921345
mixto,Loss Incurred,month,cumulative,Synthetic,Portfolio,Auto,2019-04,46,465475.0855975313
mixto,Loss Incurred,month,cumulative,Synthetic,Portfolio,Auto,2019-04,47,464946.38428873103
mixto,Loss Incurred,month,cumulative,Synthetic,Portfolio,Auto,2019-04,48,464451.8660110491
mixto,Loss Incurred,month,cumulative,Synthetic,Portfolio,Auto,2019-04,49,463989.5058194239
mixto,Loss Incurred,month,cumulative,Synthetic,Portfolio,Auto,2019-04,50,463557.3719367143
mixto,Loss Incurred,month,cumulative,Synthetic,Portfolio,Auto,2019-04,51,463153.6256966903
mixto,Loss Incurred,month,cumulative,Synthetic,Portfolio,Auto,2019-04,52,462776.520627165
mixto,Loss Incurred,month,cumulative,Synthetic,Portfolio,Auto,2019-04,53,462424.4008491364
mixto,Loss Incurred,month,cumulative,Synthetic,Portfolio,Auto,2019-04,54,462095.69893999095
mixto,Loss Incurred,month,cumulative,Synthetic,Portfolio,Auto,2019-04,55,461788.9333850257
mixto,Loss Incurred,month,cumulative,Synthetic,Portfolio,Auto,2019-04,56,461502.7057212272
mixto,Loss Incurred,month,cumulative,Synthetic,Portfolio,Auto,2019-04,57,461235.6974598956
mixto,Loss Incurred,month,cumulative,Synthetic,Portfolio,Auto,2019-04,58,460986.6668599274
mixto,Loss Incurred,month,cumulative,Synthetic,Portfolio,Auto,2019-04,59,460754.4456109975
mixto,Loss Incurred,month,cumulative,Synthetic,Portfolio,Auto,2019-04,60,460537.9354751916
mixto,Loss Incurred,month,cumulative,Synthetic,Portfolio,Auto,2019-04,61,460336.1049265912
mixto,Loss Incurred,month,cumulative,Synthetic,Portfolio,Auto,2019-04,62,460147.9858206383
mixto,Loss Incurred,month,cumulative,Synthetic,Portfolio,Auto,2019-04,63,459972.6701186438
mixto,Loss Incurred,month,cumulative,Synthetic,Portfolio,Auto,2019-04,64,459809.30668734765
mixto,Loss Incurred,month,cumulative,Synthetic,Portfolio,Auto,2019-04,65,459657.09818886576
mixto,Loss Incurred,month,cumulative,Synthetic,Portfolio,Auto,2019-04,66,459515.29807252943
mixto,Loss Incurred,month,cumulative,Synthetic,Portfolio,Auto,2019-04,67,459383.20767693134
mixto,Loss Incurred,month,cumulative,Synthetic,Portfolio,Auto,2019-04,68,459260.17344784294
mixto,Loss Incurred,month,cumulative,Synthetic,Portfolio,Auto,2019-04,69,459145.5842754838
mixto,Loss Incurred,month,cumulative,Synthetic,Portfolio,Auto,2019-04,70,459038.8689528275
mixto,Loss Incurred,month,cumulative,Synthetic,Portfolio,Auto,2019-04,71,458939.4937551723
mixto,Loss Incurred,month,cumulative,Synthetic,Portfolio,Auto,2019-04,72,458846.96014001995
mixto,Loss Incurred,month,cumulative,Synthetic,Portfolio,Auto,2019-04,73,458760.8025653755
mixto,Loss Incurred,month,cumulative,Synthetic,Portfolio,Auto,2019-04,74,458680.5864238325
mixto,Loss Incurred,month,cumulative,Synthetic,Portfolio,Auto,2019-04,75,458605.906089241
mixto,Loss Incurred,month,cumulative,Synthetic,Portfolio,Auto,2019-04,76,458536.3830723267
mixto,Loss Incurred,month,cumulative,Synthetic,Portfolio,Auto,2019-04,77,458471.6642813166
mixto,Loss Incurred,month,cumulative,Synthetic,Portfolio,Auto,2019-04,78,458411.420383408
mixto,Loss Incurred,month,cumulative,Synthetic,Portfolio,Auto,2019-04,79,458355.34426279133
mixto,Loss Incurred,month,cumulative,Synthetic,Portfolio,Auto,2019-04,80,458303.149570862
mixto,Loss Incurred,month,cumulative,Synthetic,Portfolio,Auto,2019-05,0,216284.14105495336
mixto,Loss Incurred,month,cumulative,Synthetic,Portfolio,Auto,2019-05,1,236224.63007252393
mixto,Loss Incurred,month,cumulative,Synthetic,Portfolio,Auto,2019-05,2,253654.89378783735
mixto,Loss Incurred,month,cumulative,Synthetic,Portfolio,Auto,2019-05,3,268890.93403327296
mixto,Loss Incurred,month,cumulative,Synthetic,Portfolio,Auto,2019-05,4,282208.9724836372
mixto,Loss Incurred,month,cumulative,Synthetic,Portfolio,Auto,2019-05,5,293850.4584148993
mixto,Loss Incurred,month,cumulative,Synthetic,Portfolio,Auto,2019-05,6,304026.44605698826
mixto,Loss Incurred,month,cumulative,Synthetic,Portfolio,Auto,2019-05,7,312921.4208998365
mixto,Loss Incurred,month,cumulative,Synthetic,Portfolio,Auto,2019-05,8,320696.6443216547
mixto,Loss Incurred,month,cumulative,Synthetic,Portfolio,Auto,2019-05,9,327493.0771758518
mixto,Loss Incurred,month,cumulative,Synthetic,Portfolio,Auto,2019-05,10,333433.93533974595
mixto,Loss Incurred,month,cumulative,Synthetic,Portfolio,Auto,2019-05,11,338626.9235558676
mixto,Loss Incurred,month,cumulative,Synthetic,Portfolio,Auto,2019-05,12,343166.18806426344
mixto,Loss Incurred,month,cumulative,Synthetic,Portfolio,Auto,2019-05,13,347134.0234260335
mixto,Loss Incurred,month,cumulative,Synthetic,Portfolio,Auto,2019-05,14,350602.36448194523
mixto,Loss Incurred,month,cumulative,Synthetic,Portfolio,Auto,2019-05,15,353634.0904945781
mixto,Loss Incurred,month,cumulative,Synthetic,Portfolio,Auto,2019-05,16,356284.16511743236
mixto,Loss Incurred,month,cumulative,Synthetic,Portfolio,Auto,2019-05,17,358600.63285806344
mixto,Loss Incurred,month,cumulative,Synthetic,Portfolio,Auto,2019-05,18,357587.7722103139
mixto,Loss Incurred,month,cumulative,Synthetic,Portfolio,Auto,2019-05,19,356569.95997423993
mixto,Loss Incurred,month,cumulative,Synthetic,Portfolio,Auto,2019-05,20,355558.71825283434
mixto,Loss Incurred,month,cumulative,Synthetic,Portfolio,Auto,2019-05,21,354563.221907801
mixto,Loss Incurred,month,cumulative,Synthetic,Portfolio,Auto,2019-05,22,353590.6678321026
mixto,Loss Incurred,month,cumulative,Synthetic,Portfolio,Auto,2019-05,23,352646.5916648954
mixto,Loss Incurred,month,cumulative,Synthetic,Portfolio,Auto,2019-05,24,351735.13906467846
mixto,Loss Incurred,month,cumulative,Synthetic,Portfolio,Auto,2019-05,25,350859.29771959886
mixto,Loss Incurred,month,cumulative,Synthetic,Portfolio,Auto,2019-05,26,350021.0954582898
mixto,Loss Incurred,month,cumulative,Synthetic,Portfolio,Auto,2019-05,27,349221.76911482285
mixto,Loss Incurred,month,cumulative,Synthetic,Portfolio,Auto,2019-05,28,348461.9081837705
mixto,Loss Incurred,month,cumulative,Synthetic,Portfolio,Auto,2019-05,29,347741.57676413807
mixto,Loss Incurred,month,cumulative,Synthetic,Portfolio,Auto,2019-05,30,347060.4168237255
mixto,Loss Incurred,month,cumulative,Synthetic,Portfolio,Auto,2019-05,31,346417.73540929385
mixto,Loss Incurred,month,cumulative,Synthetic,Portfolio,Auto,2019-05,32,345812.57807487453
mixto,Loss Incurred,month,cumulative,Synthetic,Portfolio,Auto,2019-05,33,345243.79049382714
mixto,Loss Incurred,month,cumulative,Synthetic,Portfolio,Auto,2019-05,34,344710.0699538282
mixto,Loss Incurred,month,cumulative,Synthetic,Portfolio,Auto,2019-05,35,344210.0082026527
mixto,Loss Incurred,month,cumulative,Synthetic,Portfolio,Auto,2019-05,36,343742.1269118437
mixto,Loss Incurred,month,cumulative,Synthetic,Portfolio,Auto,2019-05,37,343304.9068511838
mixto,Loss Incurred,month,cumulative,Synthetic,Portfolio,Auto,2019-05,38,342896.8117158411
mixto,Loss Incurred,month,cumulative,Synthetic,Portfolio,Auto,2019-05,39,342516.3074171379
mixto,Loss Incurred,month,cumulative,Synthetic,Portfolio,Auto,2019-05,40,342161.8775344626
mixto,Loss Incurred,month,cumulative,Synthetic,Portfolio,Auto,2019-05,41,341832.0355276377
mixto,Loss Incurred,month,cumulative,Synthetic,Portfolio,Auto,2019-05,42,341525.33422405744
mixto,Loss Incurred,month,cumulative,Synthetic,Portfolio,Auto,2019-05,43,341240.3730214045
mixto,Loss Incurred,month,cumulative,Synthetic,Portfolio,Auto,2019-05,44,340975.8031832178
mixto,Loss Incurred,month,cumulative,Synthetic,Portfolio,Auto,2019-05,45,340730.33154971385
mixto,Loss Incurred,month,cumulative,Synthetic,Portfolio,Auto,2019-05,46,340502.7229389003
mixto,Loss Incurred,month,cumulative,Synthetic,Portfolio,Auto,2019-05,47,340291.8014721854
mixto,Loss Incurred,month,cumulative,Synthetic,Portfolio,Auto,2019-05,48,340096.4510234969
mixto,Loss Incurred,month,cumulative,Synthetic,Portfolio,Auto,2019-05,49,339915.61496063543
mixto,Loss Incurred,month,cumulative,Synthetic,Portfolio,Auto,2019-05,50,339748.29532154684
mixto,Loss Incurred,month,cumulative,Synthetic,Portfolio,Auto,2019-05,51,339593.5515458221
mixto,Loss Incurred,month,cumulative,Synthetic,Portfolio,Auto,2019-05,52,339450.4988625452
mixto,Loss Incurred,month,cumulative,Synthetic,Portfolio,Auto,2019-05,53,339318.3064191651
mixto,Loss Incurred,month,cumulative,Synthetic,Portfolio,Auto,2019-05,54,339196.19522200245
mixto,Loss Incurred,month,cumulative,Synthetic,Portfolio,Auto,2019-05,55,339083.4359469818
mixto,Loss Incurred,month,cumulative,Synthetic,Portfolio,Auto,2019-05,56,338979.34666893864
mixto,Loss Incurred,month,cumulative,Synthetic,Portfolio,Auto,2019-05,57,338883.2905491273
mixto,Loss Incurred,month,cumulative,Synthetic,Portfolio,Auto,2019-05,58,338794.6735131507
mixto,Loss Incurred,month,cumulative,Synthetic,Portfolio,Auto,2019-05,59,338712.9419452597
mixto,Loss Incurred,month,cumulative,Synthetic,Portfolio,Auto,2019-05,60,338637.58041966625
mixto,Loss Incurred,month,cumulative,Synthetic,Portfolio,Auto,2019-05,61,338568.1094850479
mixto,Loss Incurred,month,cumulative,Synthetic,Portfolio,Auto,2019-05,62,338504.083514671
mixto,Loss Incurred,month,cumulative,Synthetic,Portfolio,Auto,2019-05,63,338445.08863141993
mixto,Loss Incurred,month,cumulative,Synthetic,Portfolio,Auto,2019-05,64,338390.7407144098
mixto,Loss Incurred,month,cumulative,Synthetic,Portfolio,Auto,2019-05,65,338340.68349169096
mixto,Loss Incurred,month,cumulative,Synthetic,Portfolio,Auto,2019-05,66,338294.5867217721
mixto,Loss Incurred,month,cumulative,Synthetic,Portfolio,Auto,2019-05,67,338252.1444652292
mixto,Loss Incurred,month,cumulative,Synthetic,Portfolio,Auto,2019-05,68,338213.07344648195
mixto,Loss Incurred,month,cumulative,Synthetic,Portfolio,Auto,2019-05,69,338177.11150487256
mixto,Loss Incurred,month,cumulative,Synthetic,Portfolio,Auto,2019-05,70,338144.0161334247
mixto,Loss Incurred,month,cumulative,Synthetic,Portfolio,Auto,2019-05,71,338113.5631030744
mixto,Loss Incurred,month,cumulative,Synthetic,Portfolio,Auto,2019-05,72,338085.54516971624
mixto,Loss Incurred,month,cumulative,Synthetic,Portfolio,Auto,2019-05,73,338059.7708610767
mixto,Loss Incurred,month,cumulative,Synthetic,Portfolio,Auto,2019-05,74,338036.06334018795
mixto,Loss Incurred,month,cumulative,Synthetic,Portfolio,Auto,2019-05,75,338014.2593420834
mixto,Loss Incurred,month,cumulative,Synthetic,Portfolio,Auto,2019-05,76,337994.2081802454
mixto,Loss Incurred,month,cumulative,Synthetic,Portfolio,Auto,2019-05,77,337975.77081929665
mixto,Loss Incurred,month,cumulative,Synthetic,Portfolio,Auto,2019-05,78,337958.819010439
mixto,Loss Incurred,month,cumulative,Synthetic,Portfolio,Auto,2019-05,79,337943.2344861816
mixto,Loss Incurred,month,cumulative,Synthetic,Portfolio,Auto,2019-06,0,282295.49792618694
mixto,Loss Incurred,month,cumulative,Synthetic,Portfolio,Auto,2019-06,1,310229.346956668
mixto,Loss Incurred,month,cumulative,Synthetic,Portfolio,Auto,2019-06,2,334378.80121554865
mixto,Loss Incurred,month,cumulative,Synthetic,Portfolio,Auto,2019-06,3,355256.5592490152
mixto,Loss Incurred,month,cumulative,Synthetic,Portfolio,Auto,2019-06,4,373305.86072934524
mixto,Loss Incurred,month,cumulative,Synthetic,Portfolio,Auto,2019-06,5,388909.89653652493
mixto,Loss Incurred,month,cumulative,Synthetic,Portfolio,Auto,2019-06,6,402399.9439900008
mixto,Loss Incurred,month,cumulative,Synthetic,Portfolio,Auto,2019-06,7,414062.3999434343
mixto,Loss Incurred,month,cumulative,Synthetic,Portfolio,Auto,2019-06,8,424144.86105669965
mixto,Loss Incurred,month,cumulative,Synthetic,Portfolio,Auto,2019-06,9,432861.38033071934
mixto,Loss Incurred,month,cumulative,Synthetic,Portfolio,Auto,2019-06,10,440397.01150259614
mixto,Loss Incurred,month,cumulative,Synthetic,Portfolio,Auto,2019-06,11,446911.7377796106
mixto,Loss Incurred,month,cumulative,Synthetic,Portfolio,Auto,2019-06,12,452543.8683200248
mixto,Loss Incurred,month,cumulative,Synthetic,Portfolio,Auto,2019-06,13,457412.9745687684
mixto,Loss Incurred,month,cumulative,Synthetic,Portfolio,Auto,2019-06,14,461622.42878710234
mixto,Loss Incurred,month,cumulative,Synthetic,Portfolio,Auto,2019-06,15,465261.5986698343
mixto,Loss Incurred,month,cumulative,Synthetic,Portfolio,Auto,2019-06,16,468407.7446423222
mixto,Loss Incurred,month,cumulative,Synthetic,Portfolio,Auto,2019-06,17,471127.66011732357
mixto,Loss Incurred,month,cumulative,Synthetic,Portfolio,Auto,2019-06,18,473479.0895347265
mixto,Loss Incurred,month,cumulative,Synthetic,Portfolio,Auto,2019-06,19,475511.9542894761
mixto,Loss Incurred,month,cumulative,Synthetic,Portfolio,Auto,2019-06,20,477269.4125744316
mixto,Loss Incurred,month,cumulative,Synthetic,Portfolio,Auto,2019-06,21,475003.9549262757
mixto,Loss Incurred,month,cumulative,Synthetic,Portfolio,Auto,2019-06,22,472853.59643362823
mixto,Loss Incurred,month,cumulative,Synthetic,Portfolio,Auto,2019-06,23,470819.0092450264
mixto,Loss Incurred,month,cumulative,Synthetic,Portfolio,Auto,2019-06,24,468899.3952028629
mixto,Loss Incurred,month,cumulative,Synthetic,Portfolio,Auto,2019-06,25,467092.80199069134
mixto,Loss Incurred,month,cumulative,Synthetic,Portfolio,Auto,2019-06,26,465396.38653254305
mixto,Loss Incurred,month,cumulative,Synthetic,Portfolio,Auto,2019-06,27,463806.63363134547
mixto,Loss Incurred,month,cumulative,Synthetic,Portfolio,Auto,2019-06,28,462319.5366801511
mixto,Loss Incurred,month,cumulative,Synthetic,Portfolio,Auto,2019-06,29,460930.7462888176
mixto,Loss Incurred,month,cumulative,Synthetic,Portfolio,Auto,2019-06,30,459635.6918175057
mixto,Loss Incurred,month,cumulative,Synthetic,Portfolio,Auto,2019-06,31,458429.6800774826
mixto,Loss Incurred,month,cumulative,Synthetic,Portfolio,Auto,2019-06,32,457307.9748324914
mixto,Loss Incurred,month,cumulative,Synthetic,Portfolio,Auto,2019-06,33,456265.8601959412
mixto,Loss Incurred,month,cumulative,Synthetic,Portfolio,Auto,2019-06,34,455298.69055792503
mixto,Loss Incurred,month,cumulative,Synthetic,Portfolio,Auto,2019-06,35,454401.9292808868
mixto,Loss Incurred,month,cumulative,Synthetic,Portfolio,Auto,2019-06,36,453571.17806433776
mixto,Loss Incurred,month,cumulative,Synthetic,Portfolio,Auto,2019-06,37,452802.198589452
mixto,Loss Incurred,month,cumulative,Synthetic,Portfolio,Auto,2019-06,38,452090.9278067343
mixto,Loss Incurred,month,cumulative,Synthetic,Portfolio,Auto,2019-06,39,451433.48801836855
mixto,Loss Incurred,month,cumulative,Synthetic,Portfolio,Auto,2019-06,40,450826.19272621686
mixto,Loss Incurred,month,cumulative,Synthetic,Portfolio,Auto,2019-06,41,450265.54906235664
mixto,Loss Incurred,month,cumulative,Synthetic,Portfolio,Auto,2019-06,42,449748.2574877478
mixto,Loss Incurred,month,cumulative,Synthetic,Portfolio,Auto,2019-06,43,449271.2093328685
mixto,Loss Incurred,month,cumulative,Synthetic,Portfolio,Auto,2019-06,44,448831.4826591352
mixto,Loss Incurred,month,cumulative,Synthetic,Portfolio,Auto,2019-06,45,448426.3368392469
mixto,Loss Incurred,month,cumulative,Synthetic,Portfolio,Auto,2019-06,46,448053.2061861833
mixto,Loss Incurred,month,cumulative,Synthetic,Portfolio,Auto,2019-06,47,447709.692902675
mixto,Loss Incurred,month,cumulative,Synthetic,Portfolio,Auto,2019-06,48,447393.55957401404
mixto,Loss Incurred,month,cumulative,Synthetic,Portfolio,Auto,2019-06,49,447102.7213857936
mixto,Loss Incurred,month,cumulative,Synthetic,Portfolio,Auto,2019-06,50,446835.23821340746
mixto,Loss Incurred,month,cumulative,Synthetic,Portfolio,Auto,2019-06,51,446589.3067009611
mixto,Loss Incurred,month,cumulative,Synthetic,Portfolio,Auto,2019-06,52,446363.2524227988
mixto,Loss Incurred,month,cumulative,Synthetic,Portfolio,Auto,2019-06,53,446155.5222004498
mixto,Loss Incurred,month,cumulative,Synthetic,Portfolio,Auto,2019-06,54,445964.6766308016
mixto,Loss Incurred,month,cumulative,Synthetic,Portfolio,Auto,2019-06,55,445789.3828672403
mixto,Loss Incurred,month,cumulative,Synthetic,Portfolio,Auto,2019-06,56,445628.40768386755
mixto,Loss Incurred,month,cumulative,Synthetic,Portfolio,Auto,2019-06,57,445480.61084337236
mixto,Loss Incurred,month,cumulative,Synthetic,Portfolio,Auto,2019-06,58,445344.938781347
mixto,Loss Incurred,month,cumulative,Synthetic,Portfolio,Auto,2019-06,59,445220.4186135328
mixto,Loss Incurred,month,cumulative,Synthetic,Portfolio,Auto,2019-06,60,445106.15246741765
mixto,Loss Incurred,month,cumulative,Synthetic,Portfolio,Auto,2019-06,61,445001.3121355821
mixto,Loss Incurred,month,cumulative,Synthetic,Portfolio,Auto,2019-06,62,444905.13404504175
mixto,Loss Incurred,month,cumulative,Synthetic,Portfolio,Auto,2019-06,63,444816.9145343994
mixto,Loss Incurred,month,cumulative,Synthetic,Portfolio,Auto,2019-06,64,444736.0054288007
mixto,Loss Incurred,month,cumulative,Synthetic,Portfolio,Auto,2019-06,65,444661.80990134616
mixto,Loss Incurred,month,cumulative,Synthetic,Portfolio,Auto,2019-06,66,444593.7786086992
mixto,Loss Incurred,month,cumulative,Synthetic,Portfolio,Auto,2019-06,67,444531.40608803433
mixto,Loss Incurred,month,cumulative,Synthetic,Portfolio,Auto,2019-06,68,444474.227402153
mixto,Loss Incurred,month,cumulative,Synthetic,Portfolio,Auto,2019-06,69,444421.81501949497
mixto,Loss Incurred,month,cumulative,Synthetic,Portfolio,Auto,2019-06,70,444373.7759158435
mixto,Loss Incurred,month,cumulative,Synthetic,Portfolio,Auto,2019-06,71,444329.74888473423
mixto,Loss Incurred,month,cumulative,Synthetic,Portfolio,Auto,2019-06,72,444289.40204389096
mixto,Loss Incurred,month,cumulative,Synthetic,Portfolio,Auto,2019-06,73,444252.430525407
mixto,Loss Incurred,month,cumulative,Synthetic,Portfolio,Auto,2019-06,74,444218.55433784326
mixto,Loss Incurred,month,cumulative,Synthetic,Portfolio,Auto,2019-06,75,444187.51638890913
mixto,Loss Incurred,month,cumulative,Synthetic,Portfolio,Auto,2019-06,76,444159.0806579164
mixto,Loss Incurred,month,cumulative,Synthetic,Portfolio,Auto,2019-06,77,444133.0305077269
mixto,Loss Incurred,month,cumulative,Synthetic,Portfolio,Auto,2019-06,78,444109.1671264647
mixto,Loss Incurred,month,cumulative,Synthetic,Portfolio,Auto,2019-07,0,209082.26008566137
mixto,Loss Incurred,month,cumulative,Synthetic,Portfolio,Auto,2019-07,1,233329.58319316528
mixto,Loss Incurred,month,cumulative,Synthetic,Portfolio,Auto,2019-07,2,254345.1275480659
mixto,Loss Incurred,month,cumulative,Synthetic,Portfolio,Auto,2019-07,3,272559.6373549697
mixto,Loss Incurred,month,cumulative,Synthetic,Portfolio,Auto,2019-07,4,288346.4455338608
mixto,Loss Incurred,month,cumulative,Synthetic,Portfolio,Auto,2019-07,5,302029.12572230276
mixto,Loss Incurred,month,cumulative,Synthetic,Portfolio,Auto,2019-07,6,313888.12438863935
mixto,Loss Incurred,month,cumulative,Synthetic,Portfolio,Auto,2019-07,7,324166.50899101945
mixto,Loss Incurred,month,cumulative,Synthetic,Portfolio,Auto,2019-07,8,333074.9499991404
mixto,Loss Incurred,month,cumulative,Synthetic,Portfolio,Auto,2019-07,9,340796.03889250546
mixto,Loss Incurred,month,cumulative,Synthetic,Portfolio,Auto,2019-07,10,347488.03063886147
mixto,Loss Incurred,month,cumulative,Synthetic,Portfolio,Auto,2019-07,11,353288.0873603661
mixto,Loss Incurred,month,cumulative,Synthetic,Portfolio,Auto,2019-07,12,358315.0896711489
mixto,Loss Incurred,month,cumulative,Synthetic,Portfolio,Auto,2019-07,13,362672.07330872625
mixto,Loss Incurred,month,cumulative,Synthetic,Portfolio,Auto,2019-07,14,366448.3410015812
mixto,Loss Incurred,month,cumulative,Synthetic,Portfolio,Auto,2019-07,15,369721.29285871267
mixto,Loss Incurred,month,cumulative,Synthetic,Portfolio,Auto,2019-07,16,372558.0127976537
mixto,Loss Incurred,month,cumulative,Synthetic,Portfolio,Auto,2019-07,17,375016.6435271132
mixto,Loss Incurred,month,cumulative,Synthetic,Portfolio,Auto,2019-07,18,377147.578266515
mixto,Loss Incurred,month,cumulative,Synthetic,Portfolio,Auto,2019-07,19,378994.49362846016
mixto,Loss Incurred,month,cumulative,Synthetic,Portfolio,Auto,2019-07,20,376946.5171550968
mixto,Loss Incurred,month,cumulative,Synthetic,Portfolio,Auto,2019-07,21,375021.29366677837
mixto,Loss Incurred,month,cumulative,Synthetic,Portfolio,Auto,2019-07,22,373216.29889996885
mixto,Loss Incurred,month,cumulative,Synthetic,Portfolio,Auto,2019-07,23,371528.0704453682
mixto,Loss Incurred,month,cumulative,Synthetic,Portfolio,Auto,2019-07,24,369952.45019819186
mixto,Loss Incurred,month,cumulative,Synthetic,Portfolio,Auto,2019-07,25,368484.7836782941
mixto,Loss Incurred,month,cumulative,Synthetic,Portfolio,Auto,2019-07,26,367120.0829649725
mixto,Loss Incurred,month,cumulative,Synthetic,Portfolio,Auto,2019-07,27,365853.1590005344
mixto,Loss Incurred,month,cumulative,Synthetic,Portfolio,Auto,2019-07,28,364678.72816646344
mixto,Loss Incurred,month,cumulative,Synthetic,Portfolio,Auto,2019-07,29,363591.49730677286
mixto,Loss Incurred,month,cumulative,Synthetic,Portfolio,Auto,2019-07,30,362586.2307480553
mixto,Loss Incurred,month,cumulative,Synthetic,Portfolio,Auto,2019-07,31,361657.8023302925
mixto,Loss Incurred,month,cumulative,Synthetic,Portfolio,Auto,2019-07,32,360801.2350041567
mixto,Loss Incurred,month,cumulative,Synthetic,Portfolio,Auto,2019-07,33,360011.7301585045
mixto,Loss Incurred,month,cumulative,Synthetic,Portfolio,Auto,2019-07,34,359284.68850672024
mixto,Loss Incurred,month,cumulative,Synthetic,Portfolio,Auto,2019-07,35,358615.7240744746
mixto,Loss Incurred,month,cumulative,Synthetic,Portfolio,Auto,2019-07,36,358000.6725874059
mixto,Loss Incurred,month,cumulative,Synthetic,Portfolio,Auto,2019-07,37,357435.59534924716
mixto,Loss Incurred,month,cumulative,Synthetic,Portfolio,Auto,2019-07,38,356916.7795238721
mixto,Loss Incurred,month,cumulative,Synthetic,Portfolio,Auto,2019-07,39,356440.7355842049
mixto,Loss Incurred,month,cumulative,Synthetic,Portfolio,Auto,2019-07,40,356004.1925631187
mixto,Loss Incurred,month,cumulative,Synthetic,Portfolio,Auto,2019-07,41,355604.09163307847
mixto,Loss Incurred,month,cumulative,Synthetic,Portfolio,Auto,2019-07,42,355237.57844953524
mixto,Loss Incurred,month,cumulative,Synthetic,Portfolio,Auto,2019-07,43,354901.99461555167
mixto,Loss Incurred,month,cumulative,Synthetic,Portfolio,Auto,2019-07,44,354594.8685597365
mixto,Loss Incurred,month,cumulative,Synthetic,Portfolio,Auto,2019-07,45,354313.9060645236
mixto,Loss Incurred,month,cumulative,Synthetic,Portfolio,Auto,2019-07,46,354056.9806356048
mixto,Loss Incurred,month,cumulative,Synthetic,Portfolio,Auto,2019-07,47,353822.12386461144
mixto,Loss Incurred,month,cumulative,Synthetic,Portfolio,Auto,2019-07,48,353607.5159048054
mixto,Loss Incurred,month,cumulative,Synthetic,Portfolio,Auto,2019-07,49,353411.4761526329
mixto,Loss Incurred,month,cumulative,Synthetic,Portfolio,Auto,2019-07,50,353232.45420567313
mixto,Loss Incurred,month,cumulative,Synthetic,Portfolio,Auto,2019-07,51,353069.02114909235
mixto,Loss Incurred,month,cumulative,Synthetic,Portfolio,Auto,2019-07,52,352919.8612075726
mixto,Loss Incurred,month,cumulative,Synthetic,Portfolio,Auto,2019-07,53,352783.76378731825
mixto,Loss Incurred,month,cumulative,Synthetic,Portfolio,Auto,2019-07,54,352659.61592271144
mixto,Loss Incurred,month,cumulative,Synthetic,Portfolio,Auto,2019-07,55,352546.39513411495
mixto,Loss Incurred,month,cumulative,Synthetic,Portfolio,Auto,2019-07,56,352443.162696884
mixto,Loss Incurred,month,cumulative,Synthetic,Portfolio,Auto,2019-07,57,352349.0573165937
mixto,Loss Incurred,month,cumulative,Synthetic,Portfolio,Auto,2019-07,58,352263.28920155705
mixto,Loss Incurred,month,cumulative,Synthetic,Portfolio,Auto,2019-07,59,352185.13452074095
mixto,Loss Incurred,month,cumulative,Synthetic,Portfolio,Auto,2019-07,60,352113.9302329857
mixto,Loss Incurred,month,cumulative,Synthetic,Portfolio,Auto,2019-07,61,352049.0692718782
mixto,Loss Incurred,month,cumulative,Synthetic,Portfolio,Auto,2019-07,62,351989.996069602
mixto,Loss Incurred,month,cumulative,Synthetic,Portfolio,Auto,2019-07,63,351936.20240247424
mixto,Loss Incurred,month,cumulative,Synthetic,Portfolio,Auto,2019-07,64,351887.2235406205
mixto,Loss Incurred,month,cumulative,Synthetic,Portfolio,Auto,2019-07,65,351842.63468423975
mixto,Loss Incurred,month,cumulative,Synthetic,Portfolio,Auto,2019-07,66,351802.04766913486
mixto,Loss Incurred,month,cumulative,Synthetic,Portfolio,Auto,2019-07,67,351765.10792457144
mixto,Loss Incurred,month,cumulative,Synthetic,Portfolio,Auto,2019-07,68,351731.49166703806
mixto,Loss Incurred,month,cumulative,Synthetic,Portfolio,Auto,2019-07,69,351700.90331408504
mixto,Loss Incurred,month,cumulative,Synthetic,Portfolio,Auto,2019-07,70,351673.0731030904
mixto,Loss Incurred,month,cumulative,Synthetic,Portfolio,Auto,2019-07,71,351647.7549005162
mixto,Loss Incurred,month,cumulative,Synthetic,Portfolio,Auto,2019-07,72,351624.72418795
mixto,Loss Incurred,month,cumulative,Synthetic,Portfolio,Auto,2019-07,73,351603.7762119871
mixto,Loss Incurred,month,cumulative,Synthetic,Portfolio,Auto,2019-07,74,351584.7242857449
mixto,Loss Incurred,month,cumulative,Synthetic,Portfolio,Auto,2019-07,75,351567.39823055017
mixto,Loss Incurred,month,cumulative,Synthetic,Portfolio,Auto,2019-07,76,351551.6429470568
mixto,Loss Incurred,month,cumulative,Synthetic,Portfolio,Auto,2019-07,77,351537.3171057511
mixto,Loss Incurred,month,cumulative,Synthetic,Portfolio,Auto,2019-08,0,238328.04155087835
mixto,Loss Incurred,month,cumulative,Synthetic,Portfolio,Auto,2019-08,1,260981.94260229307
mixto,Loss Incurred,month,cumulative,Synthetic,Portfolio,Auto,2019-08,2,280766.810295409
mixto,Loss Incurred,month,cumulative,Synthetic,Portfolio,Auto,2019-08,3,298045.9971668312
mixto,Loss Incurred,month,cumulative,Synthetic,Portfolio,Auto,2019-08,4,313136.83848903095
mixto,Loss Incurred,month,cumulative,Synthetic,Portfolio,Auto,2019-08,5,326316.4801878227
mixto,Loss Incurred,month,cumulative,Synthetic,Portfolio,Auto,2019-08,6,337826.9686754991
mixto,Loss Incurred,month,cumulative,Synthetic,Portfolio,Auto,2019-08,7,347879.6960752945
mixto,Loss Incurred,month,cumulative,Synthetic,Portfolio,Auto,2019-08,8,356659.2824744985
mixto,Loss Incurred,month,cumulative,Synthetic,Portfolio,Auto,2019-08,9,364326.96650447196
mixto,Loss Incurred,month,cumulative,Synthetic,Portfolio,Auto,2019-08,10,371023.5665161582
mixto,Loss Incurred,month,cumulative,Synthetic,Portfolio,Auto,2019-08,11,376872.06673359225
mixto,Loss Incurred,month,cumulative,Synthetic,Portfolio,Auto,2019-08,12,381979.87588056776
mixto,Loss Incurred,month,cumulative,Synthetic,Portfolio,Auto,2019-08,13,386440.79976053175
mixto,Loss Incurred,month,cumulative,Synthetic,Portfolio,Auto,2019-08,14,390336.7640164822
mixto,Loss Incurred,month,cumulative,Synthetic,Portfolio,Auto,2019-08,15,393739.31870965165
mixto,Loss Incurred,month,cumulative,Synthetic,Portfolio,Auto,2019-08,16,396710.9523488277
mixto,Loss Incurred,month,cumulative,Synthetic,Portfolio,Auto,2019-08,17,399306.2395026858
mixto,Loss Incurred,month,cumulative,Synthetic,Portfolio,Auto,2019-08,18,401572.8430712362
mixto,Loss Incurred,month,cumulative,Synthetic,Portfolio,Auto,2019-08,19,403552.3896232733
mixto,Loss Incurred,month,cumulative,Synthetic,Portfolio,Auto,2019-08,20,401317.5660705452
mixto,Loss Incurred,month,cumulative,Synthetic,Portfolio,Auto,2019-08,21,399188.85694754217
mixto,Loss Incurred,month,cumulative,Synthetic,Portfolio,Auto,2019-08,22,397167.33253658743
mixto,Loss Incurred,month,cumulative,Synthetic,Portfolio,Auto,2019-08,23,395252.73764495115
mixto,Loss Incurred,month,cumulative,Synthetic,Portfolio,Auto,2019-08,24,393443.7570591142
mixto,Loss Incurred,month,cumulative,Synthetic,Portfolio,Auto,2019-08,25,391738.2393769124
mixto,Loss Incurred,month,cumulative,Synthetic,Portfolio,Auto,2019-08,26,390133.38514521293
mixto,Loss Incurred,month,cumulative,Synthetic,Portfolio,Auto,2019-08,27,388625.9044262318
mixto,Loss Incurred,month,cumulative,Synthetic,Portfolio,Auto,2019-08,28,387212.1482173606
mixto,Loss Incurred,month,cumulative,Synthetic,Portfolio,Auto,2019-08,29,385888.21754361666
mixto,Loss Incurred,month,cumulative,Synthetic,Portfolio,Auto,2019-08,30,384650.0535165131
mixto,Loss Incurred,month,cumulative,Synthetic,Portfolio,Auto,2019-08,31,383493.5111977691
mixto,Loss Incurred,month,cumulative,Synthetic,Portfolio,Auto,2019-08,32,382414.4197117166
mixto,Loss Incurred,month,cumulative,Synthetic,Portfolio,Auto,2019-08,33,381408.63070853445
mixto,Loss Incurred,month,cumulative,Synthetic,Portfolio,Auto,2019-08,34,380472.0569846512
mixto,Loss Incurred,month,cumulative,Synthetic,Portfolio,Auto,2019-08,35,379600.70281073416
mixto,Loss Incurred,month,cumulative,Synthetic,Portfolio,Auto,2019-08,36,378790.6872964165
mixto,Loss Incurred,month,cumulative,Synthetic,Portfolio,Auto,2019-08,37,378038.26192969736
mixto,Loss Incurred,month,cumulative,Synthetic,Portfolio,Auto,2019-08,38,377339.8232638423
mixto,Loss Incurred,month,cumulative,Synthetic,Portfolio,Auto,2019-08,39,376691.92158212024
mixto,Loss Incurred,month,cumulative,Synthetic,Portfolio,Auto,2019-08,40,376091.26624786214
mixto,Loss Incurred,month,cumulative,Synthetic,Portfolio,Auto,2019-08,41,375534.72834148054
mixto,Loss Incurred,month,cumulative,Synthetic,Portfolio,Auto,2019-08,42,375019.3410949763
mixto,Loss Incurred,month,cumulative,Synthetic,Portfolio,Auto,2019-08,43,374542.29855611466
mixto,Loss Incurred,month,cumulative,Synthetic,Portfolio,Auto,2019-08,44,374100.9528471541
mixto,Loss Incurred,month,cumulative,Synthetic,Portfolio,Auto,2019-08,45,373692.81032525556
mixto,Loss Incurred,month,cumulative,Synthetic,Portfolio,Auto,2019-08,46,373315.52690222074
mixto,Loss Incurred,month,cumulative,Synthetic,Portfolio,Auto,2019-08,47,372966.9027388494
mixto,Loss Incurred,month,cumulative,Synthetic,Portfolio,Auto,2019-08,48,372644.876493019
mixto,Loss Incurred,month,cumulative,Synthetic,Portfolio,Auto,2019-08,49,372347.5192697114
mixto,Loss Incurred,month,cumulative,Synthetic,Portfolio,Auto,2019-08,50,372073.0283949219
mixto,Loss Incurred,month,cumulative,Synthetic,Portfolio,Auto,2019-08,51,371819.7211130338
mixto,Loss Incurred,month,cumulative,Synthetic,Portfolio,Auto,2019-08,52,371586.0282882977
mixto,Loss Incurred,month,cumulative,Synthetic,Portfolio,Auto,2019-08,53,371370.48817501875
mixto,Loss Incurred,month,cumulative,Synthetic,Portfolio,Auto,2019-08,54,371171.740307537
mixto,Loss Incurred,month,cumulative,Synthetic,Portfolio,Auto,2019-08,55,370988.51954970835
mixto,Loss Incurred,month,cumulative,Synthetic,Portfolio,Auto,2019-08,56,370819.6503340678
mixto,Loss Incurred,month,cumulative,Synthetic,Portfolio,Auto,2019-08,57,370664.0411129012
mixto,Loss Incurred,month,cumulative,Synthetic,Portfolio,Auto,2019-08,58,370520.67903684307
mixto,Loss Incurred,month,cumulative,Synthetic,Portfolio,Auto,2019-08,59,370388.62487115996
mixto,Loss Incurred,month,cumulative,Synthetic,Portfolio,Auto,2019-08,60,370267.00815539336
mixto,Loss Incurred,month,cumulative,Synthetic,Portfolio,Auto,2019-08,61,370155.02260838717
mixto,Loss Incurred,month,cumulative,Synthetic,Portfolio,Auto,2019-08,62,370051.9217777708
mixto,Loss Incurred,month,cumulative,Synthetic,Portfolio,Auto,2019-08,63,369957.0149306165
mixto,Loss Incurred,month,cumulative,Synthetic,Portfolio,Auto,2019-08,64,369869.6631801342
mixto,Loss Incurred,month,cumulative,Synthetic,Portfolio,Auto,2019-08,65,369789.2758418345
mixto,Loss Incurred,month,cumulative,Synthetic,Portfolio,Auto,2019-08,66,369715.30701150943
mixto,Loss Incurred,month,cumulative,Synthetic,Portfolio,Auto,2019-08,67,369647.2523565928
mixto,Loss Incurred,month,cumulative,Synthetic,Portfolio,Auto,2019-08,68,369584.64611192094
mixto,Loss Incurred,month,cumulative,Synthetic,Portfolio,Auto,2019-08,69,369527.0582705688
mixto,Loss Incurred,month,cumulative,Synthetic,Portfolio,Auto,2019-08,70,369474.0919602616
mixto,Loss Incurred,month,cumulative,Synthetic,Portfolio,Auto,2019-08,71,369425.3809958179
mixto,Loss Incurred,month,cumulative,Synthetic,Portfolio,Auto,2019-08,72,369380.58759814285
mixto,Loss Incurred,month,cumulative,Synthetic,Portfolio,Auto,2019-08,73,369339.40027044126
mixto,Loss Incurred,month,cumulative,Synthetic,Portfolio,Auto,2019-08,74,369301.5318225366
mixto,Loss Incurred,month,cumulative,Synthetic,Portfolio,Auto,2019-08,75,369266.7175344521
mixto,Loss Incurred,month,cumulative,Synthetic,Portfolio,Auto,2019-08,76,369234.71345071524
mixto,Loss Incurred,month,cumulative,Synthetic,Portfolio,Auto,2019-09,0,220278.71233773752
mixto,Loss Incurred,month,cumulative,Synthetic,Portfolio,Auto,2019-09,1,247829.77958423502
mixto,Loss Incurred,month,cumulative,Synthetic,Portfolio,Auto,2019-09,2,271271.2442409028
mixto,Loss Incurred,month,cumulative,Synthetic,Portfolio,Auto,2019-09,3,291216.1073684704
mixto,Loss Incurred,month,cumulative,Synthetic,Portfolio,Auto,2019-09,4,308185.9328893452
mixto,Loss Incurred,month,cumulative,Synthetic,Portfolio,Auto,2019-09,5,322624.48663459
mixto,Loss Incurred,month,cumulative,Synthetic,Portfolio,Auto,2019-09,6,334909.3409483764
mixto,Loss Incurred,month,cumulative,Synthetic,Portfolio,Auto,2019-09,7,345361.748313668
mixto,Loss Incurred,month,cumulative,Synthetic,Portfolio,Auto,2019-09,8,354255.0421972916
mixto,Loss Incurred,month,cumulative,Synthetic,Portfolio,Auto,2019-09,9,361821.7847989171
mixto,Loss Incurred,month,cumulative,Synthetic,Portfolio,Auto,2019-09,10,368259.84861964465
mixto,Loss Incurred,month,cumulative,Synthetic,Portfolio,Auto,2019-09,11,373737.59088496986
mixto,Loss Incurred,month,cumulative,Synthetic,Portfolio,Auto,2019-09,12,378398.25613478076
mixto,Loss Incurred,month,cumulative,Synthetic,Portfolio,Auto,2019-09,13,382363.7221093844
mixto,Loss Incurred,month,cumulative,Synthetic,Portfolio,Auto,2019-09,14,385737.6868875622
mixto,Loss Incurred,month,cumulative,Synthetic,Portfolio,Auto,2019-09,15,388608.3806212343
mixto,Loss Incurred,month,cumulative,Synthetic,Portfolio,Auto,2019-09,16,391050.8727793754
mixto,Loss Incurred,month,cumulative,Synthetic,Portfolio,Auto,2019-09,17,393129.0352362775
mixto,Loss Incurred,month,cumulative,Synthetic,Portfolio,Auto,2019-09,18,394897.2125394807
mixto,Loss Incurred,month,cumulative,Synthetic,Portfolio,Auto,2019-09,19,392617.1674603101
mixto,Loss Incurred,month,cumulative,Synthetic,Portfolio,Auto,2019-09,20,390449.139831062
mixto,Loss Incurred,month,cumulative,Synthetic,Portfolio,Auto,2019-09,21,388396.69617587933
mixto,Loss Incurred,month,cumulative,Synthetic,Portfolio,Auto,2019-09,22,386461.0686331758
mixto,Loss Incurred,month,cumulative,Synthetic,Portfolio,Auto,2019-09,23,384641.663384434
mixto,Loss Incurred,month,cumulative,Synthetic,Portfolio,Auto,2019-09,24,382936.4790009406
mixto,Loss Incurred,month,cumulative,Synthetic,Portfolio,Auto,2019-09,25,381342.4494115347
mixto,Loss Incurred,month,cumulative,Synthetic,Portfolio,Auto,2019-09,26,379855.72388874256
mixto,Loss Incurred,month,cumulative,Synthetic,Portfolio,Auto,2019-09,27,378471.8944988825
mixto,Loss Incurred,month,cumulative,Synthetic,Portfolio,Auto,2019-09,28,377186.1798102001
mixto,Loss Incurred,month,cumulative,Synthetic,Portfolio,Auto,2019-09,29,375993.5722562134
mixto,Loss Incurred,month,cumulative,Synthetic,Portfolio,Auto,2019-09,30,374888.95537050016
mixto,Loss Incurred,month,cumulative,Synthetic,Portfolio,Auto,2019-09,31,373867.19611126534
mixto,Loss Incurred,month,cumulative,Synthetic,Portfolio,Auto,2019-09,32,372923.2166512526
mixto,Loss Incurred,month,cumulative,Synthetic,Portfolio,Auto,2019-09,33,372052.04929723724
mixto,Loss Incurred,month,cumulative,Synthetic,Portfolio,Auto,2019-09,34,371248.8776033186
mixto,Loss Incurred,month,cumulative,Synthetic,Portfolio,Auto,2019-09,35,370509.0662364678
mixto,Loss Incurred,month,cumulative,Synthetic,Portfolio,Auto,2019-09,36,369828.1817267955
mixto,Loss Incurred,month,cumulative,Synthetic,Portfolio,Auto,2019-09,37,369202.0058764948
mixto,Loss Incurred,month,cumulative,Synthetic,Portfolio,Auto,2019-09,38,368626.5432999768
mixto,Loss Incurred,month,cumulative,Synthetic,Portfolio,Auto,2019-09,39,368098.0243145201
mixto,Loss Incurred,month,cumulative,Synthetic,Portfolio,Auto,2019-09,40,367612.9041882995
mixto,Loss Incurred,month,cumulative,Synthetic,Portfolio,Auto,2019-09,41,367167.8595746242
mixto,Loss Incurred,month,cumulative,Synthetic,Portfolio,Auto,2019-09,42,366759.78281220223
mixto,Loss Incurred,month,cumulative,Synthetic,Portfolio,Auto,2019-09,43,366385.7746467239
mixto,Loss Incurred,month,cumulative,Synthetic,Portfolio,Auto,2019-09,44,366043.13582516136
mixto,Loss Incurred,month,cumulative,Synthetic,Portfolio,Auto,2019-09,45,365729.35792765516
mixto,Loss Incurred,month,cumulative,Synthetic,Portfolio,Auto,2019-09,46,365442.11372994556
mixto,Loss Incurred,month,cumulative,Synthetic,Portfolio,Auto,2019-09,47,365179.2473296755
mixto,Loss Incurred,month,cumulative,Synthetic,Portfolio,Auto,2019-09,48,364938.7642205705
mixto,Loss Incurred,month,cumulative,Synthetic,Portfolio,Auto,2019-09,49,364718.82145782915
mixto,Loss Incurred,month,cumulative,Synthetic,Portfolio,Auto,2019-09,50,364517.7180246256
mixto,Loss Incurred,month,cumulative,Synthetic,Portfolio,Auto,2019-09,51,364333.885482255
mixto,Loss Incurred,month,cumulative,Synthetic,Portfolio,Auto,2019-09,52,364165.87896413595
mixto,Loss Incurred,month,cumulative,Synthetic,Portfolio,Auto,2019-09,53,364012.3685557926
mixto,Loss Incurred,month,cumulative,Synthetic,Portfolio,Auto,2019-09,54,363872.13108834776
mixto,Loss Incurred,month,cumulative,Synthetic,Portfolio,Auto,2019-09,55,363744.0423613881
mixto,Loss Incurred,month,cumulative,Synthetic,Portfolio,Auto,2019-09,56,363627.06980180537
mixto,Loss Incurred,month,cumulative,Synthetic,Portfolio,Auto,2019-09,57,363520.26555794704
mixto,Loss Incurred,month,cumulative,Synthetic,Portfolio,Auto,2019-09,58,363422.7600227929
mixto,Loss Incurred,month,cumulative,Synthetic,Portfolio,Auto,2019-09,59,363333.75577559444
mixto,Loss Incurred,month,cumulative,Synthetic,Portfolio,Auto,2019-09,60,363252.5219282408
mixto,Loss Incurred,month,cumulative,Synthetic,Portfolio,Auto,2019-09,61,363178.3888603353
mixto,Loss Incurred,month,cumulative,Synthetic,Portfolio,Auto,2019-09,62,363110.7433254156
mixto,Loss Incurred,month,cumulative,Synthetic,Portfolio,Auto,2019-09,63,363049.0239097724
mixto,Loss Incurred,month,cumulative,Synthetic,Portfolio,Auto,2019-09,64,362992.7168248233
mixto,Loss Incurred,month,cumulative,Synthetic,Portfolio,Auto,2019-09,65,362941.35201384773
mixto,Loss Incurred,month,cumulative,Synthetic,Portfolio,Auto,2019-09,66,362894.4995540426
mixto,Loss Incurred,month,cumulative,Synthetic,Portfolio,Auto,2019-09,67,362851.7663352165
mixto,Loss Incurred,month,cumulative,Synthetic,Portfolio,Auto,2019-09,68,362812.7929969785
mixto,Loss Incurred,month,cumulative,Synthetic,Portfolio,Auto,2019-09,69,362777.2511069208
mixto,Loss Incurred,month,cumulative,Synthetic,Portfolio,Auto,2019-09,70,362744.8405630403
mixto,Loss Incurred,month,cumulative,Synthetic,Portfolio,Auto,2019-09,71,362715.28720443306
mixto,Loss Incurred,month,cumulative,Synthetic,Portfolio,Auto,2019-09,72,362688.34061512427
mixto,Loss Incurred,month,cumulative,Synthetic,Portfolio,Auto,2019-09,73,362663.77210673795
mixto,Loss Incurred,month,cumulative,Synthetic,Portfolio,Auto,2019-09,74,362641.3728665535
mixto,Loss Incurred,month,cumulative,Synthetic,Portfolio,Auto,2019-09,75,362620.9522583272
mixto,Loss Incurred,month,cumulative,Synthetic,Portfolio,Auto,2019-10,0,206657.06449959084
mixto,Loss Incurred,month,cumulative,Synthetic,Portfolio,Auto,2019-10,1,230310.55887301188
mixto,Loss Incurred,month,cumulative,Synthetic,Portfolio,Auto,2019-10,2,250889.64896967032
mixto,Loss Incurred,month,cumulative,Synthetic,Portfolio,Auto,2019-10,3,268793.9358594021
mixto,Loss Incurred,month,cumulative,Synthetic,Portfolio,Auto,2019-10,4,284371.0817645009
mixto,Loss Incurred,month,cumulative,Synthetic,Portfolio,Auto,2019-10,5,297923.5609022148
mixto,Loss Incurred,month,cumulative,Synthetic,Portfolio,Auto,2019-10,6,309714.53287468967
mixto,Loss Incurred,month,cumulative,Synthetic,Portfolio,Auto,2019-10,7,319972.9526547875
mixto,Loss Incurred,month,cumulative,Synthetic,Portfolio,Auto,2019-10,8,328898.0163925664
mixto,Loss Incurred,month,cumulative,Synthetic,Portfolio,Auto,2019-10,9,336663.0293702919
mixto,Loss Incurred,month,cumulative,Synthetic,Portfolio,Auto,2019-10,10,343418.7712132348
mixto,Loss Incurred,month,cumulative,Synthetic,Portfolio,Auto,2019-10,11,349296.4237013133
mixto,Loss Incurred,month,cumulative,Synthetic,Portfolio,Auto,2019-10,12,354410.1180332988
mixto,Loss Incurred,month,cumulative,Synthetic,Portfolio,Auto,2019-10,13,358859.1510059049
mixto,Loss Incurred,month,cumulative,Synthetic,Portfolio,Auto,2019-10,14,362729.9131411244
mixto,Loss Incurred,month,cumulative,Synthetic,Portfolio,Auto,2019-10,15,366097.5662018462
mixto,Loss Incurred,month,cumulative,Synthetic,Portfolio,Auto,2019-10,16,369027.50266944716
mixto,Loss Incurred,month,cumulative,Synthetic,Portfolio,Auto,2019-10,17,371576.61552323325
mixto,Loss Incurred,month,cumulative,Synthetic,Portfolio,Auto,2019-10,18,373794.40297807805
mixto,Loss Incurred,month,cumulative,Synthetic,Portfolio,Auto,2019-10,19,375723.92963185546
mixto,Loss Incurred,month,cumulative,Synthetic,Portfolio,Auto,2019-10,20,373816.88110339356
mixto,Loss Incurred,month,cumulative,Synthetic,Portfolio,Auto,2019-10,21,371980.15220458596
mixto,Loss Incurred,month,cumulative,Synthetic,Portfolio,Auto,2019-10,22,370218.88907306857
mixto,Loss Incurred,month,cumulative,Synthetic,Portfolio,Auto,2019-10,23,368536.4194967396
mixto,Loss Incurred,month,cumulative,Synthetic,Portfolio,Auto,2019-10,24,366934.5817446755
mixto,Loss Incurred,month,cumulative,Synthetic,Portfolio,Auto,2019-10,25,365414.00321600895
mixto,Loss Incurred,month,cumulative,Synthetic,Portfolio,Auto,2019-10,26,363974.33602803317
mixto,Loss Incurred,month,cumulative,Synthetic,Portfolio,Auto,2019-10,27,362614.4556910189
mixto,Loss Incurred,month,cumulative,Synthetic,Portfolio,Auto,2019-10,28,361332.62817389827
mixto,Loss Incurred,month,cumulative,Synthetic,Portfolio,Auto,2019-10,29,360126.64993481943
mixto,Loss Incurred,month,cumulative,Synthetic,Portfolio,Auto,2019-10,30,358993.9648586002
mixto,Loss Incurred,month,cumulative,Synthetic,Portfolio,Auto,2019-10,31,357931.76149629324
mixto,Loss Incurred,month,cumulative,Synthetic,Portfolio,Auto,2019-10,32,356937.05352910585
mixto,Loss Incurred,month,cumulative,Synthetic,Portfolio,Auto,2019-10,33,356006.7459699629
mixto,Loss Incurred,month,cumulative,Synthetic,Portfolio,Auto,2019-10,34,355137.68926255935
mixto,Loss Incurred,month,cumulative,Synthetic,Portfolio,Auto,2019-10,35,354326.7231323843
mixto,Loss Incurred,month,cumulative,Synthetic,Portfolio,Auto,2019-10,36,353570.71178051975
mixto,Loss Incurred,month,cumulative,Synthetic,Portfolio,Auto,2019-10,37,352866.5717834241
mixto,Loss Incurred,month,cumulative,Synthetic,Portfolio,Auto,2019-10,38,352211.29386557866
mixto,Loss Incurred,month,cumulative,Synthetic,Portfolio,Auto,2019-10,39,351601.9595425988
mixto,Loss Incurred,month,cumulative,Synthetic,Portfolio,Auto,2019-10,40,351035.7534865609
mixto,Loss Incurred,month,cumulative,Synthetic,Portfolio,Auto,2019-10,41,350509.9723396959
mixto,Loss Incurred,month,cumulative,Synthetic,Portfolio,Auto,2019-10,42,350022.0305945304
mixto,Loss Incurred,month,cumulative,Synthetic,Portfolio,Auto,2019-10,43,349569.4640656322
mixto,Loss Incurred,month,cumulative,Synthetic,Portfolio,Auto,2019-10,44,349149.93139828293
mixto,Loss Incurred,month,cumulative,Synthetic,Portfolio,Auto,2019-10,45,348761.21399087296
mixto,Loss Incurred,month,cumulative,Synthetic,Portfolio,Auto,2019-10,46,348401.2146490564
mixto,Loss Incurred,month,cumulative,Synthetic,Portfolio,Auto,2019-10,47,348067.95523936197
mixto,Loss Incurred,month,cumulative,Synthetic,Portfolio,Auto,2019-10,48,347759.5735668865
mixto,Loss Incurred,month,cumulative,Synthetic,Portfolio,Auto,2019-10,49,347474.31966489274
mixto,Loss Incurred,month,cumulative,Synthetic,Portfolio,Auto,2019-10,50,347210.5516527239
mixto,Loss Incurred,month,cumulative,Synthetic,Portfolio,Auto,2019-10,51,346966.73129167786
mixto,Loss Incurred,month,cumulative,Synthetic,Portfolio,Auto,2019-10,52,346741.4193457224
mixto,Loss Incurred,month,cumulative,Synthetic,Portfolio,Auto,2019-10,53,346533.2708345969
mixto,Loss Incurred,month,cumulative,Synthetic,Portfolio,Auto,2019-10,54,346341.03025046387
mixto,Loss Incurred,month,cumulative,Synthetic,Portfolio,Auto,2019-10,55,346163.52679542423
mixto,Loss Incurred,month,cumulative,Synthetic,Portfolio,Auto,2019-10,56,345999.6696855307
mixto,Loss Incurred,month,cumulative,Synthetic,Portfolio,Auto,2019-10,57,345848.4435571127
mixto,Loss Incurred,month,cumulative,Synthetic,Portfolio,Auto,2019-10,58,345708.90400299145
mixto,Loss Incurred,month,cumulative,Synthetic,Portfolio,Auto,2019-10,59,345580.17325929465
mixto,Loss Incurred,month,cumulative,Synthetic,Portfolio,Auto,2019-10,60,345461.4360578606
mixto,Loss Incurred,month,cumulative,Synthetic,Portfolio,Auto,2019-10,61,345351.9356544918
mixto,Loss Incurred,month,cumulative,Synthetic,Portfolio,Auto,2019-10,62,345250.9700394317
mixto,Loss Incurred,month,cumulative,Synthetic,Portfolio,Auto,2019-10,63,345157.88833325077
mixto,Loss Incurred,month,cumulative,Synthetic,Portfolio,Auto,2019-10,64,345072.0873687595
mixto,Loss Incurred,month,cumulative,Synthetic,Portfolio,Auto,2019-10,65,344993.00845749007
mixto,Loss Incurred,month,cumulative,Synthetic,Portfolio,Auto,2019-10,66,344920.13433765626
mixto,Loss Incurred,month,cumulative,Synthetic,Portfolio,Auto,2019-10,67,344852.9862992153
mixto,Loss Incurred,month,cumulative,Synthetic,Portfolio,Auto,2019-10,68,344791.1214806827
mixto,Loss Incurred,month,cumulative,Synthetic,Portfolio,Auto,2019-10,69,344734.1303316228
mixto,Loss Incurred,month,cumulative,Synthetic,Portfolio,Auto,2019-10,70,344681.63423422055
mixto,Loss Incurred,month,cumulative,Synthetic,Portfolio,Auto,2019-10,71,344633.28327699454
mixto,Loss Incurred,month,cumulative,Synthetic,Portfolio,Auto,2019-10,72,344588.75417351094
mixto,Loss Incurred,month,cumulative,Synthetic,Portfolio,Auto,2019-10,73,344547.7483188644
mixto,Loss Incurred,month,cumulative,Synthetic,Portfolio,Auto,2019-10,74,344509.9899767037
mixto,Loss Incurred,month,cumulative,Synthetic,Portfolio,Auto,2019-11,0,278879.7570792496
mixto,Loss Incurred,month,cumulative,Synthetic,Portfolio,Auto,2019-11,1,307419.064620364
mixto,Loss Incurred,month,cumulative,Synthetic,Portfolio,Auto,2019-11,2,332188.5963322155
mixto,Loss Incurred,month,cumulative,Synthetic,Portfolio,Auto,2019-11,3,353686.30437367904
mixto,Loss Incurred,month,cumulative,Synthetic,Portfolio,Auto,2019-11,4,372344.3660767544
mixto,Loss Incurred,month,cumulative,Synthetic,Portfolio,Auto,2019-11,5,388537.8721865372
mixto,Loss Incurred,month,cumulative,Synthetic,Portfolio,Auto,2019-11,6,402592.36746588076
mixto,Loss Incurred,month,cumulative,Synthetic,Portfolio,Auto,2019-11,7,414790.395256648
mixto,Loss Incurred,month,cumulative,Synthetic,Portfolio,Auto,2019-11,8,425377.1775655807
mixto,Loss Incurred,month,cumulative,Synthetic,Portfolio,Auto,2019-11,9,434565.5448639042
mixto,Loss Incurred,month,cumulative,Synthetic,Portfolio,Auto,2019-11,10,442540.21470647445
mixto,Loss Incurred,month,cumulative,Synthetic,Portfolio,Auto,2019-11,11,449461.5051853176
mixto,Loss Incurred,month,cumulative,Synthetic,Portfolio,Auto,2019-11,12,455468.55787065916
mixto,Loss Incurred,month,cumulative,Synthetic,Portfolio,Auto,2019-11,13,460682.13503156183
mixto,Loss Incurred,month,cumulative,Synthetic,Portfolio,Auto,2019-11,14,465207.0473698561
mixto,Loss Incurred,month,cumulative,Synthetic,Portfolio,Auto,2019-11,15,469134.26107310597
mixto,Loss Incurred,month,cumulative,Synthetic,Portfolio,Auto,2019-11,16,472542.7265455681
mixto,Loss Incurred,month,cumulative,Synthetic,Portfolio,Auto,2019-11,17,475500.9655808802
mixto,Loss Incurred,month,cumulative,Synthetic,Portfolio,Auto,2019-11,18,478068.4488840696
mixto,Loss Incurred,month,cumulative,Synthetic,Portfolio,Auto,2019-11,19,480296.79163577745
mixto,Loss Incurred,month,cumulative,Synthetic,Portfolio,Auto,2019-11,20,482230.7911336203
mixto,Loss Incurred,month,cumulative,Synthetic,Portfolio,Auto,2019-11,21,483909.32737082615
mixto,Loss Incurred,month,cumulative,Synthetic,Portfolio,Auto,2019-11,22,481622.6055702741
mixto,Loss Incurred,month,cumulative,Synthetic,Portfolio,Auto,2019-11,23,479447.5395295321
mixto,Loss Incurred,month,cumulative,Synthetic,Portfolio,Auto,2019-11,24,477384.846663859
mixto,Loss Incurred,month,cumulative,Synthetic,Portfolio,Auto,2019-11,25,475433.89331342257
mixto,Loss Incurred,month,cumulative,Synthetic,Portfolio,Auto,2019-11,26,473592.9752578654
mixto,Loss Incurred,month,cumulative,Synthetic,Portfolio,Auto,2019-11,27,471859.55288798164
mixto,Loss Incurred,month,cumulative,Synthetic,Portfolio,Auto,2019-11,28,470230.4476972356
mixto,Loss Incurred,month,cumulative,Synthetic,Portfolio,Auto,2019-11,29,468702.00582107215
mixto,Loss Incurred,month,cumulative,Synthetic,Portfolio,Auto,2019-11,30,467270.23354510503
mixto,Loss Incurred,month,cumulative,Synthetic,Portfolio,Auto,2019-11,31,465930.90900707035
mixto,Loss Incurred,month,cumulative,Synthetic,Portfolio,Auto,2019-11,32,464679.67371693987
mixto,Loss Incurred,month,cumulative,Synthetic,Portfolio,Auto,2019-11,33,463512.1070018668
mixto,Loss Incurred,month,cumulative,Synthetic,Portfolio,Auto,2019-11,34,462423.78603646596
mixto,Loss Incurred,month,cumulative,Synthetic,Portfolio,Auto,2019-11,35,461410.3337345972
mixto,Loss Incurred,month,cumulative,Synthetic,Portfolio,Auto,2019-11,36,460467.45644794055
mixto,Loss Incurred,month,cumulative,Synthetic,Portfolio,Auto,2019-11,37,459590.9731319145
mixto,Loss Incurred,month,cumulative,Synthetic,Portfolio,Auto,2019-11,38,458776.83739463764
mixto,Loss Incurred,month,cumulative,Synthetic,Portfolio,Auto,2019-11,39,458021.1536341844
mixto,Loss Incurred,month,cumulative,Synthetic,Portfolio,Auto,2019-11,40,457320.18828864244
mixto,Loss Incurred,month,cumulative,Synthetic,Portfolio,Auto,2019-11,41,456670.37706836814
mixto,Loss Incurred,month,cumulative,Synthetic,Portfolio,Auto,2019-11,42,456068.3289068053
mixto,Loss Incurred,month,cumulative,Synthetic,Portfolio,Auto,2019-11,43,455510.8272522696
mixto,Loss Incurred,month,cumulative,Synthetic,Portfolio,Auto,2019-11,44,454994.8292255312
mixto,Loss Incurred,month,cumulative,Synthetic,Portfolio,Auto,2019-11,45,454517.4630846073
mixto,Loss Incurred,month,cumulative,Synthetic,Portfolio,Auto,2019-11,46,454076.02436690766
mixto,Loss Incurred,month,cumulative,Synthetic,Portfolio,Auto,2019-11,47,453667.97101808555
mixto,Loss Incurred,month,cumulative,Synthetic,Portfolio,Auto,2019-11,48,453290.9177651434
mixto,Loss Incurred,month,cumulative,Synthetic,Portfolio,Auto,2019-11,49,452942.6299472751
mixto,Loss Incurred,month,cumulative,Synthetic,Portfolio,Auto,2019-11,50,452621.0169804971
mixto,Loss Incurred,month,cumulative,Synthetic,Portfolio,Auto,2019-11,51,452324.1256003806
mixto,Loss Incurred,month,cumulative,Synthetic,Portfolio,Auto,2019-11,52,452050.1330003444
mixto,Loss Incurred,month,cumulative,Synthetic,Portfolio,Auto,2019-11,53,451797.33996029024
mixto,Loss Incurred,month,cumulative,Synthetic,Portfolio,Auto,2019-11,54,451564.1640412659
mixto,Loss Incurred,month,cumulative,Synthetic,Portfolio,Auto,2019-11,55,451349.1329057977
mixto,Loss Incurred,month,cumulative,Synthetic,Portfolio,Auto,2019-11,56,451150.8778101047
mixto,Loss Incurred,month,cumulative,Synthetic,Portfolio,Auto,2019-11,57,450968.1273032004
mixto,Loss Incurred,month,cumulative,Synthetic,Portfolio,Auto,2019-11,58,450799.7011585726
mixto,Loss Incurred,month,cumulative,Synthetic,Portfolio,Auto,2019-11,59,450644.5045564381
mixto,Loss Incurred,month,cumulative,Synthetic,Portfolio,Auto,2019-11,60,450501.52252822835
mixto,Loss Incurred,month,cumulative,Synthetic,Portfolio,Auto,2019-11,61,450369.81466979044
mixto,Loss Incurred,month,cumulative,Synthetic,Portfolio,Auto,2019-11,62,450248.51012559014
mixto,Loss Incurred,month,cumulative,Synthetic,Portfolio,Auto,2019-11,63,450136.80284283246
mixto,Loss Incurred,month,cumulative,Synthetic,Portfolio,Auto,2019-11,64,450033.9470917388
mixto,Loss Incurred,month,cumulative,Synthetic,Portfolio,Auto,2019-11,65,449939.2532461255
mixto,Loss Incurred,month,cumulative,Synthetic,Portfolio,Auto,2019-11,66,449852.08381682343
mixto,Loss Incurred,month,cumulative,Synthetic,Portfolio,Auto,2019-11,67,449771.8497292751
mixto,Loss Incurred,month,cumulative,Synthetic,Portfolio,Auto,2019-11,68,449698.00683578016
mixto,Loss Incurred,month,cumulative,Synthetic,Portfolio,Auto,2019-11,69,449630.05265227746
mixto,Loss Incurred,month,cumulative,Synthetic,Portfolio,Auto,2019-11,70,449567.5233091844
mixto,Loss Incurred,month,cumulative,Synthetic,Portfolio,Auto,2019-11,71,449509.9907056467
mixto,Loss Incurred,month,cumulative,Synthetic,Portfolio,Auto,2019-11,72,449457.05985652254
mixto,Loss Incurred,month,cumulative,Synthetic,Portfolio,Auto,2019-11,73,449408.3664215216
mixto,Loss Incurred,month,cumulative,Synthetic,Portfolio,Auto,2019-12,0,226534.59815727753
mixto,Loss Incurred,month,cumulative,Synthetic,Portfolio,Auto,2019-12,1,251156.19687718895
mixto,Loss Incurred,month,cumulative,Synthetic,Portfolio,Auto,2019-12,2,272598.9255532979
mixto,Loss Incurred,month,cumulative,Synthetic,Portfolio,Auto,2019-12,3,291273.2049251487
mixto,Loss Incurred,month,cumulative,Synthetic,Portfolio,Auto,2019-12,4,307536.4667201121
mixto,Loss Incurred,month,cumulative,Synthetic,Portfolio,Auto,2019-12,5,321699.9950118763
mixto,Loss Incurred,month,cumulative,Synthetic,Portfolio,Auto,2019-12,6,334034.8842979683
mixto,Loss Incurred,month,cumulative,Synthetic,Portfolio,Auto,2019-12,7,344777.22833583213
mixto,Loss Incurred,month,cumulative,Synthetic,Portfolio,Auto,2019-12,8,354132.6390534576
mixto,Loss Incurred,month,cumulative,Synthetic,Portfolio,Auto,2019-12,9,362280.182027967
mixto,Loss Incurred,month,cumulative,Synthetic,Portfolio,Auto,2019-12,10,369375.80385848857
mixto,Loss Incurred,month,cumulative,Synthetic,Portfolio,Auto,2019-12,11,375555.31703433715
mixto,Loss Incurred,month,cumulative,Synthetic,Portfolio,Auto,2019-12,12,380936.9994298432
mixto,Loss Incurred,month,cumulative,Synthetic,Portfolio,Auto,2019-12,13,385623.85818099766
mixto,Loss Incurred,month,cumulative,Synthetic,Portfolio,Auto,2019-12,14,389705.6012752419
mixto,Loss Incurred,month,cumulative,Synthetic,Portfolio,Auto,2019-12,15,393260.3545912676
mixto,Loss Incurred,month,cumulative,Synthetic,Portfolio,Auto,2019-12,16,396356.15725352115
mixto,Loss Incurred,month,cumulative,Synthetic,Portfolio,Auto,2019-12,17,399052.2639229794
mixto,Loss Incurred,month,cumulative,Synthetic,Portfolio,Auto,2019-12,18,401400.27895046375
mixto,Loss Incurred,month,cumulative,Synthetic,Portfolio,Auto,2019-12,19,400096.31334027986
mixto,Loss Incurred,month,cumulative,Synthetic,Portfolio,Auto,2019-12,20,398816.03206556936
mixto,Loss Incurred,month,cumulative,Synthetic,Portfolio,Auto,2019-12,21,397568.80567149114
mixto,Loss Incurred,month,cumulative,Synthetic,Portfolio,Auto,2019-12,22,396361.7271690373
mixto,Loss Incurred,month,cumulative,Synthetic,Portfolio,Auto,2019-12,23,395199.9978113464
mixto,Loss Incurred,month,cumulative,Synthetic,Portfolio,Auto,2019-12,24,394087.2551827169
mixto,Loss Incurred,month,cumulative,Synthetic,Portfolio,Auto,2019-12,25,393025.8517252415
mixto,Loss Incurred,month,cumulative,Synthetic,Portfolio,Auto,2019-12,26,392017.0907208274
mixto,Loss Incurred,month,cumulative,Synthetic,Portfolio,Auto,2019-12,27,391061.42578714696
mixto,Loss Incurred,month,cumulative,Synthetic,Portfolio,Auto,2019-12,28,390158.62911525625
mixto,Loss Incurred,month,cumulative,Synthetic,Portfolio,Auto,2019-12,29,389307.93295725255
mixto,Loss Incurred,month,cumulative,Synthetic,Portfolio,Auto,2019-12,30,388508.1482496642
mixto,Loss Incurred,month,cumulative,Synthetic,Portfolio,Auto,2019-12,31,387757.76371947577
mixto,Loss Incurred,month,cumulative,Synthetic,Portfolio,Auto,2019-12,32,387055.02835364523
mixto,Loss Incurred,month,cumulative,Synthetic,Portfolio,Auto,2019-12,33,386398.0197100173
mixto,Loss Incurred,month,cumulative,Synthetic,Portfolio,Auto,2019-12,34,385784.7001992646
mixto,Loss Incurred,month,cumulative,Synthetic,Portfolio,Auto,2019-12,35,385212.9631666255
mixto,Loss Incurred,month,cumulative,Synthetic,Portfolio,Auto,2019-12,36,384680.67034240585
mixto,Loss Incurred,month,cumulative,Synthetic,Portfolio,Auto,2019-12,37,384185.68200599635
mixto,Loss Incurred,month,cumulative,Synthetic,Portfolio,Auto,2019-12,38,383725.88101474196
mixto,Loss Incurred,month,cumulative,Synthetic,Portfolio,Auto,2019-12,39,383299.1916822649
mixto,Loss Incurred,month,cumulative,Synthetic,Portfolio,Auto,2019-12,40,382903.59434718144
mixto,Loss Incurred,month,cumulative,Synthetic,Portfolio,Auto,2019-12,41,382537.1363494622
mixto,Loss Incurred,month,cumulative,Synthetic,Portfolio,Auto,2019-12,42,382197.940025271
mixto,Loss Incurred,month,cumulative,Synthetic,Portfolio,Auto,2019-12,43,381884.2082396128
mixto,Loss Incurred,month,cumulative,Synthetic,Portfolio,Auto,2019-12,44,381594.2278975338
mixto,Loss Incurred,month,cumulative,Synthetic,Portfolio,Auto,2019-12,45,381326.3718071526
mixto,Loss Incurred,month,cumulative,Synthetic,Portfolio,Auto,2019-12,46,381079.09920996724
mixto,Loss Incurred,month,cumulative,Synthetic,Portfolio,Auto,2019-12,47,380850.9552443285
mixto,Loss Incurred,month,cumulative,Synthetic,Portfolio,Auto,2019-12,48,380640.56956559175
mixto,Loss Incurred,month,cumulative,Synthetic,Portfolio,Auto,2019-12,49,380446.6543102238
mixto,Loss Incurred,month,cumulative,Synthetic,Portfolio,Auto,2019-12,50,380268.0015602313
mixto,Loss Incurred,month,cumulative,Synthetic,Portfolio,Auto,2019-12,51,380103.4804379345
mixto,Loss Incurred,month,cumulative,Synthetic,Portfolio,Auto,2019-12,52,379952.0339386895
mixto,Loss Incurred,month,cumulative,Synthetic,Portfolio,Auto,2019-12,53,379812.67559012957
mixto,Loss Incurred,month,cumulative,Synthetic,Portfolio,Auto,2019-12,54,379684.4860103586
mixto,Loss Incurred,month,cumulative,Synthetic,Portfolio,Auto,2019-12,55,379566.6094238757
mixto,Loss Incurred,month,cumulative,Synthetic,Portfolio,Auto,2019-12,56,379458.2501824973
mixto,Loss Incurred,month,cumulative,Synthetic,Portfolio,Auto,2019-12,57,379358.6693288445
mixto,Loss Incurred,month,cumulative,Synthetic,Portfolio,Auto,2019-12,58,379267.1812318328
mixto,Loss Incurred,month,cumulative,Synthetic,Portfolio,Auto,2019-12,59,379183.15031679854
mixto,Loss Incurred,month,cumulative,Synthetic,Portfolio,Auto,2019-12,60,379105.9879072326
mixto,Loss Incurred,month,cumulative,Synthetic,Portfolio,Auto,2019-12,61,379035.1491903898
mixto,Loss Incurred,month,cumulative,Synthetic,Portfolio,Auto,2019-12,62,378970.13031517016
mixto,Loss Incurred,month,cumulative,Synthetic,Portfolio,Auto,2019-12,63,378910.465627489
mixto,Loss Incurred,month,cumulative,Synthetic,Portfolio,Auto,2019-12,64,378855.72504575824
mixto,Loss Incurred,month,cumulative,Synthetic,Portfolio,Auto,2019-12,65,378805.51157702156
mixto,Loss Incurred,month,cumulative,Synthetic,Portfolio,Auto,2019-12,66,378759.45897260803
mixto,Loss Incurred,month,cumulative,Synthetic,Portfolio,Auto,2019-12,67,378717.22952085413
mixto,Loss Incurred,month,cumulative,Synthetic,Portfolio,Auto,2019-12,68,378678.51197342796
mixto,Loss Incurred,month,cumulative,Synthetic,Portfolio,Auto,2019-12,69,378643.01960100833
mixto,Loss Incurred,month,cumulative,Synthetic,Portfolio,Auto,2019-12,70,378610.48837350635
mixto,Loss Incurred,month,cumulative,Synthetic,Portfolio,Auto,2019-12,71,378580.6752596168
mixto,Loss Incurred,month,cumulative,Synthetic,Portfolio,Auto,2019-12,72,378553.35664022487
mixto,Loss Incurred,month,cumulative,Synthetic,Portfolio,Auto,2020-01,0,261690.90224798906
mixto,Loss Incurred,month,cumulative,Synthetic,Portfolio,Auto,2020-01,1,292242.1192032053
mixto,Loss Incurred,month,cumulative,Synthetic,Portfolio,Auto,2020-01,2,318178.2618563869
mixto,Loss Incurred,month,cumulative,Synthetic,Portfolio,Auto,2020-01,3,340196.484459835
mixto,Loss Incurred,month,cumulative,Synthetic,Portfolio,Auto,2020-01,4,358888.62897406635
mixto,Loss Incurred,month,cumulative,Synthetic,Portfolio,Auto,2020-01,5,374757.1335683561
mixto,Loss Incurred,month,cumulative,Synthetic,Portfolio,Auto,2020-01,6,388228.5379792988
mixto,Loss Incurred,month,cumulative,Synthetic,Portfolio,Auto,2020-01,7,399664.9487466039
mixto,Loss Incurred,month,cumulative,Synthetic,Portfolio,Auto,2020-01,8,409373.77250756917
mixto,Loss Incurred,month,cumulative,Synthetic,Portfolio,Auto,2020-01,9,417615.97897771106
mixto,Loss Incurred,month,cumulative,Synthetic,Portfolio,Auto,2020-01,10,424613.1157235218
mixto,Loss Incurred,month,cumulative,Synthetic,Portfolio,Auto,2020-01,11,430553.26328193786
mixto,Loss Incurred,month,cumulative,Synthetic,Portfolio,Auto,2020-01,12,435596.0906980065
mixto,Loss Incurred,month,cumulative,Synthetic,Portfolio,Auto,2020-01,13,439877.1473717964
mixto,Loss Incurred,month,cumulative,Synthetic,Portfolio,Auto,2020-01,14,443511.5065778644
mixto,Loss Incurred,month,cumulative,Synthetic,Portfolio,Auto,2020-01,15,446596.85859378113
mixto,Loss Incurred,month,cumulative,Synthetic,Portfolio,Auto,2020-01,16,449216.1365799051
mixto,Loss Incurred,month,cumulative,Synthetic,Portfolio,Auto,2020-01,17,451439.74579311686
mixto,Loss Incurred,month,cumulative,Synthetic,Portfolio,Auto,2020-01,18,453327.4560549807
mixto,Loss Incurred,month,cumulative,Synthetic,Portfolio,Auto,2020-01,19,451444.89838126116
mixto,Loss Incurred,month,cumulative,Synthetic,Portfolio,Auto,2020-01,20,449644.7402128966
mixto,Loss Incurred,month,cumulative,Synthetic,Portfolio,Auto,2020-01,21,447933.3396356514
mixto,Loss Incurred,month,cumulative,Synthetic,Portfolio,Auto,2020-01,22,446314.34340531746
mixto,Loss Incurred,month,cumulative,Synthetic,Portfolio,Auto,2020-01,23,444789.2595373334
mixto,Loss Incurred,month,cumulative,Synthetic,Portfolio,Auto,2020-01,24,443357.9282233079
mixto,Loss Incurred,month,cumulative,Synthetic,Portfolio,Auto,2020-01,25,442018.90784632147
mixto,Loss Incurred,month,cumulative,Synthetic,Portfolio,Auto,2020-01,26,440769.79020174453
mixto,Loss Incurred,month,cumulative,Synthetic,Portfolio,Auto,2020-01,27,439607.45678002684
mixto,Loss Incurred,month,cumulative,Synthetic,Portfolio,Auto,2020-01,28,438528.28606866684
mixto,Loss Incurred,month,cumulative,Synthetic,Portfolio,Auto,2020-01,29,437528.32022829534
mixto,Loss Incurred,month,cumulative,Synthetic,Portfolio,Auto,2020-01,30,436603.3981467109
mixto,Loss Incurred,month,cumulative,Synthetic,Portfolio,Auto,2020-01,31,435749.26073599514
mixto,Loss Incurred,month,cumulative,Synthetic,Portfolio,Auto,2020-01,32,434961.63337865006
mixto,Loss Incurred,month,cumulative,Synthetic,Portfolio,Auto,2020-01,33,434236.2896212235
mixto,Loss Incurred,month,cumulative,Synthetic,Portfolio,Auto,2020-01,34,433569.0995345765
mixto,Loss Incurred,month,cumulative,Synthetic,Portfolio,Auto,2020-01,35,432956.0655888465
mixto,Loss Incurred,month,cumulative,Synthetic,Portfolio,Auto,2020-01,36,432393.34841142624
mixto,Loss Incurred,month,cumulative,Synthetic,Portfolio,Auto,2020-01,37,431877.28439360985
mixto,Loss Incurred,month,cumulative,Synthetic,Portfolio,Auto,2020-01,38,431404.3967739076
mixto,Loss Incurred,month,cumulative,Synthetic,Portfolio,Auto,2020-01,39,430971.40154317254
mixto,Loss Incurred,month,cumulative,Synthetic,Portfolio,Auto,2020-01,40,430575.2092799918
mixto,Loss Incurred,month,cumulative,Synthetic,Portfolio,Auto,2020-01,41,430212.92382697755
mixto,Loss Incurred,month,cumulative,Synthetic,Portfolio,Auto,2020-01,42,429881.83855348825
mixto,Loss Incurred,month,cumulative,Synthetic,Portfolio,Auto,2020-01,43,429579.43081270537
mixto,Loss Incurred,month,cumulative,Synthetic,Portfolio,Auto,2020-01,44,429303.35508650646
mixto,Loss Incurred,month,cumulative,Synthetic,Portfolio,Auto,2020-01,45,429051.4352164852
mixto,Loss Incurred,month,cumulative,Synthetic,Portfolio,Auto,2020-01,46,428821.6560406658
mixto,Loss Incurred,month,cumulative,Synthetic,Portfolio,Auto,2020-01,47,428612.1546902854
mixto,Loss Incurred,month,cumulative,Synthetic,Portfolio,Auto,2020-01,48,428421.2117472697
mixto,Loss Incurred,month,cumulative,Synthetic,Portfolio,Auto,2020-01,49,428247.24241882283
mixto,Loss Incurred,month,cumulative,Synthetic,Portfolio,Auto,2020-01,50,428088.7878493169
mixto,Loss Incurred,month,cumulative,Synthetic,Portfolio,Auto,2020-01,51,427944.50666008354
mixto,Loss Incurred,month,cumulative,Synthetic,Portfolio,Auto,2020-01,52,427813.1667836538
mixto,Loss Incurred,month,cumulative,Synthetic,Portfolio,Auto,2020-01,53,427693.6376395423
mixto,Loss Incurred,month,cumulative,Synthetic,Portfolio,Auto,2020-01,54,427584.88268302847
mixto,Loss Incurred,month,cumulative,Synthetic,Portfolio,Auto,2020-01,55,427485.95234590623
mixto,Loss Incurred,month,cumulative,Synthetic,Portfolio,Auto,2020-01,56,427395.9773782931
mixto,Loss Incurred,month,cumulative,Synthetic,Portfolio,Auto,2020-01,57,427314.1625928606
mixto,Loss Incurred,month,cumulative,Synthetic,Portfolio,Auto,2020-01,58,427239.78100687085
mixto,Loss Incurred,month,cumulative,Synthetic,Portfolio,Auto,2020-01,59,427172.16837287374
mixto,Loss Incurred,month,cumulative,Synthetic,Portfolio,Auto,2020-01,60,427110.7180855565
mixto,Loss Incurred,month,cumulative,Synthetic,Portfolio,Auto,2020-01,61,427054.8764498256
mixto,Loss Incurred,month,cumulative,Synthetic,Portfolio,Auto,2020-01,62,427004.13829355047
mixto,Loss Incurred,month,cumulative,Synthetic,Portfolio,Auto,2020-01,63,426958.0429073716
mixto,Loss Incurred,month,cumulative,Synthetic,Portfolio,Auto,2020-01,64,426916.17029341403
mixto,Loss Incurred,month,cumulative,Synthetic,Portfolio,Auto,2020-01,65,426878.13770459074
mixto,Loss Incurred,month,cumulative,Synthetic,Portfolio,Auto,2020-01,66,426843.59645630186
mixto,Loss Incurred,month,cumulative,Synthetic,Portfolio,Auto,2020-01,67,426812.22899269365
mixto,Loss Incurred,month,cumulative,Synthetic,Portfolio,Auto,2020-01,68,426783.7461901649
mixto,Loss Incurred,month,cumulative,Synthetic,Portfolio,Auto,2020-01,69,426757.8848814528
mixto,Loss Incurred,month,cumulative,Synthetic,Portfolio,Auto,2020-01,70,426734.40558436775
mixto,Loss Incurred,month,cumulative,Synthetic,Portfolio,Auto,2020-01,71,426713.0904200292
mixto,Loss Incurred,month,cumulative,Synthetic,Portfolio,Auto,2020-02,0,261776.46763548852
mixto,Loss Incurred,month,cumulative,Synthetic,Portfolio,Auto,2020-02,1,297607.026582743
mixto,Loss Incurred,month,cumulative,Synthetic,Portfolio,Auto,2020-02,2,328085.266026218
mixto,Loss Incurred,month,cumulative,Synthetic,Portfolio,Auto,2020-02,3,354010.7080753149
mixto,Loss Incurred,month,cumulative,Synthetic,Portfolio,Auto,2020-02,4,376063.44332885905
mixto,Loss Incurred,month,cumulative,Synthetic,Portfolio,Auto,2020-02,5,394821.9713895157
mixto,Loss Incurred,month,cumulative,Synthetic,Portfolio,Auto,2020-02,6,410778.3763867546
mixto,Loss Incurred,month,cumulative,Synthetic,Portfolio,Auto,2020-02,7,424351.2356011146
mixto,Loss Incurred,month,cumulative,Synthetic,Portfolio,Auto,2020-02,8,435896.5998159683
mixto,Loss Incurred,month,cumulative,Synthetic,Portfolio,Auto,2020-02,9,445717.3334394778
mixto,Loss Incurred,month,cumulative,Synthetic,Portfolio,Auto,2020-02,10,454071.05941200664
mixto,Loss Incurred,month,cumulative,Synthetic,Portfolio,Auto,2020-02,11,461176.9173142156
mixto,Loss Incurred,month,cumulative,Synthetic,Portfolio,Auto,2020-02,12,467221.3119582861
mixto,Loss Incurred,month,cumulative,Synthetic,Portfolio,Auto,2020-02,13,472362.8032625112
mixto,Loss Incurred,month,cumulative,Synthetic,Portfolio,Auto,2020-02,14,476736.2656831617
mixto,Loss Incurred,month,cumulative,Synthetic,Portfolio,Auto,2020-02,15,480456.4263161523
mixto,Loss Incurred,month,cumulative,Synthetic,Portfolio,Auto,2020-02,16,483620.8744819593
mixto,Loss Incurred,month,cumulative,Synthetic,Portfolio,Auto,2020-02,17,486312.62174289115
mixto,Loss Incurred,month,cumulative,Synthetic,Portfolio,Auto,2020-02,18,488602.2795085087
mixto,Loss Incurred,month,cumulative,Synthetic,Portfolio,Auto,2020-02,19,486285.7141927141
mixto,Loss Incurred,month,cumulative,Synthetic,Portfolio,Auto,2020-02,20,484019.2777162061
mixto,Loss Incurred,month,cumulative,Synthetic,Portfolio,Auto,2020-02,21,481819.1501992214
mixto,Loss Incurred,month,cumulative,Synthetic,Portfolio,Auto,2020-02,22,479697.20173587394
mixto,Loss Incurred,month,cumulative,Synthetic,Portfolio,Auto,2020-02,23,477661.7876327514
mixto,Loss Incurred,month,cumulative,Synthetic,Portfolio,Auto,2020-02,24,475718.4127454096
mixto,Loss Incurred,month,cumulative,Synthetic,Portfolio,Auto,2020-02,25,473870.285435371
mixto,Loss Incurred,month,cumulative,Synthetic,Portfolio,Auto,2020-02,26,472118.7785271204
mixto,Loss Incurred,month,cumulative,Synthetic,Portfolio,Auto,2020-02,27,470463.81197719317
mixto,Loss Incurred,month,cumulative,Synthetic,Portfolio,Auto,2020-02,28,468904.1697041925
mixto,Loss Incurred,month,cumulative,Synthetic,Portfolio,Auto,2020-02,29,467437.761108664
mixto,Loss Incurred,month,cumulative,Synthetic,Portfolio,Auto,2020-02,30,466061.83618344105
mixto,Loss Incurred,month,cumulative,Synthetic,Portfolio,Auto,2020-02,31,464773.16173445375
mixto,Loss Incurred,month,cumulative,Synthetic,Portfolio,Auto,2020-02,32,463568.1650616851
mixto,Loss Incurred,month,cumulative,Synthetic,Portfolio,Auto,2020-02,33,462443.0504582228
mixto,Loss Incurred,month,cumulative,Synthetic,Portfolio,Auto,2020-02,34,461393.89304523123
mixto,Loss Incurred,month,cumulative,Synthetic,Portfolio,Auto,2020-02,35,460416.7137492109
mixto,Loss Incurred,month,cumulative,Synthetic,Portfolio,Auto,2020-02,36,459507.5386256646
mixto,Loss Incurred,month,cumulative,Synthetic,Portfolio,Auto,2020-02,37,458662.44522369315
mixto,Loss Incurred,month,cumulative,Synthetic,Portfolio,Auto,2020-02,38,457877.598255053
mixto,Loss Incurred,month,cumulative,Synthetic,Portfolio,Auto,2020-02,39,457149.2764668647
mixto,Loss Incurred,month,cumulative,Synthetic,Portfolio,Auto,2020-02,40,456473.89230935636
mixto,Loss Incurred,month,cumulative,Synthetic,Portfolio,Auto,2020-02,41,455848.00573011406
mixto,Loss Incurred,month,cumulative,Synthetic,Portfolio,Auto,2020-02,42,455268.3332070075
mixto,Loss Incurred,month,cumulative,Synthetic,Portfolio,Auto,2020-02,43,454731.7529470486
mixto,Loss Incurred,month,cumulative,Synthetic,Portfolio,Auto,2020-02,44,454235.3070226433
mixto,Loss Incurred,month,cumulative,Synthetic,Portfolio,Auto,2020-02,45,453776.20108557184
mixto,Loss Incurred,month,cumulative,Synthetic,Portfolio,Auto,2020-02,46,453351.80218874535
mixto,Loss Incurred,month,cumulative,Synthetic,Portfolio,Auto,2020-02,47,452959.6351531629
mixto,Loss Incurred,month,cumulative,Synthetic,Portfolio,Auto,2020-02,48,452597.3778397679
mixto,Loss Incurred,month,cumulative,Synthetic,Portfolio,Auto,2020-02,49,452262.85562078474
mixto,Loss Incurred,month,cumulative,Synthetic,Portfolio,Auto,2020-02,50,451954.0352906353
mixto,Loss Incurred,month,cumulative,Synthetic,Portfolio,Auto,2020-02,51,451669.01861102943
mixto,Loss Incurred,month,cumulative,Synthetic,Portfolio,Auto,2020-02,52,451406.0356468857
mixto,Loss Incurred,month,cumulative,Synthetic,Portfolio,Auto,2020-02,53,451163.438018181
mixto,Loss Incurred,month,cumulative,Synthetic,Portfolio,Auto,2020-02,54,450939.6921666315
mixto,Loss Incurred,month,cumulative,Synthetic,Portfolio,Auto,2020-02,55,450733.3727144292
mixto,Loss Incurred,month,cumulative,Synthetic,Portfolio,Auto,2020-02,56,450543.1559743667
mixto,Loss Incurred,month,cumulative,Synthetic,Portfolio,Auto,2020-02,57,450367.81365597784
mixto,Loss Incurred,month,cumulative,Synthetic,Portfolio,Auto,2020-02,58,450206.2068002732
mixto,Loss Incurred,month,cumulative,Synthetic,Portfolio,Auto,2020-02,59,450057.27996583865
mixto,Loss Incurred,month,cumulative,Synthetic,Portfolio,Auto,2020-02,60,449920.05568110803
mixto,Loss Incurred,month,cumulative,Synthetic,Portfolio,Auto,2020-02,61,449793.62917122577
mixto,Loss Incurred,month,cumulative,Synthetic,Portfolio,Auto,2020-02,62,449677.1633627994
mixto,Loss Incurred,month,cumulative,Synthetic,Portfolio,Auto,2020-02,63,449569.88416580757
mixto,Loss Incurred,month,cumulative,Synthetic,Portfolio,Auto,2020-02,64,449471.0760287787
mixto,Loss Incurred,month,cumulative,Synthetic,Portfolio,Auto,2020-02,65,449380.0777609292
mixto,Loss Incurred,month,cumulative,Synthetic,Portfolio,Auto,2020-02,66,449296.2786131397
mixto,Loss Incurred,month,cumulative,Synthetic,Portfolio,Auto,2020-02,67,449219.1146083174
mixto,Loss Incurred,month,cumulative,Synthetic,Portfolio,Auto,2020-02,68,449148.06511076697
mixto,Loss Incurred,month,cumulative,Synthetic,Portfolio,Auto,2020-02,69,449082.6496235961
mixto,Loss Incurred,month,cumulative,Synthetic,Portfolio,Auto,2020-02,70,449022.4248028409
mixto,Loss Incurred,month,cumulative,Synthetic,Portfolio,Auto,2020-03,0,329067.32425803505
mixto,Loss Incurred,month,cumulative,Synthetic,Portfolio,Auto,2020-03,1,360772.064659158
mixto,Loss Incurred,month,cumulative,Synthetic,Portfolio,Auto,2020-03,2,388153.95778403454
mixto,Loss Incurred,month,cumulative,Synthetic,Portfolio,Auto,2020-03,3,411802.4110316002
mixto,Loss Incurred,month,cumulative,Synthetic,Portfolio,Auto,2020-03,4,432226.4678508937
mixto,Loss Incurred,month,cumulative,Synthetic,Portfolio,Auto,2020-03,5,449865.76512716134
mixto,Loss Incurred,month,cumulative,Synthetic,Portfolio,Auto,2020-03,6,465099.9965608803
mixto,Loss Incurred,month,cumulative,Synthetic,Portfolio,Auto,2020-03,7,478257.0857431325
mixto,Loss Incurred,month,cumulative,Synthetic,Portfolio,Auto,2020-03,8,489620.2448564031
mixto,Loss Incurred,month,cumulative,Synthetic,Portfolio,Auto,2020-03,9,499434.07094247075
mixto,Loss Incurred,month,cumulative,Synthetic,Portfolio,Auto,2020-03,10,507909.8109622602
mixto,Loss Incurred,month,cumulative,Synthetic,Portfolio,Auto,2020-03,11,515229.9089804067
mixto,Loss Incurred,month,cumulative,Synthetic,Portfolio,Auto,2020-03,12,521551.933354699
mixto,Loss Incurred,month,cumulative,Synthetic,Portfolio,Auto,2020-03,13,527011.9684648936
mixto,Loss Incurred,month,cumulative,Synthetic,Portfolio,Auto,2020-03,14,531727.5439893703
mixto,Loss Incurred,month,cumulative,Synthetic,Portfolio,Auto,2020-03,15,535800.1647836076
mixto,Loss Incurred,month,cumulative,Synthetic,Portfolio,Auto,2020-03,16,539317.4958172343
mixto,Loss Incurred,month,cumulative,Synthetic,Portfolio,Auto,2020-03,17,542355.2492013994
mixto,Loss Incurred,month,cumulative,Synthetic,Portfolio,Auto,2020-03,18,544978.8139255561
mixto,Loss Incurred,month,cumulative,Synthetic,Portfolio,Auto,2020-03,19,541024.4435919329
mixto,Loss Incurred,month,cumulative,Synthetic,Portfolio,Auto,2020-03,20,537314.3593240231
mixto,Loss Incurred,month,cumulative,Synthetic,Portfolio,Auto,2020-03,21,533841.4801961151
mixto,Loss Incurred,month,cumulative,Synthetic,Portfolio,Auto,2020-03,22,530597.358131553
mixto,Loss Incurred,month,cumulative,Synthetic,Portfolio,Auto,2020-03,23,527572.5717730036
mixto,Loss Incurred,month,cumulative,Synthetic,Portfolio,Auto,2020-03,24,524757.0481978399
mixto,Loss Incurred,month,cumulative,Synthetic,Portfolio,Auto,2020-03,25,522140.3239578643
mixto,Loss Incurred,month,cumulative,Synthetic,Portfolio,Auto,2020-03,26,519711.7552114616
mixto,Loss Incurred,month,cumulative,Synthetic,Portfolio,Auto,2020-03,27,517460.685251452
mixto,Loss Incurred,month,cumulative,Synthetic,Portfolio,Auto,2020-03,28,515376.57647863374
mixto,Loss Incurred,month,cumulative,Synthetic,Portfolio,Auto,2020-03,29,513449.11279938096
mixto,Loss Incurred,month,cumulative,Synthetic,Portfolio,Auto,2020-03,30,511668.2775099745
mixto,Loss Incurred,month,cumulative,Synthetic,Portfolio,Auto,2020-03,31,510024.41094844206
mixto,Loss Incurred,month,cumulative,Synthetic,Portfolio,Auto,2020-03,32,508508.2515275485
mixto,Loss Incurred,month,cumulative,Synthetic,Portfolio,Auto,2020-03,33,507110.96319382335
mixto,Loss Incurred,month,cumulative,Synthetic,Portfolio,Auto,2020-03,34,505824.1518730695
mixto,Loss Incurred,month,cumulative,Synthetic,Portfolio,Auto,2020-03,35,504639.8730505713
mixto,Loss Incurred,month,cumulative,Synthetic,Portfolio,Auto,2020-03,36,503550.6322838102
mixto,Loss Incurred,month,cumulative,Synthetic,Portfolio,Auto,2020-03,37,502549.38014798117
mixto,Loss Incurred,month,cumulative,Synthetic,Portfolio,Auto,2020-03,38,501629.5028623131
mixto,Loss Incurred,month,cumulative,Synthetic,Portfolio,Auto,2020-03,39,500784.8096315445
mixto,Loss Incurred,month,cumulative,Synthetic,Portfolio,Auto,2020-03,40,500009.5175562623
mixto,Loss Incurred,month,cumulative,Synthetic,Portfolio,Auto,2020-03,41,499298.23481331614
mixto,Loss Incurred,month,cumulative,Synthetic,Portfolio,Auto,2020-03,42,498645.9426790224
mixto,Loss Incurred,month,cumulative,Synthetic,Portfolio,Auto,2020-03,43,498047.97685983294
mixto,Loss Incurred,month,cumulative,Synthetic,Portfolio,Auto,2020-03,44,497500.0085044878
mixto,Loss Incurred,month,cumulative,Synthetic,Portfolio,Auto,2020-03,45,496998.02519580396
mixto,Loss Incurred,month,cumulative,Synthetic,Portfolio,Auto,2020-03,46,496538.31215695397
mixto,Loss Incurred,month,cumulative,Synthetic,Portfolio,Auto,2020-03,47,496117.4338544156
mixto,Loss Incurred,month,cumulative,Synthetic,Portfolio,Auto,2020-03,48,495732.2161361367
mixto,Loss Incurred,month,cumulative,Synthetic,Portfolio,Auto,2020-03,49,495379.7290074328
mixto,Loss Incurred,month,cumulative,Synthetic,Portfolio,Auto,2020-03,50,495057.27011755307
mixto,Loss Incurred,month,cumulative,Synthetic,Portfolio,Auto,2020-03,51,494762.3490056772
mixto,Loss Incurred,month,cumulative,Synthetic,Portfolio,Auto,2020-03,52,494492.6721355127
mixto,Loss Incurred,month,cumulative,Synthetic,Portfolio,Auto,2020-03,53,494246.12873187166
mixto,Loss Incurred,month,cumulative,Synthetic,Portfolio,Auto,2020-03,54,494020.77742003533
mixto,Loss Incurred,month,cumulative,Synthetic,Portfolio,Auto,2020-03,55,493814.8336588027
mixto,Loss Incurred,month,cumulative,Synthetic,Portfolio,Auto,2020-03,56,493626.6579504385
mixto,Loss Incurred,month,cumulative,Synthetic,Portfolio,Auto,2020-03,57,493454.7448048915
mixto,Loss Incurred,month,cumulative,Synthetic,Portfolio,Auto,2020-03,58,493297.7124313281
mixto,Loss Incurred,month,cumulative,Synthetic,Portfolio,Auto,2020-03,59,493154.29312695784
mixto,Loss Incurred,month,cumulative,Synthetic,Portfolio,Auto,2020-03,60,493023.324331065
mixto,Loss Incurred,month,cumulative,Synthetic,Portfolio,Auto,2020-03,61,492903.7403109377
mixto,Loss Incurred,month,cumulative,Synthetic,Portfolio,Auto,2020-03,62,492794.5644458203
mixto,Loss Incurred,month,cumulative,Synthetic,Portfolio,Auto,2020-03,63,492694.9020749863
mixto,Loss Incurred,month,cumulative,Synthetic,Portfolio,Auto,2020-03,64,492603.9338764112
mixto,Loss Incurred,month,cumulative,Synthetic,Portfolio,Auto,2020-03,65,492520.9097432378
mixto,Loss Incurred,month,cumulative,Synthetic,Portfolio,Auto,2020-03,66,492445.1431261845
mixto,Loss Incurred,month,cumulative,Synthetic,Portfolio,Auto,2020-03,67,492376.00581118214
mixto,Loss Incurred,month,cumulative,Synthetic,Portfolio,Auto,2020-03,68,492312.92310279596
mixto,Loss Incurred,month,cumulative,Synthetic,Portfolio,Auto,2020-03,69,492255.36938534677
mixto,Loss Incurred,month,cumulative,Synthetic,Portfolio,Auto,2020-04,0,295708.62143111444
mixto,Loss Incurred,month,cumulative,Synthetic,Portfolio,Auto,2020-04,1,333751.4290722558
mixto,Loss Incurred,month,cumulative,Synthetic,Portfolio,Auto,2020-04,2,366391.640397483
mixto,Loss Incurred,month,cumulative,Synthetic,Portfolio,Auto,2020-04,3,394396.49759428285
mixto,Loss Incurred,month,cumulative,Synthetic,Portfolio,Auto,2020-04,4,418424.2840200097
mixto,Loss Incurred,month,cumulative,Synthetic,Portfolio,Auto,2020-04,5,439039.79783831694
mixto,Loss Incurred,month,cumulative,Synthetic,Portfolio,Auto,2020-04,6,456727.6281886717
mixto,Loss Incurred,month,cumulative,Synthetic,Portfolio,Auto,2020-04,7,471903.5459591569
mixto,Loss Incurred,month,cumulative,Synthetic,Portfolio,Auto,2020-04,8,484924.27691454557
mixto,Loss Incurred,month,cumulative,Synthetic,Portfolio,Auto,2020-04,9,496095.88690721075
mixto,Loss Incurred,month,cumulative,Synthetic,Portfolio,Auto,2020-04,10,505680.9762739921
mixto,Loss Incurred,month,cumulative,Synthetic,Portfolio,Auto,2020-04,11,513904.85253081686
mixto,Loss Incurred,month,cumulative,Synthetic,Portfolio,Auto,2020-04,12,520960.82646069536
mixto,Loss Incurred,month,cumulative,Synthetic,Portfolio,Auto,2020-04,13,527014.7560851603
mixto,Loss Incurred,month,cumulative,Synthetic,Portfolio,Auto,2020-04,14,532208.9453299334
mixto,Loss Incurred,month,cumulative,Synthetic,Portfolio,Auto,2020-04,15,536665.4890270203
mixto,Loss Incurred,month,cumulative,Synthetic,Portfolio,Auto,2020-04,16,540489.1428809939
mixto,Loss Incurred,month,cumulative,Synthetic,Portfolio,Auto,2020-04,17,543769.7858610154
mixto,Loss Incurred,month,cumulative,Synthetic,Portfolio,Auto,2020-04,18,546584.5328996836
mixto,Loss Incurred,month,cumulative,Synthetic,Portfolio,Auto,2020-04,19,548999.5475599008
mixto,Loss Incurred,month,cumulative,Synthetic,Portfolio,Auto,2020-04,20,546732.4604654561
mixto,Loss Incurred,month,cumulative,Synthetic,Portfolio,Auto,2020-04,21,544512.3022840979
mixto,Loss Incurred,month,cumulative,Synthetic,Portfolio,Auto,2020-04,22,542354.0340635341
mixto,Loss Incurred,month,cumulative,Synthetic,Portfolio,Auto,2020-04,23,540268.7917496742
mixto,Loss Incurred,month,cumulative,Synthetic,Portfolio,Auto,2020-04,24,538264.5631086187
mixto,Loss Incurred,month,cumulative,Synthetic,Portfolio,Auto,2020-04,25,536346.758003198
mixto,Loss Incurred,month,cumulative,Synthetic,Portfolio,Auto,2020-04,26,534518.6879958296
mixto,Loss Incurred,month,cumulative,Synthetic,Portfolio,Auto,2020-04,27,532781.9689162583
mixto,Loss Incurred,month,cumulative,Synthetic,Portfolio,Auto,2020-04,28,531136.858035987
mixto,Loss Incurred,month,cumulative,Synthetic,Portfolio,Auto,2020-04,29,529582.5357827339
mixto,Loss Incurred,month,cumulative,Synthetic,Portfolio,Auto,2020-04,30,528117.3404667409
mixto,Loss Incurred,month,cumulative,Synthetic,Portfolio,Auto,2020-04,31,526738.9632407937
mixto,Loss Incurred,month,cumulative,Synthetic,Portfolio,Auto,2020-04,32,525444.6094470611
mixto,Loss Incurred,month,cumulative,Synthetic,Portfolio,Auto,2020-04,33,524231.131590257
mixto,Loss Incurred,month,cumulative,Synthetic,Portfolio,Auto,2020-04,34,523095.13839591714
mixto,Loss Incurred,month,cumulative,Synthetic,Portfolio,Auto,2020-04,35,522033.083745609
mixto,Loss Incurred,month,cumulative,Synthetic,Portfolio,Auto,2020-04,36,521041.3387113008
mixto,Loss Incurred,month,cumulative,Synthetic,Portfolio,Auto,2020-04,37,520116.2494248561
mixto,Loss Incurred,month,cumulative,Synthetic,Portfolio,Auto,2020-04,38,519254.1831036705
mixto,Loss Incurred,month,cumulative,Synthetic,Portfolio,Auto,2020-04,39,518451.56419952336
mixto,Loss Incurred,month,cumulative,Synthetic,Portfolio,Auto,2020-04,40,517704.9023359456
mixto,Loss Incurred,month,cumulative,Synthetic,Portfolio,Auto,2020-04,41,517010.8134422632
mixto,Loss Incurred,month,cumulative,Synthetic,Portfolio,Auto,2020-04,42,516366.0352734614
mixto,Loss Incurred,month,cumulative,Synthetic,Portfolio,Auto,2020-04,43,515767.4383186099
mixto,Loss Incurred,month,cumulative,Synthetic,Portfolio,Auto,2020-04,44,515212.03294203215
mixto,Loss Incurred,month,cumulative,Synthetic,Portfolio,Auto,2020-04,45,514696.9734666317
mixto,Loss Incurred,month,cumulative,Synthetic,Portfolio,Auto,2020-04,46,514219.5597943266
mixto,Loss Incurred,month,cumulative,Synthetic,Portfolio,Auto,2020-04,47,513777.2370614191
mixto,Loss Incurred,month,cumulative,Synthetic,Portfolio,Auto,2020-04,48,513367.593744383
mixto,Loss Incurred,month,cumulative,Synthetic,Portfolio,Auto,2020-04,49,512988.35856182774
mixto,Loss Incurred,month,cumulative,Synthetic,Portfolio,Auto,2020-04,50,512637.3964594013
mixto,Loss Incurred,month,cumulative,Synthetic,Portfolio,Auto,2020-04,51,512312.70391457685
mixto,Loss Incurred,month,cumulative,Synthetic,Portfolio,Auto,2020-04,52,512012.40375621704
mixto,Loss Incurred,month,cumulative,Synthetic,Portfolio,Auto,2020-04,53,511734.73965840857
mixto,Loss Incurred,month,cumulative,Synthetic,Portfolio,Auto,2020-04,54,511478.0704382863
mixto,Loss Incurred,month,cumulative,Synthetic,Portfolio,Auto,2020-04,55,511240.86426257744
mixto,Loss Incurred,month,cumulative,Synthetic,Portfolio,Auto,2020-04,56,511021.6928466844
mixto,Loss Incurred,month,cumulative,Synthetic,Portfolio,Auto,2020-04,57,510819.22571264073
mixto,Loss Incurred,month,cumulative,Synthetic,Portfolio,Auto,2020-04,58,510632.224557731
mixto,Loss Incurred,month,cumulative,Synthetic,Portfolio,Auto,2020-04,59,510459.5377734741
mixto,Loss Incurred,month,cumulative,Synthetic,Portfolio,Auto,2020-04,60,510300.0951446763
mixto,Loss Incurred,month,cumulative,Synthetic,Portfolio,Auto,2020-04,61,510152.9027500287
mixto,Loss Incurred,month,cumulative,Synthetic,Portfolio,Auto,2020-04,62,510017.038078971
mixto,Loss Incurred,month,cumulative,Synthetic,Portfolio,Auto,2020-04,63,509891.64537404757
mixto,Loss Incurred,month,cumulative,Synthetic,Portfolio,Auto,2020-04,64,509775.9312035315
mixto,Loss Incurred,month,cumulative,Synthetic,Portfolio,Auto,2020-04,65,509669.1602655168
mixto,Loss Incurred,month,cumulative,Synthetic,Portfolio,Auto,2020-04,66,509570.6514218471
mixto,Loss Incurred,month,cumulative,Synthetic,Portfolio,Auto,2020-04,67,509479.77395802306
mixto,Loss Incurred,month,cumulative,Synthetic,Portfolio,Auto,2020-04,68,509395.9440635139
mixto,Loss Incurred,month,cumulative,Synthetic,Portfolio,Auto,2020-05,0,254461.89943323613
mixto,Loss Incurred,month,cumulative,Synthetic,Portfolio,Auto,2020-05,1,282575.75880483014
mixto,Loss Incurred,month,cumulative,Synthetic,Portfolio,Auto,2020-05,2,306803.0563564172
mixto,Loss Incurred,month,cumulative,Synthetic,Portfolio,Auto,2020-05,3,327681.0844810864
mixto,Loss Incurred,month,cumulative,Synthetic,Portfolio,Auto,2020-05,4,345672.85832405585
mixto,Loss Incurred,month,cumulative,Synthetic,Portfolio,Auto,2020-05,5,361177.3841386404
mixto,Loss Incurred,month,cumulative,Synthetic,Portfolio,Auto,2020-05,6,374538.5081074734
mixto,Loss Incurred,month,cumulative,Synthetic,Portfolio,Auto,2020-05,7,386052.5418706082
mixto,Loss Incurred,month,cumulative,Synthetic,Portfolio,Auto,2020-05,8,395974.833872977
mixto,Loss Incurred,month,cumulative,Synthetic,Portfolio,Auto,2020-05,9,404525.4322649576
mixto,Loss Incurred,month,cumulative,Synthetic,Portfolio,Auto,2020-05,10,411893.96494304115
mixto,Loss Incurred,month,cumulative,Synthetic,Portfolio,Auto,2020-05,11,418243.84495598933
mixto,Loss Incurred,month,cumulative,Synthetic,Portfolio,Auto,2020-05,12,423715.8945404022
mixto,Loss Incurred,month,cumulative,Synthetic,Portfolio,Auto,2020-05,13,428431.46815647284
mixto,Loss Incurred,month,cumulative,Synthetic,Portfolio,Auto,2020-05,14,432495.1437839603
mixto,Loss Incurred,month,cumulative,Synthetic,Portfolio,Auto,2020-05,15,435997.0421636522
mixto,Loss Incurred,month,cumulative,Synthetic,Portfolio,Auto,2020-05,16,439014.82541848137
mixto,Loss Incurred,month,cumulative,Synthetic,Portfolio,Auto,2020-05,17,441615.41937801475
mixto,Loss Incurred,month,cumulative,Synthetic,Portfolio,Auto,2020-05,18,443856.4978025636
mixto,Loss Incurred,month,cumulative,Synthetic,Portfolio,Auto,2020-05,19,441668.6108788983
mixto,Loss Incurred,month,cumulative,Synthetic,Portfolio,Auto,2020-05,20,439537.07794060087
mixto,Loss Incurred,month,cumulative,Synthetic,Portfolio,Auto,2020-05,21,437473.42697865836
mixto,Loss Incurred,month,cumulative,Synthetic,Portfolio,Auto,2020-05,22,435486.07587280794
mixto,Loss Incurred,month,cumulative,Synthetic,Portfolio,Auto,2020-05,23,433580.881379808
mixto,Loss Incurred,month,cumulative,Synthetic,Portfolio,Auto,2020-05,24,431761.6028837353
mixto,Loss Incurred,month,cumulative,Synthetic,Portfolio,Auto,2020-05,25,430030.29342537076
mixto,Loss Incurred,month,cumulative,Synthetic,Portfolio,Auto,2020-05,26,428387.6287397636
mixto,Loss Incurred,month,cumulative,Synthetic,Portfolio,Auto,2020-05,27,426833.18349477724
mixto,Loss Incurred,month,cumulative,Synthetic,Portfolio,Auto,2020-05,28,425365.66260368744
mixto,Loss Incurred,month,cumulative,Synthetic,Portfolio,Auto,2020-05,29,423983.0943514431
mixto,Loss Incurred,month,cumulative,Synthetic,Portfolio,Auto,2020-05,30,422682.99110098387
mixto,Loss Incurred,month,cumulative,Synthetic,Portfolio,Auto,2020-05,31,421462.48251057713
mixto,Loss Incurred,month,cumulative,Synthetic,Portfolio,Auto,2020-05,32,420318.42547621496
mixto,Loss Incurred,month,cumulative,Synthetic,Portfolio,Auto,2020-05,33,419247.4943980545
mixto,Loss Incurred,month,cumulative,Synthetic,Portfolio,Auto,2020-05,34,418246.25484241906
mixto,Loss Incurred,month,cumulative,Synthetic,Portfolio,Auto,2020-05,35,417311.22321866686
mixto,Loss Incurred,month,cumulative,Synthetic,Portfolio,Auto,2020-05,36,416438.9147027133
mixto,Loss Incurred,month,cumulative,Synthetic,Portfolio,Auto,2020-05,37,415625.88130703813
mixto,Loss Incurred,month,cumulative,Synthetic,Portfolio,Auto,2020-05,38,414868.74171277886
mixto,Loss Incurred,month,cumulative,Synthetic,Portfolio,Auto,2020-05,39,414164.2042362763
mixto,Loss Incurred,month,cumulative,Synthetic,Portfolio,Auto,2020-05,40,413509.08409438346
mixto,Loss Incurred,month,cumulative,Synthetic,Portfolio,Auto,2020-05,41,412900.3159550009
mixto,Loss Incurred,month,cumulative,Synthetic,Portfolio,Auto,2020-05,42,412334.96260736143
mixto,Loss Incurred,month,cumulative,Synthetic,Portfolio,Auto,2020-05,43,411810.22045687714
mixto,Loss Incurred,month,cumulative,Synthetic,Portfolio,Auto,2020-05,44,411323.4224387055
mixto,Loss Incurred,month,cumulative,Synthetic,Portfolio,Auto,2020-05,45,410872.03884987434
mixto,Loss Incurred,month,cumulative,Synthetic,Portfolio,Auto,2020-05,46,410453.6765194807
mixto,Loss Incurred,month,cumulative,Synthetic,Portfolio,Auto,2020-05,47,410066.0766681388
mixto,Loss Incurred,month,cumulative,Synthetic,Portfolio,Auto,2020-05,48,409707.11174977553
mixto,Loss Incurred,month,cumulative,Synthetic,Portfolio,Auto,2020-05,49,409374.78151956626
mixto,Loss Incurred,month,cumulative,Synthetic,Portfolio,Auto,2020-05,50,409067.2085300109
mixto,Loss Incurred,month,cumulative,Synthetic,Portfolio,Auto,2020-05,51,408782.6332217631
mixto,Loss Incurred,month,cumulative,Synthetic,Portfolio,Auto,2020-05,52,408519.40874592215
mixto,Loss Incurred,month,cumulative,Synthetic,Portfolio,Auto,2020-05,53,408275.9956292611
mixto,Loss Incurred,month,cumulative,Synthetic,Portfolio,Auto,2020-05,54,408050.95637262164
mixto,Loss Incurred,month,cumulative,Synthetic,Portfolio,Auto,2020-05,55,407842.9500548514
mixto,Loss Incurred,month,cumulative,Synthetic,Portfolio,Auto,2020-05,56,407650.72699969826
mixto,Loss Incurred,month,cumulative,Synthetic,Portfolio,Auto,2020-05,57,407473.12355057296
mixto,Loss Incurred,month,cumulative,Synthetic,Portfolio,Auto,2020-05,58,407309.0569876739
mixto,Loss Incurred,month,cumulative,Synthetic,Portfolio,Auto,2020-05,59,407157.5206133201
mixto,Loss Incurred,month,cumulative,Synthetic,Portfolio,Auto,2020-05,60,407017.5790241929
mixto,Loss Incurred,month,cumulative,Synthetic,Portfolio,Auto,2020-05,61,406888.363583308
mixto,Loss Incurred,month,cumulative,Synthetic,Portfolio,Auto,2020-05,62,406769.0680997323
mixto,Loss Incurred,month,cumulative,Synthetic,Portfolio,Auto,2020-05,63,406658.94472015434
mixto,Loss Incurred,month,cumulative,Synthetic,Portfolio,Auto,2020-05,64,406557.3000332756
mixto,Loss Incurred,month,cumulative,Synthetic,Portfolio,Auto,2020-05,65,406463.49138547643
mixto,Loss Incurred,month,cumulative,Synthetic,Portfolio,Auto,2020-05,66,406376.92340424005
mixto,Loss Incurred,month,cumulative,Synthetic,Portfolio,Auto,2020-05,67,406297.04472428694
mixto,Loss Incurred,month,cumulative,Synthetic,Portfolio,Auto,2020-06,0,240150.34888188043
mixto,Loss Incurred,month,cumulative,Synthetic,Portfolio,Auto,2020-06,1,263393.28494716913
mixto,Loss Incurred,month,cumulative,Synthetic,Portfolio,Auto,2020-06,2,283677.5560864556
mixto,Loss Incurred,month,cumulative,Synthetic,Portfolio,Auto,2020-06,3,301379.7798716233
mixto,Loss Incurred,month,cumulative,Synthetic,Portfolio,Auto,2020-06,4,316828.6330637515
mixto,Loss Incurred,month,cumulative,Synthetic,Portfolio,Auto,2020-06,5,330310.9541465922
mixto,Loss Incurred,month,cumulative,Synthetic,Portfolio,Auto,2020-06,6,342077.0690497637
mixto,Loss Incurred,month,cumulative,Synthetic,Portfolio,Auto,2020-06,7,352345.438944235
mixto,Loss Incurred,month,cumulative,Synthetic,Portfolio,Auto,2020-06,8,361306.71640560514
mixto,Loss Incurred,month,cumulative,Synthetic,Portfolio,Auto,2020-06,9,369127.28525586636
mixto,Loss Incurred,month,cumulative,Synthetic,Portfolio,Auto,2020-06,10,375952.349807804
mixto,Loss Incurred,month,cumulative,Synthetic,Portfolio,Auto,2020-06,11,381908.63086996233
mixto,Loss Incurred,month,cumulative,Synthetic,Portfolio,Auto,2020-06,12,387106.718568833
mixto,Loss Incurred,month,cumulative,Synthetic,Portfolio,Auto,2020-06,13,391643.12567306054
mixto,Loss Incurred,month,cumulative,Synthetic,Portfolio,Auto,2020-06,14,395602.07954368443
mixto,Loss Incurred,month,cumulative,Synthetic,Portfolio,Auto,2020-06,15,399057.08598151524
mixto,Loss Incurred,month,cumulative,Synthetic,Portfolio,Auto,2020-06,16,402072.29400756146
mixto,Loss Incurred,month,cumulative,Synthetic,Portfolio,Auto,2020-06,17,401196.52782496955
mixto,Loss Incurred,month,cumulative,Synthetic,Portfolio,Auto,2020-06,18,400271.54337428196
mixto,Loss Incurred,month,cumulative,Synthetic,Portfolio,Auto,2020-06,19,399316.6983358688
mixto,Loss Incurred,month,cumulative,Synthetic,Portfolio,Auto,2020-06,20,398347.8195992134
mixto,Loss Incurred,month,cumulative,Synthetic,Portfolio,Auto,2020-06,21,397377.73961509386
mixto,Loss Incurred,month,cumulative,Synthetic,Portfolio,Auto,2020-06,22,396416.75739324547
mixto,Loss Incurred,month,cumulative,Synthetic,Portfolio,Auto,2020-06,23,395473.03431449784
mixto,Loss Incurred,month,cumulative,Synthetic,Portfolio,Auto,2020-06,24,394552.93358492723
mixto,Loss Incurred,month,cumulative,Synthetic,Portfolio,Auto,2020-06,25,393661.3109927177
mixto,Loss Incurred,month,cumulative,Synthetic,Portfolio,Auto,2020-06,26,392801.7636136119
mixto,Loss Incurred,month,cumulative,Synthetic,Portfolio,Auto,2020-06,27,391976.842228436
mixto,Loss Incurred,month,cumulative,Synthetic,Portfolio,Auto,2020-06,28,391188.2324490783
mixto,Loss Incurred,month,cumulative,Synthetic,Portfolio,Auto,2020-06,29,390436.90888256294
mixto,Loss Incurred,month,cumulative,Synthetic,Portfolio,Auto,2020-06,30,389723.2660835051
mixto,Loss Incurred,month,cumulative,Synthetic,Portfolio,Auto,2020-06,31,389047.22954191745
mixto,Loss Incurred,month,cumulative,Synthetic,Portfolio,Auto,2020-06,32,388408.3495162102
mixto,Loss Incurred,month,cumulative,Synthetic,Portfolio,Auto,2020-06,33,387805.88014167856
mixto,Loss Incurred,month,cumulative,Synthetic,Portfolio,Auto,2020-06,34,387238.84591531963
mixto,Loss Incurred,month,cumulative,Synthetic,Portfolio,Auto,2020-06,35,386706.0973719431
mixto,Loss Incurred,month,cumulative,Synthetic,Portfolio,Auto,2020-06,36,386206.3575185584
mixto,Loss Incurred,month,cumulative,Synthetic,Portfolio,Auto,2020-06,37,385738.26037898177
mixto,Loss Incurred,month,cumulative,Synthetic,Portfolio,Auto,2020-06,38,385300.382814215
mixto,Loss Incurred,month,cumulative,Synthetic,Portfolio,Auto,2020-06,39,384891.27062264184
mixto,Loss Incurred,month,cumulative,Synthetic,Portfolio,Auto,2020-06,40,384509.45978421567
mixto,Loss Incurred,month,cumulative,Synthetic,Portfolio,Auto,2020-06,41,384153.49359172536
mixto,Loss Incurred,month,cumulative,Synthetic,Portfolio,Auto,2020-06,42,383821.93630745483
mixto,Loss Incurred,month,cumulative,Synthetic,Portfolio,Auto,2020-06,43,383513.3838929506
mixto,Loss Incurred,month,cumulative,Synthetic,Portfolio,Auto,2020-06,44,383226.47228129965
mixto,Loss Incurred,month,cumulative,Synthetic,Portfolio,Auto,2020-06,45,382959.88359368086
mixto,Loss Incurred,month,cumulative,Synthetic,Portfolio,Auto,2020-06,46,382712.35064356634
mixto,Loss Incurred,month,cumulative,Synthetic,Portfolio,Auto,2020-06,47,382482.660021579
mixto,Loss Incurred,month,cumulative,Synthetic,Portfolio,Auto,2020-06,48,382269.6540106082
mixto,Loss Incurred,month,cumulative,Synthetic,Portfolio,Auto,2020-06,49,382072.2315433896
mixto,Loss Incurred,month,cumulative,Synthetic,Portfolio,Auto,2020-06,50,381889.3483825927
mixto,Loss Incurred,month,cumulative,Synthetic,Portfolio,Auto,2020-06,51,381720.0166757954
mixto,Loss Incurred,month,cumulative,Synthetic,Portfolio,Auto,2020-06,52,381563.304013984
mixto,Loss Incurred,month,cumulative,Synthetic,Portfolio,Auto,2020-06,53,381418.33210183785
mixto,Loss Incurred,month,cumulative,Synthetic,Portfolio,Auto,2020-06,54,381284.2751306131
mixto,Loss Incurred,month,cumulative,Synthetic,Portfolio,Auto,2020-06,55,381160.35792949866
mixto,Loss Incurred,month,cumulative,Synthetic,Portfolio,Auto,2020-06,56,381045.8539585715
mixto,Loss Incurred,month,cumulative,Synthetic,Portfolio,Auto,2020-06,57,380940.08319558855
mixto,Loss Incurred,month,cumulative,Synthetic,Portfolio,Auto,2020-06,58,380842.4099595958
mixto,Loss Incurred,month,cumulative,Synthetic,Portfolio,Auto,2020-06,59,380752.2407064598
mixto,Loss Incurred,month,cumulative,Synthetic,Portfolio,Auto,2020-06,60,380669.02182475606
mixto,Loss Incurred,month,cumulative,Synthetic,Portfolio,Auto,2020-06,61,380592.23745480005
mixto,Loss Incurred,month,cumulative,Synthetic,Portfolio,Auto,2020-06,62,380521.40734885086
mixto,Loss Incurred,month,cumulative,Synthetic,Portfolio,Auto,2020-06,63,380456.08478650876
mixto,Loss Incurred,month,cumulative,Synthetic,Portfolio,Auto,2020-06,64,380395.85455597716
mixto,Loss Incurred,month,cumulative,Synthetic,Portfolio,Auto,2020-06,65,380340.3310090567
mixto,Loss Incurred,month,cumulative,Synthetic,Portfolio,Auto,2020-06,66,380289.15619541745
mixto,Loss Incurred,month,cumulative,Synthetic,Portfolio,Auto,2020-07,0,239197.75324106388
mixto,Loss Incurred,month,cumulative,Synthetic,Portfolio,Auto,2020-07,1,266573.57268776646
mixto,Loss Incurred,month,cumulative,Synthetic,Portfolio,Auto,2020-07,2,290420.3631842177
mixto,Loss Incurred,month,cumulative,Synthetic,Portfolio,Auto,2020-07,3,311193.0534077478
mixto,Loss Incurred,month,cumulative,Synthetic,Portfolio,Auto,2020-07,4,329287.9269793907
mixto,Loss Incurred,month,cumulative,Synthetic,Portfolio,Auto,2020-07,5,345050.18242393836
mixto,Loss Incurred,month,cumulative,Synthetic,Portfolio,Auto,2020-07,6,358780.5185722122
mixto,Loss Incurred,month,cumulative,Synthetic,Portfolio,Auto,2020-07,7,370740.87103622506
mixto,Loss Incurred,month,cumulative,Synthetic,Portfolio,Auto,2020-07,8,381159.4091928019
mixto,Loss Incurred,month,cumulative,Synthetic,Portfolio,Auto,2020-07,9,390234.88900384004
mixto,Loss Incurred,month,cumulative,Synthetic,Portfolio,Auto,2020-07,10,398140.4447125904
mixto,Loss Incurred,month,cumulative,Synthetic,Portfolio,Auto,2020-07,11,405026.89175070106
mixto,Loss Incurred,month,cumulative,Synthetic,Portfolio,Auto,2020-07,12,411025.603866057
mixto,Loss Incurred,month,cumulative,Synthetic,Portfolio,Auto,2020-07,13,416251.0193588031
mixto,Loss Incurred,month,cumulative,Synthetic,Portfolio,Auto,2020-07,14,420802.8242373758
mixto,Loss Incurred,month,cumulative,Synthetic,Portfolio,Auto,2020-07,15,424767.8539429294
mixto,Loss Incurred,month,cumulative,Synthetic,Portfolio,Auto,2020-07,16,428221.749921628
mixto,Loss Incurred,month,cumulative,Synthetic,Portfolio,Auto,2020-07,17,426840.2975234521
mixto,Loss Incurred,month,cumulative,Synthetic,Portfolio,Auto,2020-07,18,425423.4006207378
mixto,Loss Incurred,month,cumulative,Synthetic,Portfolio,Auto,2020-07,19,423992.7686978692
mixto,Loss Incurred,month,cumulative,Synthetic,Portfolio,Auto,2020-07,20,422565.9367735206
mixto,Loss Incurred,month,cumulative,Synthetic,Portfolio,Auto,2020-07,21,421156.91397794546
mixto,Loss Incurred,month,cumulative,Synthetic,Portfolio,Auto,2020-07,22,419776.73965624336
mixto,Loss Incurred,month,cumulative,Synthetic,Portfolio,Auto,2020-07,23,418433.9596301308
mixto,Loss Incurred,month,cumulative,Synthetic,Portfolio,Auto,2020-07,24,417135.0335651545
mixto,Loss Incurred,month,cumulative,Synthetic,Portfolio,Auto,2020-07,25,415884.68292656983
mixto,Loss Incurred,month,cumulative,Synthetic,Portfolio,Auto,2020-07,26,414686.1877362984
mixto,Loss Incurred,month,cumulative,Synthetic,Portfolio,Auto,2020-07,27,413541.6392402647
mixto,Loss Incurred,month,cumulative,Synthetic,Portfolio,Auto,2020-07,28,412452.1546380787
mixto,Loss Incurred,month,cumulative,Synthetic,Portfolio,Auto,2020-07,29,411418.059196375
mixto,Loss Incurred,month,cumulative,Synthetic,Portfolio,Auto,2020-07,30,410439.04034657683
mixto,Loss Incurred,month,cumulative,Synthetic,Portfolio,Auto,2020-07,31,409514.27774295904
mixto,Loss Incurred,month,cumulative,Synthetic,Portfolio,Auto,2020-07,32,408642.55271510483
mixto,Loss Incurred,month,cumulative,Synthetic,Portfolio,Auto,2020-07,33,407822.3400792602
mixto,Loss Incurred,month,cumulative,Synthetic,Portfolio,Auto,2020-07,34,407051.8848661912
mixto,Loss Incurred,month,cumulative,Synthetic,Portfolio,Auto,2020-07,35,406329.2661706924
mixto,Loss Incurred,month,cumulative,Synthetic,Portfolio,Auto,2020-07,36,405652.450022698
mixto,Loss Incurred,month,cumulative,Synthetic,Portfolio,Auto,2020-07,37,405019.3329157754
mixto,Loss Incurred,month,cumulative,Synthetic,Portfolio,Auto,2020-07,38,404427.777400208
mixto,Loss Incurred,month,cumulative,Synthetic,Portfolio,Auto,2020-07,39,403875.64095018746
mixto,Loss Incurred,month,cumulative,Synthetic,Portfolio,Auto,2020-07,40,403360.7991437387
mixto,Loss Incurred,month,cumulative,Synthetic,Portfolio,Auto,2020-07,41,402881.16404634033
mixto,Loss Incurred,month,cumulative,Synthetic,Portfolio,Auto,2020-07,42,402434.6985616787
mixto,Loss Incurred,month,cumulative,Synthetic,Portfolio,Auto,2020-07,43,402019.42740290967
mixto,Loss Incurred,month,cumulative,Synthetic,Portfolio,Auto,2020-07,44,401633.4452428568
mixto,Loss Incurred,month,cumulative,Synthetic,Portfolio,Auto,2020-07,45,401274.9225197344
mixto,Loss Incurred,month,cumulative,Synthetic,Portfolio,Auto,2020-07,46,400942.10930448055
mixto,Loss Incurred,month,cumulative,Synthetic,Portfolio,Auto,2020-07,47,400633.33757510036
mixto,Loss Incurred,month,cumulative,Synthetic,Portfolio,Auto,2020-07,48,400347.02219122543
mixto,Loss Incurred,month,cumulative,Synthetic,Portfolio,Auto,2020-07,49,400081.6608172481
mixto,Loss Incurred,month,cumulative,Synthetic,Portfolio,Auto,2020-07,50,399835.83300388395
mixto,Loss Incurred,month,cumulative,Synthetic,Portfolio,Auto,2020-07,51,399608.1986050008
mixto,Loss Incurred,month,cumulative,Synthetic,Portfolio,Auto,2020-07,52,399397.49567826843
mixto,Loss Incurred,month,cumulative,Synthetic,Portfolio,Auto,2020-07,53,399202.53799398756
mixto,Loss Incurred,month,cumulative,Synthetic,Portfolio,Auto,2020-07,54,399022.2122557826
mixto,Loss Incurred,month,cumulative,Synthetic,Portfolio,Auto,2020-07,55,398855.47511921154
mixto,Loss Incurred,month,cumulative,Synthetic,Portfolio,Auto,2020-07,56,398701.35007932305
mixto,Loss Incurred,month,cumulative,Synthetic,Portfolio,Auto,2020-07,57,398558.9242854275
mixto,Loss Incurred,month,cumulative,Synthetic,Portfolio,Auto,2020-07,58,398427.34533051366
mixto,Loss Incurred,month,cumulative,Synthetic,Portfolio,Auto,2020-07,59,398305.81805357576
mixto,Loss Incurred,month,cumulative,Synthetic,Portfolio,Auto,2020-07,60,398193.6013853724
mixto,Loss Incurred,month,cumulative,Synthetic,Portfolio,Auto,2020-07,61,398090.00526162196
mixto,Loss Incurred,month,cumulative,Synthetic,Portfolio,Auto,2020-07,62,397994.38762216765
mixto,Loss Incurred,month,cumulative,Synthetic,Portfolio,Auto,2020-07,63,397906.15151007025
mixto,Loss Incurred,month,cumulative,Synthetic,Portfolio,Auto,2020-07,64,397824.74228077783
mixto,Loss Incurred,month,cumulative,Synthetic,Portfolio,Auto,2020-07,65,397749.6449283662
mixto,Loss Incurred,month,cumulative,Synthetic,Portfolio,Auto,2020-08,0,312394.3691545638
mixto,Loss Incurred,month,cumulative,Synthetic,Portfolio,Auto,2020-08,1,350544.9991852233
mixto,Loss Incurred,month,cumulative,Synthetic,Portfolio,Auto,2020-08,2,382599.46799255634
mixto,Loss Incurred,month,cumulative,Synthetic,Portfolio,Auto,2020-08,3,409531.89269156015
mixto,Loss Incurred,month,cumulative,Synthetic,Portfolio,Auto,2020-08,4,432160.7343837228
mixto,Loss Incurred,month,cumulative,Synthetic,Portfolio,Auto,2020-08,5,451173.6707253922
mixto,Loss Incurred,month,cumulative,Synthetic,Portfolio,Auto,2020-08,6,467148.4940614699
mixto,Loss Incurred,month,cumulative,Synthetic,Portfolio,Auto,2020-08,7,480570.6702068558
mixto,Loss Incurred,month,cumulative,Synthetic,Portfolio,Auto,2020-08,8,491848.0914770431
mixto,Loss Incurred,month,cumulative,Synthetic,Portfolio,Auto,2020-08,9,501323.4723040926
mixto,Loss Incurred,month,cumulative,Synthetic,Portfolio,Auto,2020-08,10,509284.7641337209
mixto,Loss Incurred,month,cumulative,Synthetic,Portfolio,Auto,2020-08,11,515973.9061063124
mixto,Loss Incurred,month,cumulative,Synthetic,Portfolio,Auto,2020-08,12,521594.1774500868
mixto,Loss Incurred,month,cumulative,Synthetic,Portfolio,Auto,2020-08,13,526316.3750214765
mixto,Loss Incurred,month,cumulative,Synthetic,Portfolio,Auto,2020-08,14,530284.0037246598
mixto,Loss Incurred,month,cumulative,Synthetic,Portfolio,Auto,2020-08,15,533617.6375441555
mixto,Loss Incurred,month,cumulative,Synthetic,Portfolio,Auto,2020-08,16,536418.5837197814
mixto,Loss Incurred,month,cumulative,Synthetic,Portfolio,Auto,2020-08,17,538771.9614161776
mixto,Loss Incurred,month,cumulative,Synthetic,Portfolio,Auto,2020-08,18,540749.2884459116
mixto,Loss Incurred,month,cumulative,Synthetic,Portfolio,Auto,2020-08,19,542410.6546552131
mixto,Loss Incurred,month,cumulative,Synthetic,Portfolio,Auto,2020-08,20,538081.5551081408
mixto,Loss Incurred,month,cumulative,Synthetic,Portfolio,Auto,2020-08,21,534053.5774135033
mixto,Loss Incurred,month,cumulative,Synthetic,Portfolio,Auto,2020-08,22,530314.3706985143
mixto,Loss Incurred,month,cumulative,Synthetic,Portfolio,Auto,2020-08,23,526850.2829665474
mixto,Loss Incurred,month,cumulative,Synthetic,Portfolio,Auto,2020-08,24,523646.8688336082
mixto,Loss Incurred,month,cumulative,Synthetic,Portfolio,Auto,2020-08,25,520689.28868075303
mixto,Loss Incurred,month,cumulative,Synthetic,Portfolio,Auto,2020-08,26,517962.6190867714
mixto,Loss Incurred,month,cumulative,Synthetic,Portfolio,Auto,2020-08,27,515452.0910011625
mixto,Loss Incurred,month,cumulative,Synthetic,Portfolio,Auto,2020-08,28,513143.26927819493
mixto,Loss Incurred,month,cumulative,Synthetic,Portfolio,Auto,2020-08,29,511022.1848264294
mixto,Loss Incurred,month,cumulative,Synthetic,Portfolio,Auto,2020-08,30,509075.4286571977
mixto,Loss Incurred,month,cumulative,Synthetic,Portfolio,Auto,2020-08,31,507290.2154753678
mixto,Loss Incurred,month,cumulative,Synthetic,Portfolio,Auto,2020-08,32,505654.42309200426
mixto,Loss Incurred,month,cumulative,Synthetic,Portfolio,Auto,2020-08,33,504156.61280575197
mixto,Loss Incurred,month,cumulative,Synthetic,Portfolio,Auto,2020-08,34,502786.0349598499
mixto,Loss Incurred,month,cumulative,Synthetic,Portfolio,Auto,2020-08,35,501532.6231027033
mixto,Loss Incurred,month,cumulative,Synthetic,Portfolio,Auto,2020-08,36,500386.97953522
mixto,Loss Incurred,month,cumulative,Synthetic,Portfolio,Auto,2020-08,37,499340.35449528747
mixto,Loss Incurred,month,cumulative,Synthetic,Portfolio,Auto,2020-08,38,498384.62079014775
mixto,Loss Incurred,month,cumulative,Synthetic,Portfolio,Auto,2020-08,39,497512.245325384
mixto,Loss Incurred,month,cumulative,Synthetic,Portfolio,Auto,2020-08,40,496716.25868169713
mixto,Loss Incurred,month,cumulative,Synthetic,Portfolio,Auto,2020-08,41,495990.223646701
mixto,Loss Incurred,month,cumulative,Synthetic,Portfolio,Auto,2020-08,42,495328.20340949995
mixto,Loss Incurred,month,cumulative,Synthetic,Portfolio,Auto,2020-08,43,494724.7299631969
mixto,Loss Incurred,month,cumulative,Synthetic,Portfolio,Auto,2020-08,44,494174.7731283959
mixto,Loss Incurred,month,cumulative,Synthetic,Portfolio,Auto,2020-08,45,493673.7105038939
mixto,Loss Incurred,month,cumulative,Synthetic,Portfolio,Auto,2020-08,46,493217.29856471013
mixto,Loss Incurred,month,cumulative,Synthetic,Portfolio,Auto,2020-08,47,492801.64505870204
mixto,Loss Incurred,month,cumulative,Synthetic,Portfolio,Auto,2020-08,48,492423.1827982114
mixto,Loss Incurred,month,cumulative,Synthetic,Portfolio,Auto,2020-08,49,492078.64489995025
mixto,Loss Incurred,month,cumulative,Synthetic,Portfolio,Auto,2020-08,50,491765.0414925452
mixto,Loss Incurred,month,cumulative,Synthetic,Portfolio,Auto,2020-08,51,491479.6378850942
mixto,Loss Incurred,month,cumulative,Synthetic,Portfolio,Auto,2020-08,52,491219.93417028553
mixto,Loss Incurred,month,cumulative,Synthetic,Portfolio,Auto,2020-08,53,490983.6462209047
mixto,Loss Incurred,month,cumulative,Synthetic,Portfolio,Auto,2020-08,54,490768.6880279121
mixto,Loss Incurred,month,cumulative,Synthetic,Portfolio,Auto,2020-08,55,490573.1553209152
mixto,Loss Incurred,month,cumulative,Synthetic,Portfolio,Auto,2020-08,56,490395.3104071064
mixto,Loss Incurred,month,cumulative,Synthetic,Portfolio,Auto,2020-08,57,490233.5681620402
mixto,Loss Incurred,month,cumulative,Synthetic,Portfolio,Auto,2020-08,58,490086.48310454877
mixto,Loss Incurred,month,cumulative,Synthetic,Portfolio,Auto,2020-08,59,489952.73748825456
mixto,Loss Incurred,month,cumulative,Synthetic,Portfolio,Auto,2020-08,60,489831.13034325826
mixto,Loss Incurred,month,cumulative,Synthetic,Portfolio,Auto,2020-08,61,489720.56740339944
mixto,Loss Incurred,month,cumulative,Synthetic,Portfolio,Auto,2020-08,62,489620.05185682414
mixto,Loss Incurred,month,cumulative,Synthetic,Portfolio,Auto,2020-08,63,489528.67586028954
mixto,Loss Incurred,month,cumulative,Synthetic,Portfolio,Auto,2020-08,64,489445.6127605628
mixto,Loss Incurred,month,cumulative,Synthetic,Portfolio,Auto,2020-09,0,217887.46851184007
mixto,Loss Incurred,month,cumulative,Synthetic,Portfolio,Auto,2020-09,1,246029.27495418434
mixto,Loss Incurred,month,cumulative,Synthetic,Portfolio,Auto,2020-09,2,270111.3395854643
mixto,Loss Incurred,month,cumulative,Synthetic,Portfolio,Auto,2020-09,3,290719.32145376795
mixto,Loss Incurred,month,cumulative,Synthetic,Portfolio,Auto,2020-09,4,308354.39233272866
mixto,Loss Incurred,month,cumulative,Synthetic,Portfolio,Auto,2020-09,5,323445.4248701892
mixto,Loss Incurred,month,cumulative,Synthetic,Portfolio,Auto,2020-09,6,336359.4224724554
mixto,Loss Incurred,month,cumulative,Synthetic,Portfolio,Auto,2020-09,7,347410.444571663
mixto,Loss Incurred,month,cumulative,Synthetic,Portfolio,Auto,2020-09,8,356867.2443325475
mixto,Loss Incurred,month,cumulative,Synthetic,Portfolio,Auto,2020-09,9,364959.80454232916
mixto,Loss Incurred,month,cumulative,Synthetic,Portfolio,Auto,2020-09,10,371884.93063200504
mixto,Loss Incurred,month,cumulative,Synthetic,Portfolio,Auto,2020-09,11,377811.03684743267
mixto,Loss Incurred,month,cumulative,Synthetic,Portfolio,Auto,2020-09,12,382882.2419665547
mixto,Loss Incurred,month,cumulative,Synthetic,Portfolio,Auto,2020-09,13,387221.8741677561
mixto,Loss Incurred,month,cumulative,Synthetic,Portfolio,Auto,2020-09,14,390935.47028531256
mixto,Loss Incurred,month,cumulative,Synthetic,Portfolio,Auto,2020-09,15,394113.342391735
mixto,Loss Incurred,month,cumulative,Synthetic,Portfolio,Auto,2020-09,16,396832.77412450593
mixto,Loss Incurred,month,cumulative,Synthetic,Portfolio,Auto,2020-09,17,399159.90017034503
mixto,Loss Incurred,month,cumulative,Synthetic,Portfolio,Auto,2020-09,18,401151.3146147535
mixto,Loss Incurred,month,cumulative,Synthetic,Portfolio,Auto,2020-09,19,402855.44727077754
mixto,Loss Incurred,month,cumulative,Synthetic,Portfolio,Auto,2020-09,20,400650.1649870281
mixto,Loss Incurred,month,cumulative,Synthetic,Portfolio,Auto,2020-09,21,398548.6204074922
mixto,Loss Incurred,month,cumulative,Synthetic,Portfolio,Auto,2020-09,22,396554.2304767416
mixto,Loss Incurred,month,cumulative,Synthetic,Portfolio,Auto,2020-09,23,394668.34314156946
mixto,Loss Incurred,month,cumulative,Synthetic,Portfolio,Auto,2020-09,24,392890.67095556227
mixto,Loss Incurred,month,cumulative,Synthetic,Portfolio,Auto,2020-09,25,391219.6505458371
mixto,Loss Incurred,month,cumulative,Synthetic,Portfolio,Auto,2020-09,26,389652.73963044945
mixto,Loss Incurred,month,cumulative,Synthetic,Portfolio,Auto,2020-09,27,388186.6615036212
mixto,Loss Incurred,month,cumulative,Synthetic,Portfolio,Auto,2020-09,28,386817.60539742134
mixto,Loss Incurred,month,cumulative,Synthetic,Portfolio,Auto,2020-09,29,385541.3898443088
mixto,Loss Incurred,month,cumulative,Synthetic,Portfolio,Auto,2020-09,30,384353.5950720899
mixto,Loss Incurred,month,cumulative,Synthetic,Portfolio,Auto,2020-09,31,383249.6695332253
mixto,Loss Incurred,month,cumulative,Synthetic,Portfolio,Auto,2020-09,32,382225.0148800051
mixto,Loss Incurred,month,cumulative,Synthetic,Portfolio,Auto,2020-09,33,381275.05302539805
mixto,Loss Incurred,month,cumulative,Synthetic,Portfolio,Auto,2020-09,34,380395.2783588147
mixto,Loss Incurred,month,cumulative,Synthetic,Portfolio,Auto,2020-09,35,379581.29770169087
mixto,Loss Incurred,month,cumulative,Synthetic,Portfolio,Auto,2020-09,36,378828.86017687595
mixto,Loss Incurred,month,cumulative,Synthetic,Portfolio,Auto,2020-09,37,378133.87881744636
mixto,Loss Incurred,month,cumulative,Synthetic,Portfolio,Auto,2020-09,38,377492.4454454211
mixto,Loss Incurred,month,cumulative,Synthetic,Portfolio,Auto,2020-09,39,376900.8401010239
mixto,Loss Incurred,month,cumulative,Synthetic,Portfolio,Auto,2020-09,40,376355.5360918325
mixto,Loss Incurred,month,cumulative,Synthetic,Portfolio,Auto,2020-09,41,375853.2015526061
mixto,Loss Incurred,month,cumulative,Synthetic,Portfolio,Auto,2020-09,42,375390.6982558845
mixto,Loss Incurred,month,cumulative,Synthetic,Portfolio,Auto,2020-09,43,374965.0782863837
mixto,Loss Incurred,month,cumulative,Synthetic,Portfolio,Auto,2020-09,44,374573.57908522466
mixto,Loss Incurred,month,cumulative,Synthetic,Portfolio,Auto,2020-09,45,374213.6172800674
mixto,Loss Incurred,month,cumulative,Synthetic,Portfolio,Auto,2020-09,46,373882.7816416853
mixto,Loss Incurred,month,cumulative,Synthetic,Portfolio,Auto,2020-09,47,373578.8254442137
mixto,Loss Incurred,month,cumulative,Synthetic,Portfolio,Auto,2020-09,48,373299.65845334274
mixto,Loss Incurred,month,cumulative,Synthetic,Portfolio,Auto,2020-09,49,373043.3387225236
mixto,Loss Incurred,month,cumulative,Synthetic,Portfolio,Auto,2020-09,50,372808.0643404385
mixto,Loss Incurred,month,cumulative,Synthetic,Portfolio,Auto,2020-09,51,372592.16524241597
mixto,Loss Incurred,month,cumulative,Synthetic,Portfolio,Auto,2020-09,52,372394.0951731564
mixto,Loss Incurred,month,cumulative,Synthetic,Portfolio,Auto,2020-09,53,372212.42386724835
mixto,Loss Incurred,month,cumulative,Synthetic,Portfolio,Auto,2020-09,54,372045.829496797
mixto,Loss Incurred,month,cumulative,Synthetic,Portfolio,Auto,2020-09,55,371893.0914214435
mixto,Loss Incurred,month,cumulative,Synthetic,Portfolio,Auto,2020-09,56,371753.08326464077
mixto,Loss Incurred,month,cumulative,Synthetic,Portfolio,Auto,2020-09,57,371624.76633081934
mixto,Loss Incurred,month,cumulative,Synthetic,Portfolio,Auto,2020-09,58,371507.1833706761
mixto,Loss Incurred,month,cumulative,Synthetic,Portfolio,Auto,2020-09,59,371399.45269594004
mixto,Loss Incurred,month,cumulative,Synthetic,Portfolio,Auto,2020-09,60,371300.7626403499
mixto,Loss Incurred,month,cumulative,Synthetic,Portfolio,Auto,2020-09,61,371210.36636000976
mixto,Loss Incurred,month,cumulative,Synthetic,Portfolio,Auto,2020-09,62,371127.5769635746
mixto,Loss Incurred,month,cumulative,Synthetic,Portfolio,Auto,2020-09,63,371051.76296071993
mixto,Loss Incurred,month,cumulative,Synthetic,Portfolio,Auto,2020-10,0,283987.68314193544
mixto,Loss Incurred,month,cumulative,Synthetic,Portfolio,Auto,2020-10,1,316624.16813630366
mixto,Loss Incurred,month,cumulative,Synthetic,Portfolio,Auto,2020-10,2,344408.25841834437
mixto,Loss Incurred,month,cumulative,Synthetic,Portfolio,Auto,2020-10,3,368061.40834958834
mixto,Loss Incurred,month,cumulative,Synthetic,Portfolio,Auto,2020-10,4,388197.8064101556
mixto,Loss Incurred,month,cumulative,Synthetic,Portfolio,Auto,2020-10,5,405340.3234969819
mixto,Loss Incurred,month,cumulative,Synthetic,Portfolio,Auto,2020-10,6,419934.0900280283
mixto,Loss Incurred,month,cumulative,Synthetic,Portfolio,Auto,2020-10,7,432358.0544017524
mixto,Loss Incurred,month,cumulative,Synthetic,Portfolio,Auto,2020-10,8,442934.8229440748
mixto,Loss Incurred,month,cumulative,Synthetic,Portfolio,Auto,2020-10,9,451939.03685138887
mixto,Loss Incurred,month,cumulative,Synthetic,Portfolio,Auto,2020-10,10,459604.5036491394
mixto,Loss Incurred,month,cumulative,Synthetic,Portfolio,Auto,2020-10,11,466130.26834467705
mixto,Loss Incurred,month,cumulative,Synthetic,Portfolio,Auto,2020-10,12,471685.7819207088
mixto,Loss Incurred,month,cumulative,Synthetic,Portfolio,Auto,2020-10,13,476415.3013768084
mixto,Loss Incurred,month,cumulative,Synthetic,Portfolio,Auto,2020-10,14,480441.63557246746
mixto,Loss Incurred,month,cumulative,Synthetic,Portfolio,Auto,2020-10,15,483869.33413795836
mixto,Loss Incurred,month,cumulative,Synthetic,Portfolio,Auto,2020-10,16,486787.4022577223
mixto,Loss Incurred,month,cumulative,Synthetic,Portfolio,Auto,2020-10,17,489271.61181958707
mixto,Loss Incurred,month,cumulative,Synthetic,Portfolio,Auto,2020-10,18,487372.24823284266
mixto,Loss Incurred,month,cumulative,Synthetic,Portfolio,Auto,2020-10,19,485484.6487084659
mixto,Loss Incurred,month,cumulative,Synthetic,Portfolio,Auto,2020-10,20,483629.05621451343
mixto,Loss Incurred,month,cumulative,Synthetic,Portfolio,Auto,2020-10,21,481820.91688870033
mixto,Loss Incurred,month,cumulative,Synthetic,Portfolio,Auto,2020-10,22,480071.7384540473
mixto,Loss Incurred,month,cumulative,Synthetic,Portfolio,Auto,2020-10,23,478389.809204243
mixto,Loss Incurred,month,cumulative,Synthetic,Portfolio,Auto,2020-10,24,476780.79924819025
mixto,Loss Incurred,month,cumulative,Synthetic,Portfolio,Auto,2020-10,25,475248.26240048546
mixto,Loss Incurred,month,cumulative,Synthetic,Portfolio,Auto,2020-10,26,473794.05429924827
mixto,Loss Incurred,month,cumulative,Synthetic,Portfolio,Auto,2020-10,27,472418.6799502844
mixto,Loss Incurred,month,cumulative,Synthetic,Portfolio,Auto,2020-10,28,471121.5818737227
mixto,Loss Incurred,month,cumulative,Synthetic,Portfolio,Auto,2020-10,29,469901.37831206294
mixto,Loss Incurred,month,cumulative,Synthetic,Portfolio,Auto,2020-10,30,468756.05950121756
mixto,Loss Incurred,month,cumulative,Synthetic,Portfolio,Auto,2020-10,31,467683.14876958367
mixto,Loss Incurred,month,cumulative,Synthetic,Portfolio,Auto,2020-10,32,466679.834181304
mixto,Loss Incurred,month,cumulative,Synthetic,Portfolio,Auto,2020-10,33,465743.07555043633
mixto,Loss Incurred,month,cumulative,Synthetic,Portfolio,Auto,2020-10,34,464869.69089877687
mixto,Loss Incurred,month,cumulative,Synthetic,Portfolio,Auto,2020-10,35,464056.4257911489
mixto,Loss Incurred,month,cumulative,Synthetic,Portfolio,Auto,2020-10,36,463300.00844076305
mixto,Loss Incurred,month,cumulative,Synthetic,Portfolio,Auto,2020-10,37,462597.19301899173
mixto,Loss Incurred,month,cumulative,Synthetic,Portfolio,Auto,2020-10,38,461944.79321607243
mixto,Loss Incurred,month,cumulative,Synthetic,Portfolio,Auto,2020-10,39,461339.70777118776
mixto,Loss Incurred,month,cumulative,Synthetic,Portfolio,Auto,2020-10,40,460778.93941302004
mixto,Loss Incurred,month,cumulative,Synthetic,Portfolio,Auto,2020-10,41,460259.6084175277
mixto,Loss Incurred,month,cumulative,Synthetic,Portfolio,Auto,2020-10,42,459778.96179183305
mixto,Loss Incurred,month,cumulative,Synthetic,Portfolio,Auto,2020-10,43,459334.3789261521
mixto,Loss Incurred,month,cumulative,Synthetic,Portfolio,Auto,2020-10,44,458923.3744149523
mixto,Loss Incurred,month,cumulative,Synthetic,Portfolio,Auto,2020-10,45,458543.5986299643
mixto,Loss Incurred,month,cumulative,Synthetic,Portfolio,Auto,2020-10,46,458192.8365279016
mixto,Loss Incurred,month,cumulative,Synthetic,Portfolio,Auto,2020-10,47,457869.0050918833
mixto,Loss Incurred,month,cumulative,Synthetic,Portfolio,Auto,2020-10,48,457570.1497351294
mixto,Loss Incurred,month,cumulative,Synthetic,Portfolio,Auto,2020-10,49,457294.4399364601
mixto,Loss Incurred,month,cumulative,Synthetic,Portfolio,Auto,2020-10,50,457040.16432768805
mixto,Loss Incurred,month,cumulative,Synthetic,Portfolio,Auto,2020-10,51,456805.72541166976
mixto,Loss Incurred,month,cumulative,Synthetic,Portfolio,Auto,2020-10,52,456589.63405529433
mixto,Loss Incurred,month,cumulative,Synthetic,Portfolio,Auto,2020-10,53,456390.5038729792
mixto,Loss Incurred,month,cumulative,Synthetic,Portfolio,Auto,2020-10,54,456207.0455923836
mixto,Loss Incurred,month,cumulative,Synthetic,Portfolio,Auto,2020-10,55,456038.0614742887
mixto,Loss Incurred,month,cumulative,Synthetic,Portfolio,Auto,2020-10,56,455882.4398422598
mixto,Loss Incurred,month,cumulative,Synthetic,Portfolio,Auto,2020-10,57,455739.1497642695
mixto,Loss Incurred,month,cumulative,Synthetic,Portfolio,Auto,2020-10,58,455607.23591742804
mixto,Loss Incurred,month,cumulative,Synthetic,Portfolio,Auto,2020-10,59,455485.8136579768
mixto,Loss Incurred,month,cumulative,Synthetic,Portfolio,Auto,2020-10,60,455374.0643113879
mixto,Loss Incurred,month,cumulative,Synthetic,Portfolio,Auto,2020-10,61,455271.23069152405
mixto,Loss Incurred,month,cumulative,Synthetic,Portfolio,Auto,2020-10,62,455176.61285309214
mixto,Loss Incurred,month,cumulative,Synthetic,Portfolio,Auto,2020-11,0,238492.2907878807
mixto,Loss Incurred,month,cumulative,Synthetic,Portfolio,Auto,2020-11,1,264033.9965380448
mixto,Loss Incurred,month,cumulative,Synthetic,Portfolio,Auto,2020-11,2,285932.4756919127
mixto,Loss Incurred,month,cumulative,Synthetic,Portfolio,Auto,2020-11,3,304707.39205587975
mixto,Loss Incurred,month,cumulative,Synthetic,Portfolio,Auto,2020-11,4,320804.28545186226
mixto,Loss Incurred,month,cumulative,Synthetic,Portfolio,Auto,2020-11,5,334605.14463965123
mixto,Loss Incurred,month,cumulative,Synthetic,Portfolio,Auto,2020-11,6,346437.47213513654
mixto,Loss Incurred,month,cumulative,Synthetic,Portfolio,Auto,2020-11,7,356582.0560378761
mixto,Loss Incurred,month,cumulative,Synthetic,Portfolio,Auto,2020-11,8,365279.63329805486
mixto,Loss Incurred,month,cumulative,Synthetic,Portfolio,Auto,2020-11,9,372736.6025460839
mixto,Loss Incurred,month,cumulative,Synthetic,Portfolio,Auto,2020-11,10,379129.9220536484
mixto,Loss Incurred,month,cumulative,Synthetic,Portfolio,Auto,2020-11,11,384611.30905770627
mixto,Loss Incurred,month,cumulative,Synthetic,Portfolio,Auto,2020-11,12,389310.84009986743
mixto,Loss Incurred,month,cumulative,Synthetic,Portfolio,Auto,2020-11,13,393340.03781932907
mixto,Loss Incurred,month,cumulative,Synthetic,Portfolio,Auto,2020-11,14,396794.5174507795
mixto,Loss Incurred,month,cumulative,Synthetic,Portfolio,Auto,2020-11,15,399756.25583022553
mixto,Loss Incurred,month,cumulative,Synthetic,Portfolio,Auto,2020-11,16,402295.53675358725
mixto,Loss Incurred,month,cumulative,Synthetic,Portfolio,Auto,2020-11,17,404472.6188525655
mixto,Loss Incurred,month,cumulative,Synthetic,Portfolio,Auto,2020-11,18,406339.1655674585
mixto,Loss Incurred,month,cumulative,Synthetic,Portfolio,Auto,2020-11,19,403186.18542236113
mixto,Loss Incurred,month,cumulative,Synthetic,Portfolio,Auto,2020-11,20,400265.46445188526
mixto,Loss Incurred,month,cumulative,Synthetic,Portfolio,Auto,2020-11,21,397564.9439138532
mixto,Loss Incurred,month,cumulative,Synthetic,Portfolio,Auto,2020-11,22,395072.2436980013
mixto,Loss Incurred,month,cumulative,Synthetic,Portfolio,Auto,2020-11,23,392774.905947987
mixto,Loss Incurred,month,cumulative,Synthetic,Portfolio,Auto,2020-11,24,390660.5847713047
mixto,Loss Incurred,month,cumulative,Synthetic,Portfolio,Auto,2020-11,25,388717.19158358703
mixto,Loss Incurred,month,cumulative,Synthetic,Portfolio,Auto,2020-11,26,386933.0040921965
mixto,Loss Incurred,month,cumulative,Synthetic,Portfolio,Auto,2020-11,27,385296.7456197686
mixto,Loss Incurred,month,cumulative,Synthetic,Portfolio,Auto,2020-11,28,383797.64036588353
mixto,Loss Incurred,month,cumulative,Synthetic,Portfolio,Auto,2020-11,29,382425.44927403884
mixto,Loss Incurred,month,cumulative,Synthetic,Portfolio,Auto,2020-11,30,381170.490385724
mixto,Loss Incurred,month,cumulative,Synthetic,Portfolio,Auto,2020-11,31,380023.6469016349
mixto,Loss Incurred,month,cumulative,Synthetic,Portfolio,Auto,2020-11,32,378976.3656131787
mixto,Loss Incurred,month,cumulative,Synthetic,Portfolio,Auto,2020-11,33,378020.64789940865
mixto,Loss Incurred,month,cumulative,Synthetic,Portfolio,Auto,2020-11,34,377149.0350918229
mixto,Loss Incurred,month,cumulative,Synthetic,Portfolio,Auto,2020-11,35,376354.58968047437
mixto,Loss Incurred,month,cumulative,Synthetic,Portfolio,Auto,2020-11,36,375630.87355975085
mixto,Loss Incurred,month,cumulative,Synthetic,Portfolio,Auto,2020-11,37,374971.9242826163
mixto,Loss Incurred,month,cumulative,Synthetic,Portfolio,Auto,2020-11,38,374372.2301009702
mixto,Loss Incurred,month,cumulative,Synthetic,Portfolio,Auto,2020-11,39,373826.7044110332
mixto,Loss Incurred,month,cumulative,Synthetic,Portfolio,Auto,2020-11,40,373330.6600912021
mixto,Loss Incurred,month,cumulative,Synthetic,Portfolio,Auto,2020-11,41,372879.7841112846
mixto,Loss Incurred,month,cumulative,Synthetic,Portfolio,Auto,2020-11,42,372470.11270275
mixto,Loss Incurred,month,cumulative,Synthetic,Portfolio,Auto,2020-11,43,372098.00730651146
mixto,Loss Incurred,month,cumulative,Synthetic,Portfolio,Auto,2020-11,44,371760.13145513675
mixto,Loss Incurred,month,cumulative,Synthetic,Portfolio,Auto,2020-11,45,371453.42869806313
mixto,Loss Incurred,month,cumulative,Synthetic,Portfolio,Auto,2020-11,46,371175.10163946816
mixto,Loss Incurred,month,cumulative,Synthetic,Portfolio,Auto,2020-11,47,370922.59212735546
mixto,Loss Incurred,month,cumulative,Synthetic,Portfolio,Auto,2020-11,48,370693.56260779663
mixto,Loss Incurred,month,cumulative,Synthetic,Portfolio,Auto,2020-11,49,370485.87863902905
mixto,Loss Incurred,month,cumulative,Synthetic,Portfolio,Auto,2020-11,50,370297.59254526964
mixto,Loss Incurred,month,cumulative,Synthetic,Portfolio,Auto,2020-11,51,370126.9281789049
mixto,Loss Incurred,month,cumulative,Synthetic,Portfolio,Auto,2020-11,52,369972.266751472
mixto,Loss Incurred,month,cumulative,Synthetic,Portfolio,Auto,2020-11,53,369832.1336880103
mixto,Loss Incurred,month,cumulative,Synthetic,Portfolio,Auto,2020-11,54,369705.1864554703
mixto,Loss Incurred,month,cumulative,Synthetic,Portfolio,Auto,2020-11,55,369590.2033135398
mixto,Loss Incurred,month,cumulative,Synthetic,Portfolio,Auto,2020-11,56,369486.0729351501
mixto,Loss Incurred,month,cumulative,Synthetic,Portfolio,Auto,2020-11,57,369391.7848438136
mixto,Loss Incurred,month,cumulative,Synthetic,Portfolio,Auto,2020-11,58,369306.4206155825
mixto,Loss Incurred,month,cumulative,Synthetic,Portfolio,Auto,2020-11,59,369229.145794634
mixto,Loss Incurred,month,cumulative,Synthetic,Portfolio,Auto,2020-11,60,369159.2024731396
mixto,Loss Incurred,month,cumulative,Synthetic,Portfolio,Auto,2020-11,61,369095.90248802654
mixto,Loss Incurred,month,cumulative,Synthetic,Portfolio,Auto,2020-12,0,251575.8032334567
mixto,Loss Incurred,month,cumulative,Synthetic,Portfolio,Auto,2020-12,1,279419.35442299827
mixto,Loss Incurred,month,cumulative,Synthetic,Portfolio,Auto,2020-12,2,303361.78461804026
mixto,Loss Incurred,month,cumulative,Synthetic,Portfolio,Auto,2020-12,3,323949.67442211736
mixto,Loss Incurred,month,cumulative,Synthetic,Portfolio,Auto,2020-12,4,341653.0237952563
mixto,Loss Incurred,month,cumulative,Synthetic,Portfolio,Auto,2020-12,5,356875.9816607756
mixto,Loss Incurred,month,cumulative,Synthetic,Portfolio,Auto,2020-12,6,369966.07220189035
mixto,Loss Incurred,month,cumulative,Synthetic,Portfolio,Auto,2020-12,7,381222.12847481074
mixto,Loss Incurred,month,cumulative,Synthetic,Portfolio,Auto,2020-12,8,390901.11445441126
mixto,Loss Incurred,month,cumulative,Synthetic,Portfolio,Auto,2020-12,9,399223.9912526273
mixto,Loss Incurred,month,cumulative,Synthetic,Portfolio,Auto,2020-12,10,406380.7614292013
mixto,Loss Incurred,month,cumulative,Synthetic,Portfolio,Auto,2020-12,11,412534.80655110884
mixto,Loss Incurred,month,cumulative,Synthetic,Portfolio,Auto,2020-12,12,417826.6170226034
mixto,Loss Incurred,month,cumulative,Synthetic,Portfolio,Auto,2020-12,13,422376.9993339926
mixto,Loss Incurred,month,cumulative,Synthetic,Portfolio,Auto,2020-12,14,426289.8339472769
mixto,Loss Incurred,month,cumulative,Synthetic,Portfolio,Auto,2020-12,15,429654.44677829003
mixto,Loss Incurred,month,cumulative,Synthetic,Portfolio,Auto,2020-12,16,432547.648413796
mixto,Loss Incurred,month,cumulative,Synthetic,Portfolio,Auto,2020-12,17,435035.48761673155
mixto,Loss Incurred,month,cumulative,Synthetic,Portfolio,Auto,2020-12,18,437174.75915028306
mixto,Loss Incurred,month,cumulative,Synthetic,Portfolio,Auto,2020-12,19,434789.5834796307
mixto,Loss Incurred,month,cumulative,Synthetic,Portfolio,Auto,2020-12,20,432486.74413997954
mixto,Loss Incurred,month,cumulative,Synthetic,Portfolio,Auto,2020-12,21,430274.97774727625
mixto,Loss Incurred,month,cumulative,Synthetic,Portfolio,Auto,2020-12,22,428160.16498016374
mixto,Loss Incurred,month,cumulative,Synthetic,Portfolio,Auto,2020-12,23,426145.8620793846
mixto,Loss Incurred,month,cumulative,Synthetic,Portfolio,Auto,2020-12,24,424233.7473057802
mixto,Loss Incurred,month,cumulative,Synthetic,Portfolio,Auto,2020-12,25,422423.9951230609
mixto,Loss Incurred,month,cumulative,Synthetic,Portfolio,Auto,2020-12,26,420715.58901436004
mixto,Loss Incurred,month,cumulative,Synthetic,Portfolio,Auto,2020-12,27,419106.582250137
mixto,Loss Incurred,month,cumulative,Synthetic,Portfolio,Auto,2020-12,28,417594.3145615968
mixto,Loss Incurred,month,cumulative,Synthetic,Portfolio,Auto,2020-12,29,416175.5915060843
mixto,Loss Incurred,month,cumulative,Synthetic,Portfolio,Auto,2020-12,30,414846.83231108985
mixto,Loss Incurred,month,cumulative,Synthetic,Portfolio,Auto,2020-12,31,413604.1911277135
mixto,Loss Incurred,month,cumulative,Synthetic,Portfolio,Auto,2020-12,32,412443.6558921698
mixto,Loss Incurred,month,cumulative,Synthetic,Portfolio,Auto,2020-12,33,411361.1283675844
mixto,Loss Incurred,month,cumulative,Synthetic,Portfolio,Auto,2020-12,34,410352.4884028148
mixto,Loss Incurred,month,cumulative,Synthetic,Portfolio,Auto,2020-12,35,409413.6449873683
mixto,Loss Incurred,month,cumulative,Synthetic,Portfolio,Auto,2020-12,36,408540.57629053365
mixto,Loss Incurred,month,cumulative,Synthetic,Portfolio,Auto,2020-12,37,407729.36053905095
mixto,Loss Incurred,month,cumulative,Synthetic,Portfolio,Auto,2020-12,38,406976.1993028144
mixto,Loss Incurred,month,cumulative,Synthetic,Portfolio,Auto,2020-12,39,406277.43451518234
mixto,Loss Incurred,month,cumulative,Synthetic,Portfolio,Auto,2020-12,40,405629.56034745084
mixto,Loss Incurred,month,cumulative,Synthetic,Portfolio,Auto,2020-12,41,405029.23088072473
mixto,Loss Incurred,month,cumulative,Synthetic,Portfolio,Auto,2020-12,42,404473.26436837955
mixto,Loss Incurred,month,cumulative,Synthetic,Portfolio,Auto,2020-12,43,403958.64475471724
mixto,Loss Incurred,month,cumulative,Synthetic,Portfolio,Auto,2020-12,44,403482.521007041
mixto,Loss Incurred,month,cumulative,Synthetic,Portfolio,Auto,2020-12,45,403042.2047263899
mixto,Loss Incurred,month,cumulative,Synthetic,Portfolio,Auto,2020-12,46,402635.1664242011
mixto,Loss Incurred,month,cumulative,Synthetic,Portfolio,Auto,2020-12,47,402259.0307861498
mixto,Loss Incurred,month,cumulative,Synthetic,Portfolio,Auto,2020-12,48,401911.5711885905
mixto,Loss Incurred,month,cumulative,Synthetic,Portfolio,Auto,2020-12,49,401590.70368589566
mixto,Loss Incurred,month,cumulative,Synthetic,Portfolio,Auto,2020-12,50,401294.48064725724
mixto,Loss Incurred,month,cumulative,Synthetic,Portfolio,Auto,2020-12,51,401021.0841880941
mixto,Loss Incurred,month,cumulative,Synthetic,Portfolio,Auto,2020-12,52,400768.81951314025
mixto,Loss Incurred,month,cumulative,Synthetic,Portfolio,Auto,2020-12,53,400536.1082647795
mixto,Loss Incurred,month,cumulative,Synthetic,Portfolio,Auto,2020-12,54,400321.48195054656
mixto,Loss Incurred,month,cumulative,Synthetic,Portfolio,Auto,2020-12,55,400123.5755073494
mixto,Loss Incurred,month,cumulative,Synthetic,Portfolio,Auto,2020-12,56,399941.1210463758
mixto,Loss Incurred,month,cumulative,Synthetic,Portfolio,Auto,2020-12,57,399772.94181140943
mixto,Loss Incurred,month,cumulative,Synthetic,Portfolio,Auto,2020-12,58,399617.9463740213
mixto,Loss Incurred,month,cumulative,Synthetic,Portfolio,Auto,2020-12,59,399475.1230815206
mixto,Loss Incurred,month,cumulative,Synthetic,Portfolio,Auto,2020-12,60,399343.5347673718
mixto,Loss Incurred,month,cumulative,Synthetic,Portfolio,Auto,2021-01,0,314067.64746823895
mixto,Loss Incurred,month,cumulative,Synthetic,Portfolio,Auto,2021-01,1,350710.9189466369
mixto,Loss Incurred,month,cumulative,Synthetic,Portfolio,Auto,2021-01,2,382118.1323842436
mixto,Loss Incurred,month,cumulative,Synthetic,Portfolio,Auto,2021-01,3,409037.4825437099
mixto,Loss Incurred,month,cumulative,Synthetic,Portfolio,Auto,2021-01,4,432110.2525762232
mixto,Loss Incurred,month,cumulative,Synthetic,Portfolio,Auto,2021-01,5,451886.0909162895
mixto,Loss Incurred,month,cumulative,Synthetic,Portfolio,Auto,2021-01,6,468836.1052189214
mixto,Loss Incurred,month,cumulative,Synthetic,Portfolio,Auto,2021-01,7,483364.0852680574
mixto,Loss Incurred,month,cumulative,Synthetic,Portfolio,Auto,2021-01,8,495816.12221267086
mixto,Loss Incurred,month,cumulative,Synthetic,Portfolio,Auto,2021-01,9,506488.8532837213
mixto,Loss Incurred,month,cumulative,Synthetic,Portfolio,Auto,2021-01,10,515636.52840078255
mixto,Loss Incurred,month,cumulative,Synthetic,Portfolio,Auto,2021-01,11,523477.0670117741
mixto,Loss Incurred,month,cumulative,Synthetic,Portfolio,Auto,2021-01,12,530197.2494541735
mixto,Loss Incurred,month,cumulative,Synthetic,Portfolio,Auto,2021-01,13,535957.1665083187
mixto,Loss Incurred,month,cumulative,Synthetic,Portfolio,Auto,2021-01,14,540894.0331417767
mixto,Loss Incurred,month,cumulative,Synthetic,Portfolio,Auto,2021-01,15,545125.4572972708
mixto,Loss Incurred,month,cumulative,Synthetic,Portfolio,Auto,2021-01,16,548752.2415944914
mixto,Loss Incurred,month,cumulative,Synthetic,Portfolio,Auto,2021-01,17,551860.784689016
mixto,Loss Incurred,month,cumulative,Synthetic,Portfolio,Auto,2021-01,18,548943.5394864524
mixto,Loss Incurred,month,cumulative,Synthetic,Portfolio,Auto,2021-01,19,546174.2634627721
mixto,Loss Incurred,month,cumulative,Synthetic,Portfolio,Auto,2021-01,20,543557.2814460623
mixto,Loss Incurred,month,cumulative,Synthetic,Portfolio,Auto,2021-01,21,541093.8879101455
mixto,Loss Incurred,month,cumulative,Synthetic,Portfolio,Auto,2021-01,22,538783.0084884316
mixto,Loss Incurred,month,cumulative,Synthetic,Portfolio,Auto,2021-01,23,536621.7453190059
mixto,Loss Incurred,month,cumulative,Synthetic,Portfolio,Auto,2021-01,24,534605.8248706639
mixto,Loss Incurred,month,cumulative,Synthetic,Portfolio,Auto,2021-01,25,532729.964040516
mixto,Loss Incurred,month,cumulative,Synthetic,Portfolio,Auto,2021-01,26,530988.1678816316
mixto,Loss Incurred,month,cumulative,Synthetic,Portfolio,Auto,2021-01,27,529373.9702512334
mixto,Loss Incurred,month,cumulative,Synthetic,Portfolio,Auto,2021-01,28,527880.626912552
mixto,Loss Incurred,month,cumulative,Synthetic,Portfolio,Auto,2021-01,29,526501.2691308265
mixto,Loss Incurred,month,cumulative,Synthetic,Portfolio,Auto,2021-01,30,525229.0245369431
mixto,Loss Incurred,month,cumulative,Synthetic,Portfolio,Auto,2021-01,31,524057.1109574441
mixto,Loss Incurred,month,cumulative,Synthetic,Portfolio,Auto,2021-01,32,522978.90799856704
mixto,Loss Incurred,month,cumulative,Synthetic,Portfolio,Auto,2021-01,33,521988.01040026953
mixto,Loss Incurred,month,cumulative,Synthetic,Portfolio,Auto,2021-01,34,521078.26652304176
mixto,Loss Incurred,month,cumulative,Synthetic,Portfolio,Auto,2021-01,35,520243.80477800505
mixto,Loss Incurred,month,cumulative,Synthetic,Portfolio,Auto,2021-01,36,519479.0503442128
mixto,Loss Incurred,month,cumulative,Synthetic,Portfolio,Auto,2021-01,37,518778.7341233068
mixto,Loss Incurred,month,cumulative,Synthetic,Portfolio,Auto,2021-01,38,518137.89554976625
mixto,Loss Incurred,month,cumulative,Synthetic,Portfolio,Auto,2021-01,39,517551.88059553475
mixto,Loss Incurred,month,cumulative,Synthetic,Portfolio,Auto,2021-01,40,517016.33607286634
mixto,Loss Incurred,month,cumulative,Synthetic,Portfolio,Auto,2021-01,41,516527.20114198263
mixto,Loss Incurred,month,cumulative,Synthetic,Portfolio,Auto,2021-01,42,516080.6967648257
mixto,Loss Incurred,month,cumulative,Synthetic,Portfolio,Auto,2021-01,43,515673.3137078767
mixto,Loss Incurred,month,cumulative,Synthetic,Portfolio,Auto,2021-01,44,515301.79958154255
mixto,Loss Incurred,month,cumulative,Synthetic,Portfolio,Auto,2021-01,45,514963.1453074138
mixto,Loss Incurred,month,cumulative,Synthetic,Portfolio,Auto,2021-01,46,514654.5713247542
mixto,Loss Incurred,month,cumulative,Synthetic,Portfolio,Auto,2021-01,47,514373.51378134644
mixto,Loss Incurred,month,cumulative,Synthetic,Portfolio,Auto,2021-01,48,514117.61089910456
mixto,Loss Incurred,month,cumulative,Synthetic,Portfolio,Auto,2021-01,49,513884.6896598254
mixto,Loss Incurred,month,cumulative,Synthetic,Portfolio,Auto,2021-01,50,513672.75291955395
mixto,Loss Incurred,month,cumulative,Synthetic,Portfolio,Auto,2021-01,51,513479.96702991525
mixto,Loss Incurred,month,cumulative,Synthetic,Portfolio,Auto,2021-01,52,513304.6500203636
mixto,Loss Incurred,month,cumulative,Synthetic,Portfolio,Auto,2021-01,53,513145.2603756033
mixto,Loss Incurred,month,cumulative,Synthetic,Portfolio,Auto,2021-01,54,513000.3864267144
mixto,Loss Incurred,month,cumulative,Synthetic,Portfolio,Auto,2021-01,55,512868.7363620536
mixto,Loss Incurred,month,cumulative,Synthetic,Portfolio,Auto,2021-01,56,512749.12885425234
mixto,Loss Incurred,month,cumulative,Synthetic,Portfolio,Auto,2021-01,57,512640.4842921179
mixto,Loss Incurred,month,cumulative,Synthetic,Portfolio,Auto,2021-01,58,512541.81660056947
mixto,Loss Incurred,month,cumulative,Synthetic,Portfolio,Auto,2021-01,59,512452.225627556
mixto,Loss Incurred,month,cumulative,Synthetic,Portfolio,Auto,2021-02,0,257278.61010140486
mixto,Loss Incurred,month,cumulative,Synthetic,Portfolio,Auto,2021-02,1,286909.5076735609
mixto,Loss Incurred,month,cumulative,Synthetic,Portfolio,Auto,2021-02,2,312389.58770206524
mixto,Loss Incurred,month,cumulative,Synthetic,Portfolio,Auto,2021-02,3,334300.3137162873
mixto,Loss Incurred,month,cumulative,Synthetic,Portfolio,Auto,2021-02,4,353141.69545187237
mixto,Loss Incurred,month,cumulative,Synthetic,Portfolio,Auto,2021-02,5,369343.6992319211
mixto,Loss Incurred,month,cumulative,Synthetic,Portfolio,Auto,2021-02,6,383276.0599352197
mixto,Loss Incurred,month,cumulative,Synthetic,Portfolio,Auto,2021-02,7,395256.7184637561
mixto,Loss Incurred,month,cumulative,Synthetic,Portfolio,Auto,2021-02,8,405559.077255214
mixto,Loss Incurred,month,cumulative,Synthetic,Portfolio,Auto,2021-02,9,414418.2394135479
mixto,Loss Incurred,month,cumulative,Synthetic,Portfolio,Auto,2021-02,10,422036.37383658224
mixto,Loss Incurred,month,cumulative,Synthetic,Portfolio,Auto,2021-02,11,428587.3287745529
mixto,Loss Incurred,month,cumulative,Synthetic,Portfolio,Auto,2021-02,12,434220.59910246474
mixto,Loss Incurred,month,cumulative,Synthetic,Portfolio,Auto,2021-02,13,439064.7378406807
mixto,Loss Incurred,month,cumulative,Synthetic,Portfolio,Auto,2021-02,14,443230.2897757293
mixto,Loss Incurred,month,cumulative,Synthetic,Portfolio,Auto,2021-02,15,446812.314127488
mixto,Loss Incurred,month,cumulative,Synthetic,Portfolio,Auto,2021-02,16,449892.55383081135
mixto,Loss Incurred,month,cumulative,Synthetic,Portfolio,Auto,2021-02,17,452541.3009353003
mixto,Loss Incurred,month,cumulative,Synthetic,Portfolio,Auto,2021-02,18,450967.5736496463
mixto,Loss Incurred,month,cumulative,Synthetic,Portfolio,Auto,2021-02,19,449416.29740832956
mixto,Loss Incurred,month,cumulative,Synthetic,Portfolio,Auto,2021-02,20,447901.8848605505
mixto,Loss Incurred,month,cumulative,Synthetic,Portfolio,Auto,2021-02,21,446435.1727665527
mixto,Loss Incurred,month,cumulative,Synthetic,Portfolio,Auto,2021-02,22,445024.0609795247
mixto,Loss Incurred,month,cumulative,Synthetic,Portfolio,Auto,2021-02,23,443674.0496742906
mixto,Loss Incurred,month,cumulative,Synthetic,Portfolio,Auto,2021-02,24,442388.6901623383
mixto,Loss Incurred,month,cumulative,Synthetic,Portfolio,Auto,2021-02,25,441169.9623876516
mixto,Loss Incurred,month,cumulative,Synthetic,Portfolio,Auto,2021-02,26,440018.59027576284
mixto,Loss Incurred,month,cumulative,Synthetic,Portfolio,Auto,2021-02,27,438934.30446341727
mixto,Loss Incurred,month,cumulative,Synthetic,Portfolio,Auto,2021-02,28,437916.06052875164
mixto,Loss Incurred,month,cumulative,Synthetic,Portfolio,Auto,2021-02,29,436962.21963802143
mixto,Loss Incurred,month,cumulative,Synthetic,Portfolio,Auto,2021-02,30,436070.6974955797
mixto,Loss Incurred,month,cumulative,Synthetic,Portfolio,Auto,2021-02,31,435239.08660403366
mixto,Loss Incurred,month,cumulative,Synthetic,Portfolio,Auto,2021-02,32,434464.7560898588
mixto,Loss Incurred,month,cumulative,Synthetic,Portfolio,Auto,2021-02,33,433744.932707863
mixto,Loss Incurred,month,cumulative,Synthetic,Portfolio,Auto,2021-02,34,433076.76608997065
mixto,Loss Incurred,month,cumulative,Synthetic,Portfolio,Auto,2021-02,35,432457.3808363457
mixto,Loss Incurred,month,cumulative,Synthetic,Portfolio,Auto,2021-02,36,431883.91764826316
mixto,Loss Incurred,month,cumulative,Synthetic,Portfolio,Auto,2021-02,37,431353.56536245253
mixto,Loss Incurred,month,cumulative,Synthetic,Portfolio,Auto,2021-02,38,430863.5854573284
mixto,Loss Incurred,month,cumulative,Synthetic,Portfolio,Auto,2021-02,39,430411.33035529946
mixto,Loss Incurred,month,cumulative,Synthetic,Portfolio,Auto,2021-02,40,429994.25663594075
mixto,Loss Incurred,month,cumulative,Synthetic,Portfolio,Auto,2021-02,41,429609.93409686355
mixto,Loss Incurred,month,cumulative,Synthetic,Portfolio,Auto,2021-02,42,429256.0514480189
mixto,Loss Incurred,month,cumulative,Synthetic,Portfolio,Auto,2021-02,43,428930.41929701815
mixto,Loss Incurred,month,cumulative,Synthetic,Portfolio,Auto,2021-02,44,428630.9709744313
mixto,Loss Incurred,month,cumulative,Synthetic,Portfolio,Auto,2021-02,45,428355.76165610703
mixto,Loss Incurred,month,cumulative,Synthetic,Portfolio,Auto,2021-02,46,428102.9661618294
mixto,Loss Incurred,month,cumulative,Synthetic,Portfolio,Auto,2021-02,47,427870.8757440151
mixto,Loss Incurred,month,cumulative,Synthetic,Portfolio,Auto,2021-02,48,427657.8941248282
mixto,Loss Incurred,month,cumulative,Synthetic,Portfolio,Auto,2021-02,49,427462.5329935362
mixto,Loss Incurred,month,cumulative,Synthetic,Portfolio,Auto,2021-02,50,427283.4071368062
mixto,Loss Incurred,month,cumulative,Synthetic,Portfolio,Auto,2021-02,51,427119.2293418393
mixto,Loss Incurred,month,cumulative,Synthetic,Portfolio,Auto,2021-02,52,426968.80518479994
mixto,Loss Incurred,month,cumulative,Synthetic,Portfolio,Auto,2021-02,53,426831.02779409126
mixto,Loss Incurred,month,cumulative,Synthetic,Portfolio,Auto,2021-02,54,426704.87265896803
mixto,Loss Incurred,month,cumulative,Synthetic,Portfolio,Auto,2021-02,55,426589.3925381645
mixto,Loss Incurred,month,cumulative,Synthetic,Portfolio,Auto,2021-02,56,426483.712510146
mixto,Loss Incurred,month,cumulative,Synthetic,Portfolio,Auto,2021-02,57,426387.02519582864
mixto,Loss Incurred,month,cumulative,Synthetic,Portfolio,Auto,2021-02,58,426298.5861757994
mixto,Loss Incurred,month,cumulative,Synthetic,Portfolio,Auto,2021-03,0,294177.27680456627
mixto,Loss Incurred,month,cumulative,Synthetic,Portfolio,Auto,2021-03,1,329136.3862854313
mixto,Loss Incurred,month,cumulative,Synthetic,Portfolio,Auto,2021-03,2,359246.40217274136
mixto,Loss Incurred,month,cumulative,Synthetic,Portfolio,Auto,2021-03,3,385179.93052049004
mixto,Loss Incurred,month,cumulative,Synthetic,Portfolio,Auto,2021-03,4,407516.2818223482
mixto,Loss Incurred,month,cumulative,Synthetic,Portfolio,Auto,2021-03,5,426754.4118133768
mixto,Loss Incurred,month,cumulative,Synthetic,Portfolio,Auto,2021-03,6,443324.0672844086
mixto,Loss Incurred,month,cumulative,Synthetic,Portfolio,Auto,2021-03,7,457595.38588744967
mixto,Loss Incurred,month,cumulative,Synthetic,Portfolio,Auto,2021-03,8,469887.1643752751
mixto,Loss Incurred,month,cumulative,Synthetic,Portfolio,Auto,2021-03,9,480473.9799734898
mixto,Loss Incurred,month,cumulative,Synthetic,Portfolio,Auto,2021-03,10,489592.32396428136
mixto,Loss Incurred,month,cumulative,Synthetic,Portfolio,Auto,2021-03,11,497445.8844955921
mixto,Loss Incurred,month,cumulative,Synthetic,Portfolio,Auto,2021-03,12,504210.0966245981
mixto,Loss Incurred,month,cumulative,Synthetic,Portfolio,Auto,2021-03,13,510036.06123565265
mixto,Loss Incurred,month,cumulative,Synthetic,Portfolio,Auto,2021-03,14,515053.9203745927
mixto,Loss Incurred,month,cumulative,Synthetic,Portfolio,Auto,2021-03,15,519375.7643985792
mixto,Loss Incurred,month,cumulative,Synthetic,Portfolio,Auto,2021-03,16,523098.13588221045
mixto,Loss Incurred,month,cumulative,Synthetic,Portfolio,Auto,2021-03,17,526304.1862128675
mixto,Loss Incurred,month,cumulative,Synthetic,Portfolio,Auto,2021-03,18,529065.5330499324
mixto,Loss Incurred,month,cumulative,Synthetic,Portfolio,Auto,2021-03,19,526964.0060804858
mixto,Loss Incurred,month,cumulative,Synthetic,Portfolio,Auto,2021-03,20,524914.5862944211
mixto,Loss Incurred,month,cumulative,Synthetic,Portfolio,Auto,2021-03,21,522930.4589704663
mixto,Loss Incurred,month,cumulative,Synthetic,Portfolio,Auto,2021-03,22,521021.2398685339
mixto,Loss Incurred,month,cumulative,Synthetic,Portfolio,Auto,2021-03,23,519193.6187725638
mixto,Loss Incurred,month,cumulative,Synthetic,Portfolio,Auto,2021-03,24,517451.9011129534
mixto,Loss Incurred,month,cumulative,Synthetic,Portfolio,Auto,2021-03,25,515798.4628849011
mixto,Loss Incurred,month,cumulative,Synthetic,Portfolio,Auto,2021-03,26,514234.1318763553
mixto,Loss Incurred,month,cumulative,Synthetic,Portfolio,Auto,2021-03,27,512758.50632997433
mixto,Loss Incurred,month,cumulative,Synthetic,Portfolio,Auto,2021-03,28,511370.22054347285
mixto,Loss Incurred,month,cumulative,Synthetic,Portfolio,Auto,2021-03,29,510067.1655239673
mixto,Loss Incurred,month,cumulative,Synthetic,Portfolio,Auto,2021-03,30,508846.67162180465
mixto,Loss Incurred,month,cumulative,Synthetic,Portfolio,Auto,2021-03,31,507705.65904981294
mixto,Loss Incurred,month,cumulative,Synthetic,Portfolio,Auto,2021-03,32,506640.76132080134
mixto,Loss Incurred,month,cumulative,Synthetic,Portfolio,Auto,2021-03,33,505648.4258887391
mixto,Loss Incurred,month,cumulative,Synthetic,Portfolio,Auto,2021-03,34,504724.99563951
mixto,Loss Incurred,month,cumulative,Synthetic,Portfolio,Auto,2021-03,35,503866.7743301681
mixto,Loss Incurred,month,cumulative,Synthetic,Portfolio,Auto,2021-03,36,503070.0786080327
mixto,Loss Incurred,month,cumulative,Synthetic,Portfolio,Auto,2021-03,37,502331.27884145244
mixto,Loss Incurred,month,cumulative,Synthetic,Portfolio,Auto,2021-03,38,501646.83065291116
mixto,Loss Incurred,month,cumulative,Synthetic,Portfolio,Auto,2021-03,39,501013.2987540188
mixto,Loss Incurred,month,cumulative,Synthetic,Portfolio,Auto,2021-03,40,500427.3744336291
mixto,Loss Incurred,month,cumulative,Synthetic,Portfolio,Auto,2021-03,41,499885.88783873577
mixto,Loss Incurred,month,cumulative,Synthetic,Portfolio,Auto,2021-03,42,499385.8160076043
mixto,Loss Incurred,month,cumulative,Synthetic,Portfolio,Auto,2021-03,43,498924.28746129177
mixto,Loss Incurred,month,cumulative,Synthetic,Portfolio,Auto,2021-03,44,498498.5840293884
mixto,Loss Incurred,month,cumulative,Synthetic,Portfolio,Auto,2021-03,45,498106.1404751449
mixto,Loss Incurred,month,cumulative,Synthetic,Portfolio,Auto,2021-03,46,497744.54239128385
mixto,Loss Incurred,month,cumulative,Synthetic,Portfolio,Auto,2021-03,47,497411.52275825356
mixto,Loss Incurred,month,cumulative,Synthetic,Portfolio,Auto,2021-03,48,497104.9574894011
mixto,Loss Incurred,month,cumulative,Synthetic,Portfolio,Auto,2021-03,49,496822.86023067404
mixto,Loss Incurred,month,cumulative,Synthetic,Portfolio,Auto,2021-03,50,496563.376634515
mixto,Loss Incurred,month,cumulative,Synthetic,Portfolio,Auto,2021-03,51,496324.77828722406
mixto,Loss Incurred,month,cumulative,Synthetic,Portfolio,Auto,2021-03,52,496105.456435129
mixto,Loss Incurred,month,cumulative,Synthetic,Portfolio,Auto,2021-03,53,495903.91562645574
mixto,Loss Incurred,month,cumulative,Synthetic,Portfolio,Auto,2021-03,54,495718.7673619795
mixto,Loss Incurred,month,cumulative,Synthetic,Portfolio,Auto,2021-03,55,495548.72382769664
mixto,Loss Incurred,month,cumulative,Synthetic,Portfolio,Auto,2021-03,56,495392.5917662401
mixto,Loss Incurred,month,cumulative,Synthetic,Portfolio,Auto,2021-03,57,495249.2665300952
mixto,Loss Incurred,month,cumulative,Synthetic,Portfolio,Auto,2021-04,0,277877.67879247945
mixto,Loss Incurred,month,cumulative,Synthetic,Portfolio,Auto,2021-04,1,310025.38962289086
mixto,Loss Incurred,month,cumulative,Synthetic,Portfolio,Auto,2021-04,2,338047.2833409964
mixto,Loss Incurred,month,cumulative,Synthetic,Portfolio,Auto,2021-04,3,362472.8647359237
mixto,Loss Incurred,month,cumulative,Synthetic,Portfolio,Auto,2021-04,4,383763.6822831596
mixto,Loss Incurred,month,cumulative,Synthetic,Portfolio,Auto,2021-04,5,402322.04961536266
mixto,Loss Incurred,month,cumulative,Synthetic,Portfolio,Auto,2021-04,6,418498.6476850642
mixto,Loss Incurred,month,cumulative,Synthetic,Portfolio,Auto,2021-04,7,432599.1512705596
mixto,Loss Incurred,month,cumulative,Synthetic,Portfolio,Auto,2021-04,8,444890.0050401765
mixto,Loss Incurred,month,cumulative,Synthetic,Portfolio,Auto,2021-04,9,455603.4583200651
mixto,Loss Incurred,month,cumulative,Synthetic,Portfolio,Auto,2021-04,10,464941.9537030375
mixto,Loss Incurred,month,cumulative,Synthetic,Portfolio,Auto,2021-04,11,473081.9524260919
mixto,Loss Incurred,month,cumulative,Synthetic,Portfolio,Auto,2021-04,12,480177.26880137686
mixto,Loss Incurred,month,cumulative,Synthetic,Portfolio,Auto,2021-04,13,486361.9767083698
mixto,Loss Incurred,month,cumulative,Synthetic,Portfolio,Auto,2021-04,14,491752.9430686662
mixto,Loss Incurred,month,cumulative,Synthetic,Portfolio,Auto,2021-04,15,496452.0361761979
mixto,Loss Incurred,month,cumulative,Synthetic,Portfolio,Auto,2021-04,16,500548.0506117318
mixto,Loss Incurred,month,cumulative,Synthetic,Portfolio,Auto,2021-04,17,504118.38511504506
mixto,Loss Incurred,month,cumulative,Synthetic,Portfolio,Auto,2021-04,18,503069.0860551516
mixto,Loss Incurred,month,cumulative,Synthetic,Portfolio,Auto,2021-04,19,501969.66482936067
mixto,Loss Incurred,month,cumulative,Synthetic,Portfolio,Auto,2021-04,20,500842.06416389573
mixto,Loss Incurred,month,cumulative,Synthetic,Portfolio,Auto,2021-04,21,499704.10884319484
mixto,Loss Incurred,month,cumulative,Synthetic,Portfolio,Auto,2021-04,22,498570.1434717089
mixto,Loss Incurred,month,cumulative,Synthetic,Portfolio,Auto,2021-04,23,497451.57921444846
mixto,Loss Incurred,month,cumulative,Synthetic,Portfolio,Auto,2021-04,24,496357.3619676785
mixto,Loss Incurred,month,cumulative,Synthetic,Portfolio,Auto,2021-04,25,495294.3727485405
mixto,Loss Incurred,month,cumulative,Synthetic,Portfolio,Auto,2021-04,26,494267.7696485672
mixto,Loss Incurred,month,cumulative,Synthetic,Portfolio,Auto,2021-04,27,493281.27944251016
mixto,Loss Incurred,month,cumulative,Synthetic,Portfolio,Auto,2021-04,28,492337.44585578266
mixto,Loss Incurred,month,cumulative,Synthetic,Portfolio,Auto,2021-04,29,491437.8405495186
mixto,Loss Incurred,month,cumulative,Synthetic,Portfolio,Auto,2021-04,30,490583.24206296017
mixto,Loss Incurred,month,cumulative,Synthetic,Portfolio,Auto,2021-04,31,489773.7872422447
mixto,Loss Incurred,month,cumulative,Synthetic,Portfolio,Auto,2021-04,32,489009.09906841745
mixto,Loss Incurred,month,cumulative,Synthetic,Portfolio,Auto,2021-04,33,488288.39426329697
mixto,Loss Incurred,month,cumulative,Synthetic,Portfolio,Auto,2021-04,34,487610.57358884346
mixto,Loss Incurred,month,cumulative,Synthetic,Portfolio,Auto,2021-04,35,486974.2973546076
mixto,Loss Incurred,month,cumulative,Synthetic,Portfolio,Auto,2021-04,36,486378.0483004845
mixto,Loss Incurred,month,cumulative,Synthetic,Portfolio,Auto,2021-04,37,485820.18372128747
mixto,Loss Incurred,month,cumulative,Synthetic,Portfolio,Auto,2021-04,38,485298.9784394441
mixto,Loss Incurred,month,cumulative,Synthetic,Portfolio,Auto,2021-04,39,484812.66000702773
mixto,Loss Incurred,month,cumulative,Synthetic,Portfolio,Auto,2021-04,40,484359.43732372427
mixto,Loss Incurred,month,cumulative,Synthetic,Portfolio,Auto,2021-04,41,483937.523689161
mixto,Loss Incurred,month,cumulative,Synthetic,Portfolio,Auto,2021-04,42,483545.15516276035
mixto,Loss Incurred,month,cumulative,Synthetic,Portfolio,Auto,2021-04,43,483180.604978884
mixto,Loss Incurred,month,cumulative,Synthetic,Portfolio,Auto,2021-04,44,482842.1946568546
mixto,Loss Incurred,month,cumulative,Synthetic,Portfolio,Auto,2021-04,45,482528.3023521613
mixto,Loss Incurred,month,cumulative,Synthetic,Portfolio,Auto,2021-04,46,482237.36891479726
mixto,Loss Incurred,month,cumulative,Synthetic,Portfolio,Auto,2021-04,47,481967.9020514839
mixto,Loss Incurred,month,cumulative,Synthetic,Portfolio,Auto,2021-04,48,481718.47892901517
mixto,Loss Incurred,month,cumulative,Synthetic,Portfolio,Auto,2021-04,49,481487.7475047965
mixto,Loss Incurred,month,cumulative,Synthetic,Portfolio,Auto,2021-04,50,481274.42682671646
mixto,Loss Incurred,month,cumulative,Synthetic,Portfolio,Auto,2021-04,51,481077.3065068045
mixto,Loss Incurred,month,cumulative,Synthetic,Portfolio,Auto,2021-04,52,480895.245540823
mixto,Loss Incurred,month,cumulative,Synthetic,Portfolio,Auto,2021-04,53,480727.1706183106
mixto,Loss Incurred,month,cumulative,Synthetic,Portfolio,Auto,2021-04,54,480572.0740439508
mixto,Loss Incurred,month,cumulative,Synthetic,Portfolio,Auto,2021-04,55,480429.01137097843
mixto,Loss Incurred,month,cumulative,Synthetic,Portfolio,Auto,2021-04,56,480297.09883014
mixto,Loss Incurred,month,cumulative,Synthetic,Portfolio,Auto,2021-05,0,287956.55447115935
mixto,Loss Incurred,month,cumulative,Synthetic,Portfolio,Auto,2021-05,1,318518.8004788763
mixto,Loss Incurred,month,cumulative,Synthetic,Portfolio,Auto,2021-05,2,344928.8903302496
mixto,Loss Incurred,month,cumulative,Synthetic,Portfolio,Auto,2021-05,3,367750.93180526106
mixto,Loss Incurred,month,cumulative,Synthetic,Portfolio,Auto,2021-05,4,387472.3935654548
mixto,Loss Incurred,month,cumulative,Synthetic,Portfolio,Auto,2021-05,5,404514.5172678695
mixto,Loss Incurred,month,cumulative,Synthetic,Portfolio,Auto,2021-05,6,419241.31509959133
mixto,Loss Incurred,month,cumulative,Synthetic,Portfolio,Auto,2021-05,7,431967.34491626715
mixto,Loss Incurred,month,cumulative,Synthetic,Portfolio,Auto,2021-05,8,442964.4290580805
mixto,Loss Incurred,month,cumulative,Synthetic,Portfolio,Auto,2021-05,9,452467.46035411395
mixto,Loss Incurred,month,cumulative,Synthetic,Portfolio,Auto,2021-05,10,460679.419328768
mixto,Loss Incurred,month,cumulative,Synthetic,Portfolio,Auto,2021-05,11,467775.70977553836
mixto,Loss Incurred,month,cumulative,Synthetic,Portfolio,Auto,2021-05,12,473907.9053040779
mixto,Loss Incurred,month,cumulative,Synthetic,Portfolio,Auto,2021-05,13,479206.9868851249
mixto,Loss Incurred,month,cumulative,Synthetic,Portfolio,Auto,2021-05,14,483786.1405458171
mixto,Loss Incurred,month,cumulative,Synthetic,Portfolio,Auto,2021-05,15,487743.17497292
mixto,Loss Incurred,month,cumulative,Synthetic,Portfolio,Auto,2021-05,16,491162.6106629009
mixto,Loss Incurred,month,cumulative,Synthetic,Portfolio,Auto,2021-05,17,494117.48524216405
mixto,Loss Incurred,month,cumulative,Synthetic,Portfolio,Auto,2021-05,18,496670.9135182854
mixto,Loss Incurred,month,cumulative,Synthetic,Portfolio,Auto,2021-05,19,493915.2490237498
mixto,Loss Incurred,month,cumulative,Synthetic,Portfolio,Auto,2021-05,20,491319.4349267815
mixto,Loss Incurred,month,cumulative,Synthetic,Portfolio,Auto,2021-05,21,488881.6252473789
mixto,Loss Incurred,month,cumulative,Synthetic,Portfolio,Auto,2021-05,22,486598.38421964797
mixto,Loss Incurred,month,cumulative,Synthetic,Portfolio,Auto,2021-05,23,484465.0727635324
mixto,Loss Incurred,month,cumulative,Synthetic,Portfolio,Auto,2021-05,24,482476.166659578
mixto,Loss Incurred,month,cumulative,Synthetic,Portfolio,Auto,2021-05,25,480625.5171681703
mixto,Loss Incurred,month,cumulative,Synthetic,Portfolio,Auto,2021-05,26,478906.563239882
mixto,Loss Incurred,month,cumulative,Synthetic,Portfolio,Auto,2021-05,27,477312.50309797894
mixto,Loss Incurred,month,cumulative,Synthetic,Portfolio,Auto,2021-05,28,475836.4318054643
mixto,Loss Incurred,month,cumulative,Synthetic,Portfolio,Auto,2021-05,29,474471.45042947214
mixto,Loss Incurred,month,cumulative,Synthetic,Portfolio,Auto,2021-05,30,473210.7515614353
mixto,Loss Incurred,month,cumulative,Synthetic,Portfolio,Auto,2021-05,31,472047.6852216415
mixto,Loss Incurred,month,cumulative,Synthetic,Portfolio,Auto,2021-05,32,470975.8085538591
mixto,Loss Incurred,month,cumulative,Synthetic,Portfolio,Auto,2021-05,33,469988.9221844052
mixto,Loss Incurred,month,cumulative,Synthetic,Portfolio,Auto,2021-05,34,469081.09566727147
mixto,Loss Incurred,month,cumulative,Synthetic,Portfolio,Auto,2021-05,35,468246.68405143206
mixto,Loss Incurred,month,cumulative,Synthetic,Portfolio,Auto,2021-05,36,467480.3372785764
mixto,Loss Incurred,month,cumulative,Synthetic,Portfolio,Auto,2021-05,37,466777.0038409223
mixto,Loss Incurred,month,cumulative,Synthetic,Portfolio,Auto,2021-05,38,466131.9298923332
mixto,Loss Incurred,month,cumulative,Synthetic,Portfolio,Auto,2021-05,39,465540.6548055573
mixto,Loss Incurred,month,cumulative,Synthetic,Portfolio,Auto,2021-05,40,464999.00399878476
mixto,Loss Incurred,month,cumulative,Synthetic,Portfolio,Auto,2021-05,41,464503.07971134724
mixto,Loss Incurred,month,cumulative,Synthetic,Portfolio,Auto,2021-05,42,464049.2502874218
mixto,Loss Incurred,month,cumulative,Synthetic,Portfolio,Auto,2021-05,43,463634.13842471666
mixto,Loss Incurred,month,cumulative,Synthetic,Portfolio,Auto,2021-05,44,463254.60875947715
mixto,Loss Incurred,month,cumulative,Synthetic,Portfolio,Auto,2021-05,45,462907.75508733426
mixto,Loss Incurred,month,cumulative,Synthetic,Portfolio,Auto,2021-05,46,462590.8874594292
mixto,Loss Incurred,month,cumulative,Synthetic,Portfolio,Auto,2021-05,47,462301.5193431248
mixto,Loss Incurred,month,cumulative,Synthetic,Portfolio,Auto,2021-05,48,462037.35499493073
mixto,Loss Incurred,month,cumulative,Synthetic,Portfolio,Auto,2021-05,49,461796.27715872467
mixto,Loss Incurred,month,cumulative,Synthetic,Portfolio,Auto,2021-05,50,461576.33517384244
mixto,Loss Incurred,month,cumulative,Synthetic,Portfolio,Auto,2021-05,51,461375.7335541974
mixto,Loss Incurred,month,cumulative,Synthetic,Portfolio,Auto,2021-05,52,461192.821080451
mixto,Loss Incurred,month,cumulative,Synthetic,Portfolio,Auto,2021-05,53,461026.08043173386
mixto,Loss Incurred,month,cumulative,Synthetic,Portfolio,Auto,2021-05,54,460874.1183709004
mixto,Loss Incurred,month,cumulative,Synthetic,Portfolio,Auto,2021-05,55,460735.65648732067
mixto,Loss Incurred,month,cumulative,Synthetic,Portfolio,Auto,2021-06,0,246794.03452710056
mixto,Loss Incurred,month,cumulative,Synthetic,Portfolio,Auto,2021-06,1,273675.28624938254
mixto,Loss Incurred,month,cumulative,Synthetic,Portfolio,Auto,2021-06,2,296838.9786076828
mixto,Loss Incurred,month,cumulative,Synthetic,Portfolio,Auto,2021-06,3,316799.23377784016
mixto,Loss Incurred,month,cumulative,Synthetic,Portfolio,Auto,2021-06,4,333999.0730908083
mixto,Loss Incurred,month,cumulative,Synthetic,Portfolio,Auto,2021-06,5,348820.24996805715
mixto,Loss Incurred,month,cumulative,Synthetic,Portfolio,Auto,2021-06,6,361591.72300507996
mixto,Loss Incurred,month,cumulative,Synthetic,Portfolio,Auto,2021-06,7,372596.95726456586
mixto,Loss Incurred,month,cumulative,Synthetic,Portfolio,Auto,2021-06,8,382080.2158327096
mixto,Loss Incurred,month,cumulative,Synthetic,Portfolio,Auto,2021-06,9,390251.98128084216
mixto,Loss Incurred,month,cumulative,Synthetic,Portfolio,Auto,2021-06,10,397293.6273626661
mixto,Loss Incurred,month,cumulative,Synthetic,Portfolio,Auto,2021-06,11,403361.4446362269
mixto,Loss Incurred,month,cumulative,Synthetic,Portfolio,Auto,2021-06,12,408590.1093599994
mixto,Loss Incurred,month,cumulative,Synthetic,Portfolio,Auto,2021-06,13,413095.67265583994
mixto,Loss Incurred,month,cumulative,Synthetic,Portfolio,Auto,2021-06,14,416978.1362837963
mixto,Loss Incurred,month,cumulative,Synthetic,Portfolio,Auto,2021-06,15,420323.6721985442
mixto,Loss Incurred,month,cumulative,Synthetic,Portfolio,Auto,2021-06,16,423206.5351508906
mixto,Loss Incurred,month,cumulative,Synthetic,Portfolio,Auto,2021-06,17,425690.7107848674
mixto,Loss Incurred,month,cumulative,Synthetic,Portfolio,Auto,2021-06,18,427831.3358102166
mixto,Loss Incurred,month,cumulative,Synthetic,Portfolio,Auto,2021-06,19,429675.9217712403
mixto,Loss Incurred,month,cumulative,Synthetic,Portfolio,Auto,2021-06,20,428380.8507731697
mixto,Loss Incurred,month,cumulative,Synthetic,Portfolio,Auto,2021-06,21,427087.2105594961
mixto,Loss Incurred,month,cumulative,Synthetic,Portfolio,Auto,2021-06,22,425808.4309571957
mixto,Loss Incurred,month,cumulative,Synthetic,Portfolio,Auto,2021-06,23,424555.0392421176
mixto,Loss Incurred,month,cumulative,Synthetic,Portfolio,Auto,2021-06,24,423335.14172247355
mixto,Loss Incurred,month,cumulative,Synthetic,Portfolio,Auto,2021-06,25,422154.83257202315
mixto,Loss Incurred,month,cumulative,Synthetic,Portfolio,Auto,2021-06,26,421018.5404456703
mixto,Loss Incurred,month,cumulative,Synthetic,Portfolio,Auto,2021-06,27,419929.32191738475
mixto,Loss Incurred,month,cumulative,Synthetic,Portfolio,Auto,2021-06,28,418889.1094967746
mixto,Loss Incurred,month,cumulative,Synthetic,Portfolio,Auto,2021-06,29,417898.92087713524
mixto,Loss Incurred,month,cumulative,Synthetic,Portfolio,Auto,2021-06,30,416959.03511926037
mixto,Loss Incurred,month,cumulative,Synthetic,Portfolio,Auto,2021-06,31,416069.1406601398
mixto,Loss Incurred,month,cumulative,Synthetic,Portfolio,Auto,2021-06,32,415228.4593352432
mixto,Loss Incurred,month,cumulative,Synthetic,Portfolio,Auto,2021-06,33,414435.85000140197
mixto,Loss Incurred,month,cumulative,Synthetic,Portfolio,Auto,2021-06,34,413689.8948305354
mixto,Loss Incurred,month,cumulative,Synthetic,Portfolio,Auto,2021-06,35,412988.970900766
mixto,Loss Incurred,month,cumulative,Synthetic,Portfolio,Auto,2021-06,36,412331.30933057884
mixto,Loss Incurred,month,cumulative,Synthetic,Portfolio,Auto,2021-06,37,411715.0438748371
mixto,Loss Incurred,month,cumulative,Synthetic,Portfolio,Auto,2021-06,38,411138.2506210581
mixto,Loss Incurred,month,cumulative,Synthetic,Portfolio,Auto,2021-06,39,410598.98018388683
mixto,Loss Incurred,month,cumulative,Synthetic,Portfolio,Auto,2021-06,40,410095.28358955577
mixto,Loss Incurred,month,cumulative,Synthetic,Portfolio,Auto,2021-06,41,409625.2328654642
mixto,Loss Incurred,month,cumulative,Synthetic,Portfolio,Auto,2021-06,42,409186.9371986905
mixto,Loss Incurred,month,cumulative,Synthetic,Portfolio,Auto,2021-06,43,408778.55539770157
mixto,Loss Incurred,month,cumulative,Synthetic,Portfolio,Auto,2021-06,44,408398.3052806601
mixto,Loss Incurred,month,cumulative,Synthetic,Portfolio,Auto,2021-06,45,408044.470518915
mixto,Loss Incurred,month,cumulative,Synthetic,Portfolio,Auto,2021-06,46,407715.40538321703
mixto,Loss Incurred,month,cumulative,Synthetic,Portfolio,Auto,2021-06,47,407409.5377709744
mixto,Loss Incurred,month,cumulative,Synthetic,Portfolio,Auto,2021-06,48,407125.37083377625
mixto,Loss Incurred,month,cumulative,Synthetic,Portfolio,Auto,2021-06,49,406861.48347400967
mixto,Loss Incurred,month,cumulative,Synthetic,Portfolio,Auto,2021-06,50,406616.5299364477
mixto,Loss Incurred,month,cumulative,Synthetic,Portfolio,Auto,2021-06,51,406389.23868411995
mixto,Loss Incurred,month,cumulative,Synthetic,Portfolio,Auto,2021-06,52,406178.4107166753
mixto,Loss Incurred,month,cumulative,Synthetic,Portfolio,Auto,2021-06,53,405982.91746302135
mixto,Loss Incurred,month,cumulative,Synthetic,Portfolio,Auto,2021-06,54,405801.6983576119
mixto,Loss Incurred,month,cumulative,Synthetic,Portfolio,Auto,2021-07,0,266285.41227168974
mixto,Loss Incurred,month,cumulative,Synthetic,Portfolio,Auto,2021-07,1,296201.90629421367
mixto,Loss Incurred,month,cumulative,Synthetic,Portfolio,Auto,2021-07,2,321909.1558636176
mixto,Loss Incurred,month,cumulative,Synthetic,Portfolio,Auto,2021-07,3,343999.4007942589
mixto,Loss Incurred,month,cumulative,Synthetic,Portfolio,Auto,2021-07,4,362981.5528824582
mixto,Loss Incurred,month,cumulative,Synthetic,Portfolio,Auto,2021-07,5,379292.9201412127
mixto,Loss Incurred,month,cumulative,Synthetic,Portfolio,Auto,2021-07,6,393309.28143753647
mixto,Loss Incurred,month,cumulative,Synthetic,Portfolio,Auto,2021-07,7,405353.54363043397
mixto,Loss Incurred,month,cumulative,Synthetic,Portfolio,Auto,2021-07,8,415703.18065137084
mixto,Loss Incurred,month,cumulative,Synthetic,Portfolio,Auto,2021-07,9,424596.62590767845
mixto,Loss Incurred,month,cumulative,Synthetic,Portfolio,Auto,2021-07,10,432238.7652761351
mixto,Loss Incurred,month,cumulative,Synthetic,Portfolio,Auto,2021-07,11,438805.6572335005
mixto,Loss Incurred,month,cumulative,Synthetic,Portfolio,Auto,2021-07,12,444448.5888656698
mixto,Loss Incurred,month,cumulative,Synthetic,Portfolio,Auto,2021-07,13,449297.5611971884
mixto,Loss Incurred,month,cumulative,Synthetic,Portfolio,Auto,2021-07,14,453464.28413563274
mixto,Loss Incurred,month,cumulative,Synthetic,Portfolio,Auto,2021-07,15,457044.75002794294
mixto,Loss Incurred,month,cumulative,Synthetic,Portfolio,Auto,2021-07,16,460121.44511791767
mixto,Loss Incurred,month,cumulative,Synthetic,Portfolio,Auto,2021-07,17,462765.2498521017
mixto,Loss Incurred,month,cumulative,Synthetic,Portfolio,Auto,2021-07,18,465037.0718130331
mixto,Loss Incurred,month,cumulative,Synthetic,Portfolio,Auto,2021-07,19,466989.24889912293
mixto,Loss Incurred,month,cumulative,Synthetic,Portfolio,Auto,2021-07,20,464856.93897565216
mixto,Loss Incurred,month,cumulative,Synthetic,Portfolio,Auto,2021-07,21,462780.34695279493
mixto,Loss Incurred,month,cumulative,Synthetic,Portfolio,Auto,2021-07,22,460770.3408116914
mixto,Loss Incurred,month,cumulative,Synthetic,Portfolio,Auto,2021-07,23,458834.8268562043
mixto,Loss Incurred,month,cumulative,Synthetic,Portfolio,Auto,2021-07,24,456979.276120418
mixto,Loss Incurred,month,cumulative,Synthetic,Portfolio,Auto,2021-07,25,455207.1683102526
mixto,Loss Incurred,month,cumulative,Synthetic,Portfolio,Auto,2021-07,26,453520.36552540417
mixto,Loss Incurred,month,cumulative,Synthetic,Portfolio,Auto,2021-07,27,451919.42623552267
mixto,Loss Incurred,month,cumulative,Synthetic,Portfolio,Auto,2021-07,28,450403.8684653758
mixto,Loss Incurred,month,cumulative,Synthetic,Portfolio,Auto,2021-07,29,448972.3898418077
mixto,Loss Incurred,month,cumulative,Synthetic,Portfolio,Auto,2021-07,30,447623.05103976815
mixto,Loss Incurred,month,cumulative,Synthetic,Portfolio,Auto,2021-07,31,446353.42820907524
mixto,Loss Incurred,month,cumulative,Synthetic,Portfolio,Auto,2021-07,32,445160.73914516094
mixto,Loss Incurred,month,cumulative,Synthetic,Portfolio,Auto,2021-07,33,444041.9472663185
mixto,Loss Incurred,month,cumulative,Synthetic,Portfolio,Auto,2021-07,34,442993.846860172
mixto,Loss Incurred,month,cumulative,Synthetic,Portfolio,Auto,2021-07,35,442013.1325488405
mixto,Loss Incurred,month,cumulative,Synthetic,Portfolio,Auto,2021-07,36,441096.45548322966
mixto,Loss Incurred,month,cumulative,Synthetic,Portfolio,Auto,2021-07,37,440240.4684014586
mixto,Loss Incurred,month,cumulative,Synthetic,Portfolio,Auto,2021-07,38,439441.86136552814
mixto,Loss Incurred,month,cumulative,Synthetic,Portfolio,Auto,2021-07,39,438697.3897161542
mixto,Loss Incurred,month,cumulative,Synthetic,Portfolio,Auto,2021-07,40,438003.8955515373
mixto,Loss Incurred,month,cumulative,Synthetic,Portfolio,Auto,2021-07,41,437358.32383597107
mixto,Loss Incurred,month,cumulative,Synthetic,Portfolio,Auto,2021-07,42,436757.73407367757
mixto,Loss Incurred,month,cumulative,Synthetic,Portfolio,Auto,2021-07,43,436199.30833788466
mixto,Loss Incurred,month,cumulative,Synthetic,Portfolio,Auto,2021-07,44,435680.3563212846
mixto,Loss Incurred,month,cumulative,Synthetic,Portfolio,Auto,2021-07,45,435198.3179685525
mixto,Loss Incurred,month,cumulative,Synthetic,Portfolio,Auto,2021-07,46,434750.7641618683
mixto,Loss Incurred,month,cumulative,Synthetic,Portfolio,Auto,2021-07,47,434335.3958541163
mixto,Loss Incurred,month,cumulative,Synthetic,Portfolio,Auto,2021-07,48,433950.0419796595
mixto,Loss Incurred,month,cumulative,Synthetic,Portfolio,Auto,2021-07,49,433592.6564176305
mixto,Loss Incurred,month,cumulative,Synthetic,Portfolio,Auto,2021-07,50,433261.3142361165
mixto,Loss Incurred,month,cumulative,Synthetic,Portfolio,Auto,2021-07,51,432954.20740620006
mixto,Loss Incurred,month,cumulative,Synthetic,Portfolio,Auto,2021-07,52,432669.6401415103
mixto,Loss Incurred,month,cumulative,Synthetic,Portfolio,Auto,2021-07,53,432406.02399083186
mixto,Loss Incurred,month,cumulative,Synthetic,Portfolio,Auto,2021-08,0,236951.1649402027
mixto,Loss Incurred,month,cumulative,Synthetic,Portfolio,Auto,2021-08,1,259129.6409092201
mixto,Loss Incurred,month,cumulative,Synthetic,Portfolio,Auto,2021-08,2,278266.6656586647
mixto,Loss Incurred,month,cumulative,Synthetic,Portfolio,Auto,2021-08,3,294779.329413039
mixto,Loss Incurred,month,cumulative,Synthetic,Portfolio,Auto,2021-08,4,309027.5246176224
mixto,Loss Incurred,month,cumulative,Synthetic,Portfolio,Auto,2021-08,5,321321.78977118555
mixto,Loss Incurred,month,cumulative,Synthetic,Portfolio,Auto,2021-08,6,331930.0775926141
mixto,Loss Incurred,month,cumulative,Synthetic,Portfolio,Auto,2021-08,7,341083.5950331953
mixto,Loss Incurred,month,cumulative,Synthetic,Portfolio,Auto,2021-08,8,348981.84241726185
mixto,Loss Incurred,month,cumulative,Synthetic,Portfolio,Auto,2021-08,9,355796.9615389395
mixto,Loss Incurred,month,cumulative,Synthetic,Portfolio,Auto,2021-08,10,361677.4874814863
mixto,Loss Incurred,month,cumulative,Synthetic,Portfolio,Auto,2021-08,11,366751.5859298864
mixto,Loss Incurred,month,cumulative,Synthetic,Portfolio,Auto,2021-08,12,371129.84653371695
mixto,Loss Incurred,month,cumulative,Synthetic,Portfolio,Auto,2021-08,13,374907.6932014533
mixto,Loss Incurred,month,cumulative,Synthetic,Portfolio,Auto,2021-08,14,378167.46385842154
mixto,Loss Incurred,month,cumulative,Synthetic,Portfolio,Auto,2021-08,15,380980.204996589
mixto,Loss Incurred,month,cumulative,Synthetic,Portfolio,Auto,2021-08,16,383407.22012829094
mixto,Loss Incurred,month,cumulative,Synthetic,Portfolio,Auto,2021-08,17,385501.4058923416
mixto,Loss Incurred,month,cumulative,Synthetic,Portfolio,Auto,2021-08,18,387308.4049328779
mixto,Loss Incurred,month,cumulative,Synthetic,Portfolio,Auto,2021-08,19,385224.05901008163
mixto,Loss Incurred,month,cumulative,Synthetic,Portfolio,Auto,2021-08,20,383220.41670457134
mixto,Loss Incurred,month,cumulative,Synthetic,Portfolio,Auto,2021-08,21,381302.9926123238
mixto,Loss Incurred,month,cumulative,Synthetic,Portfolio,Auto,2021-08,22,379475.20469132543
mixto,Loss Incurred,month,cumulative,Synthetic,Portfolio,Auto,2021-08,23,377738.7701347063
mixto,Loss Incurred,month,cumulative,Synthetic,Portfolio,Auto,2021-08,24,376094.0381972635
mixto,Loss Incurred,month,cumulative,Synthetic,Portfolio,Auto,2021-08,25,374540.26932927384
mixto,Loss Incurred,month,cumulative,Synthetic,Portfolio,Auto,2021-08,26,373075.86863151594
mixto,Loss Incurred,month,cumulative,Synthetic,Portfolio,Auto,2021-08,27,371698.5804938271
mixto,Loss Incurred,month,cumulative,Synthetic,Portfolio,Auto,2021-08,28,370405.6502901001
mixto,Loss Incurred,month,cumulative,Synthetic,Portfolio,Auto,2021-08,29,369193.9581528043
mixto,Loss Incurred,month,cumulative,Synthetic,Portfolio,Auto,2021-08,30,368060.1291204186
mixto,Loss Incurred,month,cumulative,Synthetic,Portfolio,Auto,2021-08,31,367000.6233248429
mixto,Loss Incurred,month,cumulative,Synthetic,Portfolio,Auto,2021-08,32,366011.80934845586
mixto,Loss Incurred,month,cumulative,Synthetic,Portfolio,Auto,2021-08,33,365090.0234195792
mixto,Loss Incurred,month,cumulative,Synthetic,Portfolio,Auto,2021-08,34,364231.6167199633
mixto,Loss Incurred,month,cumulative,Synthetic,Portfolio,Auto,2021-08,35,363432.9927393197
mixto,Loss Incurred,month,cumulative,Synthetic,Portfolio,Auto,2021-08,36,362690.6363219266
mixto,Loss Incurred,month,cumulative,Synthetic,Portfolio,Auto,2021-08,37,362001.13580210117
mixto,Loss Incurred,month,cumulative,Synthetic,Portfolio,Auto,2021-08,38,361361.1994129656
mixto,Loss Incurred,month,cumulative,Synthetic,Portfolio,Auto,2021-08,39,360767.6669713826
mixto,Loss Incurred,month,cumulative,Synthetic,Portfolio,Auto,2021-08,40,360217.5176868128
mixto,Loss Incurred,month,cumulative,Synthetic,Portfolio,Auto,2021-08,41,359707.8748094351
mixto,Loss Incurred,month,cumulative,Synthetic,Portfolio,Auto,2021-08,42,359236.0077199109
mixto,Loss Incurred,month,cumulative,Synthetic,Portfolio,Auto,2021-08,43,358799.33196691074
mixto,Loss Incurred,month,cumulative,Synthetic,Portfolio,Auto,2021-08,44,358395.4076765645
mixto,Loss Incurred,month,cumulative,Synthetic,Portfolio,Auto,2021-08,45,358021.9366882902
mixto,Loss Incurred,month,cumulative,Synthetic,Portfolio,Auto,2021-08,46,357676.75871224474
mixto,Loss Incurred,month,cumulative,Synthetic,Portfolio,Auto,2021-08,47,357357.84675340337
mixto,Loss Incurred,month,cumulative,Synthetic,Portfolio,Auto,2021-08,48,357063.30200471653
mixto,Loss Incurred,month,cumulative,Synthetic,Portfolio,Auto,2021-08,49,356791.34837579436
mixto,Loss Incurred,month,cumulative,Synthetic,Portfolio,Auto,2021-08,50,356540.32679317455
mixto,Loss Incurred,month,cumulative,Synthetic,Portfolio,Auto,2021-08,51,356308.68938261067
mixto,Loss Incurred,month,cumulative,Synthetic,Portfolio,Auto,2021-08,52,356094.99362228275
mixto,Loss Incurred,month,cumulative,Synthetic,Portfolio,Auto,2021-09,0,245977.0760344351
mixto,Loss Incurred,month,cumulative,Synthetic,Portfolio,Auto,2021-09,1,273277.6587725338
mixto,Loss Incurred,month,cumulative,Synthetic,Portfolio,Auto,2021-09,2,296901.27930223086
mixto,Loss Incurred,month,cumulative,Synthetic,Portfolio,Auto,2021-09,3,317343.16701887344
mixto,Loss Incurred,month,cumulative,Synthetic,Portfolio,Auto,2021-09,4,335031.8516510414
mixto,Loss Incurred,month,cumulative,Synthetic,Portfolio,Auto,2021-09,5,350338.1466641758
mixto,Loss Incurred,month,cumulative,Synthetic,Portfolio,Auto,2021-09,6,363582.92274000915
mixto,Loss Incurred,month,cumulative,Synthetic,Portfolio,Auto,2021-09,7,375043.8342896974
mixto,Loss Incurred,month,cumulative,Synthetic,Portfolio,Auto,2021-09,8,384961.1400106637
mixto,Loss Incurred,month,cumulative,Synthetic,Portfolio,Auto,2021-09,9,393542.7395053204
mixto,Loss Incurred,month,cumulative,Synthetic,Portfolio,Auto,2021-09,10,400968.5315458945
mixto,Loss Incurred,month,cumulative,Synthetic,Portfolio,Auto,2021-09,11,407394.1853490332
mixto,Loss Incurred,month,cumulative,Synthetic,Portfolio,Auto,2021-09,12,412954.40391860675
mixto,Loss Incurred,month,cumulative,Synthetic,Portfolio,Auto,2021-09,13,417765.7478671911
mixto,Loss Incurred,month,cumulative,Synthetic,Portfolio,Auto,2021-09,14,421929.0789128905
mixto,Loss Incurred,month,cumulative,Synthetic,Portfolio,Auto,2021-09,15,425531.6742752912
mixto,Loss Incurred,month,cumulative,Synthetic,Portfolio,Auto,2021-09,16,428649.05629529594
mixto,Loss Incurred,month,cumulative,Synthetic,Portfolio,Auto,2021-09,17,431346.57563373545
mixto,Loss Incurred,month,cumulative,Synthetic,Portfolio,Auto,2021-09,18,433680.78123784834
mixto,Loss Incurred,month,cumulative,Synthetic,Portfolio,Auto,2021-09,19,432087.18066399154
mixto,Loss Incurred,month,cumulative,Synthetic,Portfolio,Auto,2021-09,20,430540.15476599557
mixto,Loss Incurred,month,cumulative,Synthetic,Portfolio,Auto,2021-09,21,429048.24920314073
mixto,Loss Incurred,month,cumulative,Synthetic,Portfolio,Auto,2021-09,22,427617.5520440463
mixto,Loss Incurred,month,cumulative,Synthetic,Portfolio,Auto,2021-09,23,426252.13997721946
mixto,Loss Incurred,month,cumulative,Synthetic,Portfolio,Auto,2021-09,24,424954.45426524687
mixto,Loss Incurred,month,cumulative,Synthetic,Portfolio,Auto,2021-09,25,423725.6168008141
mixto,Loss Incurred,month,cumulative,Synthetic,Portfolio,Auto,2021-09,26,422565.6951486645
mixto,Loss Incurred,month,cumulative,Synthetic,Portfolio,Auto,2021-09,27,421473.92418904486
mixto,Loss Incurred,month,cumulative,Synthetic,Portfolio,Auto,2021-09,28,420448.89088681666
mixto,Loss Incurred,month,cumulative,Synthetic,Portfolio,Auto,2021-09,29,419488.6877718336
mixto,Loss Incurred,month,cumulative,Synthetic,Portfolio,Auto,2021-09,30,418591.0399092916
mixto,Loss Incurred,month,cumulative,Synthetic,Portfolio,Auto,2021-09,31,417753.4094453579
mixto,Loss Incurred,month,cumulative,Synthetic,Portfolio,Auto,2021-09,32,416973.0812177654
mixto,Loss Incurred,month,cumulative,Synthetic,Portfolio,Auto,2021-09,33,416247.23240965785
mixto,Loss Incurred,month,cumulative,Synthetic,Portfolio,Auto,2021-09,34,415572.9887861039
mixto,Loss Incurred,month,cumulative,Synthetic,Portfolio,Auto,2021-09,35,414947.4696762643
mixto,Loss Incurred,month,cumulative,Synthetic,Portfolio,Auto,2021-09,36,414367.8235414924
mixto,Loss Incurred,month,cumulative,Synthetic,Portfolio,Auto,2021-09,37,413831.2556931852
mixto,Loss Incurred,month,cumulative,Synthetic,Portfolio,Auto,2021-09,38,413335.0494874839
mixto,Loss Incurred,month,cumulative,Synthetic,Portfolio,Auto,2021-09,39,412876.5821214013
mixto,Loss Incurred,month,cumulative,Synthetic,Portfolio,Auto,2021-09,40,412453.3359817893
mixto,Loss Incurred,month,cumulative,Synthetic,Portfolio,Auto,2021-09,41,412062.9063506524
mixto,Loss Incurred,month,cumulative,Synthetic,Portfolio,Auto,2021-09,42,411703.00614404527
mixto,Loss Incurred,month,cumulative,Synthetic,Portfolio,Auto,2021-09,43,411371.4682541469
mixto,Loss Incurred,month,cumulative,Synthetic,Portfolio,Auto,2021-09,44,411066.2459723828
mixto,Loss Incurred,month,cumulative,Synthetic,Portfolio,Auto,2021-09,45,410785.4118934408
mixto,Loss Incurred,month,cumulative,Synthetic,Portfolio,Auto,2021-09,46,410527.155633701
mixto,Loss Incurred,month,cumulative,Synthetic,Portfolio,Auto,2021-09,47,410289.7806413151
mixto,Loss Incurred,month,cumulative,Synthetic,Portfolio,Auto,2021-09,48,410071.7003274639
mixto,Loss Incurred,month,cumulative,Synthetic,Portfolio,Auto,2021-09,49,409871.4337079602
mixto,Loss Incurred,month,cumulative,Synthetic,Portfolio,Auto,2021-09,50,409687.60071026086
mixto,Loss Incurred,month,cumulative,Synthetic,Portfolio,Auto,2021-09,51,409518.9172722201
mixto,Loss Incurred,month,cumulative,Synthetic,Portfolio,Auto,2021-10,0,238252.8159961646
mixto,Loss Incurred,month,cumulative,Synthetic,Portfolio,Auto,2021-10,1,266029.5778992864
mixto,Loss Incurred,month,cumulative,Synthetic,Portfolio,Auto,2021-10,2,290035.09399664286
mixto,Loss Incurred,month,cumulative,Synthetic,Portfolio,Auto,2021-10,3,310781.3856310063
mixto,Loss Incurred,month,cumulative,Synthetic,Portfolio,Auto,2021-10,4,328710.9571025173
mixto,Loss Incurred,month,cumulative,Synthetic,Portfolio,Auto,2021-10,5,344206.23398465407
mixto,Loss Incurred,month,cumulative,Synthetic,Portfolio,Auto,2021-10,6,357597.72000179574
mixto,Loss Incurred,month,cumulative,Synthetic,Portfolio,Auto,2021-10,7,369171.0464490333
mixto,Loss Incurred,month,cumulative,Synthetic,Portfolio,Auto,2021-10,8,379173.0645135615
mixto,Loss Incurred,month,cumulative,Synthetic,Portfolio,Auto,2021-10,9,387817.11044272705
mixto,Loss Incurred,month,cumulative,Synthetic,Portfolio,Auto,2021-10,10,395287.5558611886
mixto,Loss Incurred,month,cumulative,Synthetic,Portfolio,Auto,2021-10,11,401743.74029236037
mixto,Loss Incurred,month,cumulative,Synthetic,Portfolio,Auto,2021-10,12,407323.3697621503
mixto,Loss Incurred,month,cumulative,Synthetic,Portfolio,Auto,2021-10,13,412145.4539748992
mixto,Loss Incurred,month,cumulative,Synthetic,Portfolio,Auto,2021-10,14,416312.8447094881
mixto,Loss Incurred,month,cumulative,Synthetic,Portfolio,Auto,2021-10,15,419914.42957787786
mixto,Loss Incurred,month,cumulative,Synthetic,Portfolio,Auto,2021-10,16,423027.0279374587
mixto,Loss Incurred,month,cumulative,Synthetic,Portfolio,Auto,2021-10,17,425717.02939573256
mixto,Loss Incurred,month,cumulative,Synthetic,Portfolio,Auto,2021-10,18,428041.8098555186
mixto,Loss Incurred,month,cumulative,Synthetic,Portfolio,Auto,2021-10,19,426580.11561524007
mixto,Loss Incurred,month,cumulative,Synthetic,Portfolio,Auto,2021-10,20,425094.9259740994
mixto,Loss Incurred,month,cumulative,Synthetic,Portfolio,Auto,2021-10,21,423605.37195316487
mixto,Loss Incurred,month,cumulative,Synthetic,Portfolio,Auto,2021-10,22,422126.84222493327
mixto,Loss Incurred,month,cumulative,Synthetic,Portfolio,Auto,2021-10,23,420671.57344377943
mixto,Loss Incurred,month,cumulative,Synthetic,Portfolio,Auto,2021-10,24,419249.1545211749
mixto,Loss Incurred,month,cumulative,Synthetic,Portfolio,Auto,2021-10,25,417866.9569535715
mixto,Loss Incurred,month,cumulative,Synthetic,Portfolio,Auto,2021-10,26,416530.5016365026
mixto,Loss Incurred,month,cumulative,Synthetic,Portfolio,Auto,2021-10,27,415243.7711536064
mixto,Loss Incurred,month,cumulative,Synthetic,Portfolio,Auto,2021-10,28,414009.47528263775
mixto,Loss Incurred,month,cumulative,Synthetic,Portfolio,Auto,2021-10,29,412829.2763850304
mixto,Loss Incurred,month,cumulative,Synthetic,Portfolio,Auto,2021-10,30,411703.98041784245
mixto,Loss Incurred,month,cumulative,Synthetic,Portfolio,Auto,2021-10,31,410633.69850676804
mixto,Loss Incurred,month,cumulative,Synthetic,Portfolio,Auto,2021-10,32,409617.9833288933
mixto,Loss Incurred,month,cumulative,Synthetic,Portfolio,Auto,2021-10,33,408655.94395895087
mixto,Loss Incurred,month,cumulative,Synthetic,Portfolio,Auto,2021-10,34,407746.34231997124
mixto,Loss Incurred,month,cumulative,Synthetic,Portfolio,Auto,2021-10,35,406887.67393721774
mixto,Loss Incurred,month,cumulative,Synthetic,Portfolio,Auto,2021-10,36,406078.23531339975
mixto,Loss Incurred,month,cumulative,Synthetic,Portfolio,Auto,2021-10,37,405316.1799150277
mixto,Loss Incurred,month,cumulative,Synthetic,Portfolio,Auto,2021-10,38,404599.56447715237
mixto,Loss Incurred,month,cumulative,Synthetic,Portfolio,Auto,2021-10,39,403926.3870903774
mixto,Loss Incurred,month,cumulative,Synthetic,Portfolio,Auto,2021-10,40,403294.6183245504
mixto,Loss Incurred,month,cumulative,Synthetic,Portfolio,Auto,2021-10,41,402702.22646326484
mixto,Loss Incurred,month,cumulative,Synthetic,Portfolio,Auto,2021-10,42,402147.19776822935
mixto,Loss Incurred,month,cumulative,Synthetic,Portfolio,Auto,2021-10,43,401627.5525591935
mixto,Loss Incurred,month,cumulative,Synthetic,Portfolio,Auto,2021-10,44,401141.3577804869
mixto,Loss Incurred,month,cumulative,Synthetic,Portfolio,Auto,2021-10,45,400686.73662672273
mixto,Loss Incurred,month,cumulative,Synthetic,Portfolio,Auto,2021-10,46,400261.87571562
mixto,Loss Incurred,month,cumulative,Synthetic,Portfolio,Auto,2021-10,47,399865.0302232819
mixto,Loss Incurred,month,cumulative,Synthetic,Portfolio,Auto,2021-10,48,399494.52733496507
mixto,Loss Incurred,month,cumulative,Synthetic,Portfolio,Auto,2021-10,49,399148.7683109535
mixto,Loss Incurred,month,cumulative,Synthetic,Portfolio,Auto,2021-10,50,398826.22942138434
mixto,Loss Incurred,month,cumulative,Synthetic,Portfolio,Auto,2021-11,0,216557.1500647491
mixto,Loss Incurred,month,cumulative,Synthetic,Portfolio,Auto,2021-11,1,244134.9071785049
mixto,Loss Incurred,month,cumulative,Synthetic,Portfolio,Auto,2021-11,2,267734.38133916934
mixto,Loss Incurred,month,cumulative,Synthetic,Portfolio,Auto,2021-11,3,287929.46748640604
mixto,Loss Incurred,month,cumulative,Synthetic,Portfolio,Auto,2021-11,4,305211.27222992445
mixto,Loss Incurred,month,cumulative,Synthetic,Portfolio,Auto,2021-11,5,320000.0566409265
mixto,Loss Incurred,month,cumulative,Synthetic,Portfolio,Auto,2021-11,6,332655.45621296036
mixto,Loss Incurred,month,cumulative,Synthetic,Portfolio,Auto,2021-11,7,343485.22652245825
mixto,Loss Incurred,month,cumulative,Synthetic,Portfolio,Auto,2021-11,8,352752.7272670146
mixto,Loss Incurred,month,cumulative,Synthetic,Portfolio,Auto,2021-11,9,360683.32667917653
mixto,Loss Incurred,month,cumulative,Synthetic,Portfolio,Auto,2021-11,10,367469.8820590751
mixto,Loss Incurred,month,cumulative,Synthetic,Portfolio,Auto,2021-11,11,373277.4297021699
mixto,Loss Incurred,month,cumulative,Synthetic,Portfolio,Auto,2021-11,12,378247.19827235147
mixto,Loss Incurred,month,cumulative,Synthetic,Portfolio,Auto,2021-11,13,382500.04321810603
mixto,Loss Incurred,month,cumulative,Synthetic,Portfolio,Auto,2021-11,14,386139.3857503014
mixto,Loss Incurred,month,cumulative,Synthetic,Portfolio,Auto,2021-11,15,389253.72785202047
mixto,Loss Incurred,month,cumulative,Synthetic,Portfolio,Auto,2021-11,16,391918.8044807623
mixto,Loss Incurred,month,cumulative,Synthetic,Portfolio,Auto,2021-11,17,394199.42530053196
mixto,Loss Incurred,month,cumulative,Synthetic,Portfolio,Auto,2021-11,18,396151.0507312883
mixto,Loss Incurred,month,cumulative,Synthetic,Portfolio,Auto,2021-11,19,397821.1406423151
mixto,Loss Incurred,month,cumulative,Synthetic,Portfolio,Auto,2021-11,20,394457.44979110826
mixto,Loss Incurred,month,cumulative,Synthetic,Portfolio,Auto,2021-11,21,391313.2473588224
mixto,Loss Incurred,month,cumulative,Synthetic,Portfolio,Auto,2021-11,22,388380.4717506636
mixto,Loss Incurred,month,cumulative,Synthetic,Portfolio,Auto,2021-11,23,385650.1282862185
mixto,Loss Incurred,month,cumulative,Synthetic,Portfolio,Auto,2021-11,24,383112.6099525444
mixto,Loss Incurred,month,cumulative,Synthetic,Portfolio,Auto,2021-11,25,380757.9553544277
mixto,Loss Incurred,month,cumulative,Synthetic,Portfolio,Auto,2021-11,26,378576.0543897655
mixto,Loss Incurred,month,cumulative,Synthetic,Portfolio,Auto,2021-11,27,376556.81052890304
mixto,Loss Incurred,month,cumulative,Synthetic,Portfolio,Auto,2021-11,28,374690.2671771149
mixto,Loss Incurred,month,cumulative,Synthetic,Portfolio,Auto,2021-11,29,372966.7044122319
mixto,Loss Incurred,month,cumulative,Synthetic,Portfolio,Auto,2021-11,30,371376.7113831049
mixto,Loss Incurred,month,cumulative,Synthetic,Portfolio,Auto,2021-11,31,369911.2388022141
mixto,Loss Incurred,month,cumulative,Synthetic,Portfolio,Auto,2021-11,32,368561.6352442948
mixto,Loss Incurred,month,cumulative,Synthetic,Portfolio,Auto,2021-11,33,367319.6703527584
mixto,Loss Incurred,month,cumulative,Synthetic,Portfolio,Auto,2021-11,34,366177.5475402331
mixto,Loss Incurred,month,cumulative,Synthetic,Portfolio,Auto,2021-11,35,365127.9083344947
mixto,Loss Incurred,month,cumulative,Synthetic,Portfolio,Auto,2021-11,36,364163.8301542574
mixto,Loss Incurred,month,cumulative,Synthetic,Portfolio,Auto,2021-11,37,363278.8189904369
mixto,Loss Incurred,month,cumulative,Synthetic,Portfolio,Auto,2021-11,38,362466.7982087445
mixto,Loss Incurred,month,cumulative,Synthetic,Portfolio,Auto,2021-11,39,361722.0944713709
mixto,Loss Incurred,month,cumulative,Synthetic,Portfolio,Auto,2021-11,40,361039.4215926603
mixto,Loss Incurred,month,cumulative,Synthetic,Portfolio,Auto,2021-11,41,360413.86299065885
mixto,Loss Incurred,month,cumulative,Synthetic,Portfolio,Auto,2021-11,42,359840.8532686271
mixto,Loss Incurred,month,cumulative,Synthetic,Portfolio,Auto,2021-11,43,359316.1593541154
mixto,Loss Incurred,month,cumulative,Synthetic,Portfolio,Auto,2021-11,44,358835.8615346893
mixto,Loss Incurred,month,cumulative,Synthetic,Portfolio,Auto,2021-11,45,358396.3346560286
mixto,Loss Incurred,month,cumulative,Synthetic,Portfolio,Auto,2021-11,46,357994.2296875181
mixto,Loss Incurred,month,cumulative,Synthetic,Portfolio,Auto,2021-11,47,357626.45581056044
mixto,Loss Incurred,month,cumulative,Synthetic,Portfolio,Auto,2021-11,48,357290.1631439545
mixto,Loss Incurred,month,cumulative,Synthetic,Portfolio,Auto,2021-11,49,356982.7261873349
mixto,Loss Incurred,month,cumulative,Synthetic,Portfolio,Auto,2021-12,0,314670.9941045426
mixto,Loss Incurred,month,cumulative,Synthetic,Portfolio,Auto,2021-12,1,351858.4561153825
mixto,Loss Incurred,month,cumulative,Synthetic,Portfolio,Auto,2021-12,2,383624.64626951463
mixto,Loss Incurred,month,cumulative,Synthetic,Portfolio,Auto,2021-12,3,410759.8897721322
mixto,Loss Incurred,month,cumulative,Synthetic,Portfolio,Auto,2021-12,4,433939.29644235806
mixto,Loss Incurred,month,cumulative,Synthetic,Portfolio,Auto,2021-12,5,453739.5570713765
mixto,Loss Incurred,month,cumulative,Synthetic,Portfolio,Auto,2021-12,6,470653.2911696979
mixto,Loss Incurred,month,cumulative,Synthetic,Portfolio,Auto,2021-12,7,485101.30306755466
mixto,Loss Incurred,month,cumulative,Synthetic,Portfolio,Auto,2021-12,8,497443.05129341356
mixto,Loss Incurred,month,cumulative,Synthetic,Portfolio,Auto,2021-12,9,507985.5917029412
mixto,Loss Incurred,month,cumulative,Synthetic,Portfolio,Auto,2021-12,10,516991.2168585129
mixto,Loss Incurred,month,cumulative,Synthetic,Portfolio,Auto,2021-12,11,524683.9817227925
mixto,Loss Incurred,month,cumulative,Synthetic,Portfolio,Auto,2021-12,12,531255.2780220264
mixto,Loss Incurred,month,cumulative,Synthetic,Portfolio,Auto,2021-12,13,536868.5959661162
mixto,Loss Incurred,month,cumulative,Synthetic,Portfolio,Auto,2021-12,14,541663.5917944302
mixto,Loss Incurred,month,cumulative,Synthetic,Portfolio,Auto,2021-12,15,545759.5623456362
mixto,Loss Incurred,month,cumulative,Synthetic,Portfolio,Auto,2021-12,16,549258.41309693
mixto,Loss Incurred,month,cumulative,Synthetic,Portfolio,Auto,2021-12,17,552247.1935158283
mixto,Loss Incurred,month,cumulative,Synthetic,Portfolio,Auto,2021-12,18,554800.2628026756
mixto,Loss Incurred,month,cumulative,Synthetic,Portfolio,Auto,2021-12,19,556981.1399063355
mixto,Loss Incurred,month,cumulative,Synthetic,Portfolio,Auto,2021-12,20,553753.180789294
mixto,Loss Incurred,month,cumulative,Synthetic,Portfolio,Auto,2021-12,21,550663.0961944186
mixto,Loss Incurred,month,cumulative,Synthetic,Portfolio,Auto,2021-12,22,547717.545722817
mixto,Loss Incurred,month,cumulative,Synthetic,Portfolio,Auto,2021-12,23,544920.065890708
mixto,Loss Incurred,month,cumulative,Synthetic,Portfolio,Auto,2021-12,24,542271.6985227604
mixto,Loss Incurred,month,cumulative,Synthetic,Portfolio,Auto,2021-12,25,539771.5136142535
mixto,Loss Incurred,month,cumulative,Synthetic,Portfolio,Auto,2021-12,26,537417.0431664188
mixto,Loss Incurred,month,cumulative,Synthetic,Portfolio,Auto,2021-12,27,535204.6400032138
mixto,Loss Incurred,month,cumulative,Synthetic,Portfolio,Auto,2021-12,28,533129.7734528052
mixto,Loss Incurred,month,cumulative,Synthetic,Portfolio,Auto,2021-12,29,531187.2719685133
mixto,Loss Incurred,month,cumulative,Synthetic,Portfolio,Auto,2021-12,30,529371.5212252067
mixto,Loss Incurred,month,cumulative,Synthetic,Portfolio,Auto,2021-12,31,527676.6249183507
mixto,Loss Incurred,month,cumulative,Synthetic,Portfolio,Auto,2021-12,32,526096.5343800863
mixto,Loss Incurred,month,cumulative,Synthetic,Portfolio,Auto,2021-12,33,524625.1521808942
mixto,Loss Incurred,month,cumulative,Synthetic,Portfolio,Auto,2021-12,34,523256.414081835
mixto,Loss Incurred,month,cumulative,Synthetic,Portfolio,Auto,2021-12,35,521984.353019974
mixto,Loss Incurred,month,cumulative,Synthetic,Portfolio,Auto,2021-12,36,520803.14823038375
mixto,Loss Incurred,month,cumulative,Synthetic,Portfolio,Auto,2021-12,37,519707.16211676813
mixto,Loss Incurred,month,cumulative,Synthetic,Portfolio,Auto,2021-12,38,518690.9670661464
mixto,Loss Incurred,month,cumulative,Synthetic,Portfolio,Auto,2021-12,39,517749.36405005434
mixto,Loss Incurred,month,cumulative,Synthetic,Portfolio,Auto,2021-12,40,516877.39455584035
mixto,Loss Incurred,month,cumulative,Synthetic,Portfolio,Auto,2021-12,41,516070.34713876684
mixto,Loss Incurred,month,cumulative,Synthetic,Portfolio,Auto,2021-12,42,515323.75967185455
mixto,Loss Incurred,month,cumulative,Synthetic,Portfolio,Auto,2021-12,43,514633.418189868
mixto,Loss Incurred,month,cumulative,Synthetic,Portfolio,Auto,2021-12,44,513995.3530715067
mixto,Loss Incurred,month,cumulative,Synthetic,Portfolio,Auto,2021-12,45,513405.8331754861
mixto,Loss Incurred,month,cumulative,Synthetic,Portfolio,Auto,2021-12,46,512861.3584381259
mixto,Loss Incurred,month,cumulative,Synthetic,Portfolio,Auto,2021-12,47,512358.6513492278
mixto,Loss Incurred,month,cumulative,Synthetic,Portfolio,Auto,2021-12,48,511894.6476467805
mixto,Loss Incurred,month,cumulative,Synthetic,Portfolio,Auto,2022-01,0,265699.18484115484
mixto,Loss Incurred,month,cumulative,Synthetic,Portfolio,Auto,2022-01,1,296145.5677046213
mixto,Loss Incurred,month,cumulative,Synthetic,Portfolio,Auto,2022-01,2,322169.6079609639
mixto,Loss Incurred,month,cumulative,Synthetic,Portfolio,Auto,2022-01,3,344413.6516721923
mixto,Loss Incurred,month,cumulative,Synthetic,Portfolio,Auto,2022-01,4,363426.74401885236
mixto,Loss Incurred,month,cumulative,Synthetic,Portfolio,Auto,2022-01,5,379678.18126990146
mixto,Loss Incurred,month,cumulative,Synthetic,Portfolio,Auto,2022-01,6,393569.0943265133
mixto,Loss Incurred,month,cumulative,Synthetic,Portfolio,Auto,2022-01,7,405442.3497540535
mixto,Loss Incurred,month,cumulative,Synthetic,Portfolio,Auto,2022-01,8,415591.0126873741
mixto,Loss Incurred,month,cumulative,Synthetic,Portfolio,Auto,2022-01,9,424265.5804975851
mixto,Loss Incurred,month,cumulative,Synthetic,Portfolio,Auto,2022-01,10,431680.16576742305
mixto,Loss Incurred,month,cumulative,Synthetic,Portfolio,Auto,2022-01,11,438017.7811883302
mixto,Loss Incurred,month,cumulative,Synthetic,Portfolio,Auto,2022-01,12,443434.8568252792
mixto,Loss Incurred,month,cumulative,Synthetic,Portfolio,Auto,2022-01,13,448065.1012480665
mixto,Loss Incurred,month,cumulative,Synthetic,Portfolio,Auto,2022-01,14,452022.8018325887
mixto,Loss Incurred,month,cumulative,Synthetic,Portfolio,Auto,2022-01,15,455405.64569276164
mixto,Loss Incurred,month,cumulative,Synthetic,Portfolio,Auto,2022-01,16,458297.1308715709
mixto,Loss Incurred,month,cumulative,Synthetic,Portfolio,Auto,2022-01,17,460768.62730618485
mixto,Loss Incurred,month,cumulative,Synthetic,Portfolio,Auto,2022-01,18,462881.13843751466
mixto,Loss Incurred,month,cumulative,Synthetic,Portfolio,Auto,2022-01,19,460434.12685919617
mixto,Loss Incurred,month,cumulative,Synthetic,Portfolio,Auto,2022-01,20,458069.08252987196
mixto,Loss Incurred,month,cumulative,Synthetic,Portfolio,Auto,2022-01,21,455796.2355404845
mixto,Loss Incurred,month,cumulative,Synthetic,Portfolio,Auto,2022-01,22,453622.5382328834
mixto,Loss Incurred,month,cumulative,Synthetic,Portfolio,Auto,2022-01,23,451552.28633613023
mixto,Loss Incurred,month,cumulative,Synthetic,Portfolio,Auto,2022-01,24,449587.63814190327
mixto,Loss Incurred,month,cumulative,Synthetic,Portfolio,Auto,2022-01,25,447729.04747921333
mixto,Loss Incurred,month,cumulative,Synthetic,Portfolio,Auto,2022-01,26,445975.62388254475
mixto,Loss Incurred,month,cumulative,Synthetic,Portfolio,Auto,2022-01,27,444325.4313313305
mixto,Loss Incurred,month,cumulative,Synthetic,Portfolio,Auto,2022-01,28,442775.7352210523
mixto,Loss Incurred,month,cumulative,Synthetic,Portfolio,Auto,2022-01,29,441323.20576337347
mixto,Loss Incurred,month,cumulative,Synthetic,Portfolio,Auto,2022-01,30,439964.08476715535
mixto,Loss Incurred,month,cumulative,Synthetic,Portfolio,Auto,2022-01,31,438694.3216920056
mixto,Loss Incurred,month,cumulative,Synthetic,Portfolio,Auto,2022-01,32,437509.68396388483
mixto,Loss Incurred,month,cumulative,Synthetic,Portfolio,Auto,2022-01,33,436405.8457749631
mixto,Loss Incurred,month,cumulative,Synthetic,Portfolio,Auto,2022-01,34,435378.4589374821
mixto,Loss Incurred,month,cumulative,Synthetic,Portfolio,Auto,2022-01,35,434423.20880688675
mixto,Loss Incurred,month,cumulative,Synthetic,Portfolio,Auto,2022-01,36,433535.8578184456
mixto,Loss Incurred,month,cumulative,Synthetic,Portfolio,Auto,2022-01,37,432712.2787816317
mixto,Loss Incurred,month,cumulative,Synthetic,Portfolio,Auto,2022-01,38,431948.4797371468
mixto,Loss Incurred,month,cumulative,Synthetic,Portfolio,Auto,2022-01,39,431240.6218936301
mixto,Loss Incurred,month,cumulative,Synthetic,Portfolio,Auto,2022-01,40,430585.0319171528
mixto,Loss Incurred,month,cumulative,Synthetic,Portfolio,Auto,2022-01,41,429978.2096399862
mixto,Loss Incurred,month,cumulative,Synthetic,Portfolio,Auto,2022-01,42,429416.83208029834
mixto,Loss Incurred,month,cumulative,Synthetic,Portfolio,Auto,2022-01,43,428897.7545165972
mixto,Loss Incurred,month,cumulative,Synthetic,Portfolio,Auto,2022-01,44,428418.0092358695
mixto,Loss Incurred,month,cumulative,Synthetic,Portfolio,Auto,2022-01,45,427974.802468983
mixto,Loss Incurred,month,cumulative,Synthetic,Portfolio,Auto,2022-01,46,427565.50993810664
mixto,Loss Incurred,month,cumulative,Synthetic,Portfolio,Auto,2022-01,47,427187.6713661396
mixto,Loss Incurred,month,cumulative,Synthetic,Portfolio,Auto,2022-02,0,312360.2812993903
mixto,Loss Incurred,month,cumulative,Synthetic,Portfolio,Auto,2022-02,1,348216.9949007616
mixto,Loss Incurred,month,cumulative,Synthetic,Portfolio,Auto,2022-02,2,379249.96401691093
mixto,Loss Incurred,month,cumulative,Synthetic,Portfolio,Auto,2022-02,3,406108.11902995285
mixto,Loss Incurred,month,cumulative,Synthetic,Portfolio,Auto,2022-02,4,429353.09078901017
mixto,Loss Incurred,month,cumulative,Synthetic,Portfolio,Auto,2022-02,5,449470.9548722652
mixto,Loss Incurred,month,cumulative,Synthetic,Portfolio,Auto,2022-02,6,466882.3959128259
mixto,Loss Incurred,month,cumulative,Synthetic,Portfolio,Auto,2022-02,7,481951.50453461293
mixto,Loss Incurred,month,cumulative,Synthetic,Portfolio,Auto,2022-02,8,494993.39085098566
mixto,Loss Incurred,month,cumulative,Synthetic,Portfolio,Auto,2022-02,9,506280.77373196575
mixto,Loss Incurred,month,cumulative,Synthetic,Portfolio,Auto,2022-02,10,516049.68362822046
mixto,Loss Incurred,month,cumulative,Synthetic,Portfolio,Auto,2022-02,11,524504.3982035497
mixto,Loss Incurred,month,cumulative,Synthetic,Portfolio,Auto,2022-02,12,531821.7139848826
mixto,Loss Incurred,month,cumulative,Synthetic,Portfolio,Auto,2022-02,13,538154.6433542528
mixto,Loss Incurred,month,cumulative,Synthetic,Portfolio,Auto,2022-02,14,543635.6141905456
mixto,Loss Incurred,month,cumulative,Synthetic,Portfolio,Auto,2022-02,15,548379.2390687241
mixto,Loss Incurred,month,cumulative,Synthetic,Portfolio,Auto,2022-02,16,552484.711923255
mixto,Loss Incurred,month,cumulative,Synthetic,Portfolio,Auto,2022-02,17,556037.8822923589
mixto,Loss Incurred,month,cumulative,Synthetic,Portfolio,Auto,2022-02,18,554198.9244920799
mixto,Loss Incurred,month,cumulative,Synthetic,Portfolio,Auto,2022-02,19,552407.1607007075
mixto,Loss Incurred,month,cumulative,Synthetic,Portfolio,Auto,2022-02,20,550675.0183656483
mixto,Loss Incurred,month,cumulative,Synthetic,Portfolio,Auto,2022-02,21,549011.4920711396
mixto,Loss Incurred,month,cumulative,Synthetic,Portfolio,Auto,2022-02,22,547422.770520017
mixto,Loss Incurred,month,cumulative,Synthetic,Portfolio,Auto,2022-02,23,545912.7636780483
mixto,Loss Incurred,month,cumulative,Synthetic,Portfolio,Auto,2022-02,24,544483.5449646509
mixto,Loss Incurred,month,cumulative,Synthetic,Portfolio,Auto,2022-02,25,543135.7212352485
mixto,Loss Incurred,month,cumulative,Synthetic,Portfolio,Auto,2022-02,26,541868.741462446
mixto,Loss Incurred,month,cumulative,Synthetic,Portfolio,Auto,2022-02,27,540681.1534439769
mixto,Loss Incurred,month,cumulative,Synthetic,Portfolio,Auto,2022-02,28,539570.8165090978
mixto,Loss Incurred,month,cumulative,Synthetic,Portfolio,Auto,2022-02,29,538535.0770307884
mixto,Loss Incurred,month,cumulative,Synthetic,Portfolio,Auto,2022-02,30,537570.9125520675
mixto,Loss Incurred,month,cumulative,Synthetic,Portfolio,Auto,2022-02,31,536675.0494778765
mixto,Loss Incurred,month,cumulative,Synthetic,Portfolio,Auto,2022-02,32,535844.0585494892
mixto,Loss Incurred,month,cumulative,Synthetic,Portfolio,Auto,2022-02,33,535074.4316891346
mixto,Loss Incurred,month,cumulative,Synthetic,Portfolio,Auto,2022-02,34,534362.6432637046
mixto,Loss Incurred,month,cumulative,Synthetic,Portfolio,Auto,2022-02,35,533705.1983553738
mixto,Loss Incurred,month,cumulative,Synthetic,Portfolio,Auto,2022-02,36,533098.6702326977
mixto,Loss Incurred,month,cumulative,Synthetic,Portfolio,Auto,2022-02,37,532539.7288788614
mixto,Loss Incurred,month,cumulative,Synthetic,Portfolio,Auto,2022-02,38,532025.1621461044
mixto,Loss Incurred,month,cumulative,Synthetic,Portfolio,Auto,2022-02,39,531551.8908599474
mixto,Loss Incurred,month,cumulative,Synthetic,Portfolio,Auto,2022-02,40,531116.9789876725
mixto,Loss Incurred,month,cumulative,Synthetic,Portfolio,Auto,2022-02,41,530717.6398073973
mixto,Loss Incurred,month,cumulative,Synthetic,Portfolio,Auto,2022-02,42,530351.2388625848
mixto,Loss Incurred,month,cumulative,Synthetic,Portfolio,Auto,2022-02,43,530015.2943580872
mixto,Loss Incurred,month,cumulative,Synthetic,Portfolio,Auto,2022-02,44,529707.4755445904
mixto,Loss Incurred,month,cumulative,Synthetic,Portfolio,Auto,2022-02,45,529425.5995457446
mixto,Loss Incurred,month,cumulative,Synthetic,Portfolio,Auto,2022-02,46,529167.6270039292
mixto,Loss Incurred,month,cumulative,Synthetic,Portfolio,Auto,2022-03,0,247293.75247272657
mixto,Loss Incurred,month,cumulative,Synthetic,Portfolio,Auto,2022-03,1,275770.5015885753
mixto,Loss Incurred,month,cumulative,Synthetic,Portfolio,Auto,2022-03,2,300051.4441722818
mixto,Loss Incurred,month,cumulative,Synthetic,Portfolio,Auto,2022-03,3,320754.7965934023
mixto,Loss Incurred,month,cumulative,Synthetic,Portfolio,Auto,2022-03,4,338407.68630291236
mixto,Loss Incurred,month,cumulative,Synthetic,Portfolio,Auto,2022-03,5,353459.5730098315
mixto,Loss Incurred,month,cumulative,Synthetic,Portfolio,Auto,2022-03,6,366293.69236174005
mixto,Loss Incurred,month,cumulative,Synthetic,Portfolio,Auto,2022-03,7,377236.8134964025
mixto,Loss Incurred,month,cumulative,Synthetic,Portfolio,Auto,2022-03,8,386567.5589012354
mixto,Loss Incurred,month,cumulative,Synthetic,Portfolio,Auto,2022-03,9,394523.49841231667
mixto,Loss Incurred,month,cumulative,Synthetic,Portfolio,Auto,2022-03,10,401307.1979730398
mixto,Loss Incurred,month,cumulative,Synthetic,Portfolio,Auto,2022-03,11,407091.3771596787
mixto,Loss Incurred,month,cumulative,Synthetic,Portfolio,Auto,2022-03,12,412023.30678947235
mixto,Loss Incurred,month,cumulative,Synthetic,Portfolio,Auto,2022-03,13,416228.5585785977
mixto,Loss Incurred,month,cumulative,Synthetic,Portfolio,Auto,2022-03,14,419814.2023199668
mixto,Loss Incurred,month,cumulative,Synthetic,Portfolio,Auto,2022-03,15,422871.5319840946
mixto,Loss Incurred,month,cumulative,Synthetic,Portfolio,Auto,2022-03,16,425478.39015221444
mixto,Loss Incurred,month,cumulative,Synthetic,Portfolio,Auto,2022-03,17,427701.14996396395
mixto,Loss Incurred,month,cumulative,Synthetic,Portfolio,Auto,2022-03,18,429596.4050419541
mixto,Loss Incurred,month,cumulative,Synthetic,Portfolio,Auto,2022-03,19,431212.41042033985
mixto,Loss Incurred,month,cumulative,Synthetic,Portfolio,Auto,2022-03,20,432590.3111648356
mixto,Loss Incurred,month,cumulative,Synthetic,Portfolio,Auto,2022-03,21,428847.085121196
mixto,Loss Incurred,month,cumulative,Synthetic,Portfolio,Auto,2022-03,22,425365.7742316273
mixto,Loss Incurred,month,cumulative,Synthetic,Portfolio,Auto,2022-03,23,422133.40519233426
mixto,Loss Incurred,month,cumulative,Synthetic,Portfolio,Auto,2022-03,24,419136.6502335505
mixto,Loss Incurred,month,cumulative,Synthetic,Portfolio,Auto,2022-03,25,416362.0797802003
mixto,Loss Incurred,month,cumulative,Synthetic,Portfolio,Auto,2022-03,26,413796.3601561541
mixto,Loss Incurred,month,cumulative,Synthetic,Portfolio,Auto,2022-03,27,411426.40599762875
mixto,Loss Incurred,month,cumulative,Synthetic,Portfolio,Auto,2022-03,28,409239.4954784352
mixto,Loss Incurred,month,cumulative,Synthetic,Portfolio,Auto,2022-03,29,407223.35512946907
mixto,Loss Incurred,month,cumulative,Synthetic,Portfolio,Auto,2022-03,30,405366.2199202545
mixto,Loss Incurred,month,cumulative,Synthetic,Portfolio,Auto,2022-03,31,403656.8733301814
mixto,Loss Incurred,month,cumulative,Synthetic,Portfolio,Auto,2022-03,32,402084.6713447333
mixto,Loss Incurred,month,cumulative,Synthetic,Portfolio,Auto,2022-03,33,400639.5536448676
mixto,Loss Incurred,month,cumulative,Synthetic,Portfolio,Auto,2022-03,34,399312.04469659977
mixto,Loss Incurred,month,cumulative,Synthetic,Portfolio,Auto,2022-03,35,398093.2469764418
mixto,Loss Incurred,month,cumulative,Synthetic,Portfolio,Auto,2022-03,36,396974.8281728222
mixto,Loss Incurred,month,cumulative,Synthetic,Portfolio,Auto,2022-03,37,395949.00387221086
mixto,Loss Incurred,month,cumulative,Synthetic,Portfolio,Auto,2022-03,38,395008.5169614376
mixto,Loss Incurred,month,cumulative,Synthetic,Portfolio,Auto,2022-03,39,394146.61474615475
mixto,Loss Incurred,month,cumulative,Synthetic,Portfolio,Auto,2022-03,40,393357.02459241764
mixto,Loss Incurred,month,cumulative,Synthetic,Portfolio,Auto,2022-03,41,392633.9287378317
mixto,Loss Incurred,month,cumulative,Synthetic,Portfolio,Auto,2022-03,42,391971.9387855413
mixto,Loss Incurred,month,cumulative,Synthetic,Portfolio,Auto,2022-03,43,391366.0702841262
mixto,Loss Incurred,month,cumulative,Synthetic,Portfolio,Auto,2022-03,44,390811.71770556644
mixto,Loss Incurred,month,cumulative,Synthetic,Portfolio,Auto,2022-03,45,390304.63005870936
mixto,Loss Incurred,month,cumulative,Synthetic,Portfolio,Auto,2022-04,0,309581.89364318614
mixto,Loss Incurred,month,cumulative,Synthetic,Portfolio,Auto,2022-04,1,342835.18760015786
mixto,Loss Incurred,month,cumulative,Synthetic,Portfolio,Auto,2022-04,2,371602.7645779032
mixto,Loss Incurred,month,cumulative,Synthetic,Portfolio,Auto,2022-04,3,396489.72724215384
mixto,Loss Incurred,month,cumulative,Synthetic,Portfolio,Auto,2022-04,4,418019.5526817778
mixto,Loss Incurred,month,cumulative,Synthetic,Portfolio,Auto,2022-04,5,436645.10332506837
mixto,Loss Incurred,month,cumulative,Synthetic,Portfolio,Auto,2022-04,6,452758.1525338797
mixto,Loss Incurred,month,cumulative,Synthetic,Portfolio,Auto,2022-04,7,466697.62523876334
mixto,Loss Incurred,month,cumulative,Synthetic,Portfolio,Auto,2022-04,8,478756.7269501849
mixto,Loss Incurred,month,cumulative,Synthetic,Portfolio,Auto,2022-04,9,489189.11109879485
mixto,Loss Incurred,month,cumulative,Synthetic,Portfolio,Auto,2022-04,10,498214.2144297576
mixto,Loss Incurred,month,cumulative,Synthetic,Portfolio,Auto,2022-04,11,506021.8726768331
mixto,Loss Incurred,month,cumulative,Synthetic,Portfolio,Auto,2022-04,12,512776.31360317575
mixto,Loss Incurred,month,cumulative,Synthetic,Portfolio,Auto,2022-04,13,518619.61139922636
mixto,Loss Incurred,month,cumulative,Synthetic,Portfolio,Auto,2022-04,14,523674.6750981576
mixto,Loss Incurred,month,cumulative,Synthetic,Portfolio,Auto,2022-04,15,528047.8338677695
mixto,Loss Incurred,month,cumulative,Synthetic,Portfolio,Auto,2022-04,16,531831.0735583545
mixto,Loss Incurred,month,cumulative,Synthetic,Portfolio,Auto,2022-04,17,535103.9715505051
mixto,Loss Incurred,month,cumulative,Synthetic,Portfolio,Auto,2022-04,18,537935.3706008168
mixto,Loss Incurred,month,cumulative,Synthetic,Portfolio,Auto,2022-04,19,535631.687649395
mixto,Loss Incurred,month,cumulative,Synthetic,Portfolio,Auto,2022-04,20,533406.9424461391
mixto,Loss Incurred,month,cumulative,Synthetic,Portfolio,Auto,2022-04,21,531270.4517314016
mixto,Loss Incurred,month,cumulative,Synthetic,Portfolio,Auto,2022-04,22,529228.5559923123
mixto,Loss Incurred,month,cumulative,Synthetic,Portfolio,Auto,2022-04,23,527285.1690327006
mixto,Loss Incurred,month,cumulative,Synthetic,Portfolio,Auto,2022-04,24,525442.2406547482
mixto,Loss Incurred,month,cumulative,Synthetic,Portfolio,Auto,2022-04,25,523700.14527160325
mixto,Loss Incurred,month,cumulative,Synthetic,Portfolio,Auto,2022-04,26,522058.0074463384
mixto,Loss Incurred,month,cumulative,Synthetic,Portfolio,Auto,2022-04,27,520513.9737829558
mixto,Loss Incurred,month,cumulative,Synthetic,Portfolio,Auto,2022-04,28,519065.4392446498
mixto,Loss Incurred,month,cumulative,Synthetic,Portfolio,Auto,2022-04,29,517709.2348130312
mixto,Loss Incurred,month,cumulative,Synthetic,Portfolio,Auto,2022-04,30,516441.782403401
mixto,Loss Incurred,month,cumulative,Synthetic,Portfolio,Auto,2022-04,31,515259.2220929493
mixto,Loss Incurred,month,cumulative,Synthetic,Portfolio,Auto,2022-04,32,514157.5159814922
mixto,Loss Incurred,month,cumulative,Synthetic,Portfolio,Auto,2022-04,33,513132.53237130464
mixto,Loss Incurred,month,cumulative,Synthetic,Portfolio,Auto,2022-04,34,512180.11340928625
mixto,Loss Incurred,month,cumulative,Synthetic,Portfolio,Auto,2022-04,35,511296.12886862125
mixto,Loss Incurred,month,cumulative,Synthetic,Portfolio,Auto,2022-04,36,510476.5183475276
mixto,Loss Incurred,month,cumulative,Synthetic,Portfolio,Auto,2022-04,37,509717.323820319
mixto,Loss Incurred,month,cumulative,Synthetic,Portfolio,Auto,2022-04,38,509014.7141828529
mixto,Loss Incurred,month,cumulative,Synthetic,Portfolio,Auto,2022-04,39,508365.00318358775
mixto,Loss Incurred,month,cumulative,Synthetic,Portfolio,Auto,2022-04,40,507764.66191699787
mixto,Loss Incurred,month,cumulative,Synthetic,Portfolio,Auto,2022-04,41,507210.32687285036
mixto,Loss Incurred,month,cumulative,Synthetic,Portfolio,Auto,2022-04,42,506698.80437843734
mixto,Loss Incurred,month,cumulative,Synthetic,Portfolio,Auto,2022-04,43,506227.07213747886
mixto,Loss Incurred,month,cumulative,Synthetic,Portfolio,Auto,2022-04,44,505792.2784557759
mixto,Loss Incurred,month,cumulative,Synthetic,Portfolio,Auto,2022-05,0,323490.0705979156
mixto,Loss Incurred,month,cumulative,Synthetic,Portfolio,Auto,2022-05,1,359506.6217606269
mixto,Loss Incurred,month,cumulative,Synthetic,Portfolio,Auto,2022-05,2,390562.42833934404
mixto,Loss Incurred,month,cumulative,Synthetic,Portfolio,Auto,2022-05,3,417340.7591655675
mixto,Loss Incurred,month,cumulative,Synthetic,Portfolio,Auto,2022-05,4,440430.77294515143
mixto,Loss Incurred,month,cumulative,Synthetic,Portfolio,Auto,2022-05,5,460340.48052928783
mixto,Loss Incurred,month,cumulative,Synthetic,Portfolio,Auto,2022-05,6,477507.9218253303
mixto,Loss Incurred,month,cumulative,Synthetic,Portfolio,Auto,2022-05,7,492310.8032542816
mixto,Loss Incurred,month,cumulative,Synthetic,Portfolio,Auto,2022-05,8,505074.8077917607
mixto,Loss Incurred,month,cumulative,Synthetic,Portfolio,Auto,2022-05,9,516080.76042434416
mixto,Loss Incurred,month,cumulative,Synthetic,Portfolio,Auto,2022-05,10,525570.8066708016
mixto,Loss Incurred,month,cumulative,Synthetic,Portfolio,Auto,2022-05,11,533753.7401038671
mixto,Loss Incurred,month,cumulative,Synthetic,Portfolio,Auto,2022-05,12,540809.5960850723
mixto,Loss Incurred,month,cumulative,Synthetic,Portfolio,Auto,2022-05,13,546893.6127808868
mixto,Loss Incurred,month,cumulative,Synthetic,Portfolio,Auto,2022-05,14,552139.6466077602
mixto,Loss Incurred,month,cumulative,Synthetic,Portfolio,Auto,2022-05,15,556663.1172503759
mixto,Loss Incurred,month,cumulative,Synthetic,Portfolio,Auto,2022-05,16,560563.5470474135
mixto,Loss Incurred,month,cumulative,Synthetic,Portfolio,Auto,2022-05,17,563926.750614669
mixto,Loss Incurred,month,cumulative,Synthetic,Portfolio,Auto,2022-05,18,566826.7228801333
mixto,Loss Incurred,month,cumulative,Synthetic,Portfolio,Auto,2022-05,19,564287.5915614512
mixto,Loss Incurred,month,cumulative,Synthetic,Portfolio,Auto,2022-05,20,561774.8340381987
mixto,Loss Incurred,month,cumulative,Synthetic,Portfolio,Auto,2022-05,21,559308.6079846397
mixto,Loss Incurred,month,cumulative,Synthetic,Portfolio,Auto,2022-05,22,556904.5443212927
mixto,Loss Incurred,month,cumulative,Synthetic,Portfolio,Auto,2022-05,23,554574.4994861608
mixto,Loss Incurred,month,cumulative,Synthetic,Portfolio,Auto,2022-05,24,552327.1946171216
mixto,Loss Incurred,month,cumulative,Synthetic,Portfolio,Auto,2022-05,25,550168.7579188625
mixto,Loss Incurred,month,cumulative,Synthetic,Portfolio,Auto,2022-05,26,548103.1841950532
mixto,Loss Incurred,month,cumulative,Synthetic,Portfolio,Auto,2022-05,27,546132.7235532925
mixto,Loss Incurred,month,cumulative,Synthetic,Portfolio,Auto,2022-05,28,544258.2095924958
mixto,Loss Incurred,month,cumulative,Synthetic,Portfolio,Auto,2022-05,29,542479.3359216017
mixto,Loss Incurred,month,cumulative,Synthetic,Portfolio,Auto,2022-05,30,540794.8886018998
mixto,Loss Incurred,month,cumulative,Synthetic,Portfolio,Auto,2022-05,31,539202.941024553
mixto,Loss Incurred,month,cumulative,Synthetic,Portfolio,Auto,2022-05,32,537701.0168055916
mixto,Loss Incurred,month,cumulative,Synthetic,Portfolio,Auto,2022-05,33,536286.2254817424
mixto,Loss Incurred,month,cumulative,Synthetic,Portfolio,Auto,2022-05,34,534955.3751037886
mixto,Loss Incurred,month,cumulative,Synthetic,Portfolio,Auto,2022-05,35,533705.0652341166
mixto,Loss Incurred,month,cumulative,Synthetic,Portfolio,Auto,2022-05,36,532531.7633482352
mixto,Loss Incurred,month,cumulative,Synthetic,Portfolio,Auto,2022-05,37,531431.8672047397
mixto,Loss Incurred,month,cumulative,Synthetic,Portfolio,Auto,2022-05,38,530401.7553744903
mixto,Loss Incurred,month,cumulative,Synthetic,Portfolio,Auto,2022-05,39,529437.8277990227
mixto,Loss Incurred,month,cumulative,Synthetic,Portfolio,Auto,2022-05,40,528536.5379730609
mixto,Loss Incurred,month,cumulative,Synthetic,Portfolio,Auto,2022-05,41,527694.4181100209
mixto,Loss Incurred,month,cumulative,Synthetic,Portfolio,Auto,2022-05,42,526908.0984471393
mixto,Loss Incurred,month,cumulative,Synthetic,Portfolio,Auto,2022-05,43,526174.3216735505
mixto,Loss Incurred,month,cumulative,Synthetic,Portfolio,Auto,2022-06,0,248764.3856591768
mixto,Loss Incurred,month,cumulative,Synthetic,Portfolio,Auto,2022-06,1,273887.30286049785
mixto,Loss Incurred,month,cumulative,Synthetic,Portfolio,Auto,2022-06,2,295903.0621316456
mixto,Loss Incurred,month,cumulative,Synthetic,Portfolio,Auto,2022-06,3,315195.9512655414
mixto,Loss Incurred,month,cumulative,Synthetic,Portfolio,Auto,2022-06,4,332102.7300210936
mixto,Loss Incurred,month,cumulative,Synthetic,Portfolio,Auto,2022-06,5,346918.50830631686
mixto,Loss Incurred,month,cumulative,Synthetic,Portfolio,Auto,2022-06,6,359901.89735816716
mixto,Loss Incurred,month,cumulative,Synthetic,Portfolio,Auto,2022-06,7,371279.52383357356
mixto,Loss Incurred,month,cumulative,Synthetic,Portfolio,Auto,2022-06,8,381249.98560568073
mixto,Loss Incurred,month,cumulative,Synthetic,Portfolio,Auto,2022-06,9,389987.3183142147
mixto,Loss Incurred,month,cumulative,Synthetic,Portfolio,Auto,2022-06,10,397644.0331790352
mixto,Loss Incurred,month,cumulative,Synthetic,Portfolio,Auto,2022-06,11,404353.77910228504
mixto,Loss Incurred,month,cumulative,Synthetic,Portfolio,Auto,2022-06,12,410233.6755264577
mixto,Loss Incurred,month,cumulative,Synthetic,Portfolio,Auto,2022-06,13,415386.3567687086
mixto,Loss Incurred,month,cumulative,Synthetic,Portfolio,Auto,2022-06,14,419901.763515517
mixto,Loss Incurred,month,cumulative,Synthetic,Portfolio,Auto,2022-06,15,423858.7127484597
mixto,Loss Incurred,month,cumulative,Synthetic,Portfolio,Auto,2022-06,16,427326.2735043435
mixto,Loss Incurred,month,cumulative,Synthetic,Portfolio,Auto,2022-06,17,430364.97248376
mixto,Loss Incurred,month,cumulative,Synthetic,Portfolio,Auto,2022-06,18,428889.5919356074
mixto,Loss Incurred,month,cumulative,Synthetic,Portfolio,Auto,2022-06,19,427390.669149479
mixto,Loss Incurred,month,cumulative,Synthetic,Portfolio,Auto,2022-06,20,425886.33930253045
mixto,Loss Incurred,month,cumulative,Synthetic,Portfolio,Auto,2022-06,21,424391.36969930935
mixto,Loss Incurred,month,cumulative,Synthetic,Portfolio,Auto,2022-06,22,422917.6594324866
mixto,Loss Incurred,month,cumulative,Synthetic,Portfolio,Auto,2022-06,23,421474.6711036479
mixto,Loss Incurred,month,cumulative,Synthetic,Portfolio,Auto,2022-06,24,420069.8034607633
mixto,Loss Incurred,month,cumulative,Synthetic,Portfolio,Auto,2022-06,25,418708.71268003364
mixto,Loss Incurred,month,cumulative,Synthetic,Portfolio,Auto,2022-06,26,417395.5890330026
mixto,Loss Incurred,month,cumulative,Synthetic,Portfolio,Auto,2022-06,27,416133.3948173536
mixto,Loss Incurred,month,cumulative,Synthetic,Portfolio,Auto,2022-06,28,414924.0686761327
mixto,Loss Incurred,month,cumulative,Synthetic,Portfolio,Auto,2022-06,29,413768.7007716529
mixto,Loss Incurred,month,cumulative,Synthetic,Portfolio,Auto,2022-06,30,412667.6827050937
mixto,Loss Incurred,month,cumulative,Synthetic,Portfolio,Auto,2022-06,31,411620.83557042957
mixto,Loss Incurred,month,cumulative,Synthetic,Portfolio,Auto,2022-06,32,410627.5190926071
mixto,Loss Incurred,month,cumulative,Synthetic,Portfolio,Auto,2022-06,33,409686.7244169124
mixto,Loss Incurred,month,cumulative,Synthetic,Portfolio,Auto,2022-06,34,408797.15278217633
mixto,Loss Incurred,month,cumulative,Synthetic,Portfolio,Auto,2022-06,35,407957.28201877605
mixto,Loss Incurred,month,cumulative,Synthetic,Portfolio,Auto,2022-06,36,407165.42255791737
mixto,Loss Incurred,month,cumulative,Synthetic,Portfolio,Auto,2022-06,37,406419.76441674837
mixto,Loss Incurred,month,cumulative,Synthetic,Portfolio,Auto,2022-06,38,405718.4164303595
mixto,Loss Incurred,month,cumulative,Synthetic,Portfolio,Auto,2022-06,39,405059.43883307383
mixto,Loss Incurred,month,cumulative,Synthetic,Portfolio,Auto,2022-06,40,404440.87014447775
mixto,Loss Incurred,month,cumulative,Synthetic,Portfolio,Auto,2022-06,41,403860.7491876586
mixto,Loss Incurred,month,cumulative,Synthetic,Portfolio,Auto,2022-06,42,403317.1329556779
mixto,Loss Incurred,month,cumulative,Synthetic,Portfolio,Auto,2022-07,0,263397.6349292025
mixto,Loss Incurred,month,cumulative,Synthetic,Portfolio,Auto,2022-07,1,295871.48710510915
mixto,Loss Incurred,month,cumulative,Synthetic,Portfolio,Auto,2022-07,2,323297.4750144076
mixto,Loss Incurred,month,cumulative,Synthetic,Portfolio,Auto,2022-07,3,346460.25868191017
mixto,Loss Incurred,month,cumulative,Synthetic,Portfolio,Auto,2022-07,4,366022.52746879414
mixto,Loss Incurred,month,cumulative,Synthetic,Portfolio,Auto,2022-07,5,382543.95967589086
mixto,Loss Incurred,month,cumulative,Synthetic,Portfolio,Auto,2022-07,6,396497.2349911093
mixto,Loss Incurred,month,cumulative,Synthetic,Portfolio,Auto,2022-07,7,408281.5578985781
mixto,Loss Incurred,month,cumulative,Synthetic,Portfolio,Auto,2022-07,8,418234.0789554824
mixto,Loss Incurred,month,cumulative,Synthetic,Portfolio,Auto,2022-07,9,426639.5407003693
mixto,Loss Incurred,month,cumulative,Synthetic,Portfolio,Auto,2022-07,10,433738.4241632426
mixto,Loss Incurred,month,cumulative,Synthetic,Portfolio,Auto,2022-07,11,439733.8290498465
mixto,Loss Incurred,month,cumulative,Synthetic,Portfolio,Auto,2022-07,12,444797.2844428394
mixto,Loss Incurred,month,cumulative,Synthetic,Portfolio,Auto,2022-07,13,449073.6562645516
mixto,Loss Incurred,month,cumulative,Synthetic,Portfolio,Auto,2022-07,14,452685.2919042851
mixto,Loss Incurred,month,cumulative,Synthetic,Portfolio,Auto,2022-07,15,455735.5205883219
mixto,Loss Incurred,month,cumulative,Synthetic,Portfolio,Auto,2022-07,16,458311.6096385473
mixto,Loss Incurred,month,cumulative,Synthetic,Portfolio,Auto,2022-07,17,460487.2611985177
mixto,Loss Incurred,month,cumulative,Synthetic,Portfolio,Auto,2022-07,18,457784.43097545725
mixto,Loss Incurred,month,cumulative,Synthetic,Portfolio,Auto,2022-07,19,455217.26248675573
mixto,Loss Incurred,month,cumulative,Synthetic,Portfolio,Auto,2022-07,20,452791.06393586175
mixto,Loss Incurred,month,cumulative,Synthetic,Portfolio,Auto,2022-07,21,450507.8691698108
mixto,Loss Incurred,month,cumulative,Synthetic,Portfolio,Auto,2022-07,22,448367.173916789
mixto,Loss Incurred,month,cumulative,Synthetic,Portfolio,Auto,2022-07,23,446366.53649317095
mixto,Loss Incurred,month,cumulative,Synthetic,Portfolio,Auto,2022-07,24,444502.06600403925
mixto,Loss Incurred,month,cumulative,Synthetic,Portfolio,Auto,2022-07,25,442768.8173006958
mixto,Loss Incurred,month,cumulative,Synthetic,Portfolio,Auto,2022-07,26,441161.1087995805
mixto,Loss Incurred,month,cumulative,Synthetic,Portfolio,Auto,2022-07,27,439672.77661425277
mixto,Loss Incurred,month,cumulative,Synthetic,Portfolio,Auto,2022-07,28,438297.37622555933
mixto,Loss Incurred,month,cumulative,Synthetic,Portfolio,Auto,2022-07,29,437028.3410472557
mixto,Loss Incurred,month,cumulative,Synthetic,Portfolio,Auto,2022-07,30,435859.10567824735
mixto,Loss Incurred,month,cumulative,Synthetic,Portfolio,Auto,2022-07,31,434783.2003203175
mixto,Loss Incurred,month,cumulative,Synthetic,Portfolio,Auto,2022-07,32,433794.3217412738
mixto,Loss Incurred,month,cumulative,Synthetic,Portfolio,Auto,2022-07,33,432886.38524387777
mixto,Loss Incurred,month,cumulative,Synthetic,Portfolio,Auto,2022-07,34,432053.5613319961
mixto,Loss Incurred,month,cumulative,Synthetic,Portfolio,Auto,2022-07,35,431290.3001230514
mixto,Loss Incurred,month,cumulative,Synthetic,Portfolio,Auto,2022-07,36,430591.34601967846
mixto,Loss Incurred,month,cumulative,Synthetic,Portfolio,Auto,2022-07,37,429951.7447064578
mixto,Loss Incurred,month,cumulative,Synthetic,Portfolio,Auto,2022-07,38,429366.84416526795
mixto,Loss Incurred,month,cumulative,Synthetic,Portfolio,Auto,2022-07,39,428832.2910931136
mixto,Loss Incurred,month,cumulative,Synthetic,Portfolio,Auto,2022-07,40,428344.0238490328
mixto,Loss Incurred,month,cumulative,Synthetic,Portfolio,Auto,2022-07,41,427898.2628433465
mixto,Loss Incurred,month,cumulative,Synthetic,Portfolio,Auto,2022-08,0,256913.8165339976
mixto,Loss Incurred,month,cumulative,Synthetic,Portfolio,Auto,2022-08,1,286830.7351178905
mixto,Loss Incurred,month,cumulative,Synthetic,Portfolio,Auto,2022-08,2,312501.20928182144
mixto,Loss Incurred,month,cumulative,Synthetic,Portfolio,Auto,2022-08,3,334527.9845980412
mixto,Loss Incurred,month,cumulative,Synthetic,Portfolio,Auto,2022-08,4,353428.2521869018
mixto,Loss Incurred,month,cumulative,Synthetic,Portfolio,Auto,2022-08,5,369645.79242155846
mixto,Loss Incurred,month,cumulative,Synthetic,Portfolio,Auto,2022-08,6,383561.39494020835
mixto,Loss Incurred,month,cumulative,Synthetic,Portfolio,Auto,2022-08,7,395501.7996289072
mixto,Loss Incurred,month,cumulative,Synthetic,Portfolio,Auto,2022-08,8,405747.3685102274
mixto,Loss Incurred,month,cumulative,Synthetic,Portfolio,Auto,2022-08,9,414538.66867455345
mixto,Loss Incurred,month,cumulative,Synthetic,Portfolio,Auto,2022-08,10,422082.120821968
mixto,Loss Incurred,month,cumulative,Synthetic,Portfolio,Auto,2022-08,11,428554.84604311804
mixto,Loss Incurred,month,cumulative,Synthetic,Portfolio,Auto,2022-08,12,434108.8246420108
mixto,Loss Incurred,month,cumulative,Synthetic,Portfolio,Auto,2022-08,13,438874.4646503591
mixto,Loss Incurred,month,cumulative,Synthetic,Portfolio,Auto,2022-08,14,442963.66382258834
mixto,Loss Incurred,month,cumulative,Synthetic,Portfolio,Auto,2022-08,15,446472.43700748426
mixto,Loss Incurred,month,cumulative,Synthetic,Portfolio,Auto,2022-08,16,449483.1705874612
mixto,Loss Incurred,month,cumulative,Synthetic,Portfolio,Auto,2022-08,17,452066.55691993237
mixto,Loss Incurred,month,cumulative,Synthetic,Portfolio,Auto,2022-08,18,454283.25420167897
mixto,Loss Incurred,month,cumulative,Synthetic,Portfolio,Auto,2022-08,19,451949.18441813666
mixto,Loss Incurred,month,cumulative,Synthetic,Portfolio,Auto,2022-08,20,449704.3767661248
mixto,Loss Incurred,month,cumulative,Synthetic,Portfolio,Auto,2022-08,21,447556.6872217964
mixto,Loss Incurred,month,cumulative,Synthetic,Portfolio,Auto,2022-08,22,445511.1159820162
mixto,Loss Incurred,month,cumulative,Synthetic,Portfolio,Auto,2022-08,23,443570.3604356681
mixto,Loss Incurred,month,cumulative,Synthetic,Portfolio,Auto,2022-08,24,441735.2771268307
mixto,Loss Incurred,month,cumulative,Synthetic,Portfolio,Auto,2022-08,25,440005.266689264
mixto,Loss Incurred,month,cumulative,Synthetic,Portfolio,Auto,2022-08,26,438378.5936573688
mixto,Loss Incurred,month,cumulative,Synthetic,Portfolio,Auto,2022-08,27,436852.6512865436
mixto,Loss Incurred,month,cumulative,Synthetic,Portfolio,Auto,2022-08,28,435424.1800021773
mixto,Loss Incurred,month,cumulative,Synthetic,Portfolio,Auto,2022-08,29,434089.4468040772
mixto,Loss Incurred,month,cumulative,Synthetic,Portfolio,Auto,2022-08,30,432844.39184999216
mixto,Loss Incurred,month,cumulative,Synthetic,Portfolio,Auto,2022-08,31,431684.7475006959
mixto,Loss Incurred,month,cumulative,Synthetic,Portfolio,Auto,2022-08,32,430606.1343063898
mixto,Loss Incurred,month,cumulative,Synthetic,Portfolio,Auto,2022-08,33,429604.13772990584
mixto,Loss Incurred,month,cumulative,Synthetic,Portfolio,Auto,2022-08,34,428674.3688191456
mixto,Loss Incurred,month,cumulative,Synthetic,Portfolio,Auto,2022-08,35,427812.51154466084
mixto,Loss Incurred,month,cumulative,Synthetic,Portfolio,Auto,2022-08,36,427014.3590956676
mixto,Loss Incurred,month,cumulative,Synthetic,Portfolio,Auto,2022-08,37,426275.8410683066
mixto,Loss Incurred,month,cumulative,Synthetic,Portfolio,Auto,2022-08,38,425593.04317439155
mixto,Loss Incurred,month,cumulative,Synthetic,Portfolio,Auto,2022-08,39,424962.22083931917
mixto,Loss Incurred,month,cumulative,Synthetic,Portfolio,Auto,2022-08,40,424379.80783750745
mixto,Loss Incurred,month,cumulative,Synthetic,Portfolio,Auto,2022-09,0,245483.09262420234
mixto,Loss Incurred,month,cumulative,Synthetic,Portfolio,Auto,2022-09,1,269481.6909992185
mixto,Loss Incurred,month,cumulative,Synthetic,Portfolio,Auto,2022-09,2,290163.8572848256
mixto,Loss Incurred,month,cumulative,Synthetic,Portfolio,Auto,2022-09,3,307987.8983217728
mixto,Loss Incurred,month,cumulative,Synthetic,Portfolio,Auto,2022-09,4,323348.78627227084
mixto,Loss Incurred,month,cumulative,Synthetic,Portfolio,Auto,2022-09,5,336586.9110128189
mixto,Loss Incurred,month,cumulative,Synthetic,Portfolio,Auto,2022-09,6,347995.623009877
mixto,Loss Incurred,month,cumulative,Synthetic,Portfolio,Auto,2022-09,7,357827.7338248736
mixto,Loss Incurred,month,cumulative,Synthetic,Portfolio,Auto,2022-09,8,366301.11829660897
mixto,Loss Incurred,month,cumulative,Synthetic,Portfolio,Auto,2022-09,9,373603.5425427164
mixto,Loss Incurred,month,cumulative,Synthetic,Portfolio,Auto,2022-09,10,379896.8247663679
mixto,Loss Incurred,month,cumulative,Synthetic,Portfolio,Auto,2022-09,11,385320.42106969695
mixto,Loss Incurred,month,cumulative,Synthetic,Portfolio,Auto,2022-09,12,389994.515733835
mixto,Loss Incurred,month,cumulative,Synthetic,Portfolio,Auto,2022-09,13,394022.68444467994
mixto,Loss Incurred,month,cumulative,Synthetic,Portfolio,Auto,2022-09,14,397494.18948019505
mixto,Loss Incurred,month,cumulative,Synthetic,Portfolio,Auto,2022-09,15,400485.9577194848
mixto,Loss Incurred,month,cumulative,Synthetic,Portfolio,Auto,2022-09,16,403064.2853053744
mixto,Loss Incurred,month,cumulative,Synthetic,Portfolio,Auto,2022-09,17,405286.30673499475
mixto,Loss Incurred,month,cumulative,Synthetic,Portfolio,Auto,2022-09,18,407201.260932713
mixto,Loss Incurred,month,cumulative,Synthetic,Portfolio,Auto,2022-09,19,404642.79013311234
mixto,Loss Incurred,month,cumulative,Synthetic,Portfolio,Auto,2022-09,20,402228.8388879958
mixto,Loss Incurred,month,cumulative,Synthetic,Portfolio,Auto,2022-09,21,399957.9410683376
mixto,Loss Incurred,month,cumulative,Synthetic,Portfolio,Auto,2022-09,22,397827.1949666846
mixto,Loss Incurred,month,cumulative,Synthetic,Portfolio,Auto,2022-09,23,395832.60670364246
mixto,Loss Incurred,month,cumulative,Synthetic,Portfolio,Auto,2022-09,24,393969.37334023044
mixto,Loss Incurred,month,cumulative,Synthetic,Portfolio,Auto,2022-09,25,392232.1151647849
mixto,Loss Incurred,month,cumulative,Synthetic,Portfolio,Auto,2022-09,26,390615.06521397835
mixto,Loss Incurred,month,cumulative,Synthetic,Portfolio,Auto,2022-09,27,389112.2228820529
mixto,Loss Incurred,month,cumulative,Synthetic,Portfolio,Auto,2022-09,28,387717.47744159406
mixto,Loss Incurred,month,cumulative,Synthetic,Portfolio,Auto,2022-09,29,386424.706418251
mixto,Loss Incurred,month,cumulative,Synthetic,Portfolio,Auto,2022-09,30,385227.85300936346
mixto,Loss Incurred,month,cumulative,Synthetic,Portfolio,Auto,2022-09,31,384120.98609414167
mixto,Loss Incurred,month,cumulative,Synthetic,Portfolio,Auto,2022-09,32,383098.3458351026
mixto,Loss Incurred,month,cumulative,Synthetic,Portfolio,Auto,2022-09,33,382154.3774033385
mixto,Loss Incurred,month,cumulative,Synthetic,Portfolio,Auto,2022-09,34,381283.75496229186
mixto,Loss Incurred,month,cumulative,Synthetic,Portfolio,Auto,2022-09,35,380481.3977060244
mixto,Loss Incurred,month,cumulative,Synthetic,Portfolio,Auto,2022-09,36,379742.4794599603
mixto,Loss Incurred,month,cumulative,Synthetic,Portfolio,Auto,2022-09,37,379062.4331073995
mixto,Loss Incurred,month,cumulative,Synthetic,Portfolio,Auto,2022-09,38,378436.9508974381
mixto,Loss Incurred,month,cumulative,Synthetic,Portfolio,Auto,2022-09,39,377861.9815139016
mixto,Loss Incurred,month,cumulative,Synthetic,Portfolio,Auto,2022-10,0,254244.21250307516
mixto,Loss Incurred,month,cumulative,Synthetic,Portfolio,Auto,2022-10,1,279722.6517284137
mixto,Loss Incurred,month,cumulative,Synthetic,Portfolio,Auto,2022-10,2,301852.3307657401
mixto,Loss Incurred,month,cumulative,Synthetic,Portfolio,Auto,2022-10,3,321073.3941112549
mixto,Loss Incurred,month,cumulative,Synthetic,Portfolio,Auto,2022-10,4,337768.1358428967
mixto,Loss Incurred,month,cumulative,Synthetic,Portfolio,Auto,2022-10,5,352268.6031935369
mixto,Loss Incurred,month,cumulative,Synthetic,Portfolio,Auto,2022-10,6,364863.20074807515
mixto,Loss Incurred,month,cumulative,Synthetic,Portfolio,Auto,2022-10,7,375802.4266174934
mixto,Loss Incurred,month,cumulative,Synthetic,Portfolio,Auto,2022-10,8,385303.8546785299
mixto,Loss Incurred,month,cumulative,Synthetic,Portfolio,Auto,2022-10,9,393556.46197238145
mixto,Loss Incurred,month,cumulative,Synthetic,Portfolio,Auto,2022-10,10,400724.3873314988
mixto,Loss Incurred,month,cumulative,Synthetic,Portfolio,Auto,2022-10,11,406950.19599104277
mixto,Loss Incurred,month,cumulative,Synthetic,Portfolio,Auto,2022-10,12,412357.7151159387
mixto,Loss Incurred,month,cumulative,Synthetic,Portfolio,Auto,2022-10,13,417054.4966402614
mixto,Loss Incurred,month,cumulative,Synthetic,Portfolio,Auto,2022-10,14,421133.9564031789
mixto,Loss Incurred,month,cumulative,Synthetic,Portfolio,Auto,2022-10,15,424677.232127434
mixto,Loss Incurred,month,cumulative,Synthetic,Portfolio,Auto,2022-10,16,427754.7971943136
mixto,Loss Incurred,month,cumulative,Synthetic,Portfolio,Auto,2022-10,17,430427.8623120073
mixto,Loss Incurred,month,cumulative,Synthetic,Portfolio,Auto,2022-10,18,432749.5929556021
mixto,Loss Incurred,month,cumulative,Synthetic,Portfolio,Auto,2022-10,19,429822.8706022822
mixto,Loss Incurred,month,cumulative,Synthetic,Portfolio,Auto,2022-10,20,427071.54110507586
mixto,Loss Incurred,month,cumulative,Synthetic,Portfolio,Auto,2022-10,21,424491.1983688907
mixto,Loss Incurred,month,cumulative,Synthetic,Portfolio,Auto,2022-10,22,422076.35401910427
mixto,Loss Incurred,month,cumulative,Synthetic,Portfolio,Auto,2022-10,23,419820.7276791975
mixto,Loss Incurred,month,cumulative,Synthetic,Portfolio,Auto,2022-10,24,417717.4859066098
mixto,Loss Incurred,month,cumulative,Synthetic,Portfolio,Auto,2022-10,25,415759.4377100605
mixto,Loss Incurred,month,cumulative,Synthetic,Portfolio,Auto,2022-10,26,413939.1934254845
mixto,Loss Incurred,month,cumulative,Synthetic,Portfolio,Auto,2022-10,27,412249.29274160153
mixto,Loss Incurred,month,cumulative,Synthetic,Portfolio,Auto,2022-10,28,410682.3068181194
mixto,Loss Incurred,month,cumulative,Synthetic,Portfolio,Auto,2022-10,29,409230.9187107513
mixto,Loss Incurred,month,cumulative,Synthetic,Portfolio,Auto,2022-10,30,407887.98569125467
mixto,Loss Incurred,month,cumulative,Synthetic,Portfolio,Auto,2022-10,31,406646.58651341335
mixto,Loss Incurred,month,cumulative,Synthetic,Portfolio,Auto,2022-10,32,405500.05621508695
mixto,Loss Incurred,month,cumulative,Synthetic,Portfolio,Auto,2022-10,33,404442.0106515201
mixto,Loss Incurred,month,cumulative,Synthetic,Portfolio,Auto,2022-10,34,403466.36261696677
mixto,Loss Incurred,month,cumulative,Synthetic,Portfolio,Auto,2022-10,35,402567.3311223829
mixto,Loss Incurred,month,cumulative,Synthetic,Portfolio,Auto,2022-10,36,401739.4451497133
mixto,Loss Incurred,month,cumulative,Synthetic,Portfolio,Auto,2022-10,37,400977.54299222014
mixto,Loss Incurred,month,cumulative,Synthetic,Portfolio,Auto,2022-10,38,400276.76811031613
mixto,Loss Incurred,month,cumulative,Synthetic,Portfolio,Auto,2022-11,0,237847.54339024704
mixto,Loss Incurred,month,cumulative,Synthetic,Portfolio,Auto,2022-11,1,261890.22917238076
mixto,Loss Incurred,month,cumulative,Synthetic,Portfolio,Auto,2022-11,2,282982.99556464853
mixto,Loss Incurred,month,cumulative,Synthetic,Portfolio,Auto,2022-11,3,301487.7831790751
mixto,Loss Incurred,month,cumulative,Synthetic,Portfolio,Auto,2022-11,4,317722.1242933144
mixto,Loss Incurred,month,cumulative,Synthetic,Portfolio,Auto,2022-11,5,331964.5915350357
mixto,Loss Incurred,month,cumulative,Synthetic,Portfolio,Auto,2022-11,6,344459.57803951314
mixto,Loss Incurred,month,cumulative,Synthetic,Portfolio,Auto,2022-11,7,355421.4911053707
mixto,Loss Incurred,month,cumulative,Synthetic,Portfolio,Auto,2022-11,8,365038.4313093766
mixto,Loss Incurred,month,cumulative,Synthetic,Portfolio,Auto,2022-11,9,373475.4202119326
mixto,Loss Incurred,month,cumulative,Synthetic,Portfolio,Auto,2022-11,10,380877.2320389628
mixto,Loss Incurred,month,cumulative,Synthetic,Portfolio,Auto,2022-11,11,387370.87793035025
mixto,Loss Incurred,month,cumulative,Synthetic,Portfolio,Auto,2022-11,12,393067.78538329917
mixto,Loss Incurred,month,cumulative,Synthetic,Portfolio,Auto,2022-11,13,398065.71028870693
mixto,Loss Incurred,month,cumulative,Synthetic,Portfolio,Auto,2022-11,14,402450.41437007044
mixto,Loss Incurred,month,cumulative,Synthetic,Portfolio,Auto,2022-11,15,406297.13680888177
mixto,Loss Incurred,month,cumulative,Synthetic,Portfolio,Auto,2022-11,16,409671.88530882006
mixto,Loss Incurred,month,cumulative,Synthetic,Portfolio,Auto,2022-11,17,412632.5687527117
mixto,Loss Incurred,month,cumulative,Synthetic,Portfolio,Auto,2022-11,18,411825.3870564619
mixto,Loss Incurred,month,cumulative,Synthetic,Portfolio,Auto,2022-11,19,410958.5503956515
mixto,Loss Incurred,month,cumulative,Synthetic,Portfolio,Auto,2022-11,20,410051.4520821249
mixto,Loss Incurred,month,cumulative,Synthetic,Portfolio,Auto,2022-11,21,409120.187329639
mixto,Loss Incurred,month,cumulative,Synthetic,Portfolio,Auto,2022-11,22,408178.02780766494
mixto,Loss Incurred,month,cumulative,Synthetic,Portfolio,Auto,2022-11,23,407235.8326520036
mixto,Loss Incurred,month,cumulative,Synthetic,Portfolio,Auto,2022-11,24,406302.40413324314
mixto,Loss Incurred,month,cumulative,Synthetic,Portfolio,Auto,2022-11,25,405384.7951470894
mixto,Loss Incurred,month,cumulative,Synthetic,Portfolio,Auto,2022-11,26,404488.5747831567
mixto,Loss Incurred,month,cumulative,Synthetic,Portfolio,Auto,2022-11,27,403618.0574348831
mixto,Loss Incurred,month,cumulative,Synthetic,Portfolio,Auto,2022-11,28,402776.5002187129
mixto,Loss Incurred,month,cumulative,Synthetic,Portfolio,Auto,2022-11,29,401966.2728632277
mixto,Loss Incurred,month,cumulative,Synthetic,Portfolio,Auto,2022-11,30,401189.0036976925
mixto,Loss Incurred,month,cumulative,Synthetic,Portfolio,Auto,2022-11,31,400445.7049050145
mixto,Loss Incurred,month,cumulative,Synthetic,Portfolio,Auto,2022-11,32,399736.87979809305
mixto,Loss Incurred,month,cumulative,Synthetic,Portfolio,Auto,2022-11,33,399062.61452368303
mixto,Loss Incurred,month,cumulative,Synthetic,Portfolio,Auto,2022-11,34,398422.65628781595
mixto,Loss Incurred,month,cumulative,Synthetic,Portfolio,Auto,2022-11,35,397816.4799259439
mixto,Loss Incurred,month,cumulative,Synthetic,Portfolio,Auto,2022-11,36,397243.34440438764
mixto,Loss Incurred,month,cumulative,Synthetic,Portfolio,Auto,2022-11,37,396702.34063309355
mixto,Loss Incurred,month,cumulative,Synthetic,Portfolio,Auto,2022-12,0,266748.3482707999
mixto,Loss Incurred,month,cumulative,Synthetic,Portfolio,Auto,2022-12,1,297272.17940606945
mixto,Loss Incurred,month,cumulative,Synthetic,Portfolio,Auto,2022-12,2,323173.1526550925
mixto,Loss Incurred,month,cumulative,Synthetic,Portfolio,Auto,2022-12,3,345151.40342818893
mixto,Loss Incurred,month,cumulative,Synthetic,Portfolio,Auto,2022-12,4,363801.03108507005
mixto,Loss Incurred,month,cumulative,Synthetic,Portfolio,Auto,2022-12,5,379626.1581768973
mixto,Loss Incurred,month,cumulative,Synthetic,Portfolio,Auto,2022-12,6,393054.5575036841
mixto,Loss Incurred,month,cumulative,Synthetic,Portfolio,Auto,2022-12,7,404449.2153432899
mixto,Loss Incurred,month,cumulative,Synthetic,Portfolio,Auto,2022-12,8,414118.1434204204
mixto,Loss Incurred,month,cumulative,Synthetic,Portfolio,Auto,2022-12,9,422322.7048453168
mixto,Loss Incurred,month,cumulative,Synthetic,Portfolio,Auto,2022-12,10,429284.6790825764
mixto,Loss Incurred,month,cumulative,Synthetic,Portfolio,Auto,2022-12,11,435192.2569249689
mixto,Loss Incurred,month,cumulative,Synthetic,Portfolio,Auto,2022-12,12,440205.1275238213
mixto,Loss Incurred,month,cumulative,Synthetic,Portfolio,Auto,2022-12,13,444458.7949847078
mixto,Loss Incurred,month,cumulative,Synthetic,Portfolio,Auto,2022-12,14,448068.2412113761
mixto,Loss Incurred,month,cumulative,Synthetic,Portfolio,Auto,2022-12,15,451131.0340091223
mixto,Loss Incurred,month,cumulative,Synthetic,Portfolio,Auto,2022-12,16,453729.96446349967
mixto,Loss Incurred,month,cumulative,Synthetic,Portfolio,Auto,2022-12,17,455935.28488597827
mixto,Loss Incurred,month,cumulative,Synthetic,Portfolio,Auto,2022-12,18,457806.6078209994
mixto,Loss Incurred,month,cumulative,Synthetic,Portfolio,Auto,2022-12,19,459394.5174469395
mixto,Loss Incurred,month,cumulative,Synthetic,Portfolio,Auto,2022-12,20,457095.94788561197
mixto,Loss Incurred,month,cumulative,Synthetic,Portfolio,Auto,2022-12,21,454912.08672711486
mixto,Loss Incurred,month,cumulative,Synthetic,Portfolio,Auto,2022-12,22,452845.9689509704
mixto,Loss Incurred,month,cumulative,Synthetic,Portfolio,Auto,2022-12,23,450898.38560443855
mixto,Loss Incurred,month,cumulative,Synthetic,Portfolio,Auto,2022-12,24,449068.3796511709
mixto,Loss Incurred,month,cumulative,Synthetic,Portfolio,Auto,2022-12,25,447353.65308351454
mixto,Loss Incurred,month,cumulative,Synthetic,Portfolio,Auto,2022-12,26,445750.8999301983
mixto,Loss Incurred,month,cumulative,Synthetic,Portfolio,Auto,2022-12,27,444256.0774708848
mixto,Loss Incurred,month,cumulative,Synthetic,Portfolio,Auto,2022-12,28,442864.6260093312
mixto,Loss Incurred,month,cumulative,Synthetic,Portfolio,Auto,2022-12,29,441571.64590229705
mixto,Loss Incurred,month,cumulative,Synthetic,Portfolio,Auto,2022-12,30,440372.0391449056
mixto,Loss Incurred,month,cumulative,Synthetic,Portfolio,Auto,2022-12,31,439260.6216351575
mixto,Loss Incurred,month,cumulative,Synthetic,Portfolio,Auto,2022-12,32,438232.21124702087
mixto,Loss Incurred,month,cumulative,Synthetic,Portfolio,Auto,2022-12,33,437281.6960044429
mixto,Loss Incurred,month,cumulative,Synthetic,Portfolio,Auto,2022-12,34,436404.0859436006
mixto,Loss Incurred,month,cumulative,Synthetic,Portfolio,Auto,2022-12,35,435594.5516572506
mixto,Loss Incurred,month,cumulative,Synthetic,Portfolio,Auto,2022-12,36,434848.4520158559
mixto,Loss Incurred,month,cumulative,Synthetic,Portfolio,Auto,2023-01,0,252987.7738736207
mixto,Loss Incurred,month,cumulative,Synthetic,Portfolio,Auto,2023-01,1,280485.32351729786
mixto,Loss Incurred,month,cumulative,Synthetic,Portfolio,Auto,2023-01,2,304034.6013401354
mixto,Loss Incurred,month,cumulative,Synthetic,Portfolio,Auto,2023-01,3,324202.5251429279
mixto,Loss Incurred,month,cumulative,Synthetic,Portfolio,Auto,2023-01,4,341474.61108862906
mixto,Loss Incurred,month,cumulative,Synthetic,Portfolio,Auto,2023-01,5,356266.6618635523
mixto,Loss Incurred,month,cumulative,Synthetic,Portfolio,Auto,2023-01,6,368934.77657857677
mixto,Loss Incurred,month,cumulative,Synthetic,Portfolio,Auto,2023-01,7,379783.92338552827
mixto,Loss Incurred,month,cumulative,Synthetic,Portfolio,Auto,2023-01,8,389075.28118316375
mixto,Loss Incurred,month,cumulative,Synthetic,Portfolio,Auto,2023-01,9,397032.5271546505
mixto,Loss Incurred,month,cumulative,Synthetic,Portfolio,Auto,2023-01,10,403847.22150070773
mixto,Loss Incurred,month,cumulative,Synthetic,Portfolio,Auto,2023-01,11,409683.4189987608
mixto,Loss Incurred,month,cumulative,Synthetic,Portfolio,Auto,2023-01,12,414681.6184053107
mixto,Loss Incurred,month,cumulative,Synthetic,Portfolio,Auto,2023-01,13,418962.14477817056
mixto,Loss Incurred,month,cumulative,Synthetic,Portfolio,Auto,2023-01,14,422628.0461435179
mixto,Loss Incurred,month,cumulative,Synthetic,Portfolio,Auto,2023-01,15,425767.5742411981
mixto,Loss Incurred,month,cumulative,Synthetic,Portfolio,Auto,2023-01,16,428456.3090689531
mixto,Loss Incurred,month,cumulative,Synthetic,Portfolio,Auto,2023-01,17,430758.9783711722
mixto,Loss Incurred,month,cumulative,Synthetic,Portfolio,Auto,2023-01,18,432731.0158739591
mixto,Loss Incurred,month,cumulative,Synthetic,Portfolio,Auto,2023-01,19,430283.18525887316
mixto,Loss Incurred,month,cumulative,Synthetic,Portfolio,Auto,2023-01,20,427950.2678155552
mixto,Loss Incurred,month,cumulative,Synthetic,Portfolio,Auto,2023-01,21,425736.2026066182
mixto,Loss Incurred,month,cumulative,Synthetic,Portfolio,Auto,2023-01,22,423642.59716069663
mixto,Loss Incurred,month,cumulative,Synthetic,Portfolio,Auto,2023-01,23,421669.21482651174
mixto,Loss Incurred,month,cumulative,Synthetic,Portfolio,Auto,2023-01,24,419814.37896679837
mixto,Loss Incurred,month,cumulative,Synthetic,Portfolio,Auto,2023-01,25,418075.3070717449
mixto,Loss Incurred,month,cumulative,Synthetic,Portfolio,Auto,2023-01,26,416448.38589513197
mixto,Loss Incurred,month,cumulative,Synthetic,Portfolio,Auto,2023-01,27,414929.39703218156
mixto,Loss Incurred,month,cumulative,Synthetic,Portfolio,Auto,2023-01,28,413513.7009235492
mixto,Loss Incurred,month,cumulative,Synthetic,Portfolio,Auto,2023-01,29,412196.38604839303
mixto,Loss Incurred,month,cumulative,Synthetic,Portfolio,Auto,2023-01,30,410972.38902983203
mixto,Loss Incurred,month,cumulative,Synthetic,Portfolio,Auto,2023-01,31,409836.59049168054
mixto,Loss Incurred,month,cumulative,Synthetic,Portfolio,Auto,2023-01,32,408783.89075332385
mixto,Loss Incurred,month,cumulative,Synthetic,Portfolio,Auto,2023-01,33,407809.2688105048
mixto,Loss Incurred,month,cumulative,Synthetic,Portfolio,Auto,2023-01,34,406907.8275069752
mixto,Loss Incurred,month,cumulative,Synthetic,Portfolio,Auto,2023-01,35,406074.82734121755
mixto,Loss Incurred,month,cumulative,Synthetic,Portfolio,Auto,2023-02,0,299868.6644335203
mixto,Loss Incurred,month,cumulative,Synthetic,Portfolio,Auto,2023-02,1,332522.9687615795
mixto,Loss Incurred,month,cumulative,Synthetic,Portfolio,Auto,2023-02,2,360692.87727539823
mixto,Loss Incurred,month,cumulative,Synthetic,Portfolio,Auto,2023-02,3,384994.2293331433
mixto,Loss Incurred,month,cumulative,Synthetic,Portfolio,Auto,2023-02,4,405958.2914473234
mixto,Loss Incurred,month,cumulative,Synthetic,Portfolio,Auto,2023-02,5,424043.3716224052
mixto,Loss Incurred,month,cumulative,Synthetic,Portfolio,Auto,2023-02,6,439644.8387024852
mixto,Loss Incurred,month,cumulative,Synthetic,Portfolio,Auto,2023-02,7,453103.76576802245
mixto,Loss Incurred,month,cumulative,Synthetic,Portfolio,Auto,2023-02,8,464714.3865401379
mixto,Loss Incurred,month,cumulative,Synthetic,Portfolio,Auto,2023-02,9,474730.5278014322
mixto,Loss Incurred,month,cumulative,Synthetic,Portfolio,Auto,2023-02,10,483371.15845635306
mixto,Loss Incurred,month,cumulative,Synthetic,Portfolio,Auto,2023-02,11,490825.1765424669
mixto,Loss Incurred,month,cumulative,Synthetic,Portfolio,Auto,2023-02,12,497255.53884437477
mixto,Loss Incurred,month,cumulative,Synthetic,Portfolio,Auto,2023-02,13,502802.8233902531
mixto,Loss Incurred,month,cumulative,Synthetic,Portfolio,Auto,2023-02,14,507588.30271290516
mixto,Loss Incurred,month,cumulative,Synthetic,Portfolio,Auto,2023-02,15,511716.5950617347
mixto,Loss Incurred,month,cumulative,Synthetic,Portfolio,Auto,2023-02,16,515277.9515253877
mixto,Loss Incurred,month,cumulative,Synthetic,Portfolio,Auto,2023-02,17,518350.2290652279
mixto,Loss Incurred,month,cumulative,Synthetic,Portfolio,Auto,2023-02,18,514973.1794992738
mixto,Loss Incurred,month,cumulative,Synthetic,Portfolio,Auto,2023-02,19,511781.67652170744
mixto,Loss Incurred,month,cumulative,Synthetic,Portfolio,Auto,2023-02,20,508775.60460063844
mixto,Loss Incurred,month,cumulative,Synthetic,Portfolio,Auto,2023-02,21,505952.5514996856
mixto,Loss Incurred,month,cumulative,Synthetic,Portfolio,Auto,2023-02,22,503308.3345201161
mixto,Loss Incurred,month,cumulative,Synthetic,Portfolio,Auto,2023-02,23,500837.43525244517
mixto,Loss Incurred,month,cumulative,Synthetic,Portfolio,Auto,2023-02,24,498533.3571543128
mixto,Loss Incurred,month,cumulative,Synthetic,Portfolio,Auto,2023-02,25,496388.91814555245
mixto,Loss Incurred,month,cumulative,Synthetic,Portfolio,Auto,2023-02,26,494396.48859199986
mixto,Loss Incurred,month,cumulative,Synthetic,Portfolio,Auto,2023-02,27,492548.1834932939
mixto,Loss Incurred,month,cumulative,Synthetic,Portfolio,Auto,2023-02,28,490836.01635939855
mixto,Loss Incurred,month,cumulative,Synthetic,Portfolio,Auto,2023-02,29,489252.021123696
mixto,Loss Incurred,month,cumulative,Synthetic,Portfolio,Auto,2023-02,30,487788.34746969305
mixto,Loss Incurred,month,cumulative,Synthetic,Portfolio,Auto,2023-02,31,486437.3341199223
mixto,Loss Incurred,month,cumulative,Synthetic,Portfolio,Auto,2023-02,32,485191.56392914295
mixto,Loss Incurred,month,cumulative,Synthetic,Portfolio,Auto,2023-02,33,484043.90402194724
mixto,Loss Incurred,month,cumulative,Synthetic,Portfolio,Auto,2023-02,34,482987.5337023325
mixto,Loss Incurred,month,cumulative,Synthetic,Portfolio,Auto,2023-03,0,303137.3122143093
mixto,Loss Incurred,month,cumulative,Synthetic,Portfolio,Auto,2023-03,1,337531.0541199264
mixto,Loss Incurred,month,cumulative,Synthetic,Portfolio,Auto,2023-03,2,367671.10658482544
mixto,Loss Incurred,month,cumulative,Synthetic,Portfolio,Auto,2023-03,3,394083.5500194405
mixto,Loss Incurred,month,cumulative,Synthetic,Portfolio,Auto,2023-03,4,417229.40117544576
mixto,Loss Incurred,month,cumulative,Synthetic,Portfolio,Auto,2023-03,5,437512.6599758733
mixto,Loss Incurred,month,cumulative,Synthetic,Portfolio,Auto,2023-03,6,455287.36114336003
mixto,Loss Incurred,month,cumulative,Synthetic,Portfolio,Auto,2023-03,7,470863.75370937085
mixto,Loss Incurred,month,cumulative,Synthetic,Portfolio,Auto,2023-03,8,484513.7162648192
mixto,Loss Incurred,month,cumulative,Synthetic,Portfolio,Auto,2023-03,9,496475.5024727319
mixto,Loss Incurred,month,cumulative,Synthetic,Portfolio,Auto,2023-03,10,506957.8996736458
mixto,Loss Incurred,month,cumulative,Synthetic,Portfolio,Auto,2023-03,11,516143.87317023275
mixto,Loss Incurred,month,cumulative,Synthetic,Portfolio,Auto,2023-03,12,524193.75980042486
mixto,Loss Incurred,month,cumulative,Synthetic,Portfolio,Auto,2023-03,13,531248.0665413513
mixto,Loss Incurred,month,cumulative,Synthetic,Portfolio,Auto,2023-03,14,537429.922992402
mixto,Loss Incurred,month,cumulative,Synthetic,Portfolio,Auto,2023-03,15,542847.2305443527
mixto,Loss Incurred,month,cumulative,Synthetic,Portfolio,Auto,2023-03,16,547594.5457472856
mixto,Loss Incurred,month,cumulative,Synthetic,Portfolio,Auto,2023-03,17,551754.7307506056
mixto,Loss Incurred,month,cumulative,Synthetic,Portfolio,Auto,2023-03,18,555400.3996228047
mixto,Loss Incurred,month,cumulative,Synthetic,Portfolio,Auto,2023-03,19,552785.1526590099
mixto,Loss Incurred,month,cumulative,Synthetic,Portfolio,Auto,2023-03,20,550306.5858842068
mixto,Loss Incurred,month,cumulative,Synthetic,Portfolio,Auto,2023-03,21,547964.8899195137
mixto,Loss Incurred,month,cumulative,Synthetic,Portfolio,Auto,2023-03,22,545758.6671105891
mixto,Loss Incurred,month,cumulative,Synthetic,Portfolio,Auto,2023-03,23,543685.271178512
mixto,Loss Incurred,month,cumulative,Synthetic,Portfolio,Auto,2023-03,24,541741.0917549101
mixto,Loss Incurred,month,cumulative,Synthetic,Portfolio,Auto,2023-03,25,539921.7918177297
mixto,Loss Incurred,month,cumulative,Synthetic,Portfolio,Auto,2023-03,26,538222.5049427736
mixto,Loss Incurred,month,cumulative,Synthetic,Portfolio,Auto,2023-03,27,536637.9983311272
mixto,Loss Incurred,month,cumulative,Synthetic,Portfolio,Auto,2023-03,28,535162.8067448213
mixto,Loss Incurred,month,cumulative,Synthetic,Portfolio,Auto,2023-03,29,533791.3417659875
mixto,Loss Incurred,month,cumulative,Synthetic,Portfolio,Auto,2023-03,30,532517.9801738932
mixto,Loss Incurred,month,cumulative,Synthetic,Portfolio,Auto,2023-03,31,531337.1346970014
mixto,Loss Incurred,month,cumulative,Synthetic,Portfolio,Auto,2023-03,32,530243.3099326377
mixto,Loss Incurred,month,cumulative,Synthetic,Portfolio,Auto,2023-03,33,529231.1458253702
mixto,Loss Incurred,month,cumulative,Synthetic,Portfolio,Auto,2023-04,0,307505.7918689471
mixto,Loss Incurred,month,cumulative,Synthetic,Portfolio,Auto,2023-04,1,346700.68182348035
mixto,Loss Incurred,month,cumulative,Synthetic,Portfolio,Auto,2023-04,2,380062.2555582165
mixto,Loss Incurred,month,cumulative,Synthetic,Portfolio,Auto,2023-04,3,408458.676707742
mixto,Loss Incurred,month,cumulative,Synthetic,Portfolio,Auto,2023-04,4,432628.9014253379
mixto,Loss Incurred,month,cumulative,Synthetic,Portfolio,Auto,2023-04,5,453201.90813709557
mixto,Loss Incurred,month,cumulative,Synthetic,Portfolio,Auto,2023-04,6,470713.06536079745
mixto,Loss Incurred,month,cumulative,Synthetic,Portfolio,Auto,2023-04,7,485618.0635270576
mixto,Loss Incurred,month,cumulative,Synthetic,Portfolio,Auto,2023-04,8,498304.77334858314
mixto,Loss Incurred,month,cumulative,Synthetic,Portfolio,Auto,2023-04,9,509103.3393262655
mixto,Loss Incurred,month,cumulative,Synthetic,Portfolio,Auto,2023-04,10,518294.77105401794
mixto,Loss Incurred,month,cumulative,Synthetic,Portfolio,Auto,2023-04,11,526118.2558927026
mixto,Loss Incurred,month,cumulative,Synthetic,Portfolio,Auto,2023-04,12,532777.3833098515
mixto,Loss Incurred,month,cumulative,Synthetic,Portfolio,Auto,2023-04,13,538445.4428603166
mixto,Loss Incurred,month,cumulative,Synthetic,Portfolio,Auto,2023-04,14,543269.933676468
mixto,Loss Incurred,month,cumulative,Synthetic,Portfolio,Auto,2023-04,15,547376.4028177847
mixto,Loss Incurred,month,cumulative,Synthetic,Portfolio,Auto,2023-04,16,550871.7123646764
mixto,Loss Incurred,month,cumulative,Synthetic,Portfolio,Auto,2023-04,17,553846.8202756727
mixto,Loss Incurred,month,cumulative,Synthetic,Portfolio,Auto,2023-04,18,556379.1473738388
mixto,Loss Incurred,month,cumulative,Synthetic,Portfolio,Auto,2023-04,19,553662.9231474798
mixto,Loss Incurred,month,cumulative,Synthetic,Portfolio,Auto,2023-04,20,550980.804495066
mixto,Loss Incurred,month,cumulative,Synthetic,Portfolio,Auto,2023-04,21,548354.6803708349
mixto,Loss Incurred,month,cumulative,Synthetic,Portfolio,Auto,2023-04,22,545801.2176625723
mixto,Loss Incurred,month,cumulative,Synthetic,Portfolio,Auto,2023-04,23,543332.7814863804
mixto,Loss Incurred,month,cumulative,Synthetic,Portfolio,Auto,2023-04,24,540958.2080904654
mixto,Loss Incurred,month,cumulative,Synthetic,Portfolio,Auto,2023-04,25,538683.4530633641
mixto,Loss Incurred,month,cumulative,Synthetic,Portfolio,Auto,2023-04,26,536512.1341089859
mixto,Loss Incurred,month,cumulative,Synthetic,Portfolio,Auto,2023-04,27,534445.9847327538
mixto,Loss Incurred,month,cumulative,Synthetic,Portfolio,Auto,2023-04,28,532485.2327030835
mixto,Loss Incurred,month,cumulative,Synthetic,Portfolio,Auto,2023-04,29,530628.9150449435
mixto,Loss Incurred,month,cumulative,Synthetic,Portfolio,Auto,2023-04,30,528875.139531629
mixto,Loss Incurred,month,cumulative,Synthetic,Portfolio,Auto,2023-04,31,527221.3011197267
mixto,Loss Incurred,month,cumulative,Synthetic,Portfolio,Auto,2023-04,32,525664.2604802586
mixto,Loss Incurred,month,cumulative,Synthetic,Portfolio,Auto,2023-05,0,298386.64352742437
mixto,Loss Incurred,month,cumulative,Synthetic,Portfolio,Auto,2023-05,1,330086.139229917
mixto,Loss Incurred,month,cumulative,Synthetic,Portfolio,Auto,2023-05,2,357528.7651980306
mixto,Loss Incurred,month,cumulative,Synthetic,Portfolio,Auto,2023-05,3,381286.16900955455
mixto,Loss Incurred,month,cumulative,Synthetic,Portfolio,Auto,2023-05,4,401853.23269069137
mixto,Loss Incurred,month,cumulative,Synthetic,Portfolio,Auto,2023-05,5,419658.3814274719
mixto,Loss Incurred,month,cumulative,Synthetic,Portfolio,Auto,2023-05,6,435072.5079383764
mixto,Loss Incurred,month,cumulative,Synthetic,Portfolio,Auto,2023-05,7,448416.698408595
mixto,Loss Incurred,month,cumulative,Synthetic,Portfolio,Auto,2023-05,8,459968.9209221122
mixto,Loss Incurred,month,cumulative,Synthetic,Portfolio,Auto,2023-05,9,469969.81571596675
mixto,Loss Incurred,month,cumulative,Synthetic,Portfolio,Auto,2023-05,10,478627.70787141274
mixto,Loss Incurred,month,cumulative,Synthetic,Portfolio,Auto,2023-05,11,486122.9468595677
mixto,Loss Incurred,month,cumulative,Synthetic,Portfolio,Auto,2023-05,12,492611.66333707876
mixto,Loss Incurred,month,cumulative,Synthetic,Portfolio,Auto,2023-05,13,498229.0214482828
mixto,Loss Incurred,month,cumulative,Synthetic,Portfolio,Auto,2023-05,14,503092.03438140644
mixto,Loss Incurred,month,cumulative,Synthetic,Portfolio,Auto,2023-05,15,507302.0018286589
mixto,Loss Incurred,month,cumulative,Synthetic,Portfolio,Auto,2023-05,16,510946.62012407865
mixto,Loss Incurred,month,cumulative,Synthetic,Portfolio,Auto,2023-05,17,514101.8090146667
mixto,Loss Incurred,month,cumulative,Synthetic,Portfolio,Auto,2023-05,18,516833.29311762506
mixto,Loss Incurred,month,cumulative,Synthetic,Portfolio,Auto,2023-05,19,514472.3157014779
mixto,Loss Incurred,month,cumulative,Synthetic,Portfolio,Auto,2023-05,20,512246.543046761
mixto,Loss Incurred,month,cumulative,Synthetic,Portfolio,Auto,2023-05,21,510155.24102597864
mixto,Loss Incurred,month,cumulative,Synthetic,Portfolio,Auto,2023-05,22,508196.10491098324
mixto,Loss Incurred,month,cumulative,Synthetic,Portfolio,Auto,2023-05,23,506365.6302066565
mixto,Loss Incurred,month,cumulative,Synthetic,Portfolio,Auto,2023-05,24,504659.41836440604
mixto,Loss Incurred,month,cumulative,Synthetic,Portfolio,Auto,2023-05,25,503072.427588273
mixto,Loss Incurred,month,cumulative,Synthetic,Portfolio,Auto,2023-05,26,501599.1774343542
mixto,Loss Incurred,month,cumulative,Synthetic,Portfolio,Auto,2023-05,27,500233.9146086716
mixto,Loss Incurred,month,cumulative,Synthetic,Portfolio,Auto,2023-05,28,498970.746259226
mixto,Loss Incurred,month,cumulative,Synthetic,Portfolio,Auto,2023-05,29,497803.74610855326
mixto,Loss Incurred,month,cumulative,Synthetic,Portfolio,Auto,2023-05,30,496727.03796116175
mixto,Loss Incurred,month,cumulative,Synthetic,Portfolio,Auto,2023-05,31,495734.86042630847
mixto,Loss Incurred,month,cumulative,Synthetic,Portfolio,Auto,2023-06,0,263702.2629371667
mixto,Loss Incurred,month,cumulative,Synthetic,Portfolio,Auto,2023-06,1,292596.0298809067
mixto,Loss Incurred,month,cumulative,Synthetic,Portfolio,Auto,2023-06,2,317417.41718705825
mixto,Loss Incurred,month,cumulative,Synthetic,Portfolio,Auto,2023-06,3,338740.3990260692
mixto,Loss Incurred,month,cumulative,Synthetic,Portfolio,Auto,2023-06,4,357058.051818752
mixto,Loss Incurred,month,cumulative,Synthetic,Portfolio,Auto,2023-06,5,372793.9562230512
mixto,Loss Incurred,month,cumulative,Synthetic,Portfolio,Auto,2023-06,6,386311.9920884407
mixto,Loss Incurred,month,cumulative,Synthetic,Portfolio,Auto,2023-06,7,397924.75287821994
mixto,Loss Incurred,month,cumulative,Synthetic,Portfolio,Auto,2023-06,8,407900.7741363013
mixto,Loss Incurred,month,cumulative,Synthetic,Portfolio,Auto,2023-06,9,416470.74315084296
mixto,Loss Incurred,month,cumulative,Synthetic,Portfolio,Auto,2023-06,10,423832.8334080894
mixto,Loss Incurred,month,cumulative,Synthetic,Portfolio,Auto,2023-06,11,430157.2871912798
mixto,Loss Incurred,month,cumulative,Synthetic,Portfolio,Auto,2023-06,12,435590.3522934553
mixto,Loss Incurred,month,cumulative,Synthetic,Portfolio,Auto,2023-06,13,440257.663877411
mixto,Loss Incurred,month,cumulative,Synthetic,Portfolio,Auto,2023-06,14,444267.149685524
mixto,Loss Incurred,month,cumulative,Synthetic,Portfolio,Auto,2023-06,15,447711.5257800454
mixto,Loss Incurred,month,cumulative,Synthetic,Portfolio,Auto,2023-06,16,450670.44052579795
mixto,Loss Incurred,month,cumulative,Synthetic,Portfolio,Auto,2023-06,17,453212.31639311597
mixto,Loss Incurred,month,cumulative,Synthetic,Portfolio,Auto,2023-06,18,455395.9321712079
mixto,Loss Incurred,month,cumulative,Synthetic,Portfolio,Auto,2023-06,19,453674.5435009139
mixto,Loss Incurred,month,cumulative,Synthetic,Portfolio,Auto,2023-06,20,451992.1756223224
mixto,Loss Incurred,month,cumulative,Synthetic,Portfolio,Auto,2023-06,21,450360.50122648344
mixto,Loss Incurred,month,cumulative,Synthetic,Portfolio,Auto,2023-06,22,448788.09941169474
mixto,Loss Incurred,month,cumulative,Synthetic,Portfolio,Auto,2023-06,23,447281.013870161
mixto,Loss Incurred,month,cumulative,Synthetic,Portfolio,Auto,2023-06,24,445843.2220979696
mixto,Loss Incurred,month,cumulative,Synthetic,Portfolio,Auto,2023-06,25,444477.0290381367
mixto,Loss Incurred,month,cumulative,Synthetic,Portfolio,Auto,2023-06,26,443183.3966031616
mixto,Loss Incurred,month,cumulative,Synthetic,Portfolio,Auto,2023-06,27,441962.2188431079
mixto,Loss Incurred,month,cumulative,Synthetic,Portfolio,Auto,2023-06,28,440812.55108731694
mixto,Loss Incurred,month,cumulative,Synthetic,Portfolio,Auto,2023-06,29,439732.8001577906
mixto,Loss Incurred,month,cumulative,Synthetic,Portfolio,Auto,2023-06,30,438720.88170033676
mixto,Loss Incurred,month,cumulative,Synthetic,Portfolio,Auto,2023-07,0,340840.0497700425
mixto,Loss Incurred,month,cumulative,Synthetic,Portfolio,Auto,2023-07,1,389780.81524131465
mixto,Loss Incurred,month,cumulative,Synthetic,Portfolio,Auto,2023-07,2,431024.69690830837
mixto,Loss Incurred,month,cumulative,Synthetic,Portfolio,Auto,2023-07,3,465782.17890886037
mixto,Loss Incurred,month,cumulative,Synthetic,Portfolio,Auto,2023-07,4,495073.37329189276
mixto,Loss Incurred,month,cumulative,Synthetic,Portfolio,Auto,2023-07,5,519757.9597176574
mixto,Loss Incurred,month,cumulative,Synthetic,Portfolio,Auto,2023-07,6,540560.4165599094
mixto,Loss Incurred,month,cumulative,Synthetic,Portfolio,Auto,2023-07,7,558091.2839283042
mixto,Loss Incurred,month,cumulative,Synthetic,Portfolio,Auto,2023-07,8,572865.0826684618
mixto,Loss Incurred,month,cumulative,Synthetic,Portfolio,Auto,2023-07,9,585315.4152520157
mixto,Loss Incurred,month,cumulative,Synthetic,Portfolio,Auto,2023-07,10,595807.6917590562
mixto,Loss Incurred,month,cumulative,Synthetic,Portfolio,Auto,2023-07,11,604649.8544532171
mixto,Loss Incurred,month,cumulative,Synthetic,Portfolio,Auto,2023-07,12,612101.4157094941
mixto,Loss Incurred,month,cumulative,Synthetic,Portfolio,Auto,2023-07,13,618381.0745527676
mixto,Loss Incurred,month,cumulative,Synthetic,Portfolio,Auto,2023-07,14,623673.1353480385
mixto,Loss Incurred,month,cumulative,Synthetic,Portfolio,Auto,2023-07,15,628132.917027236
mixto,Loss Incurred,month,cumulative,Synthetic,Portfolio,Auto,2023-07,16,631891.311610284
mixto,Loss Incurred,month,cumulative,Synthetic,Portfolio,Auto,2023-07,17,635058.6258103877
mixto,Loss Incurred,month,cumulative,Synthetic,Portfolio,Auto,2023-07,18,637727.8184724423
mixto,Loss Incurred,month,cumulative,Synthetic,Portfolio,Auto,2023-07,19,635063.834711282
mixto,Loss Incurred,month,cumulative,Synthetic,Portfolio,Auto,2023-07,20,632396.1449044077
mixto,Loss Incurred,month,cumulative,Synthetic,Portfolio,Auto,2023-07,21,629755.4451811728
mixto,Loss Incurred,month,cumulative,Synthetic,Portfolio,Auto,2023-07,22,627165.4586732469
mixto,Loss Incurred,month,cumulative,Synthetic,Portfolio,Auto,2023-07,23,624644.185006373
mixto,Loss Incurred,month,cumulative,Synthetic,Portfolio,Auto,2023-07,24,622204.9423952599
mixto,Loss Incurred,month,cumulative,Synthetic,Portfolio,Auto,2023-07,25,619857.2357346523
mixto,Loss Incurred,month,cumulative,Synthetic,Portfolio,Auto,2023-07,26,617607.4787726462
mixto,Loss Incurred,month,cumulative,Synthetic,Portfolio,Auto,2023-07,27,615459.5939838939
mixto,Loss Incurred,month,cumulative,Synthetic,Portfolio,Auto,2023-07,28,613415.5099983352
mixto,Loss Incurred,month,cumulative,Synthetic,Portfolio,Auto,2023-07,29,611475.5732741194
mixto,Loss Incurred,month,cumulative,Synthetic,Portfolio,Auto,2023-08,0,270516.40877867927
mixto,Loss Incurred,month,cumulative,Synthetic,Portfolio,Auto,2023-08,1,300717.88910056406
mixto,Loss Incurred,month,cumulative,Synthetic,Portfolio,Auto,2023-08,2,326769.89079351426
mixto,Loss Incurred,month,cumulative,Synthetic,Portfolio,Auto,2023-08,3,349242.5240875078
mixto,Loss Incurred,month,cumulative,Synthetic,Portfolio,Auto,2023-08,4,368627.56993229483
mixto,Loss Incurred,month,cumulative,Synthetic,Portfolio,Auto,2023-08,5,385349.24190942495
mixto,Loss Incurred,month,cumulative,Synthetic,Portfolio,Auto,2023-08,6,399773.46953052864
mixto,Loss Incurred,month,cumulative,Synthetic,Portfolio,Auto,2023-08,7,412215.9060733559
mixto,Loss Incurred,month,cumulative,Synthetic,Portfolio,Auto,2023-08,8,422948.83619543567
mixto,Loss Incurred,month,cumulative,Synthetic,Portfolio,Auto,2023-08,9,432207.1344884542
mixto,Loss Incurred,month,cumulative,Synthetic,Portfolio,Auto,2023-08,10,440193.4053676594
mixto,Loss Incurred,month,cumulative,Synthetic,Portfolio,Auto,2023-08,11,447082.41677531047
mixto,Loss Incurred,month,cumulative,Synthetic,Portfolio,Auto,2023-08,12,453024.92472333397
mixto,Loss Incurred,month,cumulative,Synthetic,Portfolio,Auto,2023-08,13,458150.97236975015
mixto,Loss Incurred,month,cumulative,Synthetic,Portfolio,Auto,2023-08,14,462572.7358243649
mixto,Loss Incurred,month,cumulative,Synthetic,Portfolio,Auto,2023-08,15,466386.9789600556
mixto,Loss Incurred,month,cumulative,Synthetic,Portfolio,Auto,2023-08,16,469677.1709496295
mixto,Loss Incurred,month,cumulative,Synthetic,Portfolio,Auto,2023-08,17,472515.3128674744
mixto,Loss Incurred,month,cumulative,Synthetic,Portfolio,Auto,2023-08,18,470224.6131529328
mixto,Loss Incurred,month,cumulative,Synthetic,Portfolio,Auto,2023-08,19,468011.3989801656
mixto,Loss Incurred,month,cumulative,Synthetic,Portfolio,Auto,2023-08,20,465885.74280046835
mixto,Loss Incurred,month,cumulative,Synthetic,Portfolio,Auto,2023-08,21,463854.52382185974
mixto,Loss Incurred,month,cumulative,Synthetic,Portfolio,Auto,2023-08,22,461922.02475153125
mixto,Loss Incurred,month,cumulative,Synthetic,Portfolio,Auto,2023-08,23,460090.4327505858
mixto,Loss Incurred,month,cumulative,Synthetic,Portfolio,Auto,2023-08,24,458360.258966749
mixto,Loss Incurred,month,cumulative,Synthetic,Portfolio,Auto,2023-08,25,456730.68893175723
mixto,Loss Incurred,month,cumulative,Synthetic,Portfolio,Auto,2023-08,26,455199.8743259553
mixto,Loss Incurred,month,cumulative,Synthetic,Portfolio,Auto,2023-08,27,453765.17508200236
mixto,Loss Incurred,month,cumulative,Synthetic,Portfolio,Auto,2023-08,28,452423.3594868975
mixto,Loss Incurred,month,cumulative,Synthetic,Portfolio,Auto,2023-09,0,271141.14239822567
mixto,Loss Incurred,month,cumulative,Synthetic,Portfolio,Auto,2023-09,1,303458.63202448783
mixto,Loss Incurred,month,cumulative,Synthetic,Portfolio,Auto,2023-09,2,331354.44945651386
mixto,Loss Incurred,month,cumulative,Synthetic,Portfolio,Auto,2023-09,3,355433.5669622424
mixto,Loss Incurred,month,cumulative,Synthetic,Portfolio,Auto,2023-09,4,376218.18463001616
mixto,Loss Incurred,month,cumulative,Synthetic,Portfolio,Auto,2023-09,5,394159.05524094123
mixto,Loss Incurred,month,cumulative,Synthetic,Portfolio,Auto,2023-09,6,409645.25967456977
mixto,Loss Incurred,month,cumulative,Synthetic,Portfolio,Auto,2023-09,7,423012.6448456159
mixto,Loss Incurred,month,cumulative,Synthetic,Portfolio,Auto,2023-09,8,434551.1071639283
mixto,Loss Incurred,month,cumulative,Synthetic,Portfolio,Auto,2023-09,9,444510.87947298744
mixto,Loss Incurred,month,cumulative,Synthetic,Portfolio,Auto,2023-09,10,453107.957810789
mixto,Loss Incurred,month,cumulative,Synthetic,Portfolio,Auto,2023-09,11,460528.78568243317
mixto,Loss Incurred,month,cumulative,Synthetic,Portfolio,Auto,2023-09,12,466934.2974315157
mixto,Loss Incurred,month,cumulative,Synthetic,Portfolio,Auto,2023-09,13,472463.4083982876
mixto,Loss Incurred,month,cumulative,Synthetic,Portfolio,Auto,2023-09,14,477236.0275551031
mixto,Loss Incurred,month,cumulative,Synthetic,Portfolio,Auto,2023-09,15,481355.65795371315
mixto,Loss Incurred,month,cumulative,Synthetic,Portfolio,Auto,2023-09,16,484911.64137990295
mixto,Loss Incurred,month,cumulative,Synthetic,Portfolio,Auto,2023-09,17,487981.09589494957
mixto,Loss Incurred,month,cumulative,Synthetic,Portfolio,Auto,2023-09,18,485570.71512470616
mixto,Loss Incurred,month,cumulative,Synthetic,Portfolio,Auto,2023-09,19,483267.2084996088
mixto,Loss Incurred,month,cumulative,Synthetic,Portfolio,Auto,2023-09,20,481076.63201832015
mixto,Loss Incurred,month,cumulative,Synthetic,Portfolio,Auto,2023-09,21,479002.29486640193
mixto,Loss Incurred,month,cumulative,Synthetic,Portfolio,Auto,2023-09,22,477045.31317880587
mixto,Loss Incurred,month,cumulative,Synthetic,Portfolio,Auto,2023-09,23,475205.07152978104
mixto,Loss Incurred,month,cumulative,Synthetic,Portfolio,Auto,2023-09,24,473479.60630617256
mixto,Loss Incurred,month,cumulative,Synthetic,Portfolio,Auto,2023-09,25,471865.923041219
mixto,Loss Incurred,month,cumulative,Synthetic,Portfolio,Auto,2023-09,26,470360.2580047029
mixto,Loss Incurred,month,cumulative,Synthetic,Portfolio,Auto,2023-09,27,468958.2928197114
mixto,Loss Incurred,month,cumulative,Synthetic,Portfolio,Auto,2023-10,0,272070.068377322
mixto,Loss Incurred,month,cumulative,Synthetic,Portfolio,Auto,2023-10,1,302060.52340661606
mixto,Loss Incurred,month,cumulative,Synthetic,Portfolio,Auto,2023-10,2,327798.09392259497
mixto,Loss Incurred,month,cumulative,Synthetic,Portfolio,Auto,2023-10,3,349885.87269814033
mixto,Loss Incurred,month,cumulative,Synthetic,Portfolio,Auto,2023-10,4,368841.4291650781
mixto,Loss Incurred,month,cumulative,Synthetic,Portfolio,Auto,2023-10,5,385108.9373026136
mixto,Loss Incurred,month,cumulative,Synthetic,Portfolio,Auto,2023-10,6,399069.58369494457
mixto,Loss Incurred,month,cumulative,Synthetic,Portfolio,Auto,2023-10,7,411050.49964371225
mixto,Loss Incurred,month,cumulative,Synthetic,Portfolio,Auto,2023-10,8,421332.42663602444
mixto,Loss Incurred,month,cumulative,Synthetic,Portfolio,Auto,2023-10,9,430156.29478828463
mixto,Loss Incurred,month,cumulative,Synthetic,Portfolio,Auto,2023-10,10,437728.8684144824
mixto,Loss Incurred,month,cumulative,Synthetic,Portfolio,Auto,2023-10,11,444227.5910080986
mixto,Loss Incurred,month,cumulative,Synthetic,Portfolio,Auto,2023-10,12,449804.7431671307
mixto,Loss Incurred,month,cumulative,Synthetic,Portfolio,Auto,2023-10,13,454591.01089235285
mixto,Loss Incurred,month,cumulative,Synthetic,Portfolio,Auto,2023-10,14,458698.5478725664
mixto,Loss Incurred,month,cumulative,Synthetic,Portfolio,Auto,2023-10,15,462223.60351350193
mixto,Loss Incurred,month,cumulative,Synthetic,Portfolio,Auto,2023-10,16,465248.77829136746
mixto,Loss Incurred,month,cumulative,Synthetic,Portfolio,Auto,2023-10,17,467844.9592793659
mixto,Loss Incurred,month,cumulative,Synthetic,Portfolio,Auto,2023-10,18,465997.21987883974
mixto,Loss Incurred,month,cumulative,Synthetic,Portfolio,Auto,2023-10,19,464156.677106879
mixto,Loss Incurred,month,cumulative,Synthetic,Portfolio,Auto,2023-10,20,462342.51448889077
mixto,Loss Incurred,month,cumulative,Synthetic,Portfolio,Auto,2023-10,21,460569.59328953834
mixto,Loss Incurred,month,cumulative,Synthetic,Portfolio,Auto,2023-10,22,458849.19244946097
mixto,Loss Incurred,month,cumulative,Synthetic,Portfolio,Auto,2023-10,23,457189.63352340175
mixto,Loss Incurred,month,cumulative,Synthetic,Portfolio,Auto,2023-10,24,455596.8077258364
mixto,Loss Incurred,month,cumulative,Synthetic,Portfolio,Auto,2023-10,25,454074.6197011135
mixto,Loss Incurred,month,cumulative,Synthetic,Portfolio,Auto,2023-10,26,452625.3605040299
mixto,Loss Incurred,month,cumulative,Synthetic,Portfolio,Auto,2023-11,0,265403.8060635254
mixto,Loss Incurred,month,cumulative,Synthetic,Portfolio,Auto,2023-11,1,293426.456612061
mixto,Loss Incurred,month,cumulative,Synthetic,Portfolio,Auto,2023-11,2,317358.96354213794
mixto,Loss Incurred,month,cumulative,Synthetic,Portfolio,Auto,2023-11,3,337798.3180195505
mixto,Loss Incurred,month,cumulative,Synthetic,Portfolio,Auto,2023-11,4,355254.3752840029
mixto,Loss Incurred,month,cumulative,Synthetic,Portfolio,Auto,2023-11,5,370162.57287686615
mixto,Loss Incurred,month,cumulative,Synthetic,Portfolio,Auto,2023-11,6,382894.79253568064
mixto,Loss Incurred,month,cumulative,Synthetic,Portfolio,Auto,2023-11,7,393768.63670299354
mixto,Loss Incurred,month,cumulative,Synthetic,Portfolio,Auto,2023-11,8,403055.35105001985
mixto,Loss Incurred,month,cumulative,Synthetic,Portfolio,Auto,2023-11,9,410986.590640754
mixto,Loss Incurred,month,cumulative,Synthetic,Portfolio,Auto,2023-11,10,417760.1985170176
mixto,Loss Incurred,month,cumulative,Synthetic,Portfolio,Auto,2023-11,11,423545.14084998955
mixto,Loss Incurred,month,cumulative,Synthetic,Portfolio,Auto,2023-11,12,428485.7217644948
mixto,Loss Incurred,month,cumulative,Synthetic,Portfolio,Auto,2023-11,13,432705.1829739265
mixto,Loss Incurred,month,cumulative,Synthetic,Portfolio,Auto,2023-11,14,436308.7780179074
mixto,Loss Incurred,month,cumulative,Synthetic,Portfolio,Auto,2023-11,15,439386.3977888812
mixto,Loss Incurred,month,cumulative,Synthetic,Portfolio,Auto,2023-11,16,442014.8128408194
mixto,Loss Incurred,month,cumulative,Synthetic,Portfolio,Auto,2023-11,17,444259.5884139464
mixto,Loss Incurred,month,cumulative,Synthetic,Portfolio,Auto,2023-11,18,446176.7199453582
mixto,Loss Incurred,month,cumulative,Synthetic,Portfolio,Auto,2023-11,19,443344.05957906693
mixto,Loss Incurred,month,cumulative,Synthetic,Portfolio,Auto,2023-11,20,440639.3618906712
mixto,Loss Incurred,month,cumulative,Synthetic,Portfolio,Auto,2023-11,21,438067.38549641526
mixto,Loss Incurred,month,cumulative,Synthetic,Portfolio,Auto,2023-11,22,435630.270591833
mixto,Loss Incurred,month,cumulative,Synthetic,Portfolio,Auto,2023-11,23,433328.0790630589
mixto,Loss Incurred,month,cumulative,Synthetic,Portfolio,Auto,2023-11,24,431159.242799715
mixto,Loss Incurred,month,cumulative,Synthetic,Portfolio,Auto,2023-11,25,429120.93467240245
mixto,Loss Incurred,month,cumulative,Synthetic,Portfolio,Auto,2023-12,0,254493.9126844818
mixto,Loss Incurred,month,cumulative,Synthetic,Portfolio,Auto,2023-12,1,278525.9122791942
mixto,Loss Incurred,month,cumulative,Synthetic,Portfolio,Auto,2023-12,2,299269.5160420379
mixto,Loss Incurred,month,cumulative,Synthetic,Portfolio,Auto,2023-12,3,317174.6884923796
mixto,Loss Incurred,month,cumulative,Synthetic,Portfolio,Auto,2023-12,4,332629.823682087
mixto,Loss Incurred,month,cumulative,Synthetic,Portfolio,Auto,2023-12,5,345970.1701319518
mixto,Loss Incurred,month,cumulative,Synthetic,Portfolio,Auto,2023-12,6,357485.1029499409
mixto,Loss Incurred,month,cumulative,Synthetic,Portfolio,Auto,2023-12,7,367424.4008760563
mixto,Loss Incurred,month,cumulative,Synthetic,Portfolio,Auto,2023-12,8,376003.6644137253
mixto,Loss Incurred,month,cumulative,Synthetic,Portfolio,Auto,2023-12,9,383408.99257632974
mixto,Loss Incurred,month,cumulative,Synthetic,Portfolio,Auto,2023-12,10,389801.0196955666
mixto,Loss Incurred,month,cumulative,Synthetic,Portfolio,Auto,2023-12,11,395318.39985697344
mixto,Loss Incurred,month,cumulative,Synthetic,Portfolio,Auto,2023-12,12,400080.8145460274
mixto,Loss Incurred,month,cumulative,Synthetic,Portfolio,Auto,2023-12,13,404191.5687458493
mixto,Loss Incurred,month,cumulative,Synthetic,Portfolio,Auto,2023-12,14,407739.8318003441
mixto,Loss Incurred,month,cumulative,Synthetic,Portfolio,Auto,2023-12,15,410802.57165096275
mixto,Loss Incurred,month,cumulative,Synthetic,Portfolio,Auto,2023-12,16,413446.2244040147
mixto,Loss Incurred,month,cumulative,Synthetic,Portfolio,Auto,2023-12,17,415728.1354443231
mixto,Loss Incurred,month,cumulative,Synthetic,Portfolio,Auto,2023-12,18,413561.38982433535
mixto,Loss Incurred,month,cumulative,Synthetic,Portfolio,Auto,2023-12,19,411494.99753019575
mixto,Loss Incurred,month,cumulative,Synthetic,Portfolio,Auto,2023-12,20,409532.7645281967
mixto,Loss Incurred,month,cumulative,Synthetic,Portfolio,Auto,2023-12,21,407676.40780632966
mixto,Loss Incurred,month,cumulative,Synthetic,Portfolio,Auto,2023-12,22,405925.98144271714
mixto,Loss Incurred,month,cumulative,Synthetic,Portfolio,Auto,2023-12,23,404280.23183469044
mixto,Loss Incurred,month,cumulative,Synthetic,Portfolio,Auto,2023-12,24,402736.8929029382
mixto,Loss Incurred,month,cumulative,Synthetic,Portfolio,Auto,2024-01,0,301321.41398827673
mixto,Loss Incurred,month,cumulative,Synthetic,Portfolio,Auto,2024-01,1,336599.28250224935
mixto,Loss Incurred,month,cumulative,Synthetic,Portfolio,Auto,2024-01,2,366958.2418677425
mixto,Loss Incurred,month,cumulative,Synthetic,Portfolio,Auto,2024-01,3,393084.1517534436
mixto,Loss Incurred,month,cumulative,Synthetic,Portfolio,Auto,2024-01,4,415567.2401603406
mixto,Loss Incurred,month,cumulative,Synthetic,Portfolio,Auto,2024-01,5,434915.43765944487
mixto,Loss Incurred,month,cumulative,Synthetic,Portfolio,Auto,2024-01,6,451565.85239292565
mixto,Loss Incurred,month,cumulative,Synthetic,Portfolio,Auto,2024-01,7,465894.6450781224
mixto,Loss Incurred,month,cumulative,Synthetic,Portfolio,Auto,2024-01,8,478225.5271072952
mixto,Loss Incurred,month,cumulative,Synthetic,Portfolio,Auto,2024-01,9,488837.0737293956
mixto,Loss Incurred,month,cumulative,Synthetic,Portfolio,Auto,2024-01,10,497969.0175308694
mixto,Loss Incurred,month,cumulative,Synthetic,Portfolio,Auto,2024-01,11,505827.66439574736
mixto,Loss Incurred,month,cumulative,Synthetic,Portfolio,Auto,2024-01,12,512590.55430062057
mixto,Loss Incurred,month,cumulative,Synthetic,Portfolio,Auto,2024-01,13,518410.47223965457
mixto,Loss Incurred,month,cumulative,Synthetic,Portfolio,Auto,2024-01,14,523418.89989314653
mixto,Loss Incurred,month,cumulative,Synthetic,Portfolio,Auto,2024-01,15,527728.9860185924
mixto,Loss Incurred,month,cumulative,Synthetic,Portfolio,Auto,2024-01,16,531438.1026703641
mixto,Loss Incurred,month,cumulative,Synthetic,Portfolio,Auto,2024-01,17,534630.0449972767
mixto,Loss Incurred,month,cumulative,Synthetic,Portfolio,Auto,2024-01,18,537376.9243151515
mixto,Loss Incurred,month,cumulative,Synthetic,Portfolio,Auto,2024-01,19,539740.7972220492
mixto,Loss Incurred,month,cumulative,Synthetic,Portfolio,Auto,2024-01,20,536229.8107037375
mixto,Loss Incurred,month,cumulative,Synthetic,Portfolio,Auto,2024-01,21,532964.4487089142
mixto,Loss Incurred,month,cumulative,Synthetic,Portfolio,Auto,2024-01,22,529933.7444255478
mixto,Loss Incurred,month,cumulative,Synthetic,Portfolio,Auto,2024-01,23,527126.0380744584
mixto,Loss Incurred,month,cumulative,Synthetic,Portfolio,Auto,2024-02,0,344017.1617566165
mixto,Loss Incurred,month,cumulative,Synthetic,Portfolio,Auto,2024-02,1,384059.43070992647
mixto,Loss Incurred,month,cumulative,Synthetic,Portfolio,Auto,2024-02,2,418659.23627467157
mixto,Loss Incurred,month,cumulative,Synthetic,Portfolio,Auto,2024-02,3,448556.3069555078
mixto,Loss Incurred,month,cumulative,Synthetic,Portfolio,Auto,2024-02,4,474389.8288700263
mixto,Loss Incurred,month,cumulative,Synthetic,Portfolio,Auto,2024-02,5,496712.11126459163
mixto,Loss Incurred,month,cumulative,Synthetic,Portfolio,Auto,2024-02,6,516000.3946411871
mixto,Loss Incurred,month,cumulative,Synthetic,Portfolio,Auto,2024-02,7,532667.0539477832
mixto,Loss Incurred,month,cumulative,Synthetic,Portfolio,Auto,2024-02,8,547068.4149719168
mixto,Loss Incurred,month,cumulative,Synthetic,Portfolio,Auto,2024-02,9,559512.3724280671
mixto,Loss Incurred,month,cumulative,Synthetic,Portfolio,Auto,2024-02,10,570264.9726101599
mixto,Loss Incurred,month,cumulative,Synthetic,Portfolio,Auto,2024-02,11,579556.1013433905
mixto,Loss Incurred,month,cumulative,Synthetic,Portfolio,Auto,2024-02,12,587584.398841258
mixto,Loss Incurred,month,cumulative,Synthetic,Portfolio,Auto,2024-02,13,594521.5065452704
mixto,Loss Incurred,month,cumulative,Synthetic,Portfolio,Auto,2024-02,14,600515.7367428748
mixto,Loss Incurred,month,cumulative,Synthetic,Portfolio,Auto,2024-02,15,605695.2434184148
mixto,Loss Incurred,month,cumulative,Synthetic,Portfolio,Auto,2024-02,16,610170.7621285045
mixto,Loss Incurred,month,cumulative,Synthetic,Portfolio,Auto,2024-02,17,614037.9774791391
mixto,Loss Incurred,month,cumulative,Synthetic,Portfolio,Auto,2024-02,18,611464.8130412702
mixto,Loss Incurred,month,cumulative,Synthetic,Portfolio,Auto,2024-02,19,608906.0813361226
mixto,Loss Incurred,month,cumulative,Synthetic,Portfolio,Auto,2024-02,20,606386.3864025482
mixto,Loss Incurred,month,cumulative,Synthetic,Portfolio,Auto,2024-02,21,603924.883397641
mixto,Loss Incurred,month,cumulative,Synthetic,Portfolio,Auto,2024-02,22,601536.1859530889
mixto,Loss Incurred,month,cumulative,Synthetic,Portfolio,Auto,2024-03,0,311811.3200653508
mixto,Loss Incurred,month,cumulative,Synthetic,Portfolio,Auto,2024-03,1,345769.38905882003
mixto,Loss Incurred,month,cumulative,Synthetic,Portfolio,Auto,2024-03,2,375202.87138221925
mixto,Loss Incurred,month,cumulative,Synthetic,Portfolio,Auto,2024-03,3,400714.62476985925
mixto,Loss Incurred,month,cumulative,Synthetic,Portfolio,Auto,2024-03,4,422827.18195084727
mixto,Loss Incurred,month,cumulative,Synthetic,Portfolio,Auto,2024-03,5,441993.45318484865
mixto,Loss Incurred,month,cumulative,Synthetic,Portfolio,Auto,2024-03,6,458606.00278771174
mixto,Loss Incurred,month,cumulative,Synthetic,Portfolio,Auto,2024-03,7,473005.08964911423
mixto,Loss Incurred,month,cumulative,Synthetic,Portfolio,Auto,2024-03,8,485485.6364284287
mixto,Loss Incurred,month,cumulative,Synthetic,Portfolio,Auto,2024-03,9,496303.27017214824
mixto,Loss Incurred,month,cumulative,Synthetic,Portfolio,Auto,2024-03,10,505679.558077035
mixto,Loss Incurred,month,cumulative,Synthetic,Portfolio,Auto,2024-03,11,513806.5456380964
mixto,Loss Incurred,month,cumulative,Synthetic,Portfolio,Auto,2024-03,12,520850.69013191276
mixto,Loss Incurred,month,cumulative,Synthetic,Portfolio,Auto,2024-03,13,526956.270001077
mixto,Loss Incurred,month,cumulative,Synthetic,Portfolio,Auto,2024-03,14,532248.339970889
mixto,Loss Incurred,month,cumulative,Synthetic,Portfolio,Auto,2024-03,15,536835.2924251236
mixto,Loss Incurred,month,cumulative,Synthetic,Portfolio,Auto,2024-03,16,540811.0775030662
mixto,Loss Incurred,month,cumulative,Synthetic,Portfolio,Auto,2024-03,17,544257.127389936
mixto,Loss Incurred,month,cumulative,Synthetic,Portfolio,Auto,2024-03,18,547244.0242140823
mixto,Loss Incurred,month,cumulative,Synthetic,Portfolio,Auto,2024-03,19,544665.2868377364
mixto,Loss Incurred,month,cumulative,Synthetic,Portfolio,Auto,2024-03,20,542130.524511562
mixto,Loss Incurred,month,cumulative,Synthetic,Portfolio,Auto,2024-03,21,539656.4275003391
mixto,Loss Incurred,month,cumulative,Synthetic,Portfolio,Auto,2024-04,0,313206.73162485205
mixto,Loss Incurred,month,cumulative,Synthetic,Portfolio,Auto,2024-04,1,349016.1800371593
mixto,Loss Incurred,month,cumulative,Synthetic,Portfolio,Auto,2024-04,2,379708.50600522535
mixto,Loss Incurred,month,cumulative,Synthetic,Portfolio,Auto,2024-04,3,406014.9395052248
mixto,Loss Incurred,month,cumulative,Synthetic,Portfolio,Auto,2024-04,4,428562.2187244641
mixto,Loss Incurred,month,cumulative,Synthetic,Portfolio,Auto,2024-04,5,447887.5217987236
mixto,Loss Incurred,month,cumulative,Synthetic,Portfolio,Auto,2024-04,6,464451.2648242371
mixto,Loss Incurred,month,cumulative,Synthetic,Portfolio,Auto,2024-04,7,478648.07105081994
mixto,Loss Incurred,month,cumulative,Synthetic,Portfolio,Auto,2024-04,8,490816.1725919204
mixto,Loss Incurred,month,cumulative,Synthetic,Portfolio,Auto,2024-04,9,501245.468642837
mixto,Loss Incurred,month,cumulative,Synthetic,Portfolio,Auto,2024-04,10,510184.4321902953
mixto,Loss Incurred,month,cumulative,Synthetic,Portfolio,Auto,2024-04,11,517846.0297624308
mixto,Loss Incurred,month,cumulative,Synthetic,Portfolio,Auto,2024-04,12,524412.7952543928
mixto,Loss Incurred,month,cumulative,Synthetic,Portfolio,Auto,2024-04,13,530041.1787110302
mixto,Loss Incurred,month,cumulative,Synthetic,Portfolio,Auto,2024-04,14,534865.2736743309
mixto,Loss Incurred,month,cumulative,Synthetic,Portfolio,Auto,2024-04,15,539000.0118978787
mixto,Loss Incurred,month,cumulative,Synthetic,Portfolio,Auto,2024-04,16,542543.901540874
mixto,Loss Incurred,month,cumulative,Synthetic,Portfolio,Auto,2024-04,17,545581.3740778787
mixto,Loss Incurred,month,cumulative,Synthetic,Portfolio,Auto,2024-04,18,548184.7958382863
mixto,Loss Incurred,month,cumulative,Synthetic,Portfolio,Auto,2024-04,19,544740.8763520248
mixto,Loss Incurred,month,cumulative,Synthetic,Portfolio,Auto,2024-04,20,541449.048820006
mixto,Loss Incurred,month,cumulative,Synthetic,Portfolio,Auto,2024-05,0,289506.6331534365
mixto,Loss Incurred,month,cumulative,Synthetic,Portfolio,Auto,2024-05,1,320784.7316149302
mixto,Loss Incurred,month,cumulative,Synthetic,Portfolio,Auto,2024-05,2,347596.0450486731
mixto,Loss Incurred,month,cumulative,Synthetic,Portfolio,Auto,2024-05,3,370578.4692816351
mixto,Loss Incurred,month,cumulative,Synthetic,Portfolio,Auto,2024-05,4,390278.8030578644
mixto,Loss Incurred,month,cumulative,Synthetic,Portfolio,Auto,2024-05,5,407165.75749577855
mixto,Loss Incurred,month,cumulative,Synthetic,Portfolio,Auto,2024-05,6,421641.1076815849
mixto,Loss Incurred,month,cumulative,Synthetic,Portfolio,Auto,2024-05,7,434049.2517179826
mixto,Loss Incurred,month,cumulative,Synthetic,Portfolio,Auto,2024-05,8,444685.40465740906
mixto,Loss Incurred,month,cumulative,Synthetic,Portfolio,Auto,2024-05,9,453802.6222702144
mixto,Loss Incurred,month,cumulative,Synthetic,Portfolio,Auto,2024-05,10,461617.82175753283
mixto,Loss Incurred,month,cumulative,Synthetic,Portfolio,Auto,2024-05,11,468316.9426538905
mixto,Loss Incurred,month,cumulative,Synthetic,Portfolio,Auto,2024-05,12,474059.37070794567
mixto,Loss Incurred,month,cumulative,Synthetic,Portfolio,Auto,2024-05,13,478981.7299945094
mixto,Loss Incurred,month,cumulative,Synthetic,Portfolio,Auto,2024-05,14,483201.13347992377
mixto,Loss Incurred,month,cumulative,Synthetic,Portfolio,Auto,2024-05,15,486817.96937837655
mixto,Loss Incurred,month,cumulative,Synthetic,Portfolio,Auto,2024-05,16,489918.2895922543
mixto,Loss Incurred,month,cumulative,Synthetic,Portfolio,Auto,2024-05,17,492575.85706239904
mixto,Loss Incurred,month,cumulative,Synthetic,Portfolio,Auto,2024-05,18,494853.9007389059
mixto,Loss Incurred,month,cumulative,Synthetic,Portfolio,Auto,2024-05,19,496806.61992679955
mixto,Loss Incurred,month,cumulative,Synthetic,Portfolio,Auto,2024-06,0,333125.8253608692
mixto,Loss Incurred,month,cumulative,Synthetic,Portfolio,Auto,2024-06,1,371620.7127924064
mixto,Loss Incurred,month,cumulative,Synthetic,Portfolio,Auto,2024-06,2,405016.43408154335
mixto,Loss Incurred,month,cumulative,Synthetic,Portfolio,Auto,2024-06,3,433988.4424399317
mixto,Loss Incurred,month,cumulative,Synthetic,Portfolio,Auto,2024-06,4,459122.7182069161
mixto,Loss Incurred,month,cumulative,Synthetic,Portfolio,Auto,2024-06,5,480927.6207361506
mixto,Loss Incurred,month,cumulative,Synthetic,Portfolio,Auto,2024-06,6,499844.17034025554
mixto,Loss Incurred,month,cumulative,Synthetic,Portfolio,Auto,2024-06,7,516254.9682534681
mixto,Loss Incurred,month,cumulative,Synthetic,Portfolio,Auto,2024-06,8,530491.9350251387
mixto,Loss Incurred,month,cumulative,Synthetic,Portfolio,Auto,2024-06,9,542843.0238588183
mixto,Loss Incurred,month,cumulative,Synthetic,Portfolio,Auto,2024-06,10,553558.044679194
mixto,Loss Incurred,month,cumulative,Synthetic,Portfolio,Auto,2024-06,11,562853.7167229418
mixto,Loss Incurred,month,cumulative,Synthetic,Portfolio,Auto,2024-06,12,570918.0518458937
mixto,Loss Incurred,month,cumulative,Synthetic,Portfolio,Auto,2024-06,13,577914.1572021511
mixto,Loss Incurred,month,cumulative,Synthetic,Portfolio,Auto,2024-06,14,583983.5342071503
mixto,Loss Incurred,month,cumulative,Synthetic,Portfolio,Auto,2024-06,15,589248.9405086531
mixto,Loss Incurred,month,cumulative,Synthetic,Portfolio,Auto,2024-06,16,593816.8728511436
mixto,Loss Incurred,month,cumulative,Synthetic,Portfolio,Auto,2024-06,17,591075.1786710016
mixto,Loss Incurred,month,cumulative,Synthetic,Portfolio,Auto,2024-06,18,588385.1056196282
mixto,Loss Incurred,month,cumulative,Synthetic,Portfolio,Auto,2024-07,0,320552.88205355924
mixto,Loss Incurred,month,cumulative,Synthetic,Portfolio,Auto,2024-07,1,357599.52096996055
mixto,Loss Incurred,month,cumulative,Synthetic,Portfolio,Auto,2024-07,2,389683.81463367236
mixto,Loss Incurred,month,cumulative,Synthetic,Portfolio,Auto,2024-07,3,417470.46222192544
mixto,Loss Incurred,month,cumulative,Synthetic,Portfolio,Auto,2024-07,4,441535.1273906971
mixto,Loss Incurred,month,cumulative,Synthetic,Portfolio,Auto,2024-07,5,462376.36445773754
mixto,Loss Incurred,month,cumulative,Synthetic,Portfolio,Auto,2024-07,6,480425.9470901293
mixto,Loss Incurred,month,cumulative,Synthetic,Portfolio,Auto,2024-07,7,496057.81347865367
mixto,Loss Incurred,month,cumulative,Synthetic,Portfolio,Auto,2024-07,8,509595.81331861427
mixto,Loss Incurred,month,cumulative,Synthetic,Portfolio,Auto,2024-07,9,521320.41709346004
mixto,Loss Incurred,month,cumulative,Synthetic,Portfolio,Auto,2024-07,10,531474.5266592882
mixto,Loss Incurred,month,cumulative,Synthetic,Portfolio,Auto,2024-07,11,540268.5075097157
mixto,Loss Incurred,month,cumulative,Synthetic,Portfolio,Auto,2024-07,12,547884.5469759376
mixto,Loss Incurred,month,cumulative,Synthetic,Portfolio,Auto,2024-07,13,554480.4286520075
mixto,Loss Incurred,month,cumulative,Synthetic,Portfolio,Auto,2024-07,14,560192.8012411561
mixto,Loss Incurred,month,cumulative,Synthetic,Portfolio,Auto,2024-07,15,565140.0095447314
mixto,Loss Incurred,month,cumulative,Synthetic,Portfolio,Auto,2024-07,16,569424.5462441507
mixto,Loss Incurred,month,cumulative,Synthetic,Portfolio,Auto,2024-07,17,573135.1752701018
mixto,Loss Incurred,month,cumulative,Synthetic,Portfolio,Auto,2024-08,0,285601.0069577954
mixto,Loss Incurred,month,cumulative,Synthetic,Portfolio,Auto,2024-08,1,315516.96834611386
mixto,Loss Incurred,month,cumulative,Synthetic,Portfolio,Auto,2024-08,2,341469.1329341568
mixto,Loss Incurred,month,cumulative,Synthetic,Portfolio,Auto,2024-08,3,363982.6947770285
mixto,Loss Incurred,month,cumulative,Synthetic,Portfolio,Auto,2024-08,4,383513.26091278496
mixto,Loss Incurred,month,cumulative,Synthetic,Portfolio,Auto,2024-08,5,400456.0714838243
mixto,Loss Incurred,month,cumulative,Synthetic,Portfolio,Auto,2024-08,6,415153.9982131769
mixto,Loss Incurred,month,cumulative,Synthetic,Portfolio,Auto,2024-08,7,427904.4831008897
mixto,Loss Incurred,month,cumulative,Synthetic,Portfolio,Auto,2024-08,8,438965.5577589311
mixto,Loss Incurred,month,cumulative,Synthetic,Portfolio,Auto,2024-08,9,448561.06519792037
mixto,Loss Incurred,month,cumulative,Synthetic,Portfolio,Auto,2024-08,10,456885.18973899813
mixto,Loss Incurred,month,cumulative,Synthetic,Portfolio,Auto,2024-08,11,464106.386722685
mixto,Loss Incurred,month,cumulative,Synthetic,Portfolio,Auto,2024-08,12,470370.7915402584
mixto,Loss Incurred,month,cumulative,Synthetic,Portfolio,Auto,2024-08,13,475805.17697623075
mixto,Loss Incurred,month,cumulative,Synthetic,Portfolio,Auto,2024-08,14,480519.5187096806
mixto,Loss Incurred,month,cumulative,Synthetic,Portfolio,Auto,2024-08,15,484609.2208924939
mixto,Loss Incurred,month,cumulative,Synthetic,Portfolio,Auto,2024-08,16,488157.04684355616
mixto,Loss Incurred,month,cumulative,Synthetic,Portfolio,Auto,2024-09,0,266826.70711307286
mixto,Loss Incurred,month,cumulative,Synthetic,Portfolio,Auto,2024-09,1,299884.02589281864
mixto,Loss Incurred,month,cumulative,Synthetic,Portfolio,Auto,2024-09,2,328212.6106538874
mixto,Loss Incurred,month,cumulative,Synthetic,Portfolio,Auto,2024-09,3,352488.89028539706
mixto,Loss Incurred,month,cumulative,Synthetic,Portfolio,Auto,2024-09,4,373292.53288589715
mixto,Loss Incurred,month,cumulative,Synthetic,Portfolio,Auto,2024-09,5,391120.2870565814
mixto,Loss Incurred,month,cumulative,Synthetic,Portfolio,Auto,2024-09,6,406397.8432458379
mixto,Loss Incurred,month,cumulative,Synthetic,Portfolio,Auto,2024-09,7,419489.9983698801
mixto,Loss Incurred,month,cumulative,Synthetic,Portfolio,Auto,2024-09,8,430709.36641989055
mixto,Loss Incurred,month,cumulative,Synthetic,Portfolio,Auto,2024-09,9,440323.8430472293
mixto,Loss Incurred,month,cumulative,Synthetic,Portfolio,Auto,2024-09,10,448563.00236579316
mixto,Loss Incurred,month,cumulative,Synthetic,Portfolio,Auto,2024-09,11,455623.5787141356
mixto,Loss Incurred,month,cumulative,Synthetic,Portfolio,Auto,2024-09,12,461674.1642706559
mixto,Loss Incurred,month,cumulative,Synthetic,Portfolio,Auto,2024-09,13,466859.23469133995
mixto,Loss Incurred,month,cumulative,Synthetic,Portfolio,Auto,2024-09,14,471302.5988940791
mixto,Loss Incurred,month,cumulative,Synthetic,Portfolio,Auto,2024-09,15,475110.35536338843
mixto,Loss Incurred,month,cumulative,Synthetic,Portfolio,Auto,2024-10,0,233505.9416360909
mixto,Loss Incurred,month,cumulative,Synthetic,Portfolio,Auto,2024-10,1,261683.09163186484
mixto,Loss Incurred,month,cumulative,Synthetic,Portfolio,Auto,2024-10,2,285592.77528350527
mixto,Loss Incurred,month,cumulative,Synthetic,Portfolio,Auto,2024-10,3,305881.3059690879
mixto,Loss Incurred,month,cumulative,Synthetic,Portfolio,Auto,2024-10,4,323097.1120574125
mixto,Loss Incurred,month,cumulative,Synthetic,Portfolio,Auto,2024-10,5,337705.56172111386
mixto,Loss Incurred,month,cumulative,Synthetic,Portfolio,Auto,2024-10,6,350101.542512372
mixto,Loss Incurred,month,cumulative,Synthetic,Portfolio,Auto,2024-10,7,360620.1357453728
mixto,Loss Incurred,month,cumulative,Synthetic,Portfolio,Auto,2024-10,8,369545.6742295365
mixto,Loss Incurred,month,cumulative,Synthetic,Portfolio,Auto,2024-10,9,377119.4281971629
mixto,Loss Incurred,month,cumulative,Synthetic,Portfolio,Auto,2024-10,10,383546.12718724756
mixto,Loss Incurred,month,cumulative,Synthetic,Portfolio,Auto,2024-10,11,388999.4941814357
mixto,Loss Incurred,month,cumulative,Synthetic,Portfolio,Auto,2024-10,12,393626.94158782315
mixto,Loss Incurred,month,cumulative,Synthetic,Portfolio,Auto,2024-10,13,397553.5560118484
mixto,Loss Incurred,month,cumulative,Synthetic,Portfolio,Auto,2024-10,14,400885.4795284032
mixto,Loss Incurred,month,cumulative,Synthetic,Portfolio,Auto,2024-11,0,234250.8580796334
mixto,Loss Incurred,month,cumulative,Synthetic,Portfolio,Auto,2024-11,1,258813.8561291842
mixto,Loss Incurred,month,cumulative,Synthetic,Portfolio,Auto,2024-11,2,279969.8208878322
mixto,Loss Incurred,month,cumulative,Synthetic,Portfolio,Auto,2024-11,3,298191.3280493872
mixto,Loss Incurred,month,cumulative,Synthetic,Portfolio,Auto,2024-11,4,313885.4042603472
mixto,Loss Incurred,month,cumulative,Synthetic,Portfolio,Auto,2024-11,5,327402.61916093924
mixto,Loss Incurred,month,cumulative,Synthetic,Portfolio,Auto,2024-11,6,339044.91630622715
mixto,Loss Incurred,month,cumulative,Synthetic,Portfolio,Auto,2024-11,7,349072.35789208533
mixto,Loss Incurred,month,cumulative,Synthetic,Portfolio,Auto,2024-11,8,357708.93394773884
mixto,Loss Incurred,month,cumulative,Synthetic,Portfolio,Auto,2024-11,9,365147.5657588964
mixto,Loss Incurred,month,cumulative,Synthetic,Portfolio,Auto,2024-11,10,371554.4152864639
mixto,Loss Incurred,month,cumulative,Synthetic,Portfolio,Auto,2024-11,11,377072.5968433629
mixto,Loss Incurred,month,cumulative,Synthetic,Portfolio,Auto,2024-11,12,381825.3739397937
mixto,Loss Incurred,month,cumulative,Synthetic,Portfolio,Auto,2024-11,13,385918.91270712815
mixto,Loss Incurred,month,cumulative,Synthetic,Portfolio,Auto,2024-12,0,281267.6218820944
mixto,Loss Incurred,month,cumulative,Synthetic,Portfolio,Auto,2024-12,1,313413.1825553694
mixto,Loss Incurred,month,cumulative,Synthetic,Portfolio,Auto,2024-12,2,340948.41970246163
mixto,Loss Incurred,month,cumulative,Synthetic,Portfolio,Auto,2024-12,3,364534.54695819033
mixto,Loss Incurred,month,cumulative,Synthetic,Portfolio,Auto,2024-12,4,384737.9465494727
mixto,Loss Incurred,month,cumulative,Synthetic,Portfolio,Auto,2024-12,5,402043.7700371285
mixto,Loss Incurred,month,cumulative,Synthetic,Portfolio,Auto,2024-12,6,416867.5884362423
mixto,Loss Incurred,month,cumulative,Synthetic,Portfolio,Auto,2024-12,7,429565.3714736487
mixto,Loss Incurred,month,cumulative,Synthetic,Portfolio,Auto,2024-12,8,440442.0356180694
mixto,Loss Incurred,month,cumulative,Synthetic,Portfolio,Auto,2024-12,9,449758.76614984975
mixto,Loss Incurred,month,cumulative,Synthetic,Portfolio,Auto,2024-12,10,457739.2890978103
mixto,Loss Incurred,month,cumulative,Synthetic,Portfolio,Auto,2024-12,11,464575.2436535072
mixto,Loss Incurred,month,cumulative,Synthetic,Portfolio,Auto,2024-12,12,470430.78407263424
mixto,Loss Incurred,month,cumulative,Synthetic,Portfolio,Auto,2025-01,0,277220.70097745216
mixto,Loss Incurred,month,cumulative,Synthetic,Portfolio,Auto,2025-01,1,305924.72518518654
mixto,Loss Incurred,month,cumulative,Synthetic,Portfolio,Auto,2025-01,2,330687.4006644194
mixto,Loss Incurred,month,cumulative,Synthetic,Portfolio,Auto,2025-01,3,352049.913894344
mixto,Loss Incurred,month,cumulative,Synthetic,Portfolio,Auto,2025-01,4,370479.1410544473
mixto,Loss Incurred,month,cumulative,Synthetic,Portfolio,Auto,2025-01,5,386377.8515695999
mixto,Loss Incurred,month,cumulative,Synthetic,Portfolio,Auto,2025-01,6,400093.5106066665
mixto,Loss Incurred,month,cumulative,Synthetic,Portfolio,Auto,2025-01,7,411925.872900563
mixto,Loss Incurred,month,cumulative,Synthetic,Portfolio,Auto,2025-01,8,422133.5338722786
mixto,Loss Incurred,month,cumulative,Synthetic,Portfolio,Auto,2025-01,9,430939.58121307316
mixto,Loss Incurred,month,cumulative,Synthetic,Portfolio,Auto,2025-01,10,438536.4704498131
mixto,Loss Incurred,month,cumulative,Synthetic,Portfolio,Auto,2025-01,11,445090.23104657215
mixto,Loss Incurred,month,cumulative,Synthetic,Portfolio,Auto,2025-02,0,256528.77677681507
mixto,Loss Incurred,month,cumulative,Synthetic,Portfolio,Auto,2025-02,1,283697.1830643051
mixto,Loss Incurred,month,cumulative,Synthetic,Portfolio,Auto,2025-02,2,307061.75620049733
mixto,Loss Incurred,month,cumulative,Synthetic,Portfolio,Auto,2025-02,3,327155.0687069378
mixto,Loss Incurred,month,cumulative,Synthetic,Portfolio,Auto,2025-02,4,344435.12792856625
mixto,Loss Incurred,month,cumulative,Synthetic,Portfolio,Auto,2025-02,5,359295.81586179184
mixto,Loss Incurred,month,cumulative,Synthetic,Portfolio,Auto,2025-02,6,372075.8673081609
mixto,Loss Incurred,month,cumulative,Synthetic,Portfolio,Auto,2025-02,7,383066.59100182424
mixto,Loss Incurred,month,cumulative,Synthetic,Portfolio,Auto,2025-02,8,392518.5097063278
mixto,Loss Incurred,month,cumulative,Synthetic,Portfolio,Auto,2025-02,9,400647.0706352183
mixto,Loss Incurred,month,cumulative,Synthetic,Portfolio,Auto,2025-02,10,407637.5563599002
mixto,Loss Incurred,month,cumulative,Synthetic,Portfolio,Auto,2025-03,0,357284.7429858311
mixto,Loss Incurred,month,cumulative,Synthetic,Portfolio,Auto,2025-03,1,397292.52174711967
mixto,Loss Incurred,month,cumulative,Synthetic,Portfolio,Auto,2025-03,2,431559.9740822182
mixto,Loss Incurred,month,cumulative,Synthetic,Portfolio,Auto,2025-03,3,460910.7235088385
mixto,Loss Incurred,month,cumulative,Synthetic,Portfolio,Auto,2025-03,4,486050.21982972196
mixto,Loss Incurred,month,cumulative,Synthetic,Portfolio,Auto,2025-03,5,507582.6947277738
mixto,Loss Incurred,month,cumulative,Synthetic,Portfolio,Auto,2025-03,6,526025.6845680308
mixto,Loss Incurred,month,cumulative,Synthetic,Portfolio,Auto,2025-03,7,541822.4694642527
mixto,Loss Incurred,month,cumulative,Synthetic,Portfolio,Auto,2025-03,8,555352.7275850275
mixto,Loss Incurred,month,cumulative,Synthetic,Portfolio,Auto,2025-03,9,566941.6607772859
mixto,Loss Incurred,month,cumulative,Synthetic,Portfolio,Auto,2025-04,0,320096.0929295101
mixto,Loss Incurred,month,cumulative,Synthetic,Portfolio,Auto,2025-04,1,359763.21441771335
mixto,Loss Incurred,month,cumulative,Synthetic,Portfolio,Auto,2025-04,2,393956.7454650185
mixto,Loss Incurred,month,cumulative,Synthetic,Portfolio,Auto,2025-04,3,423431.97637711617
mixto,Loss Incurred,month,cumulative,Synthetic,Portfolio,Auto,2025-04,4,448839.9763909067
mixto,Loss Incurred,month,cumulative,Synthetic,Portfolio,Auto,2025-04,5,470741.9749410121
mixto,Loss Incurred,month,cumulative,Synthetic,Portfolio,Auto,2025-04,6,489621.758482749
mixto,Loss Incurred,month,cumulative,Synthetic,Portfolio,Auto,2025-04,7,505896.3567011443
mixto,Loss Incurred,month,cumulative,Synthetic,Portfolio,Auto,2025-04,8,519925.25415034837
mixto,Loss Incurred,month,cumulative,Synthetic,Portfolio,Auto,2025-05,0,296099.6479618291
mixto,Loss Incurred,month,cumulative,Synthetic,Portfolio,Auto,2025-05,1,327424.3645905745
mixto,Loss Incurred,month,cumulative,Synthetic,Portfolio,Auto,2025-05,2,354384.71810510743
mixto,Loss Incurred,month,cumulative,Synthetic,Portfolio,Auto,2025-05,3,377588.7799404691
mixto,Loss Incurred,month,cumulative,Synthetic,Portfolio,Auto,2025-05,4,397559.90106723947
mixto,Loss Incurred,month,cumulative,Synthetic,Portfolio,Auto,2025-05,5,414748.51579728274
mixto,Loss Incurred,month,cumulative,Synthetic,Portfolio,Auto,2025-05,6,429542.30100655806
mixto,Loss Incurred,month,cumulative,Synthetic,Portfolio,Auto,2025-05,7,442274.9199089786
mixto,Loss Incurred,month,cumulative,Synthetic,Portfolio,Auto,2025-06,0,301193.2429887154
mixto,Loss Incurred,month,cumulative,Synthetic,Portfolio,Auto,2025-06,1,330290.8472239835
mixto,Loss Incurred,month,cumulative,Synthetic,Portfolio,Auto,2025-06,2,355528.28794502845
mixto,Loss Incurred,month,cumulative,Synthetic,Portfolio,Auto,2025-06,3,377417.6644379653
mixto,Loss Incurred,month,cumulative,Synthetic,Portfolio,Auto,2025-06,4,396403.13957174117
mixto,Loss Incurred,month,cumulative,Synthetic,Portfolio,Auto,2025-06,5,412869.95241912967
mixto,Loss Incurred,month,cumulative,Synthetic,Portfolio,Auto,2025-06,6,427152.2352400913
mixto,Loss Incurred,month,cumulative,Synthetic,Portfolio,Auto,2025-07,0,286771.5262385542
mixto,Loss Incurred,month,cumulative,Synthetic,Portfolio,Auto,2025-07,1,319505.4538930722
mixto,Loss Incurred,month,cumulative,Synthetic,Portfolio,Auto,2025-07,2,347084.2770864305
mixto,Loss Incurred,month,cumulative,Synthetic,Portfolio,Auto,2025-07,3,370319.8477383239
mixto,Loss Incurred,month,cumulative,Synthetic,Portfolio,Auto,2025-07,4,389896.1632226316
mixto,Loss Incurred,month,cumulative,Synthetic,Portfolio,Auto,2025-07,5,406389.5015478481
mixto,Loss Incurred,month,cumulative,Synthetic,Portfolio,Auto,2025-08,0,276718.47782756574
mixto,Loss Incurred,month,cumulative,Synthetic,Portfolio,Auto,2025-08,1,308293.8942098891
mixto,Loss Incurred,month,cumulative,Synthetic,Portfolio,Auto,2025-08,2,335160.2643788195
mixto,Loss Incurred,month,cumulative,Synthetic,Portfolio,Auto,2025-08,3,358019.8788749272
mixto,Loss Incurred,month,cumulative,Synthetic,Portfolio,Auto,2025-08,4,377470.29110497126
mixto,Loss Incurred,month,cumulative,Synthetic,Portfolio,Auto,2025-09,0,305369.7703108604
mixto,Loss Incurred,month,cumulative,Synthetic,Portfolio,Auto,2025-09,1,337486.8640232714
mixto,Loss Incurred,month,cumulative,Synthetic,Portfolio,Auto,2025-09,2,365015.69346781325
mixto,Loss Incurred,month,cumulative,Synthetic,Portfolio,Auto,2025-09,3,388611.74040072184
mixto,Loss Incurred,month,cumulative,Synthetic,Portfolio,Auto,2025-10,0,330079.7665645836
mixto,Loss Incurred,month,cumulative,Synthetic,Portfolio,Auto,2025-10,1,368313.74566464516
mixto,Loss Incurred,month,cumulative,Synthetic,Portfolio,Auto,2025-10,2,401128.25359994406
mixto,Loss Incurred,month,cumulative,Synthetic,Portfolio,Auto,2025-11,0,281803.9460740313
mixto,Loss Incurred,month,cumulative,Synthetic,Portfolio,Auto,2025-11,1,312171.49289314233
mixto,Loss Incurred,month,cumulative,Synthetic,Portfolio,Auto,2025-12,0,277176.6904657144
